id_dept,id_commune,nom_commune,nb_inscrits,nb_exprimes,nb_abs,nb_votants,nb_blancs_nuls,candidat_id,cand_voix,cand_orientation,années,type_election
35,1,Acigné,4694,3055,1601,3093,38,0,21.0,Extrême Gauche,2012,législative
35,1,Acigné,4694,3055,1601,3093,38,1,21.0,Extrême Gauche,2012,législative
35,1,Acigné,4694,3055,1601,3093,38,2,190.0,Gauche,2012,législative
35,1,Acigné,4694,3055,1601,3093,38,3,1569.0,Gauche,2012,législative
35,1,Acigné,4694,3055,1601,3093,38,4,292.0,Écologie,2012,législative
35,1,Acigné,4694,3055,1601,3093,38,5,21.0,Régionalisme,2012,législative
35,1,Acigné,4694,3055,1601,3093,38,6,806.0,Droite,2012,législative
35,1,Acigné,4694,3055,1601,3093,38,7,135.0,Extrême Droite,2012,législative
35,2,Amanlis,1196,732,450,746,14,0,4.0,Extrême Gauche,2012,législative
35,2,Amanlis,1196,732,450,746,14,1,46.0,Gauche,2012,législative
35,2,Amanlis,1196,732,450,746,14,2,273.0,Gauche,2012,législative
35,2,Amanlis,1196,732,450,746,14,3,51.0,Écologie,2012,législative
35,2,Amanlis,1196,732,450,746,14,4,64.0,Centre,2012,législative
35,2,Amanlis,1196,732,450,746,14,5,223.0,Droite,2012,législative
35,2,Amanlis,1196,732,450,746,14,6,6.0,Droite,2012,législative
35,2,Amanlis,1196,732,450,746,14,7,3.0,Droite,2012,législative
35,2,Amanlis,1196,732,450,746,14,8,62.0,Extrême Droite,2012,législative
35,3,Andouillé-Neuville,514,303,206,308,5,0,2.0,Extrême Gauche,2012,législative
35,3,Andouillé-Neuville,514,303,206,308,5,1,2.0,Extrême Gauche,2012,législative
35,3,Andouillé-Neuville,514,303,206,308,5,2,7.0,Gauche,2012,législative
35,3,Andouillé-Neuville,514,303,206,308,5,3,95.0,Gauche,2012,législative
35,3,Andouillé-Neuville,514,303,206,308,5,4,62.0,Écologie,2012,législative
35,3,Andouillé-Neuville,514,303,206,308,5,5,1.0,Divers,2012,législative
35,3,Andouillé-Neuville,514,303,206,308,5,6,105.0,Droite,2012,législative
35,3,Andouillé-Neuville,514,303,206,308,5,7,5.0,Droite,2012,législative
35,3,Andouillé-Neuville,514,303,206,308,5,8,24.0,Extrême Droite,2012,législative
35,4,Antrain,1052,587,451,601,14,0,1.0,Extrême Gauche,2012,législative
35,4,Antrain,1052,587,451,601,14,1,12.0,Extrême Gauche,2012,législative
35,4,Antrain,1052,587,451,601,14,2,25.0,Gauche,2012,législative
35,4,Antrain,1052,587,451,601,14,3,186.0,Gauche,2012,législative
35,4,Antrain,1052,587,451,601,14,4,55.0,Écologie,2012,législative
35,4,Antrain,1052,587,451,601,14,5,0.0,Divers,2012,législative
35,4,Antrain,1052,587,451,601,14,6,238.0,Droite,2012,législative
35,4,Antrain,1052,587,451,601,14,7,4.0,Droite,2012,législative
35,4,Antrain,1052,587,451,601,14,8,66.0,Extrême Droite,2012,législative
35,5,Arbrissel,201,122,76,125,3,0,2.0,Extrême Gauche,2012,législative
35,5,Arbrissel,201,122,76,125,3,1,4.0,Gauche,2012,législative
35,5,Arbrissel,201,122,76,125,3,2,23.0,Gauche,2012,législative
35,5,Arbrissel,201,122,76,125,3,3,4.0,Écologie,2012,législative
35,5,Arbrissel,201,122,76,125,3,4,6.0,Centre,2012,législative
35,5,Arbrissel,201,122,76,125,3,5,68.0,Droite,2012,législative
35,5,Arbrissel,201,122,76,125,3,6,1.0,Droite,2012,législative
35,5,Arbrissel,201,122,76,125,3,7,0.0,Droite,2012,législative
35,5,Arbrissel,201,122,76,125,3,8,14.0,Extrême Droite,2012,législative
35,6,Argentré-du-Plessis,3262,1870,1351,1911,41,0,15.0,Extrême Gauche,2012,législative
35,6,Argentré-du-Plessis,3262,1870,1351,1911,41,1,45.0,Gauche,2012,législative
35,6,Argentré-du-Plessis,3262,1870,1351,1911,41,2,573.0,Gauche,2012,législative
35,6,Argentré-du-Plessis,3262,1870,1351,1911,41,3,74.0,Écologie,2012,législative
35,6,Argentré-du-Plessis,3262,1870,1351,1911,41,4,71.0,Centre,2012,législative
35,6,Argentré-du-Plessis,3262,1870,1351,1911,41,5,861.0,Droite,2012,législative
35,6,Argentré-du-Plessis,3262,1870,1351,1911,41,6,96.0,Droite,2012,législative
35,6,Argentré-du-Plessis,3262,1870,1351,1911,41,7,14.0,Droite,2012,législative
35,6,Argentré-du-Plessis,3262,1870,1351,1911,41,8,121.0,Extrême Droite,2012,législative
35,7,Aubigné,280,162,113,167,5,0,0.0,Extrême Gauche,2012,législative
35,7,Aubigné,280,162,113,167,5,1,1.0,Extrême Gauche,2012,législative
35,7,Aubigné,280,162,113,167,5,2,10.0,Gauche,2012,législative
35,7,Aubigné,280,162,113,167,5,3,72.0,Gauche,2012,législative
35,7,Aubigné,280,162,113,167,5,4,27.0,Écologie,2012,législative
35,7,Aubigné,280,162,113,167,5,5,2.0,Divers,2012,législative
35,7,Aubigné,280,162,113,167,5,6,37.0,Droite,2012,législative
35,7,Aubigné,280,162,113,167,5,7,0.0,Droite,2012,législative
35,7,Aubigné,280,162,113,167,5,8,13.0,Extrême Droite,2012,législative
35,8,Availles-sur-Seiche,406,223,180,226,3,0,0.0,Extrême Gauche,2012,législative
35,8,Availles-sur-Seiche,406,223,180,226,3,1,8.0,Gauche,2012,législative
35,8,Availles-sur-Seiche,406,223,180,226,3,2,65.0,Gauche,2012,législative
35,8,Availles-sur-Seiche,406,223,180,226,3,3,4.0,Écologie,2012,législative
35,8,Availles-sur-Seiche,406,223,180,226,3,4,6.0,Centre,2012,législative
35,8,Availles-sur-Seiche,406,223,180,226,3,5,104.0,Droite,2012,législative
35,8,Availles-sur-Seiche,406,223,180,226,3,6,3.0,Droite,2012,législative
35,8,Availles-sur-Seiche,406,223,180,226,3,7,1.0,Droite,2012,législative
35,8,Availles-sur-Seiche,406,223,180,226,3,8,32.0,Extrême Droite,2012,législative
35,9,Baguer-Morvan,1157,670,474,683,13,0,4.0,Extrême Gauche,2012,législative
35,9,Baguer-Morvan,1157,670,474,683,13,1,8.0,Extrême Gauche,2012,législative
35,9,Baguer-Morvan,1157,670,474,683,13,2,29.0,Gauche,2012,législative
35,9,Baguer-Morvan,1157,670,474,683,13,3,206.0,Gauche,2012,législative
35,9,Baguer-Morvan,1157,670,474,683,13,4,25.0,Gauche,2012,législative
35,9,Baguer-Morvan,1157,670,474,683,13,5,17.0,Écologie,2012,législative
35,9,Baguer-Morvan,1157,670,474,683,13,6,4.0,Régionalisme,2012,législative
35,9,Baguer-Morvan,1157,670,474,683,13,7,4.0,Écologie,2012,législative
35,9,Baguer-Morvan,1157,670,474,683,13,8,43.0,Droite,2012,législative
35,9,Baguer-Morvan,1157,670,474,683,13,9,125.0,Droite,2012,législative
35,9,Baguer-Morvan,1157,670,474,683,13,10,144.0,Droite,2012,législative
35,9,Baguer-Morvan,1157,670,474,683,13,11,61.0,Extrême Droite,2012,législative
35,10,Baguer-Pican,977,580,383,594,14,0,3.0,Extrême Gauche,2012,législative
35,10,Baguer-Pican,977,580,383,594,14,1,3.0,Extrême Gauche,2012,législative
35,10,Baguer-Pican,977,580,383,594,14,2,30.0,Gauche,2012,législative
35,10,Baguer-Pican,977,580,383,594,14,3,237.0,Gauche,2012,législative
35,10,Baguer-Pican,977,580,383,594,14,4,39.0,Gauche,2012,législative
35,10,Baguer-Pican,977,580,383,594,14,5,17.0,Écologie,2012,législative
35,10,Baguer-Pican,977,580,383,594,14,6,4.0,Régionalisme,2012,législative
35,10,Baguer-Pican,977,580,383,594,14,7,5.0,Écologie,2012,législative
35,10,Baguer-Pican,977,580,383,594,14,8,13.0,Droite,2012,législative
35,10,Baguer-Pican,977,580,383,594,14,9,90.0,Droite,2012,législative
35,10,Baguer-Pican,977,580,383,594,14,10,87.0,Droite,2012,législative
35,10,Baguer-Pican,977,580,383,594,14,11,52.0,Extrême Droite,2012,législative
35,11,Baillé,218,157,59,159,2,0,1.0,Extrême Gauche,2012,législative
35,11,Baillé,218,157,59,159,2,1,5.0,Extrême Gauche,2012,législative
35,11,Baillé,218,157,59,159,2,2,11.0,Gauche,2012,législative
35,11,Baillé,218,157,59,159,2,3,72.0,Gauche,2012,législative
35,11,Baillé,218,157,59,159,2,4,10.0,Écologie,2012,législative
35,11,Baillé,218,157,59,159,2,5,0.0,Divers,2012,législative
35,11,Baillé,218,157,59,159,2,6,47.0,Droite,2012,législative
35,11,Baillé,218,157,59,159,2,7,3.0,Droite,2012,législative
35,11,Baillé,218,157,59,159,2,8,8.0,Extrême Droite,2012,législative
35,12,Bain-de-Bretagne,4998,2661,2276,2722,61,0,15.0,Extrême Gauche,2012,législative
35,12,Bain-de-Bretagne,4998,2661,2276,2722,61,1,19.0,Extrême Gauche,2012,législative
35,12,Bain-de-Bretagne,4998,2661,2276,2722,61,2,112.0,Gauche,2012,législative
35,12,Bain-de-Bretagne,4998,2661,2276,2722,61,3,1155.0,Gauche,2012,législative
35,12,Bain-de-Bretagne,4998,2661,2276,2722,61,4,97.0,Régionalisme,2012,législative
35,12,Bain-de-Bretagne,4998,2661,2276,2722,61,5,808.0,Droite,2012,législative
35,12,Bain-de-Bretagne,4998,2661,2276,2722,61,6,93.0,Droite,2012,législative
35,12,Bain-de-Bretagne,4998,2661,2276,2722,61,7,362.0,Extrême Droite,2012,législative
35,13,Bains-sur-Oust,2684,1540,1115,1569,29,0,8.0,Extrême Gauche,2012,législative
35,13,Bains-sur-Oust,2684,1540,1115,1569,29,1,12.0,Extrême Gauche,2012,législative
35,13,Bains-sur-Oust,2684,1540,1115,1569,29,2,51.0,Gauche,2012,législative
35,13,Bains-sur-Oust,2684,1540,1115,1569,29,3,762.0,Gauche,2012,législative
35,13,Bains-sur-Oust,2684,1540,1115,1569,29,4,61.0,Régionalisme,2012,législative
35,13,Bains-sur-Oust,2684,1540,1115,1569,29,5,497.0,Droite,2012,législative
35,13,Bains-sur-Oust,2684,1540,1115,1569,29,6,35.0,Droite,2012,législative
35,13,Bains-sur-Oust,2684,1540,1115,1569,29,7,114.0,Extrême Droite,2012,législative
35,14,Bais,1556,819,712,844,25,0,17.0,Extrême Gauche,2012,législative
35,14,Bais,1556,819,712,844,25,1,18.0,Gauche,2012,législative
35,14,Bais,1556,819,712,844,25,2,196.0,Gauche,2012,législative
35,14,Bais,1556,819,712,844,25,3,24.0,Écologie,2012,législative
35,14,Bais,1556,819,712,844,25,4,39.0,Centre,2012,législative
35,14,Bais,1556,819,712,844,25,5,416.0,Droite,2012,législative
35,14,Bais,1556,819,712,844,25,6,20.0,Droite,2012,législative
35,14,Bais,1556,819,712,844,25,7,5.0,Droite,2012,législative
35,14,Bais,1556,819,712,844,25,8,84.0,Extrême Droite,2012,législative
35,15,Balazé,1671,928,716,955,27,0,14.0,Extrême Gauche,2012,législative
35,15,Balazé,1671,928,716,955,27,1,15.0,Gauche,2012,législative
35,15,Balazé,1671,928,716,955,27,2,209.0,Gauche,2012,législative
35,15,Balazé,1671,928,716,955,27,3,28.0,Écologie,2012,législative
35,15,Balazé,1671,928,716,955,27,4,26.0,Centre,2012,législative
35,15,Balazé,1671,928,716,955,27,5,547.0,Droite,2012,législative
35,15,Balazé,1671,928,716,955,27,6,26.0,Droite,2012,législative
35,15,Balazé,1671,928,716,955,27,7,7.0,Droite,2012,législative
35,15,Balazé,1671,928,716,955,27,8,56.0,Extrême Droite,2012,législative
35,16,Baulon,1393,724,649,744,20,0,10.0,Extrême Gauche,2012,législative
35,16,Baulon,1393,724,649,744,20,1,7.0,Extrême Gauche,2012,législative
35,16,Baulon,1393,724,649,744,20,2,30.0,Gauche,2012,législative
35,16,Baulon,1393,724,649,744,20,3,392.0,Gauche,2012,législative
35,16,Baulon,1393,724,649,744,20,4,39.0,Régionalisme,2012,législative
35,16,Baulon,1393,724,649,744,20,5,102.0,Droite,2012,législative
35,16,Baulon,1393,724,649,744,20,6,25.0,Droite,2012,législative
35,16,Baulon,1393,724,649,744,20,7,119.0,Extrême Droite,2012,législative
35,17,La Baussaine,458,252,205,253,1,0,0.0,Extrême Gauche,2012,législative
35,17,La Baussaine,458,252,205,253,1,1,1.0,Extrême Gauche,2012,législative
35,17,La Baussaine,458,252,205,253,1,2,2.0,Extrême Gauche,2012,législative
35,17,La Baussaine,458,252,205,253,1,3,12.0,Gauche,2012,législative
35,17,La Baussaine,458,252,205,253,1,4,115.0,Gauche,2012,législative
35,17,La Baussaine,458,252,205,253,1,5,13.0,Écologie,2012,législative
35,17,La Baussaine,458,252,205,253,1,6,2.0,Régionalisme,2012,législative
35,17,La Baussaine,458,252,205,253,1,7,0.0,Divers,2012,législative
35,17,La Baussaine,458,252,205,253,1,8,0.0,Divers,2012,législative
35,17,La Baussaine,458,252,205,253,1,9,72.0,Droite,2012,législative
35,17,La Baussaine,458,252,205,253,1,10,3.0,Droite,2012,législative
35,17,La Baussaine,458,252,205,253,1,11,32.0,Extrême Droite,2012,législative
35,18,La Bazouge-du-Désert,829,520,301,528,8,0,3.0,Extrême Gauche,2012,législative
35,18,La Bazouge-du-Désert,829,520,301,528,8,1,9.0,Extrême Gauche,2012,législative
35,18,La Bazouge-du-Désert,829,520,301,528,8,2,8.0,Gauche,2012,législative
35,18,La Bazouge-du-Désert,829,520,301,528,8,3,100.0,Gauche,2012,législative
35,18,La Bazouge-du-Désert,829,520,301,528,8,4,38.0,Écologie,2012,législative
35,18,La Bazouge-du-Désert,829,520,301,528,8,5,0.0,Divers,2012,législative
35,18,La Bazouge-du-Désert,829,520,301,528,8,6,308.0,Droite,2012,législative
35,18,La Bazouge-du-Désert,829,520,301,528,8,7,2.0,Droite,2012,législative
35,18,La Bazouge-du-Désert,829,520,301,528,8,8,52.0,Extrême Droite,2012,législative
35,19,Bazouges-la-Pérouse,1356,846,484,872,26,0,4.0,Extrême Gauche,2012,législative
35,19,Bazouges-la-Pérouse,1356,846,484,872,26,1,8.0,Extrême Gauche,2012,législative
35,19,Bazouges-la-Pérouse,1356,846,484,872,26,2,17.0,Gauche,2012,législative
35,19,Bazouges-la-Pérouse,1356,846,484,872,26,3,257.0,Gauche,2012,législative
35,19,Bazouges-la-Pérouse,1356,846,484,872,26,4,96.0,Écologie,2012,législative
35,19,Bazouges-la-Pérouse,1356,846,484,872,26,5,1.0,Divers,2012,législative
35,19,Bazouges-la-Pérouse,1356,846,484,872,26,6,376.0,Droite,2012,législative
35,19,Bazouges-la-Pérouse,1356,846,484,872,26,7,10.0,Droite,2012,législative
35,19,Bazouges-la-Pérouse,1356,846,484,872,26,8,77.0,Extrême Droite,2012,législative
35,21,Beaucé,989,664,305,684,20,0,2.0,Extrême Gauche,2012,législative
35,21,Beaucé,989,664,305,684,20,1,4.0,Extrême Gauche,2012,législative
35,21,Beaucé,989,664,305,684,20,2,18.0,Gauche,2012,législative
35,21,Beaucé,989,664,305,684,20,3,243.0,Gauche,2012,législative
35,21,Beaucé,989,664,305,684,20,4,87.0,Écologie,2012,législative
35,21,Beaucé,989,664,305,684,20,5,0.0,Divers,2012,législative
35,21,Beaucé,989,664,305,684,20,6,256.0,Droite,2012,législative
35,21,Beaucé,989,664,305,684,20,7,3.0,Droite,2012,législative
35,21,Beaucé,989,664,305,684,20,8,51.0,Extrême Droite,2012,législative
35,22,Bécherel,473,298,171,302,4,0,1.0,Extrême Gauche,2012,législative
35,22,Bécherel,473,298,171,302,4,1,2.0,Extrême Gauche,2012,législative
35,22,Bécherel,473,298,171,302,4,2,0.0,Extrême Gauche,2012,législative
35,22,Bécherel,473,298,171,302,4,3,22.0,Gauche,2012,législative
35,22,Bécherel,473,298,171,302,4,4,98.0,Gauche,2012,législative
35,22,Bécherel,473,298,171,302,4,5,24.0,Écologie,2012,législative
35,22,Bécherel,473,298,171,302,4,6,1.0,Régionalisme,2012,législative
35,22,Bécherel,473,298,171,302,4,7,1.0,Divers,2012,législative
35,22,Bécherel,473,298,171,302,4,8,0.0,Divers,2012,législative
35,22,Bécherel,473,298,171,302,4,9,118.0,Droite,2012,législative
35,22,Bécherel,473,298,171,302,4,10,2.0,Droite,2012,législative
35,22,Bécherel,473,298,171,302,4,11,29.0,Extrême Droite,2012,législative
35,23,Bédée,3000,1754,1222,1778,24,0,11.0,Extrême Gauche,2012,législative
35,23,Bédée,3000,1754,1222,1778,24,1,6.0,Extrême Gauche,2012,législative
35,23,Bédée,3000,1754,1222,1778,24,2,12.0,Extrême Gauche,2012,législative
35,23,Bédée,3000,1754,1222,1778,24,3,76.0,Gauche,2012,législative
35,23,Bédée,3000,1754,1222,1778,24,4,726.0,Gauche,2012,législative
35,23,Bédée,3000,1754,1222,1778,24,5,84.0,Écologie,2012,législative
35,23,Bédée,3000,1754,1222,1778,24,6,24.0,Régionalisme,2012,législative
35,23,Bédée,3000,1754,1222,1778,24,7,3.0,Divers,2012,législative
35,23,Bédée,3000,1754,1222,1778,24,8,2.0,Divers,2012,législative
35,23,Bédée,3000,1754,1222,1778,24,9,668.0,Droite,2012,législative
35,23,Bédée,3000,1754,1222,1778,24,10,12.0,Droite,2012,législative
35,23,Bédée,3000,1754,1222,1778,24,11,130.0,Extrême Droite,2012,législative
35,24,Betton,8027,5130,2836,5191,61,0,34.0,Extrême Gauche,2012,législative
35,24,Betton,8027,5130,2836,5191,61,1,22.0,Extrême Gauche,2012,législative
35,24,Betton,8027,5130,2836,5191,61,2,265.0,Gauche,2012,législative
35,24,Betton,8027,5130,2836,5191,61,3,2793.0,Gauche,2012,législative
35,24,Betton,8027,5130,2836,5191,61,4,606.0,Écologie,2012,législative
35,24,Betton,8027,5130,2836,5191,61,5,30.0,Régionalisme,2012,législative
35,24,Betton,8027,5130,2836,5191,61,6,1175.0,Droite,2012,législative
35,24,Betton,8027,5130,2836,5191,61,7,205.0,Extrême Droite,2012,législative
35,25,Billé,767,441,312,455,14,0,1.0,Extrême Gauche,2012,législative
35,25,Billé,767,441,312,455,14,1,1.0,Extrême Gauche,2012,législative
35,25,Billé,767,441,312,455,14,2,7.0,Gauche,2012,législative
35,25,Billé,767,441,312,455,14,3,115.0,Gauche,2012,législative
35,25,Billé,767,441,312,455,14,4,38.0,Écologie,2012,législative
35,25,Billé,767,441,312,455,14,5,1.0,Divers,2012,législative
35,25,Billé,767,441,312,455,14,6,242.0,Droite,2012,législative
35,25,Billé,767,441,312,455,14,7,5.0,Droite,2012,législative
35,25,Billé,767,441,312,455,14,8,31.0,Extrême Droite,2012,législative
35,26,Bléruais,86,67,19,67,0,0,2.0,Extrême Gauche,2012,législative
35,26,Bléruais,86,67,19,67,0,1,0.0,Extrême Gauche,2012,législative
35,26,Bléruais,86,67,19,67,0,2,0.0,Extrême Gauche,2012,législative
35,26,Bléruais,86,67,19,67,0,3,0.0,Gauche,2012,législative
35,26,Bléruais,86,67,19,67,0,4,23.0,Gauche,2012,législative
35,26,Bléruais,86,67,19,67,0,5,3.0,Écologie,2012,législative
35,26,Bléruais,86,67,19,67,0,6,0.0,Régionalisme,2012,législative
35,26,Bléruais,86,67,19,67,0,7,0.0,Divers,2012,législative
35,26,Bléruais,86,67,19,67,0,8,0.0,Divers,2012,législative
35,26,Bléruais,86,67,19,67,0,9,31.0,Droite,2012,législative
35,26,Bléruais,86,67,19,67,0,10,2.0,Droite,2012,législative
35,26,Bléruais,86,67,19,67,0,11,6.0,Extrême Droite,2012,législative
35,27,Boisgervilly,1145,632,492,653,21,0,0.0,Extrême Gauche,2012,législative
35,27,Boisgervilly,1145,632,492,653,21,1,4.0,Extrême Gauche,2012,législative
35,27,Boisgervilly,1145,632,492,653,21,2,2.0,Extrême Gauche,2012,législative
35,27,Boisgervilly,1145,632,492,653,21,3,26.0,Gauche,2012,législative
35,27,Boisgervilly,1145,632,492,653,21,4,273.0,Gauche,2012,législative
35,27,Boisgervilly,1145,632,492,653,21,5,19.0,Écologie,2012,législative
35,27,Boisgervilly,1145,632,492,653,21,6,5.0,Régionalisme,2012,législative
35,27,Boisgervilly,1145,632,492,653,21,7,2.0,Divers,2012,législative
35,27,Boisgervilly,1145,632,492,653,21,8,0.0,Divers,2012,législative
35,27,Boisgervilly,1145,632,492,653,21,9,234.0,Droite,2012,législative
35,27,Boisgervilly,1145,632,492,653,21,10,16.0,Droite,2012,législative
35,27,Boisgervilly,1145,632,492,653,21,11,51.0,Extrême Droite,2012,législative
35,28,Boistrudan,419,244,167,252,8,0,3.0,Extrême Gauche,2012,législative
35,28,Boistrudan,419,244,167,252,8,1,4.0,Gauche,2012,législative
35,28,Boistrudan,419,244,167,252,8,2,73.0,Gauche,2012,législative
35,28,Boistrudan,419,244,167,252,8,3,16.0,Écologie,2012,législative
35,28,Boistrudan,419,244,167,252,8,4,26.0,Centre,2012,législative
35,28,Boistrudan,419,244,167,252,8,5,93.0,Droite,2012,législative
35,28,Boistrudan,419,244,167,252,8,6,3.0,Droite,2012,législative
35,28,Boistrudan,419,244,167,252,8,7,2.0,Droite,2012,législative
35,28,Boistrudan,419,244,167,252,8,8,24.0,Extrême Droite,2012,législative
35,29,Bonnemain,990,571,400,590,19,0,2.0,Extrême Gauche,2012,législative
35,29,Bonnemain,990,571,400,590,19,1,6.0,Extrême Gauche,2012,législative
35,29,Bonnemain,990,571,400,590,19,2,0.0,Extrême Gauche,2012,législative
35,29,Bonnemain,990,571,400,590,19,3,17.0,Gauche,2012,législative
35,29,Bonnemain,990,571,400,590,19,4,278.0,Gauche,2012,législative
35,29,Bonnemain,990,571,400,590,19,5,28.0,Écologie,2012,législative
35,29,Bonnemain,990,571,400,590,19,6,9.0,Régionalisme,2012,législative
35,29,Bonnemain,990,571,400,590,19,7,1.0,Divers,2012,législative
35,29,Bonnemain,990,571,400,590,19,8,0.0,Divers,2012,législative
35,29,Bonnemain,990,571,400,590,19,9,169.0,Droite,2012,législative
35,29,Bonnemain,990,571,400,590,19,10,7.0,Droite,2012,législative
35,29,Bonnemain,990,571,400,590,19,11,54.0,Extrême Droite,2012,législative
35,30,La Bosse-de-Bretagne,417,232,174,243,11,0,3.0,Extrême Gauche,2012,législative
35,30,La Bosse-de-Bretagne,417,232,174,243,11,1,5.0,Extrême Gauche,2012,législative
35,30,La Bosse-de-Bretagne,417,232,174,243,11,2,8.0,Gauche,2012,législative
35,30,La Bosse-de-Bretagne,417,232,174,243,11,3,110.0,Gauche,2012,législative
35,30,La Bosse-de-Bretagne,417,232,174,243,11,4,12.0,Régionalisme,2012,législative
35,30,La Bosse-de-Bretagne,417,232,174,243,11,5,42.0,Droite,2012,législative
35,30,La Bosse-de-Bretagne,417,232,174,243,11,6,12.0,Droite,2012,législative
35,30,La Bosse-de-Bretagne,417,232,174,243,11,7,40.0,Extrême Droite,2012,législative
35,31,La Bouëxière,2706,1559,1109,1597,38,0,7.0,Extrême Gauche,2012,législative
35,31,La Bouëxière,2706,1559,1109,1597,38,1,12.0,Extrême Gauche,2012,législative
35,31,La Bouëxière,2706,1559,1109,1597,38,2,81.0,Gauche,2012,législative
35,31,La Bouëxière,2706,1559,1109,1597,38,3,722.0,Gauche,2012,législative
35,31,La Bouëxière,2706,1559,1109,1597,38,4,113.0,Écologie,2012,législative
35,31,La Bouëxière,2706,1559,1109,1597,38,5,18.0,Régionalisme,2012,législative
35,31,La Bouëxière,2706,1559,1109,1597,38,6,465.0,Droite,2012,législative
35,31,La Bouëxière,2706,1559,1109,1597,38,7,141.0,Extrême Droite,2012,législative
35,32,Bourgbarré,2513,1402,1064,1449,47,0,6.0,Extrême Gauche,2012,législative
35,32,Bourgbarré,2513,1402,1064,1449,47,1,9.0,Extrême Gauche,2012,législative
35,32,Bourgbarré,2513,1402,1064,1449,47,2,35.0,Gauche,2012,législative
35,32,Bourgbarré,2513,1402,1064,1449,47,3,519.0,Gauche,2012,législative
35,32,Bourgbarré,2513,1402,1064,1449,47,4,237.0,Gauche,2012,législative
35,32,Bourgbarré,2513,1402,1064,1449,47,5,11.0,Gauche,2012,législative
35,32,Bourgbarré,2513,1402,1064,1449,47,6,86.0,Écologie,2012,législative
35,32,Bourgbarré,2513,1402,1064,1449,47,7,4.0,Régionalisme,2012,législative
35,32,Bourgbarré,2513,1402,1064,1449,47,8,16.0,Écologie,2012,législative
35,32,Bourgbarré,2513,1402,1064,1449,47,9,7.0,Divers,2012,législative
35,32,Bourgbarré,2513,1402,1064,1449,47,10,271.0,Droite,2012,législative
35,32,Bourgbarré,2513,1402,1064,1449,47,11,19.0,Droite,2012,législative
35,32,Bourgbarré,2513,1402,1064,1449,47,12,46.0,Droite,2012,législative
35,32,Bourgbarré,2513,1402,1064,1449,47,13,136.0,Extrême Droite,2012,législative
35,33,Bourg-des-Comptes,1905,1205,676,1229,24,0,16.0,Extrême Gauche,2012,législative
35,33,Bourg-des-Comptes,1905,1205,676,1229,24,1,9.0,Extrême Gauche,2012,législative
35,33,Bourg-des-Comptes,1905,1205,676,1229,24,2,85.0,Gauche,2012,législative
35,33,Bourg-des-Comptes,1905,1205,676,1229,24,3,607.0,Gauche,2012,législative
35,33,Bourg-des-Comptes,1905,1205,676,1229,24,4,74.0,Régionalisme,2012,législative
35,33,Bourg-des-Comptes,1905,1205,676,1229,24,5,225.0,Droite,2012,législative
35,33,Bourg-des-Comptes,1905,1205,676,1229,24,6,55.0,Droite,2012,législative
35,33,Bourg-des-Comptes,1905,1205,676,1229,24,7,134.0,Extrême Droite,2012,législative
35,34,La Boussac,853,480,357,496,16,0,5.0,Extrême Gauche,2012,législative
35,34,La Boussac,853,480,357,496,16,1,6.0,Extrême Gauche,2012,législative
35,34,La Boussac,853,480,357,496,16,2,38.0,Gauche,2012,législative
35,34,La Boussac,853,480,357,496,16,3,124.0,Gauche,2012,législative
35,34,La Boussac,853,480,357,496,16,4,86.0,Écologie,2012,législative
35,34,La Boussac,853,480,357,496,16,5,1.0,Divers,2012,législative
35,34,La Boussac,853,480,357,496,16,6,156.0,Droite,2012,législative
35,34,La Boussac,853,480,357,496,16,7,6.0,Droite,2012,législative
35,34,La Boussac,853,480,357,496,16,8,58.0,Extrême Droite,2012,législative
35,35,Bovel,381,209,169,212,3,0,0.0,Extrême Gauche,2012,législative
35,35,Bovel,381,209,169,212,3,1,1.0,Extrême Gauche,2012,législative
35,35,Bovel,381,209,169,212,3,2,10.0,Gauche,2012,législative
35,35,Bovel,381,209,169,212,3,3,106.0,Gauche,2012,législative
35,35,Bovel,381,209,169,212,3,4,6.0,Régionalisme,2012,législative
35,35,Bovel,381,209,169,212,3,5,39.0,Droite,2012,législative
35,35,Bovel,381,209,169,212,3,6,15.0,Droite,2012,législative
35,35,Bovel,381,209,169,212,3,7,32.0,Extrême Droite,2012,législative
35,37,Bréal-sous-Montfort,3714,2154,1492,2222,68,0,13.0,Extrême Gauche,2012,législative
35,37,Bréal-sous-Montfort,3714,2154,1492,2222,68,1,13.0,Extrême Gauche,2012,législative
35,37,Bréal-sous-Montfort,3714,2154,1492,2222,68,2,93.0,Gauche,2012,législative
35,37,Bréal-sous-Montfort,3714,2154,1492,2222,68,3,1068.0,Gauche,2012,législative
35,37,Bréal-sous-Montfort,3714,2154,1492,2222,68,4,95.0,Régionalisme,2012,législative
35,37,Bréal-sous-Montfort,3714,2154,1492,2222,68,5,485.0,Droite,2012,législative
35,37,Bréal-sous-Montfort,3714,2154,1492,2222,68,6,117.0,Droite,2012,législative
35,37,Bréal-sous-Montfort,3714,2154,1492,2222,68,7,270.0,Extrême Droite,2012,législative
35,38,Bréal-sous-Vitré,455,248,199,256,8,0,3.0,Extrême Gauche,2012,législative
35,38,Bréal-sous-Vitré,455,248,199,256,8,1,3.0,Gauche,2012,législative
35,38,Bréal-sous-Vitré,455,248,199,256,8,2,75.0,Gauche,2012,législative
35,38,Bréal-sous-Vitré,455,248,199,256,8,3,11.0,Écologie,2012,législative
35,38,Bréal-sous-Vitré,455,248,199,256,8,4,11.0,Centre,2012,législative
35,38,Bréal-sous-Vitré,455,248,199,256,8,5,114.0,Droite,2012,législative
35,38,Bréal-sous-Vitré,455,248,199,256,8,6,6.0,Droite,2012,législative
35,38,Bréal-sous-Vitré,455,248,199,256,8,7,1.0,Droite,2012,législative
35,38,Bréal-sous-Vitré,455,248,199,256,8,8,24.0,Extrême Droite,2012,législative
35,39,Brécé,1388,851,524,864,13,0,11.0,Extrême Gauche,2012,législative
35,39,Brécé,1388,851,524,864,13,1,25.0,Gauche,2012,législative
35,39,Brécé,1388,851,524,864,13,2,422.0,Gauche,2012,législative
35,39,Brécé,1388,851,524,864,13,3,52.0,Écologie,2012,législative
35,39,Brécé,1388,851,524,864,13,4,24.0,Centre,2012,législative
35,39,Brécé,1388,851,524,864,13,5,225.0,Droite,2012,législative
35,39,Brécé,1388,851,524,864,13,6,13.0,Droite,2012,législative
35,39,Brécé,1388,851,524,864,13,7,16.0,Droite,2012,législative
35,39,Brécé,1388,851,524,864,13,8,63.0,Extrême Droite,2012,législative
35,40,Breteil,2526,1598,907,1619,21,0,7.0,Extrême Gauche,2012,législative
35,40,Breteil,2526,1598,907,1619,21,1,11.0,Extrême Gauche,2012,législative
35,40,Breteil,2526,1598,907,1619,21,2,3.0,Extrême Gauche,2012,législative
35,40,Breteil,2526,1598,907,1619,21,3,83.0,Gauche,2012,législative
35,40,Breteil,2526,1598,907,1619,21,4,838.0,Gauche,2012,législative
35,40,Breteil,2526,1598,907,1619,21,5,96.0,Écologie,2012,législative
35,40,Breteil,2526,1598,907,1619,21,6,24.0,Régionalisme,2012,législative
35,40,Breteil,2526,1598,907,1619,21,7,6.0,Divers,2012,législative
35,40,Breteil,2526,1598,907,1619,21,8,0.0,Divers,2012,législative
35,40,Breteil,2526,1598,907,1619,21,9,420.0,Droite,2012,législative
35,40,Breteil,2526,1598,907,1619,21,10,11.0,Droite,2012,législative
35,40,Breteil,2526,1598,907,1619,21,11,99.0,Extrême Droite,2012,législative
35,41,Brie,610,397,205,405,8,0,4.0,Extrême Gauche,2012,législative
35,41,Brie,610,397,205,405,8,1,13.0,Gauche,2012,législative
35,41,Brie,610,397,205,405,8,2,128.0,Gauche,2012,législative
35,41,Brie,610,397,205,405,8,3,7.0,Écologie,2012,législative
35,41,Brie,610,397,205,405,8,4,83.0,Centre,2012,législative
35,41,Brie,610,397,205,405,8,5,111.0,Droite,2012,législative
35,41,Brie,610,397,205,405,8,6,3.0,Droite,2012,législative
35,41,Brie,610,397,205,405,8,7,6.0,Droite,2012,législative
35,41,Brie,610,397,205,405,8,8,42.0,Extrême Droite,2012,législative
35,42,Brielles,471,272,188,283,11,0,3.0,Extrême Gauche,2012,législative
35,42,Brielles,471,272,188,283,11,1,8.0,Gauche,2012,législative
35,42,Brielles,471,272,188,283,11,2,69.0,Gauche,2012,législative
35,42,Brielles,471,272,188,283,11,3,6.0,Écologie,2012,législative
35,42,Brielles,471,272,188,283,11,4,5.0,Centre,2012,législative
35,42,Brielles,471,272,188,283,11,5,145.0,Droite,2012,législative
35,42,Brielles,471,272,188,283,11,6,11.0,Droite,2012,législative
35,42,Brielles,471,272,188,283,11,7,1.0,Droite,2012,législative
35,42,Brielles,471,272,188,283,11,8,24.0,Extrême Droite,2012,législative
35,44,Broualan,267,152,105,162,10,0,4.0,Extrême Gauche,2012,législative
35,44,Broualan,267,152,105,162,10,1,2.0,Extrême Gauche,2012,législative
35,44,Broualan,267,152,105,162,10,2,3.0,Gauche,2012,législative
35,44,Broualan,267,152,105,162,10,3,47.0,Gauche,2012,législative
35,44,Broualan,267,152,105,162,10,4,18.0,Écologie,2012,législative
35,44,Broualan,267,152,105,162,10,5,2.0,Divers,2012,législative
35,44,Broualan,267,152,105,162,10,6,66.0,Droite,2012,législative
35,44,Broualan,267,152,105,162,10,7,0.0,Droite,2012,législative
35,44,Broualan,267,152,105,162,10,8,10.0,Extrême Droite,2012,législative
35,45,Bruc-sur-Aff,695,346,333,362,16,0,1.0,Extrême Gauche,2012,législative
35,45,Bruc-sur-Aff,695,346,333,362,16,1,0.0,Extrême Gauche,2012,législative
35,45,Bruc-sur-Aff,695,346,333,362,16,2,11.0,Gauche,2012,législative
35,45,Bruc-sur-Aff,695,346,333,362,16,3,146.0,Gauche,2012,législative
35,45,Bruc-sur-Aff,695,346,333,362,16,4,2.0,Régionalisme,2012,législative
35,45,Bruc-sur-Aff,695,346,333,362,16,5,125.0,Droite,2012,législative
35,45,Bruc-sur-Aff,695,346,333,362,16,6,8.0,Droite,2012,législative
35,45,Bruc-sur-Aff,695,346,333,362,16,7,53.0,Extrême Droite,2012,législative
35,46,Les Brulais,368,217,144,224,7,0,3.0,Extrême Gauche,2012,législative
35,46,Les Brulais,368,217,144,224,7,1,1.0,Extrême Gauche,2012,législative
35,46,Les Brulais,368,217,144,224,7,2,9.0,Gauche,2012,législative
35,46,Les Brulais,368,217,144,224,7,3,88.0,Gauche,2012,législative
35,46,Les Brulais,368,217,144,224,7,4,2.0,Régionalisme,2012,législative
35,46,Les Brulais,368,217,144,224,7,5,65.0,Droite,2012,législative
35,46,Les Brulais,368,217,144,224,7,6,3.0,Droite,2012,législative
35,46,Les Brulais,368,217,144,224,7,7,46.0,Extrême Droite,2012,législative
35,47,Bruz,11325,6490,4731,6594,104,0,39.0,Extrême Gauche,2012,législative
35,47,Bruz,11325,6490,4731,6594,104,1,25.0,Extrême Gauche,2012,législative
35,47,Bruz,11325,6490,4731,6594,104,2,163.0,Gauche,2012,législative
35,47,Bruz,11325,6490,4731,6594,104,3,1981.0,Gauche,2012,législative
35,47,Bruz,11325,6490,4731,6594,104,4,1060.0,Gauche,2012,législative
35,47,Bruz,11325,6490,4731,6594,104,5,70.0,Gauche,2012,législative
35,47,Bruz,11325,6490,4731,6594,104,6,456.0,Écologie,2012,législative
35,47,Bruz,11325,6490,4731,6594,104,7,39.0,Régionalisme,2012,législative
35,47,Bruz,11325,6490,4731,6594,104,8,57.0,Écologie,2012,législative
35,47,Bruz,11325,6490,4731,6594,104,9,15.0,Divers,2012,législative
35,47,Bruz,11325,6490,4731,6594,104,10,1765.0,Droite,2012,législative
35,47,Bruz,11325,6490,4731,6594,104,11,85.0,Droite,2012,législative
35,47,Bruz,11325,6490,4731,6594,104,12,163.0,Droite,2012,législative
35,47,Bruz,11325,6490,4731,6594,104,13,572.0,Extrême Droite,2012,législative
35,48,Campel,409,245,151,258,13,0,2.0,Extrême Gauche,2012,législative
35,48,Campel,409,245,151,258,13,1,3.0,Extrême Gauche,2012,législative
35,48,Campel,409,245,151,258,13,2,10.0,Gauche,2012,législative
35,48,Campel,409,245,151,258,13,3,112.0,Gauche,2012,législative
35,48,Campel,409,245,151,258,13,4,7.0,Régionalisme,2012,législative
35,48,Campel,409,245,151,258,13,5,70.0,Droite,2012,législative
35,48,Campel,409,245,151,258,13,6,3.0,Droite,2012,législative
35,48,Campel,409,245,151,258,13,7,38.0,Extrême Droite,2012,législative
35,49,Cancale,4789,2632,2127,2662,30,0,20.0,Extrême Gauche,2012,législative
35,49,Cancale,4789,2632,2127,2662,30,1,8.0,Extrême Gauche,2012,législative
35,49,Cancale,4789,2632,2127,2662,30,2,63.0,Gauche,2012,législative
35,49,Cancale,4789,2632,2127,2662,30,3,769.0,Gauche,2012,législative
35,49,Cancale,4789,2632,2127,2662,30,4,135.0,Gauche,2012,législative
35,49,Cancale,4789,2632,2127,2662,30,5,98.0,Écologie,2012,législative
35,49,Cancale,4789,2632,2127,2662,30,6,8.0,Régionalisme,2012,législative
35,49,Cancale,4789,2632,2127,2662,30,7,15.0,Écologie,2012,législative
35,49,Cancale,4789,2632,2127,2662,30,8,166.0,Droite,2012,législative
35,49,Cancale,4789,2632,2127,2662,30,9,633.0,Droite,2012,législative
35,49,Cancale,4789,2632,2127,2662,30,10,471.0,Droite,2012,législative
35,49,Cancale,4789,2632,2127,2662,30,11,246.0,Extrême Droite,2012,législative
35,50,Cardroc,401,271,122,279,8,0,2.0,Extrême Gauche,2012,législative
35,50,Cardroc,401,271,122,279,8,1,0.0,Extrême Gauche,2012,législative
35,50,Cardroc,401,271,122,279,8,2,1.0,Extrême Gauche,2012,législative
35,50,Cardroc,401,271,122,279,8,3,18.0,Gauche,2012,législative
35,50,Cardroc,401,271,122,279,8,4,121.0,Gauche,2012,législative
35,50,Cardroc,401,271,122,279,8,5,17.0,Écologie,2012,législative
35,50,Cardroc,401,271,122,279,8,6,0.0,Régionalisme,2012,législative
35,50,Cardroc,401,271,122,279,8,7,0.0,Divers,2012,législative
35,50,Cardroc,401,271,122,279,8,8,0.0,Divers,2012,législative
35,50,Cardroc,401,271,122,279,8,9,90.0,Droite,2012,législative
35,50,Cardroc,401,271,122,279,8,10,2.0,Droite,2012,législative
35,50,Cardroc,401,271,122,279,8,11,20.0,Extrême Droite,2012,législative
35,51,Cesson-Sévigné,12648,7987,4567,8081,94,0,30.0,Extrême Gauche,2012,législative
35,51,Cesson-Sévigné,12648,7987,4567,8081,94,1,27.0,Extrême Gauche,2012,législative
35,51,Cesson-Sévigné,12648,7987,4567,8081,94,2,375.0,Gauche,2012,législative
35,51,Cesson-Sévigné,12648,7987,4567,8081,94,3,3389.0,Gauche,2012,législative
35,51,Cesson-Sévigné,12648,7987,4567,8081,94,4,571.0,Écologie,2012,législative
35,51,Cesson-Sévigné,12648,7987,4567,8081,94,5,42.0,Régionalisme,2012,législative
35,51,Cesson-Sévigné,12648,7987,4567,8081,94,6,3178.0,Droite,2012,législative
35,51,Cesson-Sévigné,12648,7987,4567,8081,94,7,375.0,Extrême Droite,2012,législative
35,52,Champeaux,394,251,139,255,4,0,2.0,Extrême Gauche,2012,législative
35,52,Champeaux,394,251,139,255,4,1,9.0,Gauche,2012,législative
35,52,Champeaux,394,251,139,255,4,2,71.0,Gauche,2012,législative
35,52,Champeaux,394,251,139,255,4,3,13.0,Écologie,2012,législative
35,52,Champeaux,394,251,139,255,4,4,4.0,Centre,2012,législative
35,52,Champeaux,394,251,139,255,4,5,131.0,Droite,2012,législative
35,52,Champeaux,394,251,139,255,4,6,3.0,Droite,2012,législative
35,52,Champeaux,394,251,139,255,4,7,3.0,Droite,2012,législative
35,52,Champeaux,394,251,139,255,4,8,15.0,Extrême Droite,2012,législative
35,53,Chancé,201,135,63,138,3,0,4.0,Extrême Gauche,2012,législative
35,53,Chancé,201,135,63,138,3,1,4.0,Gauche,2012,législative
35,53,Chancé,201,135,63,138,3,2,28.0,Gauche,2012,législative
35,53,Chancé,201,135,63,138,3,3,5.0,Écologie,2012,législative
35,53,Chancé,201,135,63,138,3,4,3.0,Centre,2012,législative
35,53,Chancé,201,135,63,138,3,5,73.0,Droite,2012,législative
35,53,Chancé,201,135,63,138,3,6,3.0,Droite,2012,législative
35,53,Chancé,201,135,63,138,3,7,2.0,Droite,2012,législative
35,53,Chancé,201,135,63,138,3,8,13.0,Extrême Droite,2012,législative
35,54,Chanteloup,1104,659,418,686,27,0,4.0,Extrême Gauche,2012,législative
35,54,Chanteloup,1104,659,418,686,27,1,9.0,Extrême Gauche,2012,législative
35,54,Chanteloup,1104,659,418,686,27,2,49.0,Gauche,2012,législative
35,54,Chanteloup,1104,659,418,686,27,3,333.0,Gauche,2012,législative
35,54,Chanteloup,1104,659,418,686,27,4,39.0,Régionalisme,2012,législative
35,54,Chanteloup,1104,659,418,686,27,5,100.0,Droite,2012,législative
35,54,Chanteloup,1104,659,418,686,27,6,33.0,Droite,2012,législative
35,54,Chanteloup,1104,659,418,686,27,7,92.0,Extrême Droite,2012,législative
35,55,Chantepie,6816,4130,2642,4174,44,0,27.0,Extrême Gauche,2012,législative
35,55,Chantepie,6816,4130,2642,4174,44,1,15.0,Extrême Gauche,2012,législative
35,55,Chantepie,6816,4130,2642,4174,44,2,110.0,Gauche,2012,législative
35,55,Chantepie,6816,4130,2642,4174,44,3,1489.0,Gauche,2012,législative
35,55,Chantepie,6816,4130,2642,4174,44,4,566.0,Gauche,2012,législative
35,55,Chantepie,6816,4130,2642,4174,44,5,53.0,Gauche,2012,législative
35,55,Chantepie,6816,4130,2642,4174,44,6,264.0,Écologie,2012,législative
35,55,Chantepie,6816,4130,2642,4174,44,7,13.0,Régionalisme,2012,législative
35,55,Chantepie,6816,4130,2642,4174,44,8,20.0,Écologie,2012,législative
35,55,Chantepie,6816,4130,2642,4174,44,9,10.0,Divers,2012,législative
35,55,Chantepie,6816,4130,2642,4174,44,10,1263.0,Droite,2012,législative
35,55,Chantepie,6816,4130,2642,4174,44,11,24.0,Droite,2012,législative
35,55,Chantepie,6816,4130,2642,4174,44,12,51.0,Droite,2012,législative
35,55,Chantepie,6816,4130,2642,4174,44,13,225.0,Extrême Droite,2012,législative
35,56,La Chapelle-aux-Filtzméens,531,342,183,348,6,0,8.0,Extrême Gauche,2012,législative
35,56,La Chapelle-aux-Filtzméens,531,342,183,348,6,1,2.0,Extrême Gauche,2012,législative
35,56,La Chapelle-aux-Filtzméens,531,342,183,348,6,2,1.0,Extrême Gauche,2012,législative
35,56,La Chapelle-aux-Filtzméens,531,342,183,348,6,3,20.0,Gauche,2012,législative
35,56,La Chapelle-aux-Filtzméens,531,342,183,348,6,4,182.0,Gauche,2012,législative
35,56,La Chapelle-aux-Filtzméens,531,342,183,348,6,5,18.0,Écologie,2012,législative
35,56,La Chapelle-aux-Filtzméens,531,342,183,348,6,6,2.0,Régionalisme,2012,législative
35,56,La Chapelle-aux-Filtzméens,531,342,183,348,6,7,1.0,Divers,2012,législative
35,56,La Chapelle-aux-Filtzméens,531,342,183,348,6,8,0.0,Divers,2012,législative
35,56,La Chapelle-aux-Filtzméens,531,342,183,348,6,9,70.0,Droite,2012,législative
35,56,La Chapelle-aux-Filtzméens,531,342,183,348,6,10,8.0,Droite,2012,législative
35,56,La Chapelle-aux-Filtzméens,531,342,183,348,6,11,30.0,Extrême Droite,2012,législative
35,57,La Chapelle-Bouëxic,802,479,308,494,15,0,7.0,Extrême Gauche,2012,législative
35,57,La Chapelle-Bouëxic,802,479,308,494,15,1,5.0,Extrême Gauche,2012,législative
35,57,La Chapelle-Bouëxic,802,479,308,494,15,2,33.0,Gauche,2012,législative
35,57,La Chapelle-Bouëxic,802,479,308,494,15,3,222.0,Gauche,2012,législative
35,57,La Chapelle-Bouëxic,802,479,308,494,15,4,32.0,Régionalisme,2012,législative
35,57,La Chapelle-Bouëxic,802,479,308,494,15,5,89.0,Droite,2012,législative
35,57,La Chapelle-Bouëxic,802,479,308,494,15,6,22.0,Droite,2012,législative
35,57,La Chapelle-Bouëxic,802,479,308,494,15,7,69.0,Extrême Droite,2012,législative
35,58,La Chapelle-Chaussée,828,503,311,517,14,0,3.0,Extrême Gauche,2012,législative
35,58,La Chapelle-Chaussée,828,503,311,517,14,1,4.0,Extrême Gauche,2012,législative
35,58,La Chapelle-Chaussée,828,503,311,517,14,2,3.0,Extrême Gauche,2012,législative
35,58,La Chapelle-Chaussée,828,503,311,517,14,3,17.0,Gauche,2012,législative
35,58,La Chapelle-Chaussée,828,503,311,517,14,4,223.0,Gauche,2012,législative
35,58,La Chapelle-Chaussée,828,503,311,517,14,5,35.0,Écologie,2012,législative
35,58,La Chapelle-Chaussée,828,503,311,517,14,6,3.0,Régionalisme,2012,législative
35,58,La Chapelle-Chaussée,828,503,311,517,14,7,2.0,Divers,2012,législative
35,58,La Chapelle-Chaussée,828,503,311,517,14,8,0.0,Divers,2012,législative
35,58,La Chapelle-Chaussée,828,503,311,517,14,9,157.0,Droite,2012,législative
35,58,La Chapelle-Chaussée,828,503,311,517,14,10,7.0,Droite,2012,législative
35,58,La Chapelle-Chaussée,828,503,311,517,14,11,49.0,Extrême Droite,2012,législative
35,59,La Chapelle-des-Fougeretz,3139,1923,1180,1959,36,0,4.0,Extrême Gauche,2012,législative
35,59,La Chapelle-des-Fougeretz,3139,1923,1180,1959,36,1,18.0,Extrême Gauche,2012,législative
35,59,La Chapelle-des-Fougeretz,3139,1923,1180,1959,36,2,110.0,Gauche,2012,législative
35,59,La Chapelle-des-Fougeretz,3139,1923,1180,1959,36,3,1016.0,Gauche,2012,législative
35,59,La Chapelle-des-Fougeretz,3139,1923,1180,1959,36,4,141.0,Écologie,2012,législative
35,59,La Chapelle-des-Fougeretz,3139,1923,1180,1959,36,5,18.0,Régionalisme,2012,législative
35,59,La Chapelle-des-Fougeretz,3139,1923,1180,1959,36,6,502.0,Droite,2012,législative
35,59,La Chapelle-des-Fougeretz,3139,1923,1180,1959,36,7,114.0,Extrême Droite,2012,législative
35,60,La Chapelle-du-Lou,500,286,207,293,7,0,2.0,Extrême Gauche,2012,législative
35,60,La Chapelle-du-Lou,500,286,207,293,7,1,4.0,Extrême Gauche,2012,législative
35,60,La Chapelle-du-Lou,500,286,207,293,7,2,2.0,Extrême Gauche,2012,législative
35,60,La Chapelle-du-Lou,500,286,207,293,7,3,12.0,Gauche,2012,législative
35,60,La Chapelle-du-Lou,500,286,207,293,7,4,116.0,Gauche,2012,législative
35,60,La Chapelle-du-Lou,500,286,207,293,7,5,6.0,Écologie,2012,législative
35,60,La Chapelle-du-Lou,500,286,207,293,7,6,5.0,Régionalisme,2012,législative
35,60,La Chapelle-du-Lou,500,286,207,293,7,7,1.0,Divers,2012,législative
35,60,La Chapelle-du-Lou,500,286,207,293,7,8,0.0,Divers,2012,législative
35,60,La Chapelle-du-Lou,500,286,207,293,7,9,111.0,Droite,2012,législative
35,60,La Chapelle-du-Lou,500,286,207,293,7,10,4.0,Droite,2012,législative
35,60,La Chapelle-du-Lou,500,286,207,293,7,11,23.0,Extrême Droite,2012,législative
35,61,La Chapelle-Erbrée,481,297,180,301,4,0,3.0,Extrême Gauche,2012,législative
35,61,La Chapelle-Erbrée,481,297,180,301,4,1,4.0,Gauche,2012,législative
35,61,La Chapelle-Erbrée,481,297,180,301,4,2,63.0,Gauche,2012,législative
35,61,La Chapelle-Erbrée,481,297,180,301,4,3,16.0,Écologie,2012,législative
35,61,La Chapelle-Erbrée,481,297,180,301,4,4,1.0,Centre,2012,législative
35,61,La Chapelle-Erbrée,481,297,180,301,4,5,192.0,Droite,2012,législative
35,61,La Chapelle-Erbrée,481,297,180,301,4,6,1.0,Droite,2012,législative
35,61,La Chapelle-Erbrée,481,297,180,301,4,7,0.0,Droite,2012,législative
35,61,La Chapelle-Erbrée,481,297,180,301,4,8,17.0,Extrême Droite,2012,législative
35,62,La Chapelle-Janson,1066,668,381,685,17,0,6.0,Extrême Gauche,2012,législative
35,62,La Chapelle-Janson,1066,668,381,685,17,1,7.0,Extrême Gauche,2012,législative
35,62,La Chapelle-Janson,1066,668,381,685,17,2,5.0,Gauche,2012,législative
35,62,La Chapelle-Janson,1066,668,381,685,17,3,192.0,Gauche,2012,législative
35,62,La Chapelle-Janson,1066,668,381,685,17,4,49.0,Écologie,2012,législative
35,62,La Chapelle-Janson,1066,668,381,685,17,5,1.0,Divers,2012,législative
35,62,La Chapelle-Janson,1066,668,381,685,17,6,358.0,Droite,2012,législative
35,62,La Chapelle-Janson,1066,668,381,685,17,7,7.0,Droite,2012,législative
35,62,La Chapelle-Janson,1066,668,381,685,17,8,43.0,Extrême Droite,2012,législative
35,63,La Chapelle-Saint-Aubert,298,170,126,172,2,0,2.0,Extrême Gauche,2012,législative
35,63,La Chapelle-Saint-Aubert,298,170,126,172,2,1,1.0,Extrême Gauche,2012,législative
35,63,La Chapelle-Saint-Aubert,298,170,126,172,2,2,1.0,Gauche,2012,législative
35,63,La Chapelle-Saint-Aubert,298,170,126,172,2,3,36.0,Gauche,2012,législative
35,63,La Chapelle-Saint-Aubert,298,170,126,172,2,4,8.0,Écologie,2012,législative
35,63,La Chapelle-Saint-Aubert,298,170,126,172,2,5,1.0,Divers,2012,législative
35,63,La Chapelle-Saint-Aubert,298,170,126,172,2,6,92.0,Droite,2012,législative
35,63,La Chapelle-Saint-Aubert,298,170,126,172,2,7,2.0,Droite,2012,législative
35,63,La Chapelle-Saint-Aubert,298,170,126,172,2,8,27.0,Extrême Droite,2012,législative
35,64,La Chapelle-de-Brain,801,526,274,527,1,0,1.0,Extrême Gauche,2012,législative
35,64,La Chapelle-de-Brain,801,526,274,527,1,1,3.0,Extrême Gauche,2012,législative
35,64,La Chapelle-de-Brain,801,526,274,527,1,2,21.0,Gauche,2012,législative
35,64,La Chapelle-de-Brain,801,526,274,527,1,3,162.0,Gauche,2012,législative
35,64,La Chapelle-de-Brain,801,526,274,527,1,4,20.0,Régionalisme,2012,législative
35,64,La Chapelle-de-Brain,801,526,274,527,1,5,286.0,Droite,2012,législative
35,64,La Chapelle-de-Brain,801,526,274,527,1,6,5.0,Droite,2012,législative
35,64,La Chapelle-de-Brain,801,526,274,527,1,7,28.0,Extrême Droite,2012,législative
35,65,La Chapelle-Thouarault,1550,1021,519,1031,10,0,6.0,Extrême Gauche,2012,législative
35,65,La Chapelle-Thouarault,1550,1021,519,1031,10,1,2.0,Extrême Gauche,2012,législative
35,65,La Chapelle-Thouarault,1550,1021,519,1031,10,2,3.0,Extrême Gauche,2012,législative
35,65,La Chapelle-Thouarault,1550,1021,519,1031,10,3,48.0,Gauche,2012,législative
35,65,La Chapelle-Thouarault,1550,1021,519,1031,10,4,548.0,Gauche,2012,législative
35,65,La Chapelle-Thouarault,1550,1021,519,1031,10,5,51.0,Écologie,2012,législative
35,65,La Chapelle-Thouarault,1550,1021,519,1031,10,6,7.0,Régionalisme,2012,législative
35,65,La Chapelle-Thouarault,1550,1021,519,1031,10,7,2.0,Divers,2012,législative
35,65,La Chapelle-Thouarault,1550,1021,519,1031,10,8,0.0,Divers,2012,législative
35,65,La Chapelle-Thouarault,1550,1021,519,1031,10,9,257.0,Droite,2012,législative
35,65,La Chapelle-Thouarault,1550,1021,519,1031,10,10,13.0,Droite,2012,législative
35,65,La Chapelle-Thouarault,1550,1021,519,1031,10,11,84.0,Extrême Droite,2012,législative
35,66,Chartres-de-Bretagne,5773,3289,2419,3354,65,0,28.0,Extrême Gauche,2012,législative
35,66,Chartres-de-Bretagne,5773,3289,2419,3354,65,1,14.0,Extrême Gauche,2012,législative
35,66,Chartres-de-Bretagne,5773,3289,2419,3354,65,2,72.0,Gauche,2012,législative
35,66,Chartres-de-Bretagne,5773,3289,2419,3354,65,3,1465.0,Gauche,2012,législative
35,66,Chartres-de-Bretagne,5773,3289,2419,3354,65,4,376.0,Gauche,2012,législative
35,66,Chartres-de-Bretagne,5773,3289,2419,3354,65,5,27.0,Gauche,2012,législative
35,66,Chartres-de-Bretagne,5773,3289,2419,3354,65,6,185.0,Écologie,2012,législative
35,66,Chartres-de-Bretagne,5773,3289,2419,3354,65,7,26.0,Régionalisme,2012,législative
35,66,Chartres-de-Bretagne,5773,3289,2419,3354,65,8,35.0,Écologie,2012,législative
35,66,Chartres-de-Bretagne,5773,3289,2419,3354,65,9,2.0,Divers,2012,législative
35,66,Chartres-de-Bretagne,5773,3289,2419,3354,65,10,671.0,Droite,2012,législative
35,66,Chartres-de-Bretagne,5773,3289,2419,3354,65,11,28.0,Droite,2012,législative
35,66,Chartres-de-Bretagne,5773,3289,2419,3354,65,12,91.0,Droite,2012,législative
35,66,Chartres-de-Bretagne,5773,3289,2419,3354,65,13,269.0,Extrême Droite,2012,législative
35,67,Chasné-sur-Illet,993,613,367,626,13,0,3.0,Extrême Gauche,2012,législative
35,67,Chasné-sur-Illet,993,613,367,626,13,1,5.0,Extrême Gauche,2012,législative
35,67,Chasné-sur-Illet,993,613,367,626,13,2,56.0,Gauche,2012,législative
35,67,Chasné-sur-Illet,993,613,367,626,13,3,336.0,Gauche,2012,législative
35,67,Chasné-sur-Illet,993,613,367,626,13,4,50.0,Écologie,2012,législative
35,67,Chasné-sur-Illet,993,613,367,626,13,5,8.0,Régionalisme,2012,législative
35,67,Chasné-sur-Illet,993,613,367,626,13,6,120.0,Droite,2012,législative
35,67,Chasné-sur-Illet,993,613,367,626,13,7,35.0,Extrême Droite,2012,législative
35,68,Châteaubourg,4328,2594,1693,2635,41,0,17.0,Extrême Gauche,2012,législative
35,68,Châteaubourg,4328,2594,1693,2635,41,1,86.0,Gauche,2012,législative
35,68,Châteaubourg,4328,2594,1693,2635,41,2,1125.0,Gauche,2012,législative
35,68,Châteaubourg,4328,2594,1693,2635,41,3,196.0,Écologie,2012,législative
35,68,Châteaubourg,4328,2594,1693,2635,41,4,75.0,Centre,2012,législative
35,68,Châteaubourg,4328,2594,1693,2635,41,5,838.0,Droite,2012,législative
35,68,Châteaubourg,4328,2594,1693,2635,41,6,101.0,Droite,2012,législative
35,68,Châteaubourg,4328,2594,1693,2635,41,7,24.0,Droite,2012,législative
35,68,Châteaubourg,4328,2594,1693,2635,41,8,132.0,Extrême Droite,2012,législative
35,69,Châteaugiron,5206,3120,2056,3150,30,0,19.0,Extrême Gauche,2012,législative
35,69,Châteaugiron,5206,3120,2056,3150,30,1,162.0,Gauche,2012,législative
35,69,Châteaugiron,5206,3120,2056,3150,30,2,1332.0,Gauche,2012,législative
35,69,Châteaugiron,5206,3120,2056,3150,30,3,172.0,Écologie,2012,législative
35,69,Châteaugiron,5206,3120,2056,3150,30,4,101.0,Centre,2012,législative
35,69,Châteaugiron,5206,3120,2056,3150,30,5,1085.0,Droite,2012,législative
35,69,Châteaugiron,5206,3120,2056,3150,30,6,45.0,Droite,2012,législative
35,69,Châteaugiron,5206,3120,2056,3150,30,7,44.0,Droite,2012,législative
35,69,Châteaugiron,5206,3120,2056,3150,30,8,160.0,Extrême Droite,2012,législative
35,70,Châteauneuf-d'Ille-et-Vilaine,762,457,298,464,7,0,3.0,Extrême Gauche,2012,législative
35,70,Châteauneuf-d'Ille-et-Vilaine,762,457,298,464,7,1,1.0,Extrême Gauche,2012,législative
35,70,Châteauneuf-d'Ille-et-Vilaine,762,457,298,464,7,2,15.0,Gauche,2012,législative
35,70,Châteauneuf-d'Ille-et-Vilaine,762,457,298,464,7,3,147.0,Gauche,2012,législative
35,70,Châteauneuf-d'Ille-et-Vilaine,762,457,298,464,7,4,24.0,Gauche,2012,législative
35,70,Châteauneuf-d'Ille-et-Vilaine,762,457,298,464,7,5,14.0,Écologie,2012,législative
35,70,Châteauneuf-d'Ille-et-Vilaine,762,457,298,464,7,6,4.0,Régionalisme,2012,législative
35,70,Châteauneuf-d'Ille-et-Vilaine,762,457,298,464,7,7,0.0,Écologie,2012,législative
35,70,Châteauneuf-d'Ille-et-Vilaine,762,457,298,464,7,8,99.0,Droite,2012,législative
35,70,Châteauneuf-d'Ille-et-Vilaine,762,457,298,464,7,9,44.0,Droite,2012,législative
35,70,Châteauneuf-d'Ille-et-Vilaine,762,457,298,464,7,10,55.0,Droite,2012,législative
35,70,Châteauneuf-d'Ille-et-Vilaine,762,457,298,464,7,11,51.0,Extrême Droite,2012,législative
35,71,Le Châtellier,313,227,83,230,3,0,1.0,Extrême Gauche,2012,législative
35,71,Le Châtellier,313,227,83,230,3,1,2.0,Extrême Gauche,2012,législative
35,71,Le Châtellier,313,227,83,230,3,2,6.0,Gauche,2012,législative
35,71,Le Châtellier,313,227,83,230,3,3,46.0,Gauche,2012,législative
35,71,Le Châtellier,313,227,83,230,3,4,15.0,Écologie,2012,législative
35,71,Le Châtellier,313,227,83,230,3,5,0.0,Divers,2012,législative
35,71,Le Châtellier,313,227,83,230,3,6,135.0,Droite,2012,législative
35,71,Le Châtellier,313,227,83,230,3,7,1.0,Droite,2012,législative
35,71,Le Châtellier,313,227,83,230,3,8,21.0,Extrême Droite,2012,législative
35,72,Châtillon-en-Vendelais,1259,707,541,718,11,0,5.0,Extrême Gauche,2012,législative
35,72,Châtillon-en-Vendelais,1259,707,541,718,11,1,18.0,Gauche,2012,législative
35,72,Châtillon-en-Vendelais,1259,707,541,718,11,2,171.0,Gauche,2012,législative
35,72,Châtillon-en-Vendelais,1259,707,541,718,11,3,30.0,Écologie,2012,législative
35,72,Châtillon-en-Vendelais,1259,707,541,718,11,4,12.0,Centre,2012,législative
35,72,Châtillon-en-Vendelais,1259,707,541,718,11,5,398.0,Droite,2012,législative
35,72,Châtillon-en-Vendelais,1259,707,541,718,11,6,9.0,Droite,2012,législative
35,72,Châtillon-en-Vendelais,1259,707,541,718,11,7,7.0,Droite,2012,législative
35,72,Châtillon-en-Vendelais,1259,707,541,718,11,8,57.0,Extrême Droite,2012,législative
35,75,Chauvigné,555,375,170,385,10,0,2.0,Extrême Gauche,2012,législative
35,75,Chauvigné,555,375,170,385,10,1,4.0,Extrême Gauche,2012,législative
35,75,Chauvigné,555,375,170,385,10,2,11.0,Gauche,2012,législative
35,75,Chauvigné,555,375,170,385,10,3,116.0,Gauche,2012,législative
35,75,Chauvigné,555,375,170,385,10,4,47.0,Écologie,2012,législative
35,75,Chauvigné,555,375,170,385,10,5,1.0,Divers,2012,législative
35,75,Chauvigné,555,375,170,385,10,6,152.0,Droite,2012,législative
35,75,Chauvigné,555,375,170,385,10,7,1.0,Droite,2012,législative
35,75,Chauvigné,555,375,170,385,10,8,41.0,Extrême Droite,2012,législative
35,76,Chavagne,2953,1772,1147,1806,34,0,7.0,Extrême Gauche,2012,législative
35,76,Chavagne,2953,1772,1147,1806,34,1,10.0,Extrême Gauche,2012,législative
35,76,Chavagne,2953,1772,1147,1806,34,2,4.0,Extrême Gauche,2012,législative
35,76,Chavagne,2953,1772,1147,1806,34,3,57.0,Gauche,2012,législative
35,76,Chavagne,2953,1772,1147,1806,34,4,918.0,Gauche,2012,législative
35,76,Chavagne,2953,1772,1147,1806,34,5,104.0,Écologie,2012,législative
35,76,Chavagne,2953,1772,1147,1806,34,6,18.0,Écologie,2012,législative
35,76,Chavagne,2953,1772,1147,1806,34,7,8.0,Divers,2012,législative
35,76,Chavagne,2953,1772,1147,1806,34,8,9.0,Divers,2012,législative
35,76,Chavagne,2953,1772,1147,1806,34,9,0.0,Divers,2012,législative
35,76,Chavagne,2953,1772,1147,1806,34,10,7.0,Divers,2012,législative
35,76,Chavagne,2953,1772,1147,1806,34,11,32.0,Droite,2012,législative
35,76,Chavagne,2953,1772,1147,1806,34,12,475.0,Droite,2012,législative
35,76,Chavagne,2953,1772,1147,1806,34,13,123.0,Extrême Droite,2012,législative
35,77,Chelun,215,125,88,127,2,0,2.0,Extrême Gauche,2012,législative
35,77,Chelun,215,125,88,127,2,1,2.0,Gauche,2012,législative
35,77,Chelun,215,125,88,127,2,2,24.0,Gauche,2012,législative
35,77,Chelun,215,125,88,127,2,3,2.0,Écologie,2012,législative
35,77,Chelun,215,125,88,127,2,4,3.0,Centre,2012,législative
35,77,Chelun,215,125,88,127,2,5,76.0,Droite,2012,législative
35,77,Chelun,215,125,88,127,2,6,0.0,Droite,2012,législative
35,77,Chelun,215,125,88,127,2,7,1.0,Droite,2012,législative
35,77,Chelun,215,125,88,127,2,8,15.0,Extrême Droite,2012,législative
35,78,Cherrueix,892,619,263,629,10,0,7.0,Extrême Gauche,2012,législative
35,78,Cherrueix,892,619,263,629,10,1,1.0,Extrême Gauche,2012,législative
35,78,Cherrueix,892,619,263,629,10,2,9.0,Gauche,2012,législative
35,78,Cherrueix,892,619,263,629,10,3,165.0,Gauche,2012,législative
35,78,Cherrueix,892,619,263,629,10,4,28.0,Gauche,2012,législative
35,78,Cherrueix,892,619,263,629,10,5,10.0,Écologie,2012,législative
35,78,Cherrueix,892,619,263,629,10,6,4.0,Régionalisme,2012,législative
35,78,Cherrueix,892,619,263,629,10,7,2.0,Écologie,2012,législative
35,78,Cherrueix,892,619,263,629,10,8,7.0,Droite,2012,législative
35,78,Cherrueix,892,619,263,629,10,9,53.0,Droite,2012,législative
35,78,Cherrueix,892,619,263,629,10,10,287.0,Droite,2012,législative
35,78,Cherrueix,892,619,263,629,10,11,46.0,Extrême Droite,2012,législative
35,79,Chevaigné,1433,889,533,900,11,0,9.0,Extrême Gauche,2012,législative
35,79,Chevaigné,1433,889,533,900,11,1,10.0,Extrême Gauche,2012,législative
35,79,Chevaigné,1433,889,533,900,11,2,45.0,Gauche,2012,législative
35,79,Chevaigné,1433,889,533,900,11,3,233.0,Gauche,2012,législative
35,79,Chevaigné,1433,889,533,900,11,4,278.0,Écologie,2012,législative
35,79,Chevaigné,1433,889,533,900,11,5,1.0,Divers,2012,législative
35,79,Chevaigné,1433,889,533,900,11,6,261.0,Droite,2012,législative
35,79,Chevaigné,1433,889,533,900,11,7,7.0,Droite,2012,législative
35,79,Chevaigné,1433,889,533,900,11,8,45.0,Extrême Droite,2012,législative
35,80,Cintré,1516,923,574,942,19,0,6.0,Extrême Gauche,2012,législative
35,80,Cintré,1516,923,574,942,19,1,4.0,Extrême Gauche,2012,législative
35,80,Cintré,1516,923,574,942,19,2,2.0,Extrême Gauche,2012,législative
35,80,Cintré,1516,923,574,942,19,3,33.0,Gauche,2012,législative
35,80,Cintré,1516,923,574,942,19,4,515.0,Gauche,2012,législative
35,80,Cintré,1516,923,574,942,19,5,72.0,Écologie,2012,législative
35,80,Cintré,1516,923,574,942,19,6,12.0,Écologie,2012,législative
35,80,Cintré,1516,923,574,942,19,7,7.0,Divers,2012,législative
35,80,Cintré,1516,923,574,942,19,8,1.0,Divers,2012,législative
35,80,Cintré,1516,923,574,942,19,9,20.0,Divers,2012,législative
35,80,Cintré,1516,923,574,942,19,10,6.0,Divers,2012,législative
35,80,Cintré,1516,923,574,942,19,11,6.0,Droite,2012,législative
35,80,Cintré,1516,923,574,942,19,12,180.0,Droite,2012,législative
35,80,Cintré,1516,923,574,942,19,13,59.0,Extrême Droite,2012,législative
35,81,Clayes,475,317,151,324,7,0,0.0,Extrême Gauche,2012,législative
35,81,Clayes,475,317,151,324,7,1,4.0,Extrême Gauche,2012,législative
35,81,Clayes,475,317,151,324,7,2,2.0,Extrême Gauche,2012,législative
35,81,Clayes,475,317,151,324,7,3,16.0,Gauche,2012,législative
35,81,Clayes,475,317,151,324,7,4,160.0,Gauche,2012,législative
35,81,Clayes,475,317,151,324,7,5,24.0,Écologie,2012,législative
35,81,Clayes,475,317,151,324,7,6,3.0,Régionalisme,2012,législative
35,81,Clayes,475,317,151,324,7,7,0.0,Divers,2012,législative
35,81,Clayes,475,317,151,324,7,8,0.0,Divers,2012,législative
35,81,Clayes,475,317,151,324,7,9,88.0,Droite,2012,législative
35,81,Clayes,475,317,151,324,7,10,2.0,Droite,2012,législative
35,81,Clayes,475,317,151,324,7,11,18.0,Extrême Droite,2012,législative
35,82,Coësmes,902,503,392,510,7,0,5.0,Extrême Gauche,2012,législative
35,82,Coësmes,902,503,392,510,7,1,17.0,Gauche,2012,législative
35,82,Coësmes,902,503,392,510,7,2,166.0,Gauche,2012,législative
35,82,Coësmes,902,503,392,510,7,3,23.0,Écologie,2012,législative
35,82,Coësmes,902,503,392,510,7,4,11.0,Centre,2012,législative
35,82,Coësmes,902,503,392,510,7,5,232.0,Droite,2012,législative
35,82,Coësmes,902,503,392,510,7,6,2.0,Droite,2012,législative
35,82,Coësmes,902,503,392,510,7,7,7.0,Droite,2012,législative
35,82,Coësmes,902,503,392,510,7,8,40.0,Extrême Droite,2012,législative
35,83,Coglès,476,320,148,328,8,0,4.0,Extrême Gauche,2012,législative
35,83,Coglès,476,320,148,328,8,1,4.0,Extrême Gauche,2012,législative
35,83,Coglès,476,320,148,328,8,2,11.0,Gauche,2012,législative
35,83,Coglès,476,320,148,328,8,3,126.0,Gauche,2012,législative
35,83,Coglès,476,320,148,328,8,4,19.0,Écologie,2012,législative
35,83,Coglès,476,320,148,328,8,5,0.0,Divers,2012,législative
35,83,Coglès,476,320,148,328,8,6,125.0,Droite,2012,législative
35,83,Coglès,476,320,148,328,8,7,2.0,Droite,2012,législative
35,83,Coglès,476,320,148,328,8,8,29.0,Extrême Droite,2012,législative
35,84,Comblessac,465,297,161,304,7,0,3.0,Extrême Gauche,2012,législative
35,84,Comblessac,465,297,161,304,7,1,4.0,Extrême Gauche,2012,législative
35,84,Comblessac,465,297,161,304,7,2,5.0,Gauche,2012,législative
35,84,Comblessac,465,297,161,304,7,3,101.0,Gauche,2012,législative
35,84,Comblessac,465,297,161,304,7,4,10.0,Régionalisme,2012,législative
35,84,Comblessac,465,297,161,304,7,5,105.0,Droite,2012,législative
35,84,Comblessac,465,297,161,304,7,6,15.0,Droite,2012,législative
35,84,Comblessac,465,297,161,304,7,7,54.0,Extrême Droite,2012,législative
35,85,Combourg,4379,2569,1768,2611,42,0,12.0,Extrême Gauche,2012,législative
35,85,Combourg,4379,2569,1768,2611,42,1,20.0,Extrême Gauche,2012,législative
35,85,Combourg,4379,2569,1768,2611,42,2,7.0,Extrême Gauche,2012,législative
35,85,Combourg,4379,2569,1768,2611,42,3,85.0,Gauche,2012,législative
35,85,Combourg,4379,2569,1768,2611,42,4,1133.0,Gauche,2012,législative
35,85,Combourg,4379,2569,1768,2611,42,5,121.0,Écologie,2012,législative
35,85,Combourg,4379,2569,1768,2611,42,6,18.0,Régionalisme,2012,législative
35,85,Combourg,4379,2569,1768,2611,42,7,2.0,Divers,2012,législative
35,85,Combourg,4379,2569,1768,2611,42,8,0.0,Divers,2012,législative
35,85,Combourg,4379,2569,1768,2611,42,9,882.0,Droite,2012,législative
35,85,Combourg,4379,2569,1768,2611,42,10,37.0,Droite,2012,législative
35,85,Combourg,4379,2569,1768,2611,42,11,252.0,Extrême Droite,2012,législative
35,86,Combourtillé,442,258,182,260,2,0,6.0,Extrême Gauche,2012,législative
35,86,Combourtillé,442,258,182,260,2,1,5.0,Extrême Gauche,2012,législative
35,86,Combourtillé,442,258,182,260,2,2,8.0,Gauche,2012,législative
35,86,Combourtillé,442,258,182,260,2,3,63.0,Gauche,2012,législative
35,86,Combourtillé,442,258,182,260,2,4,21.0,Écologie,2012,législative
35,86,Combourtillé,442,258,182,260,2,5,0.0,Divers,2012,législative
35,86,Combourtillé,442,258,182,260,2,6,135.0,Droite,2012,législative
35,86,Combourtillé,442,258,182,260,2,7,1.0,Droite,2012,législative
35,86,Combourtillé,442,258,182,260,2,8,19.0,Extrême Droite,2012,législative
35,87,Cornillé,616,328,284,332,4,0,4.0,Extrême Gauche,2012,législative
35,87,Cornillé,616,328,284,332,4,1,6.0,Gauche,2012,législative
35,87,Cornillé,616,328,284,332,4,2,110.0,Gauche,2012,législative
35,87,Cornillé,616,328,284,332,4,3,16.0,Écologie,2012,législative
35,87,Cornillé,616,328,284,332,4,4,11.0,Centre,2012,législative
35,87,Cornillé,616,328,284,332,4,5,144.0,Droite,2012,législative
35,87,Cornillé,616,328,284,332,4,6,3.0,Droite,2012,législative
35,87,Cornillé,616,328,284,332,4,7,1.0,Droite,2012,législative
35,87,Cornillé,616,328,284,332,4,8,33.0,Extrême Droite,2012,législative
35,88,Corps-Nuds,2244,1360,860,1384,24,0,16.0,Extrême Gauche,2012,législative
35,88,Corps-Nuds,2244,1360,860,1384,24,1,73.0,Gauche,2012,législative
35,88,Corps-Nuds,2244,1360,860,1384,24,2,631.0,Gauche,2012,législative
35,88,Corps-Nuds,2244,1360,860,1384,24,3,103.0,Écologie,2012,législative
35,88,Corps-Nuds,2244,1360,860,1384,24,4,137.0,Centre,2012,législative
35,88,Corps-Nuds,2244,1360,860,1384,24,5,275.0,Droite,2012,législative
35,88,Corps-Nuds,2244,1360,860,1384,24,6,15.0,Droite,2012,législative
35,88,Corps-Nuds,2244,1360,860,1384,24,7,10.0,Droite,2012,législative
35,88,Corps-Nuds,2244,1360,860,1384,24,8,100.0,Extrême Droite,2012,législative
35,89,La Couyère,334,183,145,189,6,0,2.0,Extrême Gauche,2012,législative
35,89,La Couyère,334,183,145,189,6,1,2.0,Extrême Gauche,2012,législative
35,89,La Couyère,334,183,145,189,6,2,14.0,Gauche,2012,législative
35,89,La Couyère,334,183,145,189,6,3,80.0,Gauche,2012,législative
35,89,La Couyère,334,183,145,189,6,4,14.0,Régionalisme,2012,législative
35,89,La Couyère,334,183,145,189,6,5,31.0,Droite,2012,législative
35,89,La Couyère,334,183,145,189,6,6,7.0,Droite,2012,législative
35,89,La Couyère,334,183,145,189,6,7,33.0,Extrême Droite,2012,législative
35,90,Crévin,1629,981,615,1014,33,0,15.0,Extrême Gauche,2012,législative
35,90,Crévin,1629,981,615,1014,33,1,15.0,Extrême Gauche,2012,législative
35,90,Crévin,1629,981,615,1014,33,2,52.0,Gauche,2012,législative
35,90,Crévin,1629,981,615,1014,33,3,513.0,Gauche,2012,législative
35,90,Crévin,1629,981,615,1014,33,4,29.0,Régionalisme,2012,législative
35,90,Crévin,1629,981,615,1014,33,5,144.0,Droite,2012,législative
35,90,Crévin,1629,981,615,1014,33,6,57.0,Droite,2012,législative
35,90,Crévin,1629,981,615,1014,33,7,156.0,Extrême Droite,2012,législative
35,91,Le Crouais,387,219,156,231,12,0,1.0,Extrême Gauche,2012,législative
35,91,Le Crouais,387,219,156,231,12,1,0.0,Extrême Gauche,2012,législative
35,91,Le Crouais,387,219,156,231,12,2,2.0,Extrême Gauche,2012,législative
35,91,Le Crouais,387,219,156,231,12,3,5.0,Gauche,2012,législative
35,91,Le Crouais,387,219,156,231,12,4,119.0,Gauche,2012,législative
35,91,Le Crouais,387,219,156,231,12,5,10.0,Écologie,2012,législative
35,91,Le Crouais,387,219,156,231,12,6,0.0,Régionalisme,2012,législative
35,91,Le Crouais,387,219,156,231,12,7,0.0,Divers,2012,législative
35,91,Le Crouais,387,219,156,231,12,8,0.0,Divers,2012,législative
35,91,Le Crouais,387,219,156,231,12,9,51.0,Droite,2012,législative
35,91,Le Crouais,387,219,156,231,12,10,4.0,Droite,2012,législative
35,91,Le Crouais,387,219,156,231,12,11,27.0,Extrême Droite,2012,législative
35,92,Cuguen,569,351,205,364,13,0,1.0,Extrême Gauche,2012,législative
35,92,Cuguen,569,351,205,364,13,1,2.0,Extrême Gauche,2012,législative
35,92,Cuguen,569,351,205,364,13,2,1.0,Extrême Gauche,2012,législative
35,92,Cuguen,569,351,205,364,13,3,3.0,Gauche,2012,législative
35,92,Cuguen,569,351,205,364,13,4,218.0,Gauche,2012,législative
35,92,Cuguen,569,351,205,364,13,5,8.0,Écologie,2012,législative
35,92,Cuguen,569,351,205,364,13,6,4.0,Régionalisme,2012,législative
35,92,Cuguen,569,351,205,364,13,7,0.0,Divers,2012,législative
35,92,Cuguen,569,351,205,364,13,8,0.0,Divers,2012,législative
35,92,Cuguen,569,351,205,364,13,9,71.0,Droite,2012,législative
35,92,Cuguen,569,351,205,364,13,10,4.0,Droite,2012,législative
35,92,Cuguen,569,351,205,364,13,11,39.0,Extrême Droite,2012,législative
35,93,Dinard,8525,5119,3339,5186,67,0,18.0,Extrême Gauche,2012,législative
35,93,Dinard,8525,5119,3339,5186,67,1,7.0,Extrême Gauche,2012,législative
35,93,Dinard,8525,5119,3339,5186,67,2,174.0,Gauche,2012,législative
35,93,Dinard,8525,5119,3339,5186,67,3,1279.0,Gauche,2012,législative
35,93,Dinard,8525,5119,3339,5186,67,4,700.0,Gauche,2012,législative
35,93,Dinard,8525,5119,3339,5186,67,5,137.0,Écologie,2012,législative
35,93,Dinard,8525,5119,3339,5186,67,6,22.0,Régionalisme,2012,législative
35,93,Dinard,8525,5119,3339,5186,67,7,43.0,Écologie,2012,législative
35,93,Dinard,8525,5119,3339,5186,67,8,201.0,Droite,2012,législative
35,93,Dinard,8525,5119,3339,5186,67,9,1309.0,Droite,2012,législative
35,93,Dinard,8525,5119,3339,5186,67,10,791.0,Droite,2012,législative
35,93,Dinard,8525,5119,3339,5186,67,11,438.0,Extrême Droite,2012,législative
35,94,Dingé,1176,725,433,743,18,0,4.0,Extrême Gauche,2012,législative
35,94,Dingé,1176,725,433,743,18,1,12.0,Extrême Gauche,2012,législative
35,94,Dingé,1176,725,433,743,18,2,49.0,Gauche,2012,législative
35,94,Dingé,1176,725,433,743,18,3,363.0,Gauche,2012,législative
35,94,Dingé,1176,725,433,743,18,4,47.0,Écologie,2012,législative
35,94,Dingé,1176,725,433,743,18,5,4.0,Régionalisme,2012,législative
35,94,Dingé,1176,725,433,743,18,6,201.0,Droite,2012,législative
35,94,Dingé,1176,725,433,743,18,7,45.0,Extrême Droite,2012,législative
35,95,Dol-de-Bretagne,3877,2222,1620,2257,35,0,21.0,Extrême Gauche,2012,législative
35,95,Dol-de-Bretagne,3877,2222,1620,2257,35,1,11.0,Extrême Gauche,2012,législative
35,95,Dol-de-Bretagne,3877,2222,1620,2257,35,2,91.0,Gauche,2012,législative
35,95,Dol-de-Bretagne,3877,2222,1620,2257,35,3,817.0,Gauche,2012,législative
35,95,Dol-de-Bretagne,3877,2222,1620,2257,35,4,98.0,Gauche,2012,législative
35,95,Dol-de-Bretagne,3877,2222,1620,2257,35,5,55.0,Écologie,2012,législative
35,95,Dol-de-Bretagne,3877,2222,1620,2257,35,6,9.0,Régionalisme,2012,législative
35,95,Dol-de-Bretagne,3877,2222,1620,2257,35,7,12.0,Écologie,2012,législative
35,95,Dol-de-Bretagne,3877,2222,1620,2257,35,8,89.0,Droite,2012,législative
35,95,Dol-de-Bretagne,3877,2222,1620,2257,35,9,488.0,Droite,2012,législative
35,95,Dol-de-Bretagne,3877,2222,1620,2257,35,10,353.0,Droite,2012,législative
35,95,Dol-de-Bretagne,3877,2222,1620,2257,35,11,178.0,Extrême Droite,2012,législative
35,96,Domagné,1574,924,637,937,13,0,5.0,Extrême Gauche,2012,législative
35,96,Domagné,1574,924,637,937,13,1,33.0,Gauche,2012,législative
35,96,Domagné,1574,924,637,937,13,2,296.0,Gauche,2012,législative
35,96,Domagné,1574,924,637,937,13,3,72.0,Écologie,2012,législative
35,96,Domagné,1574,924,637,937,13,4,38.0,Centre,2012,législative
35,96,Domagné,1574,924,637,937,13,5,393.0,Droite,2012,législative
35,96,Domagné,1574,924,637,937,13,6,22.0,Droite,2012,législative
35,96,Domagné,1574,924,637,937,13,7,6.0,Droite,2012,législative
35,96,Domagné,1574,924,637,937,13,8,59.0,Extrême Droite,2012,législative
35,97,Domalain,1269,700,548,721,21,0,9.0,Extrême Gauche,2012,législative
35,97,Domalain,1269,700,548,721,21,1,12.0,Gauche,2012,législative
35,97,Domalain,1269,700,548,721,21,2,187.0,Gauche,2012,législative
35,97,Domalain,1269,700,548,721,21,3,28.0,Écologie,2012,législative
35,97,Domalain,1269,700,548,721,21,4,18.0,Centre,2012,législative
35,97,Domalain,1269,700,548,721,21,5,368.0,Droite,2012,législative
35,97,Domalain,1269,700,548,721,21,6,8.0,Droite,2012,législative
35,97,Domalain,1269,700,548,721,21,7,7.0,Droite,2012,législative
35,97,Domalain,1269,700,548,721,21,8,63.0,Extrême Droite,2012,législative
35,98,La Dominelais,872,493,371,501,8,0,3.0,Extrême Gauche,2012,législative
35,98,La Dominelais,872,493,371,501,8,1,6.0,Extrême Gauche,2012,législative
35,98,La Dominelais,872,493,371,501,8,2,13.0,Gauche,2012,législative
35,98,La Dominelais,872,493,371,501,8,3,217.0,Gauche,2012,législative
35,98,La Dominelais,872,493,371,501,8,4,20.0,Régionalisme,2012,législative
35,98,La Dominelais,872,493,371,501,8,5,146.0,Droite,2012,législative
35,98,La Dominelais,872,493,371,501,8,6,18.0,Droite,2012,législative
35,98,La Dominelais,872,493,371,501,8,7,70.0,Extrême Droite,2012,législative
35,99,Domloup,1991,1237,740,1251,14,0,4.0,Extrême Gauche,2012,législative
35,99,Domloup,1991,1237,740,1251,14,1,57.0,Gauche,2012,législative
35,99,Domloup,1991,1237,740,1251,14,2,571.0,Gauche,2012,législative
35,99,Domloup,1991,1237,740,1251,14,3,66.0,Écologie,2012,législative
35,99,Domloup,1991,1237,740,1251,14,4,29.0,Centre,2012,législative
35,99,Domloup,1991,1237,740,1251,14,5,387.0,Droite,2012,législative
35,99,Domloup,1991,1237,740,1251,14,6,20.0,Droite,2012,législative
35,99,Domloup,1991,1237,740,1251,14,7,15.0,Droite,2012,législative
35,99,Domloup,1991,1237,740,1251,14,8,88.0,Extrême Droite,2012,législative
35,100,Dompierre-du-Chemin,382,243,132,250,7,0,4.0,Extrême Gauche,2012,législative
35,100,Dompierre-du-Chemin,382,243,132,250,7,1,0.0,Extrême Gauche,2012,législative
35,100,Dompierre-du-Chemin,382,243,132,250,7,2,17.0,Gauche,2012,législative
35,100,Dompierre-du-Chemin,382,243,132,250,7,3,51.0,Gauche,2012,législative
35,100,Dompierre-du-Chemin,382,243,132,250,7,4,21.0,Écologie,2012,législative
35,100,Dompierre-du-Chemin,382,243,132,250,7,5,0.0,Divers,2012,législative
35,100,Dompierre-du-Chemin,382,243,132,250,7,6,128.0,Droite,2012,législative
35,100,Dompierre-du-Chemin,382,243,132,250,7,7,1.0,Droite,2012,législative
35,100,Dompierre-du-Chemin,382,243,132,250,7,8,21.0,Extrême Droite,2012,législative
35,101,Dourdain,663,379,273,390,11,0,1.0,Extrême Gauche,2012,législative
35,101,Dourdain,663,379,273,390,11,1,3.0,Extrême Gauche,2012,législative
35,101,Dourdain,663,379,273,390,11,2,33.0,Gauche,2012,législative
35,101,Dourdain,663,379,273,390,11,3,186.0,Gauche,2012,législative
35,101,Dourdain,663,379,273,390,11,4,16.0,Écologie,2012,législative
35,101,Dourdain,663,379,273,390,11,5,4.0,Régionalisme,2012,législative
35,101,Dourdain,663,379,273,390,11,6,78.0,Droite,2012,législative
35,101,Dourdain,663,379,273,390,11,7,58.0,Extrême Droite,2012,législative
35,102,Drouges,363,213,144,219,6,0,3.0,Extrême Gauche,2012,législative
35,102,Drouges,363,213,144,219,6,1,1.0,Gauche,2012,législative
35,102,Drouges,363,213,144,219,6,2,55.0,Gauche,2012,législative
35,102,Drouges,363,213,144,219,6,3,10.0,Écologie,2012,législative
35,102,Drouges,363,213,144,219,6,4,8.0,Centre,2012,législative
35,102,Drouges,363,213,144,219,6,5,120.0,Droite,2012,législative
35,102,Drouges,363,213,144,219,6,6,3.0,Droite,2012,législative
35,102,Drouges,363,213,144,219,6,7,2.0,Droite,2012,législative
35,102,Drouges,363,213,144,219,6,8,11.0,Extrême Droite,2012,législative
35,103,Eancé,288,161,121,167,6,0,1.0,Extrême Gauche,2012,législative
35,103,Eancé,288,161,121,167,6,1,4.0,Gauche,2012,législative
35,103,Eancé,288,161,121,167,6,2,42.0,Gauche,2012,législative
35,103,Eancé,288,161,121,167,6,3,6.0,Écologie,2012,législative
35,103,Eancé,288,161,121,167,6,4,9.0,Centre,2012,législative
35,103,Eancé,288,161,121,167,6,5,84.0,Droite,2012,législative
35,103,Eancé,288,161,121,167,6,6,0.0,Droite,2012,législative
35,103,Eancé,288,161,121,167,6,7,2.0,Droite,2012,législative
35,103,Eancé,288,161,121,167,6,8,13.0,Extrême Droite,2012,législative
35,104,Epiniac,1001,635,347,654,19,0,4.0,Extrême Gauche,2012,législative
35,104,Epiniac,1001,635,347,654,19,1,5.0,Extrême Gauche,2012,législative
35,104,Epiniac,1001,635,347,654,19,2,31.0,Gauche,2012,législative
35,104,Epiniac,1001,635,347,654,19,3,209.0,Gauche,2012,législative
35,104,Epiniac,1001,635,347,654,19,4,17.0,Gauche,2012,législative
35,104,Epiniac,1001,635,347,654,19,5,16.0,Écologie,2012,législative
35,104,Epiniac,1001,635,347,654,19,6,2.0,Régionalisme,2012,législative
35,104,Epiniac,1001,635,347,654,19,7,3.0,Écologie,2012,législative
35,104,Epiniac,1001,635,347,654,19,8,31.0,Droite,2012,législative
35,104,Epiniac,1001,635,347,654,19,9,86.0,Droite,2012,législative
35,104,Epiniac,1001,635,347,654,19,10,183.0,Droite,2012,législative
35,104,Epiniac,1001,635,347,654,19,11,48.0,Extrême Droite,2012,législative
35,105,Erbrée,1371,784,578,793,9,0,2.0,Extrême Gauche,2012,législative
35,105,Erbrée,1371,784,578,793,9,1,20.0,Gauche,2012,législative
35,105,Erbrée,1371,784,578,793,9,2,170.0,Gauche,2012,législative
35,105,Erbrée,1371,784,578,793,9,3,35.0,Écologie,2012,législative
35,105,Erbrée,1371,784,578,793,9,4,19.0,Centre,2012,législative
35,105,Erbrée,1371,784,578,793,9,5,442.0,Droite,2012,législative
35,105,Erbrée,1371,784,578,793,9,6,29.0,Droite,2012,législative
35,105,Erbrée,1371,784,578,793,9,7,3.0,Droite,2012,législative
35,105,Erbrée,1371,784,578,793,9,8,64.0,Extrême Droite,2012,législative
35,106,Ercé-en-Lamée,1049,559,480,569,10,0,6.0,Extrême Gauche,2012,législative
35,106,Ercé-en-Lamée,1049,559,480,569,10,1,6.0,Extrême Gauche,2012,législative
35,106,Ercé-en-Lamée,1049,559,480,569,10,2,29.0,Gauche,2012,législative
35,106,Ercé-en-Lamée,1049,559,480,569,10,3,258.0,Gauche,2012,législative
35,106,Ercé-en-Lamée,1049,559,480,569,10,4,42.0,Régionalisme,2012,législative
35,106,Ercé-en-Lamée,1049,559,480,569,10,5,125.0,Droite,2012,législative
35,106,Ercé-en-Lamée,1049,559,480,569,10,6,17.0,Droite,2012,législative
35,106,Ercé-en-Lamée,1049,559,480,569,10,7,76.0,Extrême Droite,2012,législative
35,107,Ercé-près-Liffré,1241,786,441,800,14,0,5.0,Extrême Gauche,2012,législative
35,107,Ercé-près-Liffré,1241,786,441,800,14,1,5.0,Extrême Gauche,2012,législative
35,107,Ercé-près-Liffré,1241,786,441,800,14,2,55.0,Gauche,2012,législative
35,107,Ercé-près-Liffré,1241,786,441,800,14,3,399.0,Gauche,2012,législative
35,107,Ercé-près-Liffré,1241,786,441,800,14,4,71.0,Écologie,2012,législative
35,107,Ercé-près-Liffré,1241,786,441,800,14,5,10.0,Régionalisme,2012,législative
35,107,Ercé-près-Liffré,1241,786,441,800,14,6,188.0,Droite,2012,législative
35,107,Ercé-près-Liffré,1241,786,441,800,14,7,53.0,Extrême Droite,2012,législative
35,108,Essé,796,423,369,427,4,0,1.0,Extrême Gauche,2012,législative
35,108,Essé,796,423,369,427,4,1,11.0,Gauche,2012,législative
35,108,Essé,796,423,369,427,4,2,138.0,Gauche,2012,législative
35,108,Essé,796,423,369,427,4,3,11.0,Écologie,2012,législative
35,108,Essé,796,423,369,427,4,4,26.0,Centre,2012,législative
35,108,Essé,796,423,369,427,4,5,180.0,Droite,2012,législative
35,108,Essé,796,423,369,427,4,6,3.0,Droite,2012,législative
35,108,Essé,796,423,369,427,4,7,6.0,Droite,2012,législative
35,108,Essé,796,423,369,427,4,8,47.0,Extrême Droite,2012,législative
35,109,Etrelles,1759,1065,670,1089,24,0,10.0,Extrême Gauche,2012,législative
35,109,Etrelles,1759,1065,670,1089,24,1,29.0,Gauche,2012,législative
35,109,Etrelles,1759,1065,670,1089,24,2,309.0,Gauche,2012,législative
35,109,Etrelles,1759,1065,670,1089,24,3,46.0,Écologie,2012,législative
35,109,Etrelles,1759,1065,670,1089,24,4,42.0,Centre,2012,législative
35,109,Etrelles,1759,1065,670,1089,24,5,519.0,Droite,2012,législative
35,109,Etrelles,1759,1065,670,1089,24,6,36.0,Droite,2012,législative
35,109,Etrelles,1759,1065,670,1089,24,7,12.0,Droite,2012,législative
35,109,Etrelles,1759,1065,670,1089,24,8,62.0,Extrême Droite,2012,législative
35,110,Feins,667,371,287,380,9,0,3.0,Extrême Gauche,2012,législative
35,110,Feins,667,371,287,380,9,1,9.0,Extrême Gauche,2012,législative
35,110,Feins,667,371,287,380,9,2,22.0,Gauche,2012,législative
35,110,Feins,667,371,287,380,9,3,126.0,Gauche,2012,législative
35,110,Feins,667,371,287,380,9,4,82.0,Écologie,2012,législative
35,110,Feins,667,371,287,380,9,5,0.0,Divers,2012,législative
35,110,Feins,667,371,287,380,9,6,84.0,Droite,2012,législative
35,110,Feins,667,371,287,380,9,7,0.0,Droite,2012,législative
35,110,Feins,667,371,287,380,9,8,45.0,Extrême Droite,2012,législative
35,111,Le Ferré,499,333,160,339,6,0,1.0,Extrême Gauche,2012,législative
35,111,Le Ferré,499,333,160,339,6,1,1.0,Extrême Gauche,2012,législative
35,111,Le Ferré,499,333,160,339,6,2,2.0,Gauche,2012,législative
35,111,Le Ferré,499,333,160,339,6,3,78.0,Gauche,2012,législative
35,111,Le Ferré,499,333,160,339,6,4,25.0,Écologie,2012,législative
35,111,Le Ferré,499,333,160,339,6,5,2.0,Divers,2012,législative
35,111,Le Ferré,499,333,160,339,6,6,184.0,Droite,2012,législative
35,111,Le Ferré,499,333,160,339,6,7,4.0,Droite,2012,législative
35,111,Le Ferré,499,333,160,339,6,8,36.0,Extrême Droite,2012,législative
35,112,Fleurigné,815,482,321,494,12,0,0.0,Extrême Gauche,2012,législative
35,112,Fleurigné,815,482,321,494,12,1,5.0,Extrême Gauche,2012,législative
35,112,Fleurigné,815,482,321,494,12,2,9.0,Gauche,2012,législative
35,112,Fleurigné,815,482,321,494,12,3,130.0,Gauche,2012,législative
35,112,Fleurigné,815,482,321,494,12,4,39.0,Écologie,2012,législative
35,112,Fleurigné,815,482,321,494,12,5,0.0,Divers,2012,législative
35,112,Fleurigné,815,482,321,494,12,6,262.0,Droite,2012,législative
35,112,Fleurigné,815,482,321,494,12,7,4.0,Droite,2012,législative
35,112,Fleurigné,815,482,321,494,12,8,33.0,Extrême Droite,2012,législative
35,113,La Fontenelle,422,260,157,265,5,0,2.0,Extrême Gauche,2012,législative
35,113,La Fontenelle,422,260,157,265,5,1,4.0,Extrême Gauche,2012,législative
35,113,La Fontenelle,422,260,157,265,5,2,7.0,Gauche,2012,législative
35,113,La Fontenelle,422,260,157,265,5,3,94.0,Gauche,2012,législative
35,113,La Fontenelle,422,260,157,265,5,4,12.0,Écologie,2012,législative
35,113,La Fontenelle,422,260,157,265,5,5,0.0,Divers,2012,législative
35,113,La Fontenelle,422,260,157,265,5,6,114.0,Droite,2012,législative
35,113,La Fontenelle,422,260,157,265,5,7,2.0,Droite,2012,législative
35,113,La Fontenelle,422,260,157,265,5,8,25.0,Extrême Droite,2012,législative
35,114,Forges-la-Forêt,205,102,99,106,4,0,5.0,Extrême Gauche,2012,législative
35,114,Forges-la-Forêt,205,102,99,106,4,1,5.0,Gauche,2012,législative
35,114,Forges-la-Forêt,205,102,99,106,4,2,26.0,Gauche,2012,législative
35,114,Forges-la-Forêt,205,102,99,106,4,3,2.0,Écologie,2012,législative
35,114,Forges-la-Forêt,205,102,99,106,4,4,3.0,Centre,2012,législative
35,114,Forges-la-Forêt,205,102,99,106,4,5,47.0,Droite,2012,législative
35,114,Forges-la-Forêt,205,102,99,106,4,6,1.0,Droite,2012,législative
35,114,Forges-la-Forêt,205,102,99,106,4,7,1.0,Droite,2012,législative
35,114,Forges-la-Forêt,205,102,99,106,4,8,12.0,Extrême Droite,2012,législative
35,115,Fougères,14985,8274,6569,8416,142,0,31.0,Extrême Gauche,2012,législative
35,115,Fougères,14985,8274,6569,8416,142,1,89.0,Extrême Gauche,2012,législative
35,115,Fougères,14985,8274,6569,8416,142,2,378.0,Gauche,2012,législative
35,115,Fougères,14985,8274,6569,8416,142,3,3049.0,Gauche,2012,législative
35,115,Fougères,14985,8274,6569,8416,142,4,978.0,Écologie,2012,législative
35,115,Fougères,14985,8274,6569,8416,142,5,16.0,Divers,2012,législative
35,115,Fougères,14985,8274,6569,8416,142,6,3124.0,Droite,2012,législative
35,115,Fougères,14985,8274,6569,8416,142,7,78.0,Droite,2012,législative
35,115,Fougères,14985,8274,6569,8416,142,8,531.0,Extrême Droite,2012,législative
35,116,La Fresnais,1628,949,668,960,11,0,4.0,Extrême Gauche,2012,législative
35,116,La Fresnais,1628,949,668,960,11,1,5.0,Extrême Gauche,2012,législative
35,116,La Fresnais,1628,949,668,960,11,2,19.0,Gauche,2012,législative
35,116,La Fresnais,1628,949,668,960,11,3,342.0,Gauche,2012,législative
35,116,La Fresnais,1628,949,668,960,11,4,34.0,Gauche,2012,législative
35,116,La Fresnais,1628,949,668,960,11,5,31.0,Écologie,2012,législative
35,116,La Fresnais,1628,949,668,960,11,6,8.0,Régionalisme,2012,législative
35,116,La Fresnais,1628,949,668,960,11,7,6.0,Écologie,2012,législative
35,116,La Fresnais,1628,949,668,960,11,8,104.0,Droite,2012,législative
35,116,La Fresnais,1628,949,668,960,11,9,148.0,Droite,2012,législative
35,116,La Fresnais,1628,949,668,960,11,10,153.0,Droite,2012,législative
35,116,La Fresnais,1628,949,668,960,11,11,95.0,Extrême Droite,2012,législative
35,117,Gaël,1206,676,517,689,13,0,2.0,Extrême Gauche,2012,législative
35,117,Gaël,1206,676,517,689,13,1,4.0,Extrême Gauche,2012,législative
35,117,Gaël,1206,676,517,689,13,2,1.0,Extrême Gauche,2012,législative
35,117,Gaël,1206,676,517,689,13,3,19.0,Gauche,2012,législative
35,117,Gaël,1206,676,517,689,13,4,226.0,Gauche,2012,législative
35,117,Gaël,1206,676,517,689,13,5,25.0,Écologie,2012,législative
35,117,Gaël,1206,676,517,689,13,6,8.0,Régionalisme,2012,législative
35,117,Gaël,1206,676,517,689,13,7,5.0,Divers,2012,législative
35,117,Gaël,1206,676,517,689,13,8,0.0,Divers,2012,législative
35,117,Gaël,1206,676,517,689,13,9,296.0,Droite,2012,législative
35,117,Gaël,1206,676,517,689,13,10,15.0,Droite,2012,législative
35,117,Gaël,1206,676,517,689,13,11,75.0,Extrême Droite,2012,législative
35,118,Gahard,960,588,356,604,16,0,4.0,Extrême Gauche,2012,législative
35,118,Gahard,960,588,356,604,16,1,4.0,Extrême Gauche,2012,législative
35,118,Gahard,960,588,356,604,16,2,27.0,Gauche,2012,législative
35,118,Gahard,960,588,356,604,16,3,193.0,Gauche,2012,législative
35,118,Gahard,960,588,356,604,16,4,133.0,Écologie,2012,législative
35,118,Gahard,960,588,356,604,16,5,1.0,Divers,2012,législative
35,118,Gahard,960,588,356,604,16,6,163.0,Droite,2012,législative
35,118,Gahard,960,588,356,604,16,7,10.0,Droite,2012,législative
35,118,Gahard,960,588,356,604,16,8,53.0,Extrême Droite,2012,législative
35,119,Gennes-sur-Seiche,596,291,297,299,8,0,2.0,Extrême Gauche,2012,législative
35,119,Gennes-sur-Seiche,596,291,297,299,8,1,4.0,Gauche,2012,législative
35,119,Gennes-sur-Seiche,596,291,297,299,8,2,85.0,Gauche,2012,législative
35,119,Gennes-sur-Seiche,596,291,297,299,8,3,11.0,Écologie,2012,législative
35,119,Gennes-sur-Seiche,596,291,297,299,8,4,7.0,Centre,2012,législative
35,119,Gennes-sur-Seiche,596,291,297,299,8,5,141.0,Droite,2012,législative
35,119,Gennes-sur-Seiche,596,291,297,299,8,6,9.0,Droite,2012,législative
35,119,Gennes-sur-Seiche,596,291,297,299,8,7,3.0,Droite,2012,législative
35,119,Gennes-sur-Seiche,596,291,297,299,8,8,29.0,Extrême Droite,2012,législative
35,120,Gévezé,3192,1925,1247,1945,20,0,8.0,Extrême Gauche,2012,législative
35,120,Gévezé,3192,1925,1247,1945,20,1,5.0,Extrême Gauche,2012,législative
35,120,Gévezé,3192,1925,1247,1945,20,2,2.0,Extrême Gauche,2012,législative
35,120,Gévezé,3192,1925,1247,1945,20,3,85.0,Gauche,2012,législative
35,120,Gévezé,3192,1925,1247,1945,20,4,899.0,Gauche,2012,législative
35,120,Gévezé,3192,1925,1247,1945,20,5,95.0,Écologie,2012,législative
35,120,Gévezé,3192,1925,1247,1945,20,6,6.0,Régionalisme,2012,législative
35,120,Gévezé,3192,1925,1247,1945,20,7,6.0,Divers,2012,législative
35,120,Gévezé,3192,1925,1247,1945,20,8,0.0,Divers,2012,législative
35,120,Gévezé,3192,1925,1247,1945,20,9,675.0,Droite,2012,législative
35,120,Gévezé,3192,1925,1247,1945,20,10,12.0,Droite,2012,législative
35,120,Gévezé,3192,1925,1247,1945,20,11,132.0,Extrême Droite,2012,législative
35,121,Gosné,1258,782,464,794,12,0,4.0,Extrême Gauche,2012,législative
35,121,Gosné,1258,782,464,794,12,1,6.0,Extrême Gauche,2012,législative
35,121,Gosné,1258,782,464,794,12,2,25.0,Gauche,2012,législative
35,121,Gosné,1258,782,464,794,12,3,252.0,Gauche,2012,législative
35,121,Gosné,1258,782,464,794,12,4,135.0,Écologie,2012,législative
35,121,Gosné,1258,782,464,794,12,5,0.0,Divers,2012,législative
35,121,Gosné,1258,782,464,794,12,6,258.0,Droite,2012,législative
35,121,Gosné,1258,782,464,794,12,7,8.0,Droite,2012,législative
35,121,Gosné,1258,782,464,794,12,8,94.0,Extrême Droite,2012,législative
35,122,La Gouesnière,1161,655,488,673,18,0,9.0,Extrême Gauche,2012,législative
35,122,La Gouesnière,1161,655,488,673,18,1,2.0,Extrême Gauche,2012,législative
35,122,La Gouesnière,1161,655,488,673,18,2,7.0,Gauche,2012,législative
35,122,La Gouesnière,1161,655,488,673,18,3,254.0,Gauche,2012,législative
35,122,La Gouesnière,1161,655,488,673,18,4,22.0,Gauche,2012,législative
35,122,La Gouesnière,1161,655,488,673,18,5,19.0,Écologie,2012,législative
35,122,La Gouesnière,1161,655,488,673,18,6,4.0,Régionalisme,2012,législative
35,122,La Gouesnière,1161,655,488,673,18,7,1.0,Écologie,2012,législative
35,122,La Gouesnière,1161,655,488,673,18,8,59.0,Droite,2012,législative
35,122,La Gouesnière,1161,655,488,673,18,9,61.0,Droite,2012,législative
35,122,La Gouesnière,1161,655,488,673,18,10,175.0,Droite,2012,législative
35,122,La Gouesnière,1161,655,488,673,18,11,42.0,Extrême Droite,2012,législative
35,123,Goven,3223,1759,1410,1813,54,0,18.0,Extrême Gauche,2012,législative
35,123,Goven,3223,1759,1410,1813,54,1,10.0,Extrême Gauche,2012,législative
35,123,Goven,3223,1759,1410,1813,54,2,96.0,Gauche,2012,législative
35,123,Goven,3223,1759,1410,1813,54,3,927.0,Gauche,2012,législative
35,123,Goven,3223,1759,1410,1813,54,4,76.0,Régionalisme,2012,législative
35,123,Goven,3223,1759,1410,1813,54,5,293.0,Droite,2012,législative
35,123,Goven,3223,1759,1410,1813,54,6,83.0,Droite,2012,législative
35,123,Goven,3223,1759,1410,1813,54,7,256.0,Extrême Droite,2012,législative
35,124,Grand-Fougeray,1639,922,680,959,37,0,6.0,Extrême Gauche,2012,législative
35,124,Grand-Fougeray,1639,922,680,959,37,1,9.0,Extrême Gauche,2012,législative
35,124,Grand-Fougeray,1639,922,680,959,37,2,46.0,Gauche,2012,législative
35,124,Grand-Fougeray,1639,922,680,959,37,3,366.0,Gauche,2012,législative
35,124,Grand-Fougeray,1639,922,680,959,37,4,30.0,Régionalisme,2012,législative
35,124,Grand-Fougeray,1639,922,680,959,37,5,325.0,Droite,2012,législative
35,124,Grand-Fougeray,1639,922,680,959,37,6,25.0,Droite,2012,législative
35,124,Grand-Fougeray,1639,922,680,959,37,7,115.0,Extrême Droite,2012,législative
35,125,La Guerche-de-Bretagne,2943,1675,1231,1712,37,0,14.0,Extrême Gauche,2012,législative
35,125,La Guerche-de-Bretagne,2943,1675,1231,1712,37,1,23.0,Gauche,2012,législative
35,125,La Guerche-de-Bretagne,2943,1675,1231,1712,37,2,444.0,Gauche,2012,législative
35,125,La Guerche-de-Bretagne,2943,1675,1231,1712,37,3,47.0,Écologie,2012,législative
35,125,La Guerche-de-Bretagne,2943,1675,1231,1712,37,4,71.0,Centre,2012,législative
35,125,La Guerche-de-Bretagne,2943,1675,1231,1712,37,5,949.0,Droite,2012,législative
35,125,La Guerche-de-Bretagne,2943,1675,1231,1712,37,6,20.0,Droite,2012,législative
35,125,La Guerche-de-Bretagne,2943,1675,1231,1712,37,7,13.0,Droite,2012,législative
35,125,La Guerche-de-Bretagne,2943,1675,1231,1712,37,8,94.0,Extrême Droite,2012,législative
35,126,Guichen,5588,3229,2295,3293,64,0,25.0,Extrême Gauche,2012,législative
35,126,Guichen,5588,3229,2295,3293,64,1,27.0,Extrême Gauche,2012,législative
35,126,Guichen,5588,3229,2295,3293,64,2,213.0,Gauche,2012,législative
35,126,Guichen,5588,3229,2295,3293,64,3,1745.0,Gauche,2012,législative
35,126,Guichen,5588,3229,2295,3293,64,4,163.0,Régionalisme,2012,législative
35,126,Guichen,5588,3229,2295,3293,64,5,551.0,Droite,2012,législative
35,126,Guichen,5588,3229,2295,3293,64,6,132.0,Droite,2012,législative
35,126,Guichen,5588,3229,2295,3293,64,7,373.0,Extrême Droite,2012,législative
35,127,Guignen,2354,1312,1005,1349,37,0,11.0,Extrême Gauche,2012,législative
35,127,Guignen,2354,1312,1005,1349,37,1,23.0,Extrême Gauche,2012,législative
35,127,Guignen,2354,1312,1005,1349,37,2,80.0,Gauche,2012,législative
35,127,Guignen,2354,1312,1005,1349,37,3,666.0,Gauche,2012,législative
35,127,Guignen,2354,1312,1005,1349,37,4,61.0,Régionalisme,2012,législative
35,127,Guignen,2354,1312,1005,1349,37,5,244.0,Droite,2012,législative
35,127,Guignen,2354,1312,1005,1349,37,6,55.0,Droite,2012,législative
35,127,Guignen,2354,1312,1005,1349,37,7,172.0,Extrême Droite,2012,législative
35,128,Guipel,1190,646,535,655,9,0,10.0,Extrême Gauche,2012,législative
35,128,Guipel,1190,646,535,655,9,1,4.0,Extrême Gauche,2012,législative
35,128,Guipel,1190,646,535,655,9,2,28.0,Gauche,2012,législative
35,128,Guipel,1190,646,535,655,9,3,309.0,Gauche,2012,législative
35,128,Guipel,1190,646,535,655,9,4,43.0,Écologie,2012,législative
35,128,Guipel,1190,646,535,655,9,5,16.0,Régionalisme,2012,législative
35,128,Guipel,1190,646,535,655,9,6,160.0,Droite,2012,législative
35,128,Guipel,1190,646,535,655,9,7,76.0,Extrême Droite,2012,législative
35,129,Guipry,2589,1447,1118,1471,24,0,14.0,Extrême Gauche,2012,législative
35,129,Guipry,2589,1447,1118,1471,24,1,11.0,Extrême Gauche,2012,législative
35,129,Guipry,2589,1447,1118,1471,24,2,58.0,Gauche,2012,législative
35,129,Guipry,2589,1447,1118,1471,24,3,705.0,Gauche,2012,législative
35,129,Guipry,2589,1447,1118,1471,24,4,41.0,Régionalisme,2012,législative
35,129,Guipry,2589,1447,1118,1471,24,5,340.0,Droite,2012,législative
35,129,Guipry,2589,1447,1118,1471,24,6,51.0,Droite,2012,législative
35,129,Guipry,2589,1447,1118,1471,24,7,227.0,Extrême Droite,2012,législative
35,130,Hédé-Bazouges,1353,863,470,883,20,0,3.0,Extrême Gauche,2012,législative
35,130,Hédé-Bazouges,1353,863,470,883,20,1,8.0,Extrême Gauche,2012,législative
35,130,Hédé-Bazouges,1353,863,470,883,20,2,37.0,Gauche,2012,législative
35,130,Hédé-Bazouges,1353,863,470,883,20,3,393.0,Gauche,2012,législative
35,130,Hédé-Bazouges,1353,863,470,883,20,4,88.0,Écologie,2012,législative
35,130,Hédé-Bazouges,1353,863,470,883,20,5,9.0,Régionalisme,2012,législative
35,130,Hédé-Bazouges,1353,863,470,883,20,6,272.0,Droite,2012,législative
35,130,Hédé-Bazouges,1353,863,470,883,20,7,53.0,Extrême Droite,2012,législative
35,131,L'Hermitage,2862,1768,1074,1788,20,0,16.0,Extrême Gauche,2012,législative
35,131,L'Hermitage,2862,1768,1074,1788,20,1,9.0,Extrême Gauche,2012,législative
35,131,L'Hermitage,2862,1768,1074,1788,20,2,7.0,Extrême Gauche,2012,législative
35,131,L'Hermitage,2862,1768,1074,1788,20,3,61.0,Gauche,2012,législative
35,131,L'Hermitage,2862,1768,1074,1788,20,4,1010.0,Gauche,2012,législative
35,131,L'Hermitage,2862,1768,1074,1788,20,5,93.0,Écologie,2012,législative
35,131,L'Hermitage,2862,1768,1074,1788,20,6,13.0,Écologie,2012,législative
35,131,L'Hermitage,2862,1768,1074,1788,20,7,13.0,Divers,2012,législative
35,131,L'Hermitage,2862,1768,1074,1788,20,8,8.0,Divers,2012,législative
35,131,L'Hermitage,2862,1768,1074,1788,20,9,0.0,Divers,2012,législative
35,131,L'Hermitage,2862,1768,1074,1788,20,10,4.0,Divers,2012,législative
35,131,L'Hermitage,2862,1768,1074,1788,20,11,10.0,Droite,2012,législative
35,131,L'Hermitage,2862,1768,1074,1788,20,12,373.0,Droite,2012,législative
35,131,L'Hermitage,2862,1768,1074,1788,20,13,151.0,Extrême Droite,2012,législative
35,132,Hirel,1063,608,448,615,7,0,6.0,Extrême Gauche,2012,législative
35,132,Hirel,1063,608,448,615,7,1,1.0,Extrême Gauche,2012,législative
35,132,Hirel,1063,608,448,615,7,2,14.0,Gauche,2012,législative
35,132,Hirel,1063,608,448,615,7,3,226.0,Gauche,2012,législative
35,132,Hirel,1063,608,448,615,7,4,15.0,Gauche,2012,législative
35,132,Hirel,1063,608,448,615,7,5,23.0,Écologie,2012,législative
35,132,Hirel,1063,608,448,615,7,6,3.0,Régionalisme,2012,législative
35,132,Hirel,1063,608,448,615,7,7,4.0,Écologie,2012,législative
35,132,Hirel,1063,608,448,615,7,8,26.0,Droite,2012,législative
35,132,Hirel,1063,608,448,615,7,9,88.0,Droite,2012,législative
35,132,Hirel,1063,608,448,615,7,10,112.0,Droite,2012,législative
35,132,Hirel,1063,608,448,615,7,11,90.0,Extrême Droite,2012,législative
35,133,Iffendic,3038,1807,1195,1843,36,0,11.0,Extrême Gauche,2012,législative
35,133,Iffendic,3038,1807,1195,1843,36,1,13.0,Extrême Gauche,2012,législative
35,133,Iffendic,3038,1807,1195,1843,36,2,3.0,Extrême Gauche,2012,législative
35,133,Iffendic,3038,1807,1195,1843,36,3,86.0,Gauche,2012,législative
35,133,Iffendic,3038,1807,1195,1843,36,4,759.0,Gauche,2012,législative
35,133,Iffendic,3038,1807,1195,1843,36,5,110.0,Écologie,2012,législative
35,133,Iffendic,3038,1807,1195,1843,36,6,17.0,Régionalisme,2012,législative
35,133,Iffendic,3038,1807,1195,1843,36,7,5.0,Divers,2012,législative
35,133,Iffendic,3038,1807,1195,1843,36,8,0.0,Divers,2012,législative
35,133,Iffendic,3038,1807,1195,1843,36,9,597.0,Droite,2012,législative
35,133,Iffendic,3038,1807,1195,1843,36,10,12.0,Droite,2012,législative
35,133,Iffendic,3038,1807,1195,1843,36,11,194.0,Extrême Droite,2012,législative
35,134,Les Iffs,206,142,59,147,5,0,0.0,Extrême Gauche,2012,législative
35,134,Les Iffs,206,142,59,147,5,1,0.0,Extrême Gauche,2012,législative
35,134,Les Iffs,206,142,59,147,5,2,1.0,Extrême Gauche,2012,législative
35,134,Les Iffs,206,142,59,147,5,3,2.0,Gauche,2012,législative
35,134,Les Iffs,206,142,59,147,5,4,36.0,Gauche,2012,législative
35,134,Les Iffs,206,142,59,147,5,5,14.0,Écologie,2012,législative
35,134,Les Iffs,206,142,59,147,5,6,0.0,Régionalisme,2012,législative
35,134,Les Iffs,206,142,59,147,5,7,0.0,Divers,2012,législative
35,134,Les Iffs,206,142,59,147,5,8,0.0,Divers,2012,législative
35,134,Les Iffs,206,142,59,147,5,9,77.0,Droite,2012,législative
35,134,Les Iffs,206,142,59,147,5,10,1.0,Droite,2012,législative
35,134,Les Iffs,206,142,59,147,5,11,11.0,Extrême Droite,2012,législative
35,135,Irodouër,1472,861,596,876,15,0,6.0,Extrême Gauche,2012,législative
35,135,Irodouër,1472,861,596,876,15,1,7.0,Extrême Gauche,2012,législative
35,135,Irodouër,1472,861,596,876,15,2,1.0,Extrême Gauche,2012,législative
35,135,Irodouër,1472,861,596,876,15,3,23.0,Gauche,2012,législative
35,135,Irodouër,1472,861,596,876,15,4,338.0,Gauche,2012,législative
35,135,Irodouër,1472,861,596,876,15,5,51.0,Écologie,2012,législative
35,135,Irodouër,1472,861,596,876,15,6,6.0,Régionalisme,2012,législative
35,135,Irodouër,1472,861,596,876,15,7,2.0,Divers,2012,législative
35,135,Irodouër,1472,861,596,876,15,8,0.0,Divers,2012,législative
35,135,Irodouër,1472,861,596,876,15,9,318.0,Droite,2012,législative
35,135,Irodouër,1472,861,596,876,15,10,9.0,Droite,2012,législative
35,135,Irodouër,1472,861,596,876,15,11,100.0,Extrême Droite,2012,législative
35,136,Janzé,5564,3317,2199,3365,48,0,14.0,Extrême Gauche,2012,législative
35,136,Janzé,5564,3317,2199,3365,48,1,90.0,Gauche,2012,législative
35,136,Janzé,5564,3317,2199,3365,48,2,1211.0,Gauche,2012,législative
35,136,Janzé,5564,3317,2199,3365,48,3,108.0,Écologie,2012,législative
35,136,Janzé,5564,3317,2199,3365,48,4,501.0,Centre,2012,législative
35,136,Janzé,5564,3317,2199,3365,48,5,1103.0,Droite,2012,législative
35,136,Janzé,5564,3317,2199,3365,48,6,20.0,Droite,2012,législative
35,136,Janzé,5564,3317,2199,3365,48,7,25.0,Droite,2012,législative
35,136,Janzé,5564,3317,2199,3365,48,8,245.0,Extrême Droite,2012,législative
35,137,Javené,1405,854,531,874,20,0,3.0,Extrême Gauche,2012,législative
35,137,Javené,1405,854,531,874,20,1,6.0,Extrême Gauche,2012,législative
35,137,Javené,1405,854,531,874,20,2,17.0,Gauche,2012,législative
35,137,Javené,1405,854,531,874,20,3,289.0,Gauche,2012,législative
35,137,Javené,1405,854,531,874,20,4,90.0,Écologie,2012,législative
35,137,Javené,1405,854,531,874,20,5,1.0,Divers,2012,législative
35,137,Javené,1405,854,531,874,20,6,395.0,Droite,2012,législative
35,137,Javené,1405,854,531,874,20,7,10.0,Droite,2012,législative
35,137,Javené,1405,854,531,874,20,8,43.0,Extrême Droite,2012,législative
35,138,Laignelet,787,502,275,512,10,0,5.0,Extrême Gauche,2012,législative
35,138,Laignelet,787,502,275,512,10,1,4.0,Extrême Gauche,2012,législative
35,138,Laignelet,787,502,275,512,10,2,16.0,Gauche,2012,législative
35,138,Laignelet,787,502,275,512,10,3,141.0,Gauche,2012,législative
35,138,Laignelet,787,502,275,512,10,4,44.0,Écologie,2012,législative
35,138,Laignelet,787,502,275,512,10,5,1.0,Divers,2012,législative
35,138,Laignelet,787,502,275,512,10,6,231.0,Droite,2012,législative
35,138,Laignelet,787,502,275,512,10,7,11.0,Droite,2012,législative
35,138,Laignelet,787,502,275,512,10,8,49.0,Extrême Droite,2012,législative
35,139,Laillé,3387,1970,1364,2023,53,0,13.0,Extrême Gauche,2012,législative
35,139,Laillé,3387,1970,1364,2023,53,1,8.0,Extrême Gauche,2012,législative
35,139,Laillé,3387,1970,1364,2023,53,2,120.0,Gauche,2012,législative
35,139,Laillé,3387,1970,1364,2023,53,3,1007.0,Gauche,2012,législative
35,139,Laillé,3387,1970,1364,2023,53,4,113.0,Régionalisme,2012,législative
35,139,Laillé,3387,1970,1364,2023,53,5,393.0,Droite,2012,législative
35,139,Laillé,3387,1970,1364,2023,53,6,97.0,Droite,2012,législative
35,139,Laillé,3387,1970,1364,2023,53,7,219.0,Extrême Droite,2012,législative
35,140,Lalleu,423,239,179,244,5,0,1.0,Extrême Gauche,2012,législative
35,140,Lalleu,423,239,179,244,5,1,3.0,Extrême Gauche,2012,législative
35,140,Lalleu,423,239,179,244,5,2,17.0,Gauche,2012,législative
35,140,Lalleu,423,239,179,244,5,3,97.0,Gauche,2012,législative
35,140,Lalleu,423,239,179,244,5,4,14.0,Régionalisme,2012,législative
35,140,Lalleu,423,239,179,244,5,5,51.0,Droite,2012,législative
35,140,Lalleu,423,239,179,244,5,6,3.0,Droite,2012,législative
35,140,Lalleu,423,239,179,244,5,7,53.0,Extrême Droite,2012,législative
35,141,Landavran,453,242,201,252,10,0,2.0,Extrême Gauche,2012,législative
35,141,Landavran,453,242,201,252,10,1,5.0,Gauche,2012,législative
35,141,Landavran,453,242,201,252,10,2,61.0,Gauche,2012,législative
35,141,Landavran,453,242,201,252,10,3,19.0,Écologie,2012,législative
35,141,Landavran,453,242,201,252,10,4,5.0,Centre,2012,législative
35,141,Landavran,453,242,201,252,10,5,113.0,Droite,2012,législative
35,141,Landavran,453,242,201,252,10,6,2.0,Droite,2012,législative
35,141,Landavran,453,242,201,252,10,7,4.0,Droite,2012,législative
35,141,Landavran,453,242,201,252,10,8,31.0,Extrême Droite,2012,législative
35,142,Landéan,968,576,380,588,12,0,1.0,Extrême Gauche,2012,législative
35,142,Landéan,968,576,380,588,12,1,4.0,Extrême Gauche,2012,législative
35,142,Landéan,968,576,380,588,12,2,9.0,Gauche,2012,législative
35,142,Landéan,968,576,380,588,12,3,175.0,Gauche,2012,législative
35,142,Landéan,968,576,380,588,12,4,33.0,Écologie,2012,législative
35,142,Landéan,968,576,380,588,12,5,1.0,Divers,2012,législative
35,142,Landéan,968,576,380,588,12,6,292.0,Droite,2012,législative
35,142,Landéan,968,576,380,588,12,7,7.0,Droite,2012,législative
35,142,Landéan,968,576,380,588,12,8,54.0,Extrême Droite,2012,législative
35,143,Landujan,674,414,258,416,2,0,0.0,Extrême Gauche,2012,législative
35,143,Landujan,674,414,258,416,2,1,2.0,Extrême Gauche,2012,législative
35,143,Landujan,674,414,258,416,2,2,1.0,Extrême Gauche,2012,législative
35,143,Landujan,674,414,258,416,2,3,16.0,Gauche,2012,législative
35,143,Landujan,674,414,258,416,2,4,170.0,Gauche,2012,législative
35,143,Landujan,674,414,258,416,2,5,20.0,Écologie,2012,législative
35,143,Landujan,674,414,258,416,2,6,8.0,Régionalisme,2012,législative
35,143,Landujan,674,414,258,416,2,7,1.0,Divers,2012,législative
35,143,Landujan,674,414,258,416,2,8,0.0,Divers,2012,législative
35,143,Landujan,674,414,258,416,2,9,153.0,Droite,2012,législative
35,143,Landujan,674,414,258,416,2,10,3.0,Droite,2012,législative
35,143,Landujan,674,414,258,416,2,11,40.0,Extrême Droite,2012,législative
35,144,Langan,713,419,290,423,4,0,3.0,Extrême Gauche,2012,législative
35,144,Langan,713,419,290,423,4,1,1.0,Extrême Gauche,2012,législative
35,144,Langan,713,419,290,423,4,2,0.0,Extrême Gauche,2012,législative
35,144,Langan,713,419,290,423,4,3,20.0,Gauche,2012,législative
35,144,Langan,713,419,290,423,4,4,216.0,Gauche,2012,législative
35,144,Langan,713,419,290,423,4,5,22.0,Écologie,2012,législative
35,144,Langan,713,419,290,423,4,6,1.0,Régionalisme,2012,législative
35,144,Langan,713,419,290,423,4,7,0.0,Divers,2012,législative
35,144,Langan,713,419,290,423,4,8,0.0,Divers,2012,législative
35,144,Langan,713,419,290,423,4,9,116.0,Droite,2012,législative
35,144,Langan,713,419,290,423,4,10,4.0,Droite,2012,législative
35,144,Langan,713,419,290,423,4,11,36.0,Extrême Droite,2012,législative
35,145,Langon,1043,647,385,658,11,0,3.0,Extrême Gauche,2012,législative
35,145,Langon,1043,647,385,658,11,1,5.0,Extrême Gauche,2012,législative
35,145,Langon,1043,647,385,658,11,2,39.0,Gauche,2012,législative
35,145,Langon,1043,647,385,658,11,3,239.0,Gauche,2012,législative
35,145,Langon,1043,647,385,658,11,4,34.0,Régionalisme,2012,législative
35,145,Langon,1043,647,385,658,11,5,249.0,Droite,2012,législative
35,145,Langon,1043,647,385,658,11,6,9.0,Droite,2012,législative
35,145,Langon,1043,647,385,658,11,7,69.0,Extrême Droite,2012,législative
35,146,Langouet,413,273,135,278,5,0,5.0,Extrême Gauche,2012,législative
35,146,Langouet,413,273,135,278,5,1,4.0,Extrême Gauche,2012,législative
35,146,Langouet,413,273,135,278,5,2,15.0,Gauche,2012,législative
35,146,Langouet,413,273,135,278,5,3,116.0,Gauche,2012,législative
35,146,Langouet,413,273,135,278,5,4,28.0,Écologie,2012,législative
35,146,Langouet,413,273,135,278,5,5,2.0,Régionalisme,2012,législative
35,146,Langouet,413,273,135,278,5,6,76.0,Droite,2012,législative
35,146,Langouet,413,273,135,278,5,7,27.0,Extrême Droite,2012,législative
35,147,Lanhélin,595,337,253,342,5,0,1.0,Extrême Gauche,2012,législative
35,147,Lanhélin,595,337,253,342,5,1,5.0,Extrême Gauche,2012,législative
35,147,Lanhélin,595,337,253,342,5,2,3.0,Extrême Gauche,2012,législative
35,147,Lanhélin,595,337,253,342,5,3,11.0,Gauche,2012,législative
35,147,Lanhélin,595,337,253,342,5,4,141.0,Gauche,2012,législative
35,147,Lanhélin,595,337,253,342,5,5,7.0,Écologie,2012,législative
35,147,Lanhélin,595,337,253,342,5,6,6.0,Régionalisme,2012,législative
35,147,Lanhélin,595,337,253,342,5,7,0.0,Divers,2012,législative
35,147,Lanhélin,595,337,253,342,5,8,0.0,Divers,2012,législative
35,147,Lanhélin,595,337,253,342,5,9,117.0,Droite,2012,législative
35,147,Lanhélin,595,337,253,342,5,10,1.0,Droite,2012,législative
35,147,Lanhélin,595,337,253,342,5,11,45.0,Extrême Droite,2012,législative
35,148,Lanrigan,106,78,27,79,1,0,0.0,Extrême Gauche,2012,législative
35,148,Lanrigan,106,78,27,79,1,1,1.0,Extrême Gauche,2012,législative
35,148,Lanrigan,106,78,27,79,1,2,4.0,Gauche,2012,législative
35,148,Lanrigan,106,78,27,79,1,3,29.0,Gauche,2012,législative
35,148,Lanrigan,106,78,27,79,1,4,1.0,Écologie,2012,législative
35,148,Lanrigan,106,78,27,79,1,5,0.0,Régionalisme,2012,législative
35,148,Lanrigan,106,78,27,79,1,6,30.0,Droite,2012,législative
35,148,Lanrigan,106,78,27,79,1,7,13.0,Extrême Droite,2012,législative
35,149,Lassy,1005,593,398,607,14,0,12.0,Extrême Gauche,2012,législative
35,149,Lassy,1005,593,398,607,14,1,7.0,Extrême Gauche,2012,législative
35,149,Lassy,1005,593,398,607,14,2,39.0,Gauche,2012,législative
35,149,Lassy,1005,593,398,607,14,3,321.0,Gauche,2012,législative
35,149,Lassy,1005,593,398,607,14,4,17.0,Régionalisme,2012,législative
35,149,Lassy,1005,593,398,607,14,5,99.0,Droite,2012,législative
35,149,Lassy,1005,593,398,607,14,6,29.0,Droite,2012,législative
35,149,Lassy,1005,593,398,607,14,7,69.0,Extrême Droite,2012,législative
35,150,Lécousse,2645,1739,871,1774,35,0,6.0,Extrême Gauche,2012,législative
35,150,Lécousse,2645,1739,871,1774,35,1,28.0,Extrême Gauche,2012,législative
35,150,Lécousse,2645,1739,871,1774,35,2,49.0,Gauche,2012,législative
35,150,Lécousse,2645,1739,871,1774,35,3,538.0,Gauche,2012,législative
35,150,Lécousse,2645,1739,871,1774,35,4,137.0,Écologie,2012,législative
35,150,Lécousse,2645,1739,871,1774,35,5,1.0,Divers,2012,législative
35,150,Lécousse,2645,1739,871,1774,35,6,880.0,Droite,2012,législative
35,150,Lécousse,2645,1739,871,1774,35,7,9.0,Droite,2012,législative
35,150,Lécousse,2645,1739,871,1774,35,8,91.0,Extrême Droite,2012,législative
35,151,Lieuron,547,294,246,301,7,0,4.0,Extrême Gauche,2012,législative
35,151,Lieuron,547,294,246,301,7,1,3.0,Extrême Gauche,2012,législative
35,151,Lieuron,547,294,246,301,7,2,15.0,Gauche,2012,législative
35,151,Lieuron,547,294,246,301,7,3,152.0,Gauche,2012,législative
35,151,Lieuron,547,294,246,301,7,4,7.0,Régionalisme,2012,législative
35,151,Lieuron,547,294,246,301,7,5,52.0,Droite,2012,législative
35,151,Lieuron,547,294,246,301,7,6,13.0,Droite,2012,législative
35,151,Lieuron,547,294,246,301,7,7,48.0,Extrême Droite,2012,législative
35,152,Liffré,5241,3269,1910,3331,62,0,17.0,Extrême Gauche,2012,législative
35,152,Liffré,5241,3269,1910,3331,62,1,28.0,Extrême Gauche,2012,législative
35,152,Liffré,5241,3269,1910,3331,62,2,248.0,Gauche,2012,législative
35,152,Liffré,5241,3269,1910,3331,62,3,1624.0,Gauche,2012,législative
35,152,Liffré,5241,3269,1910,3331,62,4,218.0,Écologie,2012,législative
35,152,Liffré,5241,3269,1910,3331,62,5,22.0,Régionalisme,2012,législative
35,152,Liffré,5241,3269,1910,3331,62,6,888.0,Droite,2012,législative
35,152,Liffré,5241,3269,1910,3331,62,7,224.0,Extrême Droite,2012,législative
35,153,Lillemer,213,136,75,138,2,0,1.0,Extrême Gauche,2012,législative
35,153,Lillemer,213,136,75,138,2,1,0.0,Extrême Gauche,2012,législative
35,153,Lillemer,213,136,75,138,2,2,4.0,Gauche,2012,législative
35,153,Lillemer,213,136,75,138,2,3,45.0,Gauche,2012,législative
35,153,Lillemer,213,136,75,138,2,4,5.0,Gauche,2012,législative
35,153,Lillemer,213,136,75,138,2,5,0.0,Écologie,2012,législative
35,153,Lillemer,213,136,75,138,2,6,2.0,Régionalisme,2012,législative
35,153,Lillemer,213,136,75,138,2,7,0.0,Écologie,2012,législative
35,153,Lillemer,213,136,75,138,2,8,30.0,Droite,2012,législative
35,153,Lillemer,213,136,75,138,2,9,9.0,Droite,2012,législative
35,153,Lillemer,213,136,75,138,2,10,24.0,Droite,2012,législative
35,153,Lillemer,213,136,75,138,2,11,16.0,Extrême Droite,2012,législative
35,154,Livré-sur-Changeon,1089,583,485,604,21,0,7.0,Extrême Gauche,2012,législative
35,154,Livré-sur-Changeon,1089,583,485,604,21,1,6.0,Extrême Gauche,2012,législative
35,154,Livré-sur-Changeon,1089,583,485,604,21,2,25.0,Gauche,2012,législative
35,154,Livré-sur-Changeon,1089,583,485,604,21,3,238.0,Gauche,2012,législative
35,154,Livré-sur-Changeon,1089,583,485,604,21,4,29.0,Écologie,2012,législative
35,154,Livré-sur-Changeon,1089,583,485,604,21,5,11.0,Régionalisme,2012,législative
35,154,Livré-sur-Changeon,1089,583,485,604,21,6,220.0,Droite,2012,législative
35,154,Livré-sur-Changeon,1089,583,485,604,21,7,47.0,Extrême Droite,2012,législative
35,155,Lohéac,508,296,206,302,6,0,1.0,Extrême Gauche,2012,législative
35,155,Lohéac,508,296,206,302,6,1,6.0,Extrême Gauche,2012,législative
35,155,Lohéac,508,296,206,302,6,2,10.0,Gauche,2012,législative
35,155,Lohéac,508,296,206,302,6,3,146.0,Gauche,2012,législative
35,155,Lohéac,508,296,206,302,6,4,9.0,Régionalisme,2012,législative
35,155,Lohéac,508,296,206,302,6,5,77.0,Droite,2012,législative
35,155,Lohéac,508,296,206,302,6,6,13.0,Droite,2012,législative
35,155,Lohéac,508,296,206,302,6,7,34.0,Extrême Droite,2012,législative
35,156,Longaulnay,409,221,178,231,10,0,4.0,Extrême Gauche,2012,législative
35,156,Longaulnay,409,221,178,231,10,1,0.0,Extrême Gauche,2012,législative
35,156,Longaulnay,409,221,178,231,10,2,2.0,Extrême Gauche,2012,législative
35,156,Longaulnay,409,221,178,231,10,3,7.0,Gauche,2012,législative
35,156,Longaulnay,409,221,178,231,10,4,105.0,Gauche,2012,législative
35,156,Longaulnay,409,221,178,231,10,5,16.0,Écologie,2012,législative
35,156,Longaulnay,409,221,178,231,10,6,2.0,Régionalisme,2012,législative
35,156,Longaulnay,409,221,178,231,10,7,2.0,Divers,2012,législative
35,156,Longaulnay,409,221,178,231,10,8,0.0,Divers,2012,législative
35,156,Longaulnay,409,221,178,231,10,9,69.0,Droite,2012,législative
35,156,Longaulnay,409,221,178,231,10,10,7.0,Droite,2012,législative
35,156,Longaulnay,409,221,178,231,10,11,7.0,Extrême Droite,2012,législative
35,157,Le Loroux,425,269,150,275,6,0,2.0,Extrême Gauche,2012,législative
35,157,Le Loroux,425,269,150,275,6,1,4.0,Extrême Gauche,2012,législative
35,157,Le Loroux,425,269,150,275,6,2,9.0,Gauche,2012,législative
35,157,Le Loroux,425,269,150,275,6,3,48.0,Gauche,2012,législative
35,157,Le Loroux,425,269,150,275,6,4,16.0,Écologie,2012,législative
35,157,Le Loroux,425,269,150,275,6,5,0.0,Divers,2012,législative
35,157,Le Loroux,425,269,150,275,6,6,154.0,Droite,2012,législative
35,157,Le Loroux,425,269,150,275,6,7,1.0,Droite,2012,législative
35,157,Le Loroux,425,269,150,275,6,8,35.0,Extrême Droite,2012,législative
35,158,Le Lou-du-Lac,89,63,25,64,1,0,1.0,Extrême Gauche,2012,législative
35,158,Le Lou-du-Lac,89,63,25,64,1,1,1.0,Extrême Gauche,2012,législative
35,158,Le Lou-du-Lac,89,63,25,64,1,2,0.0,Extrême Gauche,2012,législative
35,158,Le Lou-du-Lac,89,63,25,64,1,3,0.0,Gauche,2012,législative
35,158,Le Lou-du-Lac,89,63,25,64,1,4,15.0,Gauche,2012,législative
35,158,Le Lou-du-Lac,89,63,25,64,1,5,10.0,Écologie,2012,législative
35,158,Le Lou-du-Lac,89,63,25,64,1,6,0.0,Régionalisme,2012,législative
35,158,Le Lou-du-Lac,89,63,25,64,1,7,0.0,Divers,2012,législative
35,158,Le Lou-du-Lac,89,63,25,64,1,8,0.0,Divers,2012,législative
35,158,Le Lou-du-Lac,89,63,25,64,1,9,30.0,Droite,2012,législative
35,158,Le Lou-du-Lac,89,63,25,64,1,10,1.0,Droite,2012,législative
35,158,Le Lou-du-Lac,89,63,25,64,1,11,5.0,Extrême Droite,2012,législative
35,159,Lourmais,238,131,106,132,1,0,0.0,Extrême Gauche,2012,législative
35,159,Lourmais,238,131,106,132,1,1,1.0,Extrême Gauche,2012,législative
35,159,Lourmais,238,131,106,132,1,2,1.0,Extrême Gauche,2012,législative
35,159,Lourmais,238,131,106,132,1,3,2.0,Gauche,2012,législative
35,159,Lourmais,238,131,106,132,1,4,52.0,Gauche,2012,législative
35,159,Lourmais,238,131,106,132,1,5,6.0,Écologie,2012,législative
35,159,Lourmais,238,131,106,132,1,6,2.0,Régionalisme,2012,législative
35,159,Lourmais,238,131,106,132,1,7,0.0,Divers,2012,législative
35,159,Lourmais,238,131,106,132,1,8,0.0,Divers,2012,législative
35,159,Lourmais,238,131,106,132,1,9,52.0,Droite,2012,législative
35,159,Lourmais,238,131,106,132,1,10,1.0,Droite,2012,législative
35,159,Lourmais,238,131,106,132,1,11,14.0,Extrême Droite,2012,législative
35,160,Loutehel,182,107,73,109,2,0,0.0,Extrême Gauche,2012,législative
35,160,Loutehel,182,107,73,109,2,1,1.0,Extrême Gauche,2012,législative
35,160,Loutehel,182,107,73,109,2,2,2.0,Gauche,2012,législative
35,160,Loutehel,182,107,73,109,2,3,44.0,Gauche,2012,législative
35,160,Loutehel,182,107,73,109,2,4,9.0,Régionalisme,2012,législative
35,160,Loutehel,182,107,73,109,2,5,31.0,Droite,2012,législative
35,160,Loutehel,182,107,73,109,2,6,2.0,Droite,2012,législative
35,160,Loutehel,182,107,73,109,2,7,18.0,Extrême Droite,2012,législative
35,161,Louvigné-de-Bais,1267,656,596,671,15,0,8.0,Extrême Gauche,2012,législative
35,161,Louvigné-de-Bais,1267,656,596,671,15,1,11.0,Gauche,2012,législative
35,161,Louvigné-de-Bais,1267,656,596,671,15,2,192.0,Gauche,2012,législative
35,161,Louvigné-de-Bais,1267,656,596,671,15,3,22.0,Écologie,2012,législative
35,161,Louvigné-de-Bais,1267,656,596,671,15,4,24.0,Centre,2012,législative
35,161,Louvigné-de-Bais,1267,656,596,671,15,5,308.0,Droite,2012,législative
35,161,Louvigné-de-Bais,1267,656,596,671,15,6,12.0,Droite,2012,législative
35,161,Louvigné-de-Bais,1267,656,596,671,15,7,12.0,Droite,2012,législative
35,161,Louvigné-de-Bais,1267,656,596,671,15,8,67.0,Extrême Droite,2012,législative
35,162,Louvigné-du-Désert,2882,1602,1236,1646,44,0,12.0,Extrême Gauche,2012,législative
35,162,Louvigné-du-Désert,2882,1602,1236,1646,44,1,11.0,Extrême Gauche,2012,législative
35,162,Louvigné-du-Désert,2882,1602,1236,1646,44,2,25.0,Gauche,2012,législative
35,162,Louvigné-du-Désert,2882,1602,1236,1646,44,3,475.0,Gauche,2012,législative
35,162,Louvigné-du-Désert,2882,1602,1236,1646,44,4,74.0,Écologie,2012,législative
35,162,Louvigné-du-Désert,2882,1602,1236,1646,44,5,1.0,Divers,2012,législative
35,162,Louvigné-du-Désert,2882,1602,1236,1646,44,6,837.0,Droite,2012,législative
35,162,Louvigné-du-Désert,2882,1602,1236,1646,44,7,14.0,Droite,2012,législative
35,162,Louvigné-du-Désert,2882,1602,1236,1646,44,8,153.0,Extrême Droite,2012,législative
35,163,Luitré,996,637,345,651,14,0,3.0,Extrême Gauche,2012,législative
35,163,Luitré,996,637,345,651,14,1,4.0,Extrême Gauche,2012,législative
35,163,Luitré,996,637,345,651,14,2,7.0,Gauche,2012,législative
35,163,Luitré,996,637,345,651,14,3,138.0,Gauche,2012,législative
35,163,Luitré,996,637,345,651,14,4,49.0,Écologie,2012,législative
35,163,Luitré,996,637,345,651,14,5,0.0,Divers,2012,législative
35,163,Luitré,996,637,345,651,14,6,370.0,Droite,2012,législative
35,163,Luitré,996,637,345,651,14,7,22.0,Droite,2012,législative
35,163,Luitré,996,637,345,651,14,8,44.0,Extrême Droite,2012,législative
35,164,Marcillé-Raoul,539,292,234,305,13,0,1.0,Extrême Gauche,2012,législative
35,164,Marcillé-Raoul,539,292,234,305,13,1,8.0,Extrême Gauche,2012,législative
35,164,Marcillé-Raoul,539,292,234,305,13,2,3.0,Gauche,2012,législative
35,164,Marcillé-Raoul,539,292,234,305,13,3,84.0,Gauche,2012,législative
35,164,Marcillé-Raoul,539,292,234,305,13,4,31.0,Écologie,2012,législative
35,164,Marcillé-Raoul,539,292,234,305,13,5,1.0,Divers,2012,législative
35,164,Marcillé-Raoul,539,292,234,305,13,6,136.0,Droite,2012,législative
35,164,Marcillé-Raoul,539,292,234,305,13,7,8.0,Droite,2012,législative
35,164,Marcillé-Raoul,539,292,234,305,13,8,20.0,Extrême Droite,2012,législative
35,165,Marcillé-Robert,642,340,299,343,3,0,3.0,Extrême Gauche,2012,législative
35,165,Marcillé-Robert,642,340,299,343,3,1,13.0,Gauche,2012,législative
35,165,Marcillé-Robert,642,340,299,343,3,2,75.0,Gauche,2012,législative
35,165,Marcillé-Robert,642,340,299,343,3,3,11.0,Écologie,2012,législative
35,165,Marcillé-Robert,642,340,299,343,3,4,15.0,Centre,2012,législative
35,165,Marcillé-Robert,642,340,299,343,3,5,186.0,Droite,2012,législative
35,165,Marcillé-Robert,642,340,299,343,3,6,1.0,Droite,2012,législative
35,165,Marcillé-Robert,642,340,299,343,3,7,3.0,Droite,2012,législative
35,165,Marcillé-Robert,642,340,299,343,3,8,33.0,Extrême Droite,2012,législative
35,166,Marpiré,754,404,336,418,14,0,7.0,Extrême Gauche,2012,législative
35,166,Marpiré,754,404,336,418,14,1,7.0,Gauche,2012,législative
35,166,Marpiré,754,404,336,418,14,2,137.0,Gauche,2012,législative
35,166,Marpiré,754,404,336,418,14,3,26.0,Écologie,2012,législative
35,166,Marpiré,754,404,336,418,14,4,9.0,Centre,2012,législative
35,166,Marpiré,754,404,336,418,14,5,167.0,Droite,2012,législative
35,166,Marpiré,754,404,336,418,14,6,10.0,Droite,2012,législative
35,166,Marpiré,754,404,336,418,14,7,3.0,Droite,2012,législative
35,166,Marpiré,754,404,336,418,14,8,38.0,Extrême Droite,2012,législative
35,167,Martigné-Ferchaud,2020,1140,864,1156,16,0,13.0,Extrême Gauche,2012,législative
35,167,Martigné-Ferchaud,2020,1140,864,1156,16,1,9.0,Gauche,2012,législative
35,167,Martigné-Ferchaud,2020,1140,864,1156,16,2,305.0,Gauche,2012,législative
35,167,Martigné-Ferchaud,2020,1140,864,1156,16,3,40.0,Écologie,2012,législative
35,167,Martigné-Ferchaud,2020,1140,864,1156,16,4,30.0,Centre,2012,législative
35,167,Martigné-Ferchaud,2020,1140,864,1156,16,5,625.0,Droite,2012,législative
35,167,Martigné-Ferchaud,2020,1140,864,1156,16,6,6.0,Droite,2012,législative
35,167,Martigné-Ferchaud,2020,1140,864,1156,16,7,11.0,Droite,2012,législative
35,167,Martigné-Ferchaud,2020,1140,864,1156,16,8,101.0,Extrême Droite,2012,législative
35,168,Maure-de-Bretagne,2410,1293,1093,1317,24,0,12.0,Extrême Gauche,2012,législative
35,168,Maure-de-Bretagne,2410,1293,1093,1317,24,1,19.0,Extrême Gauche,2012,législative
35,168,Maure-de-Bretagne,2410,1293,1093,1317,24,2,55.0,Gauche,2012,législative
35,168,Maure-de-Bretagne,2410,1293,1093,1317,24,3,587.0,Gauche,2012,législative
35,168,Maure-de-Bretagne,2410,1293,1093,1317,24,4,41.0,Régionalisme,2012,législative
35,168,Maure-de-Bretagne,2410,1293,1093,1317,24,5,310.0,Droite,2012,législative
35,168,Maure-de-Bretagne,2410,1293,1093,1317,24,6,65.0,Droite,2012,législative
35,168,Maure-de-Bretagne,2410,1293,1093,1317,24,7,204.0,Extrême Droite,2012,législative
35,169,Maxent,958,528,412,546,18,0,5.0,Extrême Gauche,2012,législative
35,169,Maxent,958,528,412,546,18,1,8.0,Extrême Gauche,2012,législative
35,169,Maxent,958,528,412,546,18,2,46.0,Gauche,2012,législative
35,169,Maxent,958,528,412,546,18,3,268.0,Gauche,2012,législative
35,169,Maxent,958,528,412,546,18,4,26.0,Régionalisme,2012,législative
35,169,Maxent,958,528,412,546,18,5,88.0,Droite,2012,législative
35,169,Maxent,958,528,412,546,18,6,17.0,Droite,2012,législative
35,169,Maxent,958,528,412,546,18,7,70.0,Extrême Droite,2012,législative
35,170,Mecé,440,242,194,246,4,0,4.0,Extrême Gauche,2012,législative
35,170,Mecé,440,242,194,246,4,1,7.0,Gauche,2012,législative
35,170,Mecé,440,242,194,246,4,2,65.0,Gauche,2012,législative
35,170,Mecé,440,242,194,246,4,3,13.0,Écologie,2012,législative
35,170,Mecé,440,242,194,246,4,4,4.0,Centre,2012,législative
35,170,Mecé,440,242,194,246,4,5,124.0,Droite,2012,législative
35,170,Mecé,440,242,194,246,4,6,3.0,Droite,2012,législative
35,170,Mecé,440,242,194,246,4,7,3.0,Droite,2012,législative
35,170,Mecé,440,242,194,246,4,8,19.0,Extrême Droite,2012,législative
35,171,Médréac,1271,785,473,798,13,0,4.0,Extrême Gauche,2012,législative
35,171,Médréac,1271,785,473,798,13,1,3.0,Extrême Gauche,2012,législative
35,171,Médréac,1271,785,473,798,13,2,4.0,Extrême Gauche,2012,législative
35,171,Médréac,1271,785,473,798,13,3,23.0,Gauche,2012,législative
35,171,Médréac,1271,785,473,798,13,4,305.0,Gauche,2012,législative
35,171,Médréac,1271,785,473,798,13,5,47.0,Écologie,2012,législative
35,171,Médréac,1271,785,473,798,13,6,9.0,Régionalisme,2012,législative
35,171,Médréac,1271,785,473,798,13,7,4.0,Divers,2012,législative
35,171,Médréac,1271,785,473,798,13,8,0.0,Divers,2012,législative
35,171,Médréac,1271,785,473,798,13,9,310.0,Droite,2012,législative
35,171,Médréac,1271,785,473,798,13,10,13.0,Droite,2012,législative
35,171,Médréac,1271,785,473,798,13,11,63.0,Extrême Droite,2012,législative
35,172,Meillac,1210,739,454,756,17,0,3.0,Extrême Gauche,2012,législative
35,172,Meillac,1210,739,454,756,17,1,7.0,Extrême Gauche,2012,législative
35,172,Meillac,1210,739,454,756,17,2,6.0,Extrême Gauche,2012,législative
35,172,Meillac,1210,739,454,756,17,3,36.0,Gauche,2012,législative
35,172,Meillac,1210,739,454,756,17,4,374.0,Gauche,2012,législative
35,172,Meillac,1210,739,454,756,17,5,36.0,Écologie,2012,législative
35,172,Meillac,1210,739,454,756,17,6,3.0,Régionalisme,2012,législative
35,172,Meillac,1210,739,454,756,17,7,4.0,Divers,2012,législative
35,172,Meillac,1210,739,454,756,17,8,0.0,Divers,2012,législative
35,172,Meillac,1210,739,454,756,17,9,189.0,Droite,2012,législative
35,172,Meillac,1210,739,454,756,17,10,11.0,Droite,2012,législative
35,172,Meillac,1210,739,454,756,17,11,70.0,Extrême Droite,2012,législative
35,173,Melesse,4241,2549,1638,2603,54,0,22.0,Extrême Gauche,2012,législative
35,173,Melesse,4241,2549,1638,2603,54,1,24.0,Extrême Gauche,2012,législative
35,173,Melesse,4241,2549,1638,2603,54,2,117.0,Gauche,2012,législative
35,173,Melesse,4241,2549,1638,2603,54,3,621.0,Gauche,2012,législative
35,173,Melesse,4241,2549,1638,2603,54,4,723.0,Écologie,2012,législative
35,173,Melesse,4241,2549,1638,2603,54,5,4.0,Divers,2012,législative
35,173,Melesse,4241,2549,1638,2603,54,6,792.0,Droite,2012,législative
35,173,Melesse,4241,2549,1638,2603,54,7,35.0,Droite,2012,législative
35,173,Melesse,4241,2549,1638,2603,54,8,211.0,Extrême Droite,2012,législative
35,174,Mellé,477,271,200,277,6,0,0.0,Extrême Gauche,2012,législative
35,174,Mellé,477,271,200,277,6,1,0.0,Extrême Gauche,2012,législative
35,174,Mellé,477,271,200,277,6,2,6.0,Gauche,2012,législative
35,174,Mellé,477,271,200,277,6,3,68.0,Gauche,2012,législative
35,174,Mellé,477,271,200,277,6,4,13.0,Écologie,2012,législative
35,174,Mellé,477,271,200,277,6,5,0.0,Divers,2012,législative
35,174,Mellé,477,271,200,277,6,6,152.0,Droite,2012,législative
35,174,Mellé,477,271,200,277,6,7,3.0,Droite,2012,législative
35,174,Mellé,477,271,200,277,6,8,29.0,Extrême Droite,2012,législative
35,175,Mernel,690,427,252,438,11,0,2.0,Extrême Gauche,2012,législative
35,175,Mernel,690,427,252,438,11,1,7.0,Extrême Gauche,2012,législative
35,175,Mernel,690,427,252,438,11,2,23.0,Gauche,2012,législative
35,175,Mernel,690,427,252,438,11,3,199.0,Gauche,2012,législative
35,175,Mernel,690,427,252,438,11,4,13.0,Régionalisme,2012,législative
35,175,Mernel,690,427,252,438,11,5,96.0,Droite,2012,législative
35,175,Mernel,690,427,252,438,11,6,20.0,Droite,2012,législative
35,175,Mernel,690,427,252,438,11,7,67.0,Extrême Droite,2012,législative
35,176,Messac,2187,1267,891,1296,29,0,9.0,Extrême Gauche,2012,législative
35,176,Messac,2187,1267,891,1296,29,1,9.0,Extrême Gauche,2012,législative
35,176,Messac,2187,1267,891,1296,29,2,67.0,Gauche,2012,législative
35,176,Messac,2187,1267,891,1296,29,3,591.0,Gauche,2012,législative
35,176,Messac,2187,1267,891,1296,29,4,36.0,Régionalisme,2012,législative
35,176,Messac,2187,1267,891,1296,29,5,340.0,Droite,2012,législative
35,176,Messac,2187,1267,891,1296,29,6,44.0,Droite,2012,législative
35,176,Messac,2187,1267,891,1296,29,7,171.0,Extrême Droite,2012,législative
35,177,La Mézière,3051,1841,1171,1880,39,0,16.0,Extrême Gauche,2012,législative
35,177,La Mézière,3051,1841,1171,1880,39,1,13.0,Extrême Gauche,2012,législative
35,177,La Mézière,3051,1841,1171,1880,39,2,106.0,Gauche,2012,législative
35,177,La Mézière,3051,1841,1171,1880,39,3,955.0,Gauche,2012,législative
35,177,La Mézière,3051,1841,1171,1880,39,4,133.0,Écologie,2012,législative
35,177,La Mézière,3051,1841,1171,1880,39,5,16.0,Régionalisme,2012,législative
35,177,La Mézière,3051,1841,1171,1880,39,6,474.0,Droite,2012,législative
35,177,La Mézière,3051,1841,1171,1880,39,7,128.0,Extrême Droite,2012,législative
35,178,Mézières-sur-Couesnon,1000,593,389,611,18,0,3.0,Extrême Gauche,2012,législative
35,178,Mézières-sur-Couesnon,1000,593,389,611,18,1,6.0,Extrême Gauche,2012,législative
35,178,Mézières-sur-Couesnon,1000,593,389,611,18,2,16.0,Gauche,2012,législative
35,178,Mézières-sur-Couesnon,1000,593,389,611,18,3,183.0,Gauche,2012,législative
35,178,Mézières-sur-Couesnon,1000,593,389,611,18,4,112.0,Écologie,2012,législative
35,178,Mézières-sur-Couesnon,1000,593,389,611,18,5,0.0,Divers,2012,législative
35,178,Mézières-sur-Couesnon,1000,593,389,611,18,6,188.0,Droite,2012,législative
35,178,Mézières-sur-Couesnon,1000,593,389,611,18,7,4.0,Droite,2012,législative
35,178,Mézières-sur-Couesnon,1000,593,389,611,18,8,81.0,Extrême Droite,2012,législative
35,179,Miniac-Morvan,2538,1456,1069,1469,13,0,11.0,Extrême Gauche,2012,législative
35,179,Miniac-Morvan,2538,1456,1069,1469,13,1,5.0,Extrême Gauche,2012,législative
35,179,Miniac-Morvan,2538,1456,1069,1469,13,2,31.0,Gauche,2012,législative
35,179,Miniac-Morvan,2538,1456,1069,1469,13,3,512.0,Gauche,2012,législative
35,179,Miniac-Morvan,2538,1456,1069,1469,13,4,73.0,Gauche,2012,législative
35,179,Miniac-Morvan,2538,1456,1069,1469,13,5,29.0,Écologie,2012,législative
35,179,Miniac-Morvan,2538,1456,1069,1469,13,6,6.0,Régionalisme,2012,législative
35,179,Miniac-Morvan,2538,1456,1069,1469,13,7,8.0,Écologie,2012,législative
35,179,Miniac-Morvan,2538,1456,1069,1469,13,8,320.0,Droite,2012,législative
35,179,Miniac-Morvan,2538,1456,1069,1469,13,9,151.0,Droite,2012,législative
35,179,Miniac-Morvan,2538,1456,1069,1469,13,10,168.0,Droite,2012,législative
35,179,Miniac-Morvan,2538,1456,1069,1469,13,11,142.0,Extrême Droite,2012,législative
35,180,Miniac-sous-Bécherel,518,306,208,310,4,0,3.0,Extrême Gauche,2012,législative
35,180,Miniac-sous-Bécherel,518,306,208,310,4,1,2.0,Extrême Gauche,2012,législative
35,180,Miniac-sous-Bécherel,518,306,208,310,4,2,1.0,Extrême Gauche,2012,législative
35,180,Miniac-sous-Bécherel,518,306,208,310,4,3,7.0,Gauche,2012,législative
35,180,Miniac-sous-Bécherel,518,306,208,310,4,4,140.0,Gauche,2012,législative
35,180,Miniac-sous-Bécherel,518,306,208,310,4,5,18.0,Écologie,2012,législative
35,180,Miniac-sous-Bécherel,518,306,208,310,4,6,4.0,Régionalisme,2012,législative
35,180,Miniac-sous-Bécherel,518,306,208,310,4,7,1.0,Divers,2012,législative
35,180,Miniac-sous-Bécherel,518,306,208,310,4,8,0.0,Divers,2012,législative
35,180,Miniac-sous-Bécherel,518,306,208,310,4,9,101.0,Droite,2012,législative
35,180,Miniac-sous-Bécherel,518,306,208,310,4,10,3.0,Droite,2012,législative
35,180,Miniac-sous-Bécherel,518,306,208,310,4,11,26.0,Extrême Droite,2012,législative
35,181,Le Minihic-sur-Rance,1185,732,447,738,6,0,6.0,Extrême Gauche,2012,législative
35,181,Le Minihic-sur-Rance,1185,732,447,738,6,1,2.0,Extrême Gauche,2012,législative
35,181,Le Minihic-sur-Rance,1185,732,447,738,6,2,29.0,Gauche,2012,législative
35,181,Le Minihic-sur-Rance,1185,732,447,738,6,3,209.0,Gauche,2012,législative
35,181,Le Minihic-sur-Rance,1185,732,447,738,6,4,95.0,Gauche,2012,législative
35,181,Le Minihic-sur-Rance,1185,732,447,738,6,5,25.0,Écologie,2012,législative
35,181,Le Minihic-sur-Rance,1185,732,447,738,6,6,5.0,Régionalisme,2012,législative
35,181,Le Minihic-sur-Rance,1185,732,447,738,6,7,10.0,Écologie,2012,législative
35,181,Le Minihic-sur-Rance,1185,732,447,738,6,8,38.0,Droite,2012,législative
35,181,Le Minihic-sur-Rance,1185,732,447,738,6,9,133.0,Droite,2012,législative
35,181,Le Minihic-sur-Rance,1185,732,447,738,6,10,117.0,Droite,2012,législative
35,181,Le Minihic-sur-Rance,1185,732,447,738,6,11,63.0,Extrême Droite,2012,législative
35,183,Mondevert,560,312,244,316,4,0,2.0,Extrême Gauche,2012,législative
35,183,Mondevert,560,312,244,316,4,1,4.0,Gauche,2012,législative
35,183,Mondevert,560,312,244,316,4,2,76.0,Gauche,2012,législative
35,183,Mondevert,560,312,244,316,4,3,11.0,Écologie,2012,législative
35,183,Mondevert,560,312,244,316,4,4,4.0,Centre,2012,législative
35,183,Mondevert,560,312,244,316,4,5,163.0,Droite,2012,législative
35,183,Mondevert,560,312,244,316,4,6,19.0,Droite,2012,législative
35,183,Mondevert,560,312,244,316,4,7,2.0,Droite,2012,législative
35,183,Mondevert,560,312,244,316,4,8,31.0,Extrême Droite,2012,législative
35,184,Montauban-de-Bretagne,3682,2049,1606,2076,27,0,4.0,Extrême Gauche,2012,législative
35,184,Montauban-de-Bretagne,3682,2049,1606,2076,27,1,11.0,Extrême Gauche,2012,législative
35,184,Montauban-de-Bretagne,3682,2049,1606,2076,27,2,3.0,Extrême Gauche,2012,législative
35,184,Montauban-de-Bretagne,3682,2049,1606,2076,27,3,67.0,Gauche,2012,législative
35,184,Montauban-de-Bretagne,3682,2049,1606,2076,27,4,908.0,Gauche,2012,législative
35,184,Montauban-de-Bretagne,3682,2049,1606,2076,27,5,93.0,Écologie,2012,législative
35,184,Montauban-de-Bretagne,3682,2049,1606,2076,27,6,12.0,Régionalisme,2012,législative
35,184,Montauban-de-Bretagne,3682,2049,1606,2076,27,7,3.0,Divers,2012,législative
35,184,Montauban-de-Bretagne,3682,2049,1606,2076,27,8,0.0,Divers,2012,législative
35,184,Montauban-de-Bretagne,3682,2049,1606,2076,27,9,755.0,Droite,2012,législative
35,184,Montauban-de-Bretagne,3682,2049,1606,2076,27,10,49.0,Droite,2012,législative
35,184,Montauban-de-Bretagne,3682,2049,1606,2076,27,11,144.0,Extrême Droite,2012,législative
35,185,Montautour,200,126,74,126,0,0,0.0,Extrême Gauche,2012,législative
35,185,Montautour,200,126,74,126,0,1,3.0,Gauche,2012,législative
35,185,Montautour,200,126,74,126,0,2,22.0,Gauche,2012,législative
35,185,Montautour,200,126,74,126,0,3,2.0,Écologie,2012,législative
35,185,Montautour,200,126,74,126,0,4,3.0,Centre,2012,législative
35,185,Montautour,200,126,74,126,0,5,84.0,Droite,2012,législative
35,185,Montautour,200,126,74,126,0,6,1.0,Droite,2012,législative
35,185,Montautour,200,126,74,126,0,7,0.0,Droite,2012,législative
35,185,Montautour,200,126,74,126,0,8,11.0,Extrême Droite,2012,législative
35,186,Mont-Dol,901,575,312,589,14,0,0.0,Extrême Gauche,2012,législative
35,186,Mont-Dol,901,575,312,589,14,1,1.0,Extrême Gauche,2012,législative
35,186,Mont-Dol,901,575,312,589,14,2,44.0,Gauche,2012,législative
35,186,Mont-Dol,901,575,312,589,14,3,195.0,Gauche,2012,législative
35,186,Mont-Dol,901,575,312,589,14,4,20.0,Gauche,2012,législative
35,186,Mont-Dol,901,575,312,589,14,5,19.0,Écologie,2012,législative
35,186,Mont-Dol,901,575,312,589,14,6,2.0,Régionalisme,2012,législative
35,186,Mont-Dol,901,575,312,589,14,7,2.0,Écologie,2012,législative
35,186,Mont-Dol,901,575,312,589,14,8,12.0,Droite,2012,législative
35,186,Mont-Dol,901,575,312,589,14,9,68.0,Droite,2012,législative
35,186,Mont-Dol,901,575,312,589,14,10,153.0,Droite,2012,législative
35,186,Mont-Dol,901,575,312,589,14,11,59.0,Extrême Droite,2012,législative
35,187,Monterfil,926,556,357,569,13,0,5.0,Extrême Gauche,2012,législative
35,187,Monterfil,926,556,357,569,13,1,4.0,Extrême Gauche,2012,législative
35,187,Monterfil,926,556,357,569,13,2,31.0,Gauche,2012,législative
35,187,Monterfil,926,556,357,569,13,3,298.0,Gauche,2012,législative
35,187,Monterfil,926,556,357,569,13,4,27.0,Régionalisme,2012,législative
35,187,Monterfil,926,556,357,569,13,5,103.0,Droite,2012,législative
35,187,Monterfil,926,556,357,569,13,6,25.0,Droite,2012,législative
35,187,Monterfil,926,556,357,569,13,7,63.0,Extrême Droite,2012,législative
35,188,Montfort-sur-Meu,4618,2790,1783,2835,45,0,11.0,Extrême Gauche,2012,législative
35,188,Montfort-sur-Meu,4618,2790,1783,2835,45,1,8.0,Extrême Gauche,2012,législative
35,188,Montfort-sur-Meu,4618,2790,1783,2835,45,2,6.0,Extrême Gauche,2012,législative
35,188,Montfort-sur-Meu,4618,2790,1783,2835,45,3,137.0,Gauche,2012,législative
35,188,Montfort-sur-Meu,4618,2790,1783,2835,45,4,1324.0,Gauche,2012,législative
35,188,Montfort-sur-Meu,4618,2790,1783,2835,45,5,165.0,Écologie,2012,législative
35,188,Montfort-sur-Meu,4618,2790,1783,2835,45,6,35.0,Régionalisme,2012,législative
35,188,Montfort-sur-Meu,4618,2790,1783,2835,45,7,10.0,Divers,2012,législative
35,188,Montfort-sur-Meu,4618,2790,1783,2835,45,8,0.0,Divers,2012,législative
35,188,Montfort-sur-Meu,4618,2790,1783,2835,45,9,884.0,Droite,2012,législative
35,188,Montfort-sur-Meu,4618,2790,1783,2835,45,10,41.0,Droite,2012,législative
35,188,Montfort-sur-Meu,4618,2790,1783,2835,45,11,169.0,Extrême Droite,2012,législative
35,189,Montgermont,2265,1497,739,1526,29,0,5.0,Extrême Gauche,2012,législative
35,189,Montgermont,2265,1497,739,1526,29,1,11.0,Extrême Gauche,2012,législative
35,189,Montgermont,2265,1497,739,1526,29,2,67.0,Gauche,2012,législative
35,189,Montgermont,2265,1497,739,1526,29,3,757.0,Gauche,2012,législative
35,189,Montgermont,2265,1497,739,1526,29,4,114.0,Écologie,2012,législative
35,189,Montgermont,2265,1497,739,1526,29,5,18.0,Régionalisme,2012,législative
35,189,Montgermont,2265,1497,739,1526,29,6,434.0,Droite,2012,législative
35,189,Montgermont,2265,1497,739,1526,29,7,91.0,Extrême Droite,2012,législative
35,190,Monthault,185,114,68,117,3,0,1.0,Extrême Gauche,2012,législative
35,190,Monthault,185,114,68,117,3,1,1.0,Extrême Gauche,2012,législative
35,190,Monthault,185,114,68,117,3,2,1.0,Gauche,2012,législative
35,190,Monthault,185,114,68,117,3,3,27.0,Gauche,2012,législative
35,190,Monthault,185,114,68,117,3,4,11.0,Écologie,2012,législative
35,190,Monthault,185,114,68,117,3,5,0.0,Divers,2012,législative
35,190,Monthault,185,114,68,117,3,6,59.0,Droite,2012,législative
35,190,Monthault,185,114,68,117,3,7,2.0,Droite,2012,législative
35,190,Monthault,185,114,68,117,3,8,12.0,Extrême Droite,2012,législative
35,191,Montours,719,462,242,477,15,0,4.0,Extrême Gauche,2012,législative
35,191,Montours,719,462,242,477,15,1,15.0,Extrême Gauche,2012,législative
35,191,Montours,719,462,242,477,15,2,13.0,Gauche,2012,législative
35,191,Montours,719,462,242,477,15,3,138.0,Gauche,2012,législative
35,191,Montours,719,462,242,477,15,4,43.0,Écologie,2012,législative
35,191,Montours,719,462,242,477,15,5,1.0,Divers,2012,législative
35,191,Montours,719,462,242,477,15,6,213.0,Droite,2012,législative
35,191,Montours,719,462,242,477,15,7,1.0,Droite,2012,législative
35,191,Montours,719,462,242,477,15,8,34.0,Extrême Droite,2012,législative
35,192,Montreuil-des-Landes,165,102,59,106,4,0,0.0,Extrême Gauche,2012,législative
35,192,Montreuil-des-Landes,165,102,59,106,4,1,5.0,Gauche,2012,législative
35,192,Montreuil-des-Landes,165,102,59,106,4,2,34.0,Gauche,2012,législative
35,192,Montreuil-des-Landes,165,102,59,106,4,3,2.0,Écologie,2012,législative
35,192,Montreuil-des-Landes,165,102,59,106,4,4,2.0,Centre,2012,législative
35,192,Montreuil-des-Landes,165,102,59,106,4,5,44.0,Droite,2012,législative
35,192,Montreuil-des-Landes,165,102,59,106,4,6,1.0,Droite,2012,législative
35,192,Montreuil-des-Landes,165,102,59,106,4,7,4.0,Droite,2012,législative
35,192,Montreuil-des-Landes,165,102,59,106,4,8,10.0,Extrême Droite,2012,législative
35,193,Montreuil-le-Gast,1381,880,481,900,20,0,4.0,Extrême Gauche,2012,législative
35,193,Montreuil-le-Gast,1381,880,481,900,20,1,12.0,Extrême Gauche,2012,législative
35,193,Montreuil-le-Gast,1381,880,481,900,20,2,44.0,Gauche,2012,législative
35,193,Montreuil-le-Gast,1381,880,481,900,20,3,291.0,Gauche,2012,législative
35,193,Montreuil-le-Gast,1381,880,481,900,20,4,212.0,Écologie,2012,législative
35,193,Montreuil-le-Gast,1381,880,481,900,20,5,5.0,Divers,2012,législative
35,193,Montreuil-le-Gast,1381,880,481,900,20,6,217.0,Droite,2012,législative
35,193,Montreuil-le-Gast,1381,880,481,900,20,7,9.0,Droite,2012,législative
35,193,Montreuil-le-Gast,1381,880,481,900,20,8,86.0,Extrême Droite,2012,législative
35,194,Montreuil-sous-Pérouse,885,500,373,512,12,0,1.0,Extrême Gauche,2012,législative
35,194,Montreuil-sous-Pérouse,885,500,373,512,12,1,15.0,Gauche,2012,législative
35,194,Montreuil-sous-Pérouse,885,500,373,512,12,2,176.0,Gauche,2012,législative
35,194,Montreuil-sous-Pérouse,885,500,373,512,12,3,14.0,Écologie,2012,législative
35,194,Montreuil-sous-Pérouse,885,500,373,512,12,4,17.0,Centre,2012,législative
35,194,Montreuil-sous-Pérouse,885,500,373,512,12,5,249.0,Droite,2012,législative
35,194,Montreuil-sous-Pérouse,885,500,373,512,12,6,9.0,Droite,2012,législative
35,194,Montreuil-sous-Pérouse,885,500,373,512,12,7,0.0,Droite,2012,législative
35,194,Montreuil-sous-Pérouse,885,500,373,512,12,8,19.0,Extrême Droite,2012,législative
35,195,Montreuil-sur-Ille,1454,823,611,843,20,0,10.0,Extrême Gauche,2012,législative
35,195,Montreuil-sur-Ille,1454,823,611,843,20,1,7.0,Extrême Gauche,2012,législative
35,195,Montreuil-sur-Ille,1454,823,611,843,20,2,38.0,Gauche,2012,législative
35,195,Montreuil-sur-Ille,1454,823,611,843,20,3,305.0,Gauche,2012,législative
35,195,Montreuil-sur-Ille,1454,823,611,843,20,4,188.0,Écologie,2012,législative
35,195,Montreuil-sur-Ille,1454,823,611,843,20,5,2.0,Divers,2012,législative
35,195,Montreuil-sur-Ille,1454,823,611,843,20,6,166.0,Droite,2012,législative
35,195,Montreuil-sur-Ille,1454,823,611,843,20,7,10.0,Droite,2012,législative
35,195,Montreuil-sur-Ille,1454,823,611,843,20,8,97.0,Extrême Droite,2012,législative
35,196,Mordelles,5635,3356,2215,3420,64,0,22.0,Extrême Gauche,2012,législative
35,196,Mordelles,5635,3356,2215,3420,64,1,18.0,Extrême Gauche,2012,législative
35,196,Mordelles,5635,3356,2215,3420,64,2,10.0,Extrême Gauche,2012,législative
35,196,Mordelles,5635,3356,2215,3420,64,3,105.0,Gauche,2012,législative
35,196,Mordelles,5635,3356,2215,3420,64,4,1711.0,Gauche,2012,législative
35,196,Mordelles,5635,3356,2215,3420,64,5,209.0,Écologie,2012,législative
35,196,Mordelles,5635,3356,2215,3420,64,6,35.0,Écologie,2012,législative
35,196,Mordelles,5635,3356,2215,3420,64,7,16.0,Divers,2012,législative
35,196,Mordelles,5635,3356,2215,3420,64,8,5.0,Divers,2012,législative
35,196,Mordelles,5635,3356,2215,3420,64,9,3.0,Divers,2012,législative
35,196,Mordelles,5635,3356,2215,3420,64,10,6.0,Divers,2012,législative
35,196,Mordelles,5635,3356,2215,3420,64,11,36.0,Droite,2012,législative
35,196,Mordelles,5635,3356,2215,3420,64,12,930.0,Droite,2012,législative
35,196,Mordelles,5635,3356,2215,3420,64,13,250.0,Extrême Droite,2012,législative
35,197,Mouazé,842,521,316,526,5,0,0.0,Extrême Gauche,2012,législative
35,197,Mouazé,842,521,316,526,5,1,3.0,Extrême Gauche,2012,législative
35,197,Mouazé,842,521,316,526,5,2,27.0,Gauche,2012,législative
35,197,Mouazé,842,521,316,526,5,3,163.0,Gauche,2012,législative
35,197,Mouazé,842,521,316,526,5,4,143.0,Écologie,2012,législative
35,197,Mouazé,842,521,316,526,5,5,2.0,Divers,2012,législative
35,197,Mouazé,842,521,316,526,5,6,115.0,Droite,2012,législative
35,197,Mouazé,842,521,316,526,5,7,8.0,Droite,2012,législative
35,197,Mouazé,842,521,316,526,5,8,60.0,Extrême Droite,2012,législative
35,198,Moulins,512,316,193,319,3,0,6.0,Extrême Gauche,2012,législative
35,198,Moulins,512,316,193,319,3,1,10.0,Gauche,2012,législative
35,198,Moulins,512,316,193,319,3,2,114.0,Gauche,2012,législative
35,198,Moulins,512,316,193,319,3,3,14.0,Écologie,2012,législative
35,198,Moulins,512,316,193,319,3,4,10.0,Centre,2012,législative
35,198,Moulins,512,316,193,319,3,5,135.0,Droite,2012,législative
35,198,Moulins,512,316,193,319,3,6,0.0,Droite,2012,législative
35,198,Moulins,512,316,193,319,3,7,3.0,Droite,2012,législative
35,198,Moulins,512,316,193,319,3,8,24.0,Extrême Droite,2012,législative
35,199,Moussé,187,110,73,114,4,0,1.0,Extrême Gauche,2012,législative
35,199,Moussé,187,110,73,114,4,1,0.0,Gauche,2012,législative
35,199,Moussé,187,110,73,114,4,2,26.0,Gauche,2012,législative
35,199,Moussé,187,110,73,114,4,3,3.0,Écologie,2012,législative
35,199,Moussé,187,110,73,114,4,4,5.0,Centre,2012,législative
35,199,Moussé,187,110,73,114,4,5,63.0,Droite,2012,législative
35,199,Moussé,187,110,73,114,4,6,1.0,Droite,2012,législative
35,199,Moussé,187,110,73,114,4,7,1.0,Droite,2012,législative
35,199,Moussé,187,110,73,114,4,8,10.0,Extrême Droite,2012,législative
35,200,Moutiers,621,318,295,326,8,0,3.0,Extrême Gauche,2012,législative
35,200,Moutiers,621,318,295,326,8,1,8.0,Gauche,2012,législative
35,200,Moutiers,621,318,295,326,8,2,80.0,Gauche,2012,législative
35,200,Moutiers,621,318,295,326,8,3,7.0,Écologie,2012,législative
35,200,Moutiers,621,318,295,326,8,4,10.0,Centre,2012,législative
35,200,Moutiers,621,318,295,326,8,5,168.0,Droite,2012,législative
35,200,Moutiers,621,318,295,326,8,6,9.0,Droite,2012,législative
35,200,Moutiers,621,318,295,326,8,7,1.0,Droite,2012,législative
35,200,Moutiers,621,318,295,326,8,8,32.0,Extrême Droite,2012,législative
35,201,Muel,572,326,241,331,5,0,1.0,Extrême Gauche,2012,législative
35,201,Muel,572,326,241,331,5,1,3.0,Extrême Gauche,2012,législative
35,201,Muel,572,326,241,331,5,2,1.0,Extrême Gauche,2012,législative
35,201,Muel,572,326,241,331,5,3,19.0,Gauche,2012,législative
35,201,Muel,572,326,241,331,5,4,125.0,Gauche,2012,législative
35,201,Muel,572,326,241,331,5,5,24.0,Écologie,2012,législative
35,201,Muel,572,326,241,331,5,6,3.0,Régionalisme,2012,législative
35,201,Muel,572,326,241,331,5,7,1.0,Divers,2012,législative
35,201,Muel,572,326,241,331,5,8,0.0,Divers,2012,législative
35,201,Muel,572,326,241,331,5,9,116.0,Droite,2012,législative
35,201,Muel,572,326,241,331,5,10,1.0,Droite,2012,législative
35,201,Muel,572,326,241,331,5,11,32.0,Extrême Droite,2012,législative
35,202,La Noë-Blanche,728,403,303,425,22,0,3.0,Extrême Gauche,2012,législative
35,202,La Noë-Blanche,728,403,303,425,22,1,4.0,Extrême Gauche,2012,législative
35,202,La Noë-Blanche,728,403,303,425,22,2,12.0,Gauche,2012,législative
35,202,La Noë-Blanche,728,403,303,425,22,3,152.0,Gauche,2012,législative
35,202,La Noë-Blanche,728,403,303,425,22,4,8.0,Régionalisme,2012,législative
35,202,La Noë-Blanche,728,403,303,425,22,5,105.0,Droite,2012,législative
35,202,La Noë-Blanche,728,403,303,425,22,6,12.0,Droite,2012,législative
35,202,La Noë-Blanche,728,403,303,425,22,7,107.0,Extrême Droite,2012,législative
35,203,La Nouaye,230,155,69,161,6,0,2.0,Extrême Gauche,2012,législative
35,203,La Nouaye,230,155,69,161,6,1,1.0,Extrême Gauche,2012,législative
35,203,La Nouaye,230,155,69,161,6,2,0.0,Extrême Gauche,2012,législative
35,203,La Nouaye,230,155,69,161,6,3,9.0,Gauche,2012,législative
35,203,La Nouaye,230,155,69,161,6,4,73.0,Gauche,2012,législative
35,203,La Nouaye,230,155,69,161,6,5,7.0,Écologie,2012,législative
35,203,La Nouaye,230,155,69,161,6,6,3.0,Régionalisme,2012,législative
35,203,La Nouaye,230,155,69,161,6,7,0.0,Divers,2012,législative
35,203,La Nouaye,230,155,69,161,6,8,0.0,Divers,2012,législative
35,203,La Nouaye,230,155,69,161,6,9,44.0,Droite,2012,législative
35,203,La Nouaye,230,155,69,161,6,10,1.0,Droite,2012,législative
35,203,La Nouaye,230,155,69,161,6,11,15.0,Extrême Droite,2012,législative
35,204,Nouvoitou,2192,1252,926,1266,14,0,11.0,Extrême Gauche,2012,législative
35,204,Nouvoitou,2192,1252,926,1266,14,1,57.0,Gauche,2012,législative
35,204,Nouvoitou,2192,1252,926,1266,14,2,563.0,Gauche,2012,législative
35,204,Nouvoitou,2192,1252,926,1266,14,3,93.0,Écologie,2012,législative
35,204,Nouvoitou,2192,1252,926,1266,14,4,49.0,Centre,2012,législative
35,204,Nouvoitou,2192,1252,926,1266,14,5,342.0,Droite,2012,législative
35,204,Nouvoitou,2192,1252,926,1266,14,6,22.0,Droite,2012,législative
35,204,Nouvoitou,2192,1252,926,1266,14,7,16.0,Droite,2012,législative
35,204,Nouvoitou,2192,1252,926,1266,14,8,99.0,Extrême Droite,2012,législative
35,205,Noyal-sous-Bazouges,298,182,113,185,3,0,1.0,Extrême Gauche,2012,législative
35,205,Noyal-sous-Bazouges,298,182,113,185,3,1,5.0,Extrême Gauche,2012,législative
35,205,Noyal-sous-Bazouges,298,182,113,185,3,2,4.0,Gauche,2012,législative
35,205,Noyal-sous-Bazouges,298,182,113,185,3,3,38.0,Gauche,2012,législative
35,205,Noyal-sous-Bazouges,298,182,113,185,3,4,32.0,Écologie,2012,législative
35,205,Noyal-sous-Bazouges,298,182,113,185,3,5,1.0,Divers,2012,législative
35,205,Noyal-sous-Bazouges,298,182,113,185,3,6,83.0,Droite,2012,législative
35,205,Noyal-sous-Bazouges,298,182,113,185,3,7,0.0,Droite,2012,législative
35,205,Noyal-sous-Bazouges,298,182,113,185,3,8,18.0,Extrême Droite,2012,législative
35,206,Noyal-Châtillon-sur-Seiche,4746,2787,1924,2822,35,0,25.0,Extrême Gauche,2012,législative
35,206,Noyal-Châtillon-sur-Seiche,4746,2787,1924,2822,35,1,16.0,Extrême Gauche,2012,législative
35,206,Noyal-Châtillon-sur-Seiche,4746,2787,1924,2822,35,2,82.0,Gauche,2012,législative
35,206,Noyal-Châtillon-sur-Seiche,4746,2787,1924,2822,35,3,1050.0,Gauche,2012,législative
35,206,Noyal-Châtillon-sur-Seiche,4746,2787,1924,2822,35,4,402.0,Gauche,2012,législative
35,206,Noyal-Châtillon-sur-Seiche,4746,2787,1924,2822,35,5,14.0,Gauche,2012,législative
35,206,Noyal-Châtillon-sur-Seiche,4746,2787,1924,2822,35,6,200.0,Écologie,2012,législative
35,206,Noyal-Châtillon-sur-Seiche,4746,2787,1924,2822,35,7,28.0,Régionalisme,2012,législative
35,206,Noyal-Châtillon-sur-Seiche,4746,2787,1924,2822,35,8,20.0,Écologie,2012,législative
35,206,Noyal-Châtillon-sur-Seiche,4746,2787,1924,2822,35,9,9.0,Divers,2012,législative
35,206,Noyal-Châtillon-sur-Seiche,4746,2787,1924,2822,35,10,660.0,Droite,2012,législative
35,206,Noyal-Châtillon-sur-Seiche,4746,2787,1924,2822,35,11,18.0,Droite,2012,législative
35,206,Noyal-Châtillon-sur-Seiche,4746,2787,1924,2822,35,12,50.0,Droite,2012,législative
35,206,Noyal-Châtillon-sur-Seiche,4746,2787,1924,2822,35,13,213.0,Extrême Droite,2012,législative
35,207,Noyal-sur-Vilaine,3973,2455,1474,2499,44,0,20.0,Extrême Gauche,2012,législative
35,207,Noyal-sur-Vilaine,3973,2455,1474,2499,44,1,90.0,Gauche,2012,législative
35,207,Noyal-sur-Vilaine,3973,2455,1474,2499,44,2,1137.0,Gauche,2012,législative
35,207,Noyal-sur-Vilaine,3973,2455,1474,2499,44,3,142.0,Écologie,2012,législative
35,207,Noyal-sur-Vilaine,3973,2455,1474,2499,44,4,60.0,Centre,2012,législative
35,207,Noyal-sur-Vilaine,3973,2455,1474,2499,44,5,781.0,Droite,2012,législative
35,207,Noyal-sur-Vilaine,3973,2455,1474,2499,44,6,38.0,Droite,2012,législative
35,207,Noyal-sur-Vilaine,3973,2455,1474,2499,44,7,24.0,Droite,2012,législative
35,207,Noyal-sur-Vilaine,3973,2455,1474,2499,44,8,163.0,Extrême Droite,2012,législative
35,208,Orgères,2741,1622,1073,1668,46,0,16.0,Extrême Gauche,2012,législative
35,208,Orgères,2741,1622,1073,1668,46,1,8.0,Extrême Gauche,2012,législative
35,208,Orgères,2741,1622,1073,1668,46,2,36.0,Gauche,2012,législative
35,208,Orgères,2741,1622,1073,1668,46,3,544.0,Gauche,2012,législative
35,208,Orgères,2741,1622,1073,1668,46,4,251.0,Gauche,2012,législative
35,208,Orgères,2741,1622,1073,1668,46,5,27.0,Gauche,2012,législative
35,208,Orgères,2741,1622,1073,1668,46,6,87.0,Écologie,2012,législative
35,208,Orgères,2741,1622,1073,1668,46,7,10.0,Régionalisme,2012,législative
35,208,Orgères,2741,1622,1073,1668,46,8,20.0,Écologie,2012,législative
35,208,Orgères,2741,1622,1073,1668,46,9,7.0,Divers,2012,législative
35,208,Orgères,2741,1622,1073,1668,46,10,367.0,Droite,2012,législative
35,208,Orgères,2741,1622,1073,1668,46,11,24.0,Droite,2012,législative
35,208,Orgères,2741,1622,1073,1668,46,12,44.0,Droite,2012,législative
35,208,Orgères,2741,1622,1073,1668,46,13,181.0,Extrême Droite,2012,législative
35,209,Ossé,831,450,370,461,11,0,4.0,Extrême Gauche,2012,législative
35,209,Ossé,831,450,370,461,11,1,18.0,Gauche,2012,législative
35,209,Ossé,831,450,370,461,11,2,146.0,Gauche,2012,législative
35,209,Ossé,831,450,370,461,11,3,24.0,Écologie,2012,législative
35,209,Ossé,831,450,370,461,11,4,11.0,Centre,2012,législative
35,209,Ossé,831,450,370,461,11,5,193.0,Droite,2012,législative
35,209,Ossé,831,450,370,461,11,6,12.0,Droite,2012,législative
35,209,Ossé,831,450,370,461,11,7,5.0,Droite,2012,législative
35,209,Ossé,831,450,370,461,11,8,37.0,Extrême Droite,2012,législative
35,210,Pacé,7365,4902,2389,4976,74,0,13.0,Extrême Gauche,2012,législative
35,210,Pacé,7365,4902,2389,4976,74,1,8.0,Extrême Gauche,2012,législative
35,210,Pacé,7365,4902,2389,4976,74,2,5.0,Extrême Gauche,2012,législative
35,210,Pacé,7365,4902,2389,4976,74,3,205.0,Gauche,2012,législative
35,210,Pacé,7365,4902,2389,4976,74,4,2048.0,Gauche,2012,législative
35,210,Pacé,7365,4902,2389,4976,74,5,244.0,Écologie,2012,législative
35,210,Pacé,7365,4902,2389,4976,74,6,31.0,Régionalisme,2012,législative
35,210,Pacé,7365,4902,2389,4976,74,7,11.0,Divers,2012,législative
35,210,Pacé,7365,4902,2389,4976,74,8,0.0,Divers,2012,législative
35,210,Pacé,7365,4902,2389,4976,74,9,2048.0,Droite,2012,législative
35,210,Pacé,7365,4902,2389,4976,74,10,55.0,Droite,2012,législative
35,210,Pacé,7365,4902,2389,4976,74,11,234.0,Extrême Droite,2012,législative
35,211,Paimpont,1229,768,438,791,23,0,5.0,Extrême Gauche,2012,législative
35,211,Paimpont,1229,768,438,791,23,1,13.0,Extrême Gauche,2012,législative
35,211,Paimpont,1229,768,438,791,23,2,58.0,Gauche,2012,législative
35,211,Paimpont,1229,768,438,791,23,3,354.0,Gauche,2012,législative
35,211,Paimpont,1229,768,438,791,23,4,64.0,Régionalisme,2012,législative
35,211,Paimpont,1229,768,438,791,23,5,130.0,Droite,2012,législative
35,211,Paimpont,1229,768,438,791,23,6,47.0,Droite,2012,législative
35,211,Paimpont,1229,768,438,791,23,7,97.0,Extrême Droite,2012,législative
35,212,Pancé,824,512,296,528,16,0,4.0,Extrême Gauche,2012,législative
35,212,Pancé,824,512,296,528,16,1,6.0,Extrême Gauche,2012,législative
35,212,Pancé,824,512,296,528,16,2,17.0,Gauche,2012,législative
35,212,Pancé,824,512,296,528,16,3,232.0,Gauche,2012,législative
35,212,Pancé,824,512,296,528,16,4,23.0,Régionalisme,2012,législative
35,212,Pancé,824,512,296,528,16,5,147.0,Droite,2012,législative
35,212,Pancé,824,512,296,528,16,6,25.0,Droite,2012,législative
35,212,Pancé,824,512,296,528,16,7,58.0,Extrême Droite,2012,législative
35,214,Parcé,470,281,180,290,9,0,1.0,Extrême Gauche,2012,législative
35,214,Parcé,470,281,180,290,9,1,3.0,Extrême Gauche,2012,législative
35,214,Parcé,470,281,180,290,9,2,2.0,Gauche,2012,législative
35,214,Parcé,470,281,180,290,9,3,40.0,Gauche,2012,législative
35,214,Parcé,470,281,180,290,9,4,20.0,Écologie,2012,législative
35,214,Parcé,470,281,180,290,9,5,3.0,Divers,2012,législative
35,214,Parcé,470,281,180,290,9,6,199.0,Droite,2012,législative
35,214,Parcé,470,281,180,290,9,7,1.0,Droite,2012,législative
35,214,Parcé,470,281,180,290,9,8,12.0,Extrême Droite,2012,législative
35,215,Parigné,926,550,371,555,5,0,5.0,Extrême Gauche,2012,législative
35,215,Parigné,926,550,371,555,5,1,8.0,Extrême Gauche,2012,législative
35,215,Parigné,926,550,371,555,5,2,18.0,Gauche,2012,législative
35,215,Parigné,926,550,371,555,5,3,156.0,Gauche,2012,législative
35,215,Parigné,926,550,371,555,5,4,38.0,Écologie,2012,législative
35,215,Parigné,926,550,371,555,5,5,0.0,Divers,2012,législative
35,215,Parigné,926,550,371,555,5,6,277.0,Droite,2012,législative
35,215,Parigné,926,550,371,555,5,7,5.0,Droite,2012,législative
35,215,Parigné,926,550,371,555,5,8,43.0,Extrême Droite,2012,législative
35,216,Parthenay-de-Bretagne,938,582,348,590,8,0,4.0,Extrême Gauche,2012,législative
35,216,Parthenay-de-Bretagne,938,582,348,590,8,1,4.0,Extrême Gauche,2012,législative
35,216,Parthenay-de-Bretagne,938,582,348,590,8,2,1.0,Extrême Gauche,2012,législative
35,216,Parthenay-de-Bretagne,938,582,348,590,8,3,17.0,Gauche,2012,législative
35,216,Parthenay-de-Bretagne,938,582,348,590,8,4,294.0,Gauche,2012,législative
35,216,Parthenay-de-Bretagne,938,582,348,590,8,5,30.0,Écologie,2012,législative
35,216,Parthenay-de-Bretagne,938,582,348,590,8,6,5.0,Régionalisme,2012,législative
35,216,Parthenay-de-Bretagne,938,582,348,590,8,7,2.0,Divers,2012,législative
35,216,Parthenay-de-Bretagne,938,582,348,590,8,8,0.0,Divers,2012,législative
35,216,Parthenay-de-Bretagne,938,582,348,590,8,9,168.0,Droite,2012,législative
35,216,Parthenay-de-Bretagne,938,582,348,590,8,10,9.0,Droite,2012,législative
35,216,Parthenay-de-Bretagne,938,582,348,590,8,11,48.0,Extrême Droite,2012,législative
35,217,Le Pertre,1074,619,438,636,17,0,6.0,Extrême Gauche,2012,législative
35,217,Le Pertre,1074,619,438,636,17,1,8.0,Gauche,2012,législative
35,217,Le Pertre,1074,619,438,636,17,2,143.0,Gauche,2012,législative
35,217,Le Pertre,1074,619,438,636,17,3,18.0,Écologie,2012,législative
35,217,Le Pertre,1074,619,438,636,17,4,19.0,Centre,2012,législative
35,217,Le Pertre,1074,619,438,636,17,5,349.0,Droite,2012,législative
35,217,Le Pertre,1074,619,438,636,17,6,30.0,Droite,2012,législative
35,217,Le Pertre,1074,619,438,636,17,7,7.0,Droite,2012,législative
35,217,Le Pertre,1074,619,438,636,17,8,39.0,Extrême Droite,2012,législative
35,218,Le Petit-Fougeray,540,300,234,306,6,0,7.0,Extrême Gauche,2012,législative
35,218,Le Petit-Fougeray,540,300,234,306,6,1,4.0,Extrême Gauche,2012,législative
35,218,Le Petit-Fougeray,540,300,234,306,6,2,15.0,Gauche,2012,législative
35,218,Le Petit-Fougeray,540,300,234,306,6,3,138.0,Gauche,2012,législative
35,218,Le Petit-Fougeray,540,300,234,306,6,4,14.0,Régionalisme,2012,législative
35,218,Le Petit-Fougeray,540,300,234,306,6,5,39.0,Droite,2012,législative
35,218,Le Petit-Fougeray,540,300,234,306,6,6,14.0,Droite,2012,législative
35,218,Le Petit-Fougeray,540,300,234,306,6,7,69.0,Extrême Droite,2012,législative
35,219,Pipriac,2444,1307,1093,1351,44,0,8.0,Extrême Gauche,2012,législative
35,219,Pipriac,2444,1307,1093,1351,44,1,14.0,Extrême Gauche,2012,législative
35,219,Pipriac,2444,1307,1093,1351,44,2,37.0,Gauche,2012,législative
35,219,Pipriac,2444,1307,1093,1351,44,3,602.0,Gauche,2012,législative
35,219,Pipriac,2444,1307,1093,1351,44,4,42.0,Régionalisme,2012,législative
35,219,Pipriac,2444,1307,1093,1351,44,5,383.0,Droite,2012,législative
35,219,Pipriac,2444,1307,1093,1351,44,6,45.0,Droite,2012,législative
35,219,Pipriac,2444,1307,1093,1351,44,7,176.0,Extrême Droite,2012,législative
35,220,Piré-sur-Seiche,1599,967,618,981,14,0,17.0,Extrême Gauche,2012,législative
35,220,Piré-sur-Seiche,1599,967,618,981,14,1,48.0,Gauche,2012,législative
35,220,Piré-sur-Seiche,1599,967,618,981,14,2,269.0,Gauche,2012,législative
35,220,Piré-sur-Seiche,1599,967,618,981,14,3,59.0,Écologie,2012,législative
35,220,Piré-sur-Seiche,1599,967,618,981,14,4,106.0,Centre,2012,législative
35,220,Piré-sur-Seiche,1599,967,618,981,14,5,379.0,Droite,2012,législative
35,220,Piré-sur-Seiche,1599,967,618,981,14,6,11.0,Droite,2012,législative
35,220,Piré-sur-Seiche,1599,967,618,981,14,7,8.0,Droite,2012,législative
35,220,Piré-sur-Seiche,1599,967,618,981,14,8,70.0,Extrême Droite,2012,législative
35,221,Pléchâtel,1875,1099,746,1129,30,0,10.0,Extrême Gauche,2012,législative
35,221,Pléchâtel,1875,1099,746,1129,30,1,16.0,Extrême Gauche,2012,législative
35,221,Pléchâtel,1875,1099,746,1129,30,2,61.0,Gauche,2012,législative
35,221,Pléchâtel,1875,1099,746,1129,30,3,479.0,Gauche,2012,législative
35,221,Pléchâtel,1875,1099,746,1129,30,4,50.0,Régionalisme,2012,législative
35,221,Pléchâtel,1875,1099,746,1129,30,5,276.0,Droite,2012,législative
35,221,Pléchâtel,1875,1099,746,1129,30,6,36.0,Droite,2012,législative
35,221,Pléchâtel,1875,1099,746,1129,30,7,171.0,Extrême Droite,2012,législative
35,222,Pleine-Fougères,1352,808,515,837,29,0,8.0,Extrême Gauche,2012,législative
35,222,Pleine-Fougères,1352,808,515,837,29,1,9.0,Extrême Gauche,2012,législative
35,222,Pleine-Fougères,1352,808,515,837,29,2,38.0,Gauche,2012,législative
35,222,Pleine-Fougères,1352,808,515,837,29,3,263.0,Gauche,2012,législative
35,222,Pleine-Fougères,1352,808,515,837,29,4,94.0,Écologie,2012,législative
35,222,Pleine-Fougères,1352,808,515,837,29,5,1.0,Divers,2012,législative
35,222,Pleine-Fougères,1352,808,515,837,29,6,256.0,Droite,2012,législative
35,222,Pleine-Fougères,1352,808,515,837,29,7,5.0,Droite,2012,législative
35,222,Pleine-Fougères,1352,808,515,837,29,8,134.0,Extrême Droite,2012,législative
35,223,Plélan-le-Grand,2632,1542,1038,1594,52,0,11.0,Extrême Gauche,2012,législative
35,223,Plélan-le-Grand,2632,1542,1038,1594,52,1,12.0,Extrême Gauche,2012,législative
35,223,Plélan-le-Grand,2632,1542,1038,1594,52,2,68.0,Gauche,2012,législative
35,223,Plélan-le-Grand,2632,1542,1038,1594,52,3,696.0,Gauche,2012,législative
35,223,Plélan-le-Grand,2632,1542,1038,1594,52,4,84.0,Régionalisme,2012,législative
35,223,Plélan-le-Grand,2632,1542,1038,1594,52,5,352.0,Droite,2012,législative
35,223,Plélan-le-Grand,2632,1542,1038,1594,52,6,95.0,Droite,2012,législative
35,223,Plélan-le-Grand,2632,1542,1038,1594,52,7,224.0,Extrême Droite,2012,législative
35,224,Plerguer,1863,1101,739,1124,23,0,7.0,Extrême Gauche,2012,législative
35,224,Plerguer,1863,1101,739,1124,23,1,1.0,Extrême Gauche,2012,législative
35,224,Plerguer,1863,1101,739,1124,23,2,24.0,Gauche,2012,législative
35,224,Plerguer,1863,1101,739,1124,23,3,299.0,Gauche,2012,législative
35,224,Plerguer,1863,1101,739,1124,23,4,63.0,Gauche,2012,législative
35,224,Plerguer,1863,1101,739,1124,23,5,25.0,Écologie,2012,législative
35,224,Plerguer,1863,1101,739,1124,23,6,7.0,Régionalisme,2012,législative
35,224,Plerguer,1863,1101,739,1124,23,7,2.0,Écologie,2012,législative
35,224,Plerguer,1863,1101,739,1124,23,8,262.0,Droite,2012,législative
35,224,Plerguer,1863,1101,739,1124,23,9,133.0,Droite,2012,législative
35,224,Plerguer,1863,1101,739,1124,23,10,160.0,Droite,2012,législative
35,224,Plerguer,1863,1101,739,1124,23,11,118.0,Extrême Droite,2012,législative
35,225,Plesder,509,330,177,332,2,0,1.0,Extrême Gauche,2012,législative
35,225,Plesder,509,330,177,332,2,1,1.0,Extrême Gauche,2012,législative
35,225,Plesder,509,330,177,332,2,2,1.0,Extrême Gauche,2012,législative
35,225,Plesder,509,330,177,332,2,3,13.0,Gauche,2012,législative
35,225,Plesder,509,330,177,332,2,4,155.0,Gauche,2012,législative
35,225,Plesder,509,330,177,332,2,5,17.0,Écologie,2012,législative
35,225,Plesder,509,330,177,332,2,6,3.0,Régionalisme,2012,législative
35,225,Plesder,509,330,177,332,2,7,0.0,Divers,2012,législative
35,225,Plesder,509,330,177,332,2,8,0.0,Divers,2012,législative
35,225,Plesder,509,330,177,332,2,9,99.0,Droite,2012,législative
35,225,Plesder,509,330,177,332,2,10,8.0,Droite,2012,législative
35,225,Plesder,509,330,177,332,2,11,32.0,Extrême Droite,2012,législative
35,226,Pleugueneuc,1235,713,511,724,11,0,5.0,Extrême Gauche,2012,législative
35,226,Pleugueneuc,1235,713,511,724,11,1,5.0,Extrême Gauche,2012,législative
35,226,Pleugueneuc,1235,713,511,724,11,2,1.0,Extrême Gauche,2012,législative
35,226,Pleugueneuc,1235,713,511,724,11,3,29.0,Gauche,2012,législative
35,226,Pleugueneuc,1235,713,511,724,11,4,385.0,Gauche,2012,législative
35,226,Pleugueneuc,1235,713,511,724,11,5,29.0,Écologie,2012,législative
35,226,Pleugueneuc,1235,713,511,724,11,6,6.0,Régionalisme,2012,législative
35,226,Pleugueneuc,1235,713,511,724,11,7,2.0,Divers,2012,législative
35,226,Pleugueneuc,1235,713,511,724,11,8,0.0,Divers,2012,législative
35,226,Pleugueneuc,1235,713,511,724,11,9,168.0,Droite,2012,législative
35,226,Pleugueneuc,1235,713,511,724,11,10,15.0,Droite,2012,législative
35,226,Pleugueneuc,1235,713,511,724,11,11,68.0,Extrême Droite,2012,législative
35,227,Pleumeleuc,2072,1193,856,1216,23,0,1.0,Extrême Gauche,2012,législative
35,227,Pleumeleuc,2072,1193,856,1216,23,1,6.0,Extrême Gauche,2012,législative
35,227,Pleumeleuc,2072,1193,856,1216,23,2,1.0,Extrême Gauche,2012,législative
35,227,Pleumeleuc,2072,1193,856,1216,23,3,24.0,Gauche,2012,législative
35,227,Pleumeleuc,2072,1193,856,1216,23,4,574.0,Gauche,2012,législative
35,227,Pleumeleuc,2072,1193,856,1216,23,5,74.0,Écologie,2012,législative
35,227,Pleumeleuc,2072,1193,856,1216,23,6,18.0,Régionalisme,2012,législative
35,227,Pleumeleuc,2072,1193,856,1216,23,7,2.0,Divers,2012,législative
35,227,Pleumeleuc,2072,1193,856,1216,23,8,0.0,Divers,2012,législative
35,227,Pleumeleuc,2072,1193,856,1216,23,9,370.0,Droite,2012,législative
35,227,Pleumeleuc,2072,1193,856,1216,23,10,20.0,Droite,2012,législative
35,227,Pleumeleuc,2072,1193,856,1216,23,11,103.0,Extrême Droite,2012,législative
35,228,Pleurtuit,4654,2693,1934,2720,27,0,15.0,Extrême Gauche,2012,législative
35,228,Pleurtuit,4654,2693,1934,2720,27,1,6.0,Extrême Gauche,2012,législative
35,228,Pleurtuit,4654,2693,1934,2720,27,2,62.0,Gauche,2012,législative
35,228,Pleurtuit,4654,2693,1934,2720,27,3,847.0,Gauche,2012,législative
35,228,Pleurtuit,4654,2693,1934,2720,27,4,410.0,Gauche,2012,législative
35,228,Pleurtuit,4654,2693,1934,2720,27,5,60.0,Écologie,2012,législative
35,228,Pleurtuit,4654,2693,1934,2720,27,6,14.0,Régionalisme,2012,législative
35,228,Pleurtuit,4654,2693,1934,2720,27,7,24.0,Écologie,2012,législative
35,228,Pleurtuit,4654,2693,1934,2720,27,8,113.0,Droite,2012,législative
35,228,Pleurtuit,4654,2693,1934,2720,27,9,612.0,Droite,2012,législative
35,228,Pleurtuit,4654,2693,1934,2720,27,10,288.0,Droite,2012,législative
35,228,Pleurtuit,4654,2693,1934,2720,27,11,242.0,Extrême Droite,2012,législative
35,229,Pocé-les-Bois,869,545,311,558,13,0,3.0,Extrême Gauche,2012,législative
35,229,Pocé-les-Bois,869,545,311,558,13,1,17.0,Gauche,2012,législative
35,229,Pocé-les-Bois,869,545,311,558,13,2,163.0,Gauche,2012,législative
35,229,Pocé-les-Bois,869,545,311,558,13,3,18.0,Écologie,2012,législative
35,229,Pocé-les-Bois,869,545,311,558,13,4,14.0,Centre,2012,législative
35,229,Pocé-les-Bois,869,545,311,558,13,5,267.0,Droite,2012,législative
35,229,Pocé-les-Bois,869,545,311,558,13,6,22.0,Droite,2012,législative
35,229,Pocé-les-Bois,869,545,311,558,13,7,9.0,Droite,2012,législative
35,229,Pocé-les-Bois,869,545,311,558,13,8,32.0,Extrême Droite,2012,législative
35,230,Poilley,309,181,124,185,4,0,0.0,Extrême Gauche,2012,législative
35,230,Poilley,309,181,124,185,4,1,0.0,Extrême Gauche,2012,législative
35,230,Poilley,309,181,124,185,4,2,4.0,Gauche,2012,législative
35,230,Poilley,309,181,124,185,4,3,30.0,Gauche,2012,législative
35,230,Poilley,309,181,124,185,4,4,13.0,Écologie,2012,législative
35,230,Poilley,309,181,124,185,4,5,0.0,Divers,2012,législative
35,230,Poilley,309,181,124,185,4,6,120.0,Droite,2012,législative
35,230,Poilley,309,181,124,185,4,7,0.0,Droite,2012,législative
35,230,Poilley,309,181,124,185,4,8,14.0,Extrême Droite,2012,législative
35,231,Poligné,770,464,289,481,17,0,6.0,Extrême Gauche,2012,législative
35,231,Poligné,770,464,289,481,17,1,2.0,Extrême Gauche,2012,législative
35,231,Poligné,770,464,289,481,17,2,24.0,Gauche,2012,législative
35,231,Poligné,770,464,289,481,17,3,220.0,Gauche,2012,législative
35,231,Poligné,770,464,289,481,17,4,20.0,Régionalisme,2012,législative
35,231,Poligné,770,464,289,481,17,5,98.0,Droite,2012,législative
35,231,Poligné,770,464,289,481,17,6,25.0,Droite,2012,législative
35,231,Poligné,770,464,289,481,17,7,69.0,Extrême Droite,2012,législative
35,232,Princé,257,178,70,187,9,0,2.0,Extrême Gauche,2012,législative
35,232,Princé,257,178,70,187,9,1,6.0,Gauche,2012,législative
35,232,Princé,257,178,70,187,9,2,32.0,Gauche,2012,législative
35,232,Princé,257,178,70,187,9,3,9.0,Écologie,2012,législative
35,232,Princé,257,178,70,187,9,4,2.0,Centre,2012,législative
35,232,Princé,257,178,70,187,9,5,104.0,Droite,2012,législative
35,232,Princé,257,178,70,187,9,6,3.0,Droite,2012,législative
35,232,Princé,257,178,70,187,9,7,2.0,Droite,2012,législative
35,232,Princé,257,178,70,187,9,8,18.0,Extrême Droite,2012,législative
35,233,Québriac,1062,659,393,669,10,0,11.0,Extrême Gauche,2012,législative
35,233,Québriac,1062,659,393,669,10,1,9.0,Extrême Gauche,2012,législative
35,233,Québriac,1062,659,393,669,10,2,37.0,Gauche,2012,législative
35,233,Québriac,1062,659,393,669,10,3,314.0,Gauche,2012,législative
35,233,Québriac,1062,659,393,669,10,4,50.0,Écologie,2012,législative
35,233,Québriac,1062,659,393,669,10,5,11.0,Régionalisme,2012,législative
35,233,Québriac,1062,659,393,669,10,6,175.0,Droite,2012,législative
35,233,Québriac,1062,659,393,669,10,7,52.0,Extrême Droite,2012,législative
35,234,Quédillac,859,499,351,508,9,0,1.0,Extrême Gauche,2012,législative
35,234,Quédillac,859,499,351,508,9,1,1.0,Extrême Gauche,2012,législative
35,234,Quédillac,859,499,351,508,9,2,2.0,Extrême Gauche,2012,législative
35,234,Quédillac,859,499,351,508,9,3,8.0,Gauche,2012,législative
35,234,Quédillac,859,499,351,508,9,4,189.0,Gauche,2012,législative
35,234,Quédillac,859,499,351,508,9,5,10.0,Écologie,2012,législative
35,234,Quédillac,859,499,351,508,9,6,6.0,Régionalisme,2012,législative
35,234,Quédillac,859,499,351,508,9,7,2.0,Divers,2012,législative
35,234,Quédillac,859,499,351,508,9,8,0.0,Divers,2012,législative
35,234,Quédillac,859,499,351,508,9,9,223.0,Droite,2012,législative
35,234,Quédillac,859,499,351,508,9,10,26.0,Droite,2012,législative
35,234,Quédillac,859,499,351,508,9,11,31.0,Extrême Droite,2012,législative
35,235,Rannée,862,490,356,506,16,0,7.0,Extrême Gauche,2012,législative
35,235,Rannée,862,490,356,506,16,1,7.0,Gauche,2012,législative
35,235,Rannée,862,490,356,506,16,2,118.0,Gauche,2012,législative
35,235,Rannée,862,490,356,506,16,3,17.0,Écologie,2012,législative
35,235,Rannée,862,490,356,506,16,4,20.0,Centre,2012,législative
35,235,Rannée,862,490,356,506,16,5,276.0,Droite,2012,législative
35,235,Rannée,862,490,356,506,16,6,4.0,Droite,2012,législative
35,235,Rannée,862,490,356,506,16,7,3.0,Droite,2012,législative
35,235,Rannée,862,490,356,506,16,8,38.0,Extrême Droite,2012,législative
35,236,Redon,6735,3750,2924,3811,61,0,13.0,Extrême Gauche,2012,législative
35,236,Redon,6735,3750,2924,3811,61,1,26.0,Extrême Gauche,2012,législative
35,236,Redon,6735,3750,2924,3811,61,2,200.0,Gauche,2012,législative
35,236,Redon,6735,3750,2924,3811,61,3,1881.0,Gauche,2012,législative
35,236,Redon,6735,3750,2924,3811,61,4,188.0,Régionalisme,2012,législative
35,236,Redon,6735,3750,2924,3811,61,5,1026.0,Droite,2012,législative
35,236,Redon,6735,3750,2924,3811,61,6,90.0,Droite,2012,législative
35,236,Redon,6735,3750,2924,3811,61,7,326.0,Extrême Droite,2012,législative
35,237,Renac,642,382,259,383,1,0,3.0,Extrême Gauche,2012,législative
35,237,Renac,642,382,259,383,1,1,2.0,Extrême Gauche,2012,législative
35,237,Renac,642,382,259,383,1,2,12.0,Gauche,2012,législative
35,237,Renac,642,382,259,383,1,3,156.0,Gauche,2012,législative
35,237,Renac,642,382,259,383,1,4,11.0,Régionalisme,2012,législative
35,237,Renac,642,382,259,383,1,5,144.0,Droite,2012,législative
35,237,Renac,642,382,259,383,1,6,8.0,Droite,2012,législative
35,237,Renac,642,382,259,383,1,7,46.0,Extrême Droite,2012,législative
35,238,Rennes,42150,22518,19346,22804,286,0,232.0,Extrême Gauche,2012,législative
35,238,Rennes,42150,22518,19346,22804,286,1,137.0,Extrême Gauche,2012,législative
35,238,Rennes,42150,22518,19346,22804,286,2,1264.0,Gauche,2012,législative
35,238,Rennes,42150,22518,19346,22804,286,3,7944.0,Gauche,2012,législative
35,238,Rennes,42150,22518,19346,22804,286,4,4486.0,Gauche,2012,législative
35,238,Rennes,42150,22518,19346,22804,286,5,361.0,Gauche,2012,législative
35,238,Rennes,42150,22518,19346,22804,286,6,1814.0,Écologie,2012,législative
35,238,Rennes,42150,22518,19346,22804,286,7,121.0,Régionalisme,2012,législative
35,238,Rennes,42150,22518,19346,22804,286,8,229.0,Écologie,2012,législative
35,238,Rennes,42150,22518,19346,22804,286,9,67.0,Divers,2012,législative
35,238,Rennes,42150,22518,19346,22804,286,10,3714.0,Droite,2012,législative
35,238,Rennes,42150,22518,19346,22804,286,11,147.0,Droite,2012,législative
35,238,Rennes,42150,22518,19346,22804,286,12,460.0,Droite,2012,législative
35,238,Rennes,42150,22518,19346,22804,286,13,1542.0,Extrême Droite,2012,législative
35,238,Rennes,20217,11213,8879,11338,125,0,85.0,Extrême Gauche,2012,législative
35,238,Rennes,20217,11213,8879,11338,125,1,78.0,Extrême Gauche,2012,législative
35,238,Rennes,20217,11213,8879,11338,125,2,852.0,Gauche,2012,législative
35,238,Rennes,20217,11213,8879,11338,125,3,5261.0,Gauche,2012,législative
35,238,Rennes,20217,11213,8879,11338,125,4,1034.0,Écologie,2012,législative
35,238,Rennes,20217,11213,8879,11338,125,5,71.0,Régionalisme,2012,législative
35,238,Rennes,20217,11213,8879,11338,125,6,3299.0,Droite,2012,législative
35,238,Rennes,20217,11213,8879,11338,125,7,533.0,Extrême Droite,2012,législative
35,238,Rennes,6594,3245,3327,3267,22,0,23.0,Extrême Gauche,2012,législative
35,238,Rennes,6594,3245,3327,3267,22,1,35.0,Extrême Gauche,2012,législative
35,238,Rennes,6594,3245,3327,3267,22,2,31.0,Extrême Gauche,2012,législative
35,238,Rennes,6594,3245,3327,3267,22,3,381.0,Gauche,2012,législative
35,238,Rennes,6594,3245,3327,3267,22,4,1639.0,Gauche,2012,législative
35,238,Rennes,6594,3245,3327,3267,22,5,234.0,Écologie,2012,législative
35,238,Rennes,6594,3245,3327,3267,22,6,25.0,Régionalisme,2012,législative
35,238,Rennes,6594,3245,3327,3267,22,7,8.0,Divers,2012,législative
35,238,Rennes,6594,3245,3327,3267,22,8,0.0,Divers,2012,législative
35,238,Rennes,6594,3245,3327,3267,22,9,634.0,Droite,2012,législative
35,238,Rennes,6594,3245,3327,3267,22,10,24.0,Droite,2012,législative
35,238,Rennes,6594,3245,3327,3267,22,11,211.0,Extrême Droite,2012,législative
35,238,Rennes,48084,26442,21359,26725,283,0,187.0,Extrême Gauche,2012,législative
35,238,Rennes,48084,26442,21359,26725,283,1,96.0,Extrême Gauche,2012,législative
35,238,Rennes,48084,26442,21359,26725,283,2,83.0,Extrême Gauche,2012,législative
35,238,Rennes,48084,26442,21359,26725,283,3,1882.0,Gauche,2012,législative
35,238,Rennes,48084,26442,21359,26725,283,4,11871.0,Gauche,2012,législative
35,238,Rennes,48084,26442,21359,26725,283,5,3044.0,Écologie,2012,législative
35,238,Rennes,48084,26442,21359,26725,283,6,247.0,Écologie,2012,législative
35,238,Rennes,48084,26442,21359,26725,283,7,263.0,Divers,2012,législative
35,238,Rennes,48084,26442,21359,26725,283,8,88.0,Divers,2012,législative
35,238,Rennes,48084,26442,21359,26725,283,9,7.0,Divers,2012,législative
35,238,Rennes,48084,26442,21359,26725,283,10,105.0,Divers,2012,législative
35,238,Rennes,48084,26442,21359,26725,283,11,256.0,Droite,2012,législative
35,238,Rennes,48084,26442,21359,26725,283,12,7105.0,Droite,2012,législative
35,238,Rennes,48084,26442,21359,26725,283,13,1208.0,Extrême Droite,2012,législative
35,239,Retiers,2847,1609,1209,1638,29,0,12.0,Extrême Gauche,2012,législative
35,239,Retiers,2847,1609,1209,1638,29,1,43.0,Gauche,2012,législative
35,239,Retiers,2847,1609,1209,1638,29,2,550.0,Gauche,2012,législative
35,239,Retiers,2847,1609,1209,1638,29,3,60.0,Écologie,2012,législative
35,239,Retiers,2847,1609,1209,1638,29,4,55.0,Centre,2012,législative
35,239,Retiers,2847,1609,1209,1638,29,5,740.0,Droite,2012,législative
35,239,Retiers,2847,1609,1209,1638,29,6,16.0,Droite,2012,législative
35,239,Retiers,2847,1609,1209,1638,29,7,12.0,Droite,2012,législative
35,239,Retiers,2847,1609,1209,1638,29,8,121.0,Extrême Droite,2012,législative
35,240,Le Rheu,5385,3272,2073,3312,40,0,17.0,Extrême Gauche,2012,législative
35,240,Le Rheu,5385,3272,2073,3312,40,1,13.0,Extrême Gauche,2012,législative
35,240,Le Rheu,5385,3272,2073,3312,40,2,8.0,Extrême Gauche,2012,législative
35,240,Le Rheu,5385,3272,2073,3312,40,3,152.0,Gauche,2012,législative
35,240,Le Rheu,5385,3272,2073,3312,40,4,1670.0,Gauche,2012,législative
35,240,Le Rheu,5385,3272,2073,3312,40,5,271.0,Écologie,2012,législative
35,240,Le Rheu,5385,3272,2073,3312,40,6,45.0,Écologie,2012,législative
35,240,Le Rheu,5385,3272,2073,3312,40,7,11.0,Divers,2012,législative
35,240,Le Rheu,5385,3272,2073,3312,40,8,13.0,Divers,2012,législative
35,240,Le Rheu,5385,3272,2073,3312,40,9,0.0,Divers,2012,législative
35,240,Le Rheu,5385,3272,2073,3312,40,10,5.0,Divers,2012,législative
35,240,Le Rheu,5385,3272,2073,3312,40,11,33.0,Droite,2012,législative
35,240,Le Rheu,5385,3272,2073,3312,40,12,867.0,Droite,2012,législative
35,240,Le Rheu,5385,3272,2073,3312,40,13,167.0,Extrême Droite,2012,législative
35,241,La Richardais,1938,1235,684,1254,19,0,9.0,Extrême Gauche,2012,législative
35,241,La Richardais,1938,1235,684,1254,19,1,5.0,Extrême Gauche,2012,législative
35,241,La Richardais,1938,1235,684,1254,19,2,45.0,Gauche,2012,législative
35,241,La Richardais,1938,1235,684,1254,19,3,380.0,Gauche,2012,législative
35,241,La Richardais,1938,1235,684,1254,19,4,169.0,Gauche,2012,législative
35,241,La Richardais,1938,1235,684,1254,19,5,60.0,Écologie,2012,législative
35,241,La Richardais,1938,1235,684,1254,19,6,9.0,Régionalisme,2012,législative
35,241,La Richardais,1938,1235,684,1254,19,7,13.0,Écologie,2012,législative
35,241,La Richardais,1938,1235,684,1254,19,8,69.0,Droite,2012,législative
35,241,La Richardais,1938,1235,684,1254,19,9,228.0,Droite,2012,législative
35,241,La Richardais,1938,1235,684,1254,19,10,145.0,Droite,2012,législative
35,241,La Richardais,1938,1235,684,1254,19,11,103.0,Extrême Droite,2012,législative
35,242,Rimou,280,171,107,173,2,0,0.0,Extrême Gauche,2012,législative
35,242,Rimou,280,171,107,173,2,1,3.0,Extrême Gauche,2012,législative
35,242,Rimou,280,171,107,173,2,2,8.0,Gauche,2012,législative
35,242,Rimou,280,171,107,173,2,3,71.0,Gauche,2012,législative
35,242,Rimou,280,171,107,173,2,4,17.0,Écologie,2012,législative
35,242,Rimou,280,171,107,173,2,5,0.0,Divers,2012,législative
35,242,Rimou,280,171,107,173,2,6,59.0,Droite,2012,législative
35,242,Rimou,280,171,107,173,2,7,0.0,Droite,2012,législative
35,242,Rimou,280,171,107,173,2,8,13.0,Extrême Droite,2012,législative
35,243,Romagné,1671,1042,600,1071,29,0,4.0,Extrême Gauche,2012,législative
35,243,Romagné,1671,1042,600,1071,29,1,15.0,Extrême Gauche,2012,législative
35,243,Romagné,1671,1042,600,1071,29,2,25.0,Gauche,2012,législative
35,243,Romagné,1671,1042,600,1071,29,3,229.0,Gauche,2012,législative
35,243,Romagné,1671,1042,600,1071,29,4,89.0,Écologie,2012,législative
35,243,Romagné,1671,1042,600,1071,29,5,1.0,Divers,2012,législative
35,243,Romagné,1671,1042,600,1071,29,6,610.0,Droite,2012,législative
35,243,Romagné,1671,1042,600,1071,29,7,12.0,Droite,2012,législative
35,243,Romagné,1671,1042,600,1071,29,8,57.0,Extrême Droite,2012,législative
35,244,Romazy,203,143,59,144,1,0,1.0,Extrême Gauche,2012,législative
35,244,Romazy,203,143,59,144,1,1,0.0,Extrême Gauche,2012,législative
35,244,Romazy,203,143,59,144,1,2,1.0,Gauche,2012,législative
35,244,Romazy,203,143,59,144,1,3,50.0,Gauche,2012,législative
35,244,Romazy,203,143,59,144,1,4,9.0,Écologie,2012,législative
35,244,Romazy,203,143,59,144,1,5,0.0,Divers,2012,législative
35,244,Romazy,203,143,59,144,1,6,68.0,Droite,2012,législative
35,244,Romazy,203,143,59,144,1,7,2.0,Droite,2012,législative
35,244,Romazy,203,143,59,144,1,8,12.0,Extrême Droite,2012,législative
35,245,Romillé,2605,1624,954,1651,27,0,4.0,Extrême Gauche,2012,législative
35,245,Romillé,2605,1624,954,1651,27,1,9.0,Extrême Gauche,2012,législative
35,245,Romillé,2605,1624,954,1651,27,2,5.0,Extrême Gauche,2012,législative
35,245,Romillé,2605,1624,954,1651,27,3,61.0,Gauche,2012,législative
35,245,Romillé,2605,1624,954,1651,27,4,761.0,Gauche,2012,législative
35,245,Romillé,2605,1624,954,1651,27,5,83.0,Écologie,2012,législative
35,245,Romillé,2605,1624,954,1651,27,6,20.0,Régionalisme,2012,législative
35,245,Romillé,2605,1624,954,1651,27,7,2.0,Divers,2012,législative
35,245,Romillé,2605,1624,954,1651,27,8,0.0,Divers,2012,législative
35,245,Romillé,2605,1624,954,1651,27,9,567.0,Droite,2012,législative
35,245,Romillé,2605,1624,954,1651,27,10,13.0,Droite,2012,législative
35,245,Romillé,2605,1624,954,1651,27,11,99.0,Extrême Droite,2012,législative
35,246,Roz-Landrieux,951,538,405,546,8,0,3.0,Extrême Gauche,2012,législative
35,246,Roz-Landrieux,951,538,405,546,8,1,5.0,Extrême Gauche,2012,législative
35,246,Roz-Landrieux,951,538,405,546,8,2,15.0,Gauche,2012,législative
35,246,Roz-Landrieux,951,538,405,546,8,3,190.0,Gauche,2012,législative
35,246,Roz-Landrieux,951,538,405,546,8,4,43.0,Gauche,2012,législative
35,246,Roz-Landrieux,951,538,405,546,8,5,20.0,Écologie,2012,législative
35,246,Roz-Landrieux,951,538,405,546,8,6,1.0,Régionalisme,2012,législative
35,246,Roz-Landrieux,951,538,405,546,8,7,3.0,Écologie,2012,législative
35,246,Roz-Landrieux,951,538,405,546,8,8,45.0,Droite,2012,législative
35,246,Roz-Landrieux,951,538,405,546,8,9,77.0,Droite,2012,législative
35,246,Roz-Landrieux,951,538,405,546,8,10,83.0,Droite,2012,législative
35,246,Roz-Landrieux,951,538,405,546,8,11,53.0,Extrême Droite,2012,législative
35,247,Roz-sur-Couesnon,735,453,269,466,13,0,7.0,Extrême Gauche,2012,législative
35,247,Roz-sur-Couesnon,735,453,269,466,13,1,4.0,Extrême Gauche,2012,législative
35,247,Roz-sur-Couesnon,735,453,269,466,13,2,35.0,Gauche,2012,législative
35,247,Roz-sur-Couesnon,735,453,269,466,13,3,143.0,Gauche,2012,législative
35,247,Roz-sur-Couesnon,735,453,269,466,13,4,63.0,Écologie,2012,législative
35,247,Roz-sur-Couesnon,735,453,269,466,13,5,1.0,Divers,2012,législative
35,247,Roz-sur-Couesnon,735,453,269,466,13,6,138.0,Droite,2012,législative
35,247,Roz-sur-Couesnon,735,453,269,466,13,7,6.0,Droite,2012,législative
35,247,Roz-sur-Couesnon,735,453,269,466,13,8,56.0,Extrême Droite,2012,législative
35,248,Sains,396,208,180,216,8,0,1.0,Extrême Gauche,2012,législative
35,248,Sains,396,208,180,216,8,1,0.0,Extrême Gauche,2012,législative
35,248,Sains,396,208,180,216,8,2,9.0,Gauche,2012,législative
35,248,Sains,396,208,180,216,8,3,73.0,Gauche,2012,législative
35,248,Sains,396,208,180,216,8,4,37.0,Écologie,2012,législative
35,248,Sains,396,208,180,216,8,5,0.0,Divers,2012,législative
35,248,Sains,396,208,180,216,8,6,57.0,Droite,2012,législative
35,248,Sains,396,208,180,216,8,7,4.0,Droite,2012,législative
35,248,Sains,396,208,180,216,8,8,27.0,Extrême Droite,2012,législative
35,249,Sainte-Anne-sur-Vilaine,688,429,251,437,8,0,5.0,Extrême Gauche,2012,législative
35,249,Sainte-Anne-sur-Vilaine,688,429,251,437,8,1,3.0,Extrême Gauche,2012,législative
35,249,Sainte-Anne-sur-Vilaine,688,429,251,437,8,2,20.0,Gauche,2012,législative
35,249,Sainte-Anne-sur-Vilaine,688,429,251,437,8,3,144.0,Gauche,2012,législative
35,249,Sainte-Anne-sur-Vilaine,688,429,251,437,8,4,25.0,Régionalisme,2012,législative
35,249,Sainte-Anne-sur-Vilaine,688,429,251,437,8,5,164.0,Droite,2012,législative
35,249,Sainte-Anne-sur-Vilaine,688,429,251,437,8,6,16.0,Droite,2012,législative
35,249,Sainte-Anne-sur-Vilaine,688,429,251,437,8,7,52.0,Extrême Droite,2012,législative
35,250,Saint-Armel,1232,803,415,817,14,0,6.0,Extrême Gauche,2012,législative
35,250,Saint-Armel,1232,803,415,817,14,1,49.0,Gauche,2012,législative
35,250,Saint-Armel,1232,803,415,817,14,2,392.0,Gauche,2012,législative
35,250,Saint-Armel,1232,803,415,817,14,3,57.0,Écologie,2012,législative
35,250,Saint-Armel,1232,803,415,817,14,4,25.0,Centre,2012,législative
35,250,Saint-Armel,1232,803,415,817,14,5,176.0,Droite,2012,législative
35,250,Saint-Armel,1232,803,415,817,14,6,16.0,Droite,2012,législative
35,250,Saint-Armel,1232,803,415,817,14,7,8.0,Droite,2012,législative
35,250,Saint-Armel,1232,803,415,817,14,8,74.0,Extrême Droite,2012,législative
35,251,Saint-Aubin-d'Aubigné,2404,1337,1033,1371,34,0,8.0,Extrême Gauche,2012,législative
35,251,Saint-Aubin-d'Aubigné,2404,1337,1033,1371,34,1,19.0,Extrême Gauche,2012,législative
35,251,Saint-Aubin-d'Aubigné,2404,1337,1033,1371,34,2,38.0,Gauche,2012,législative
35,251,Saint-Aubin-d'Aubigné,2404,1337,1033,1371,34,3,502.0,Gauche,2012,législative
35,251,Saint-Aubin-d'Aubigné,2404,1337,1033,1371,34,4,253.0,Écologie,2012,législative
35,251,Saint-Aubin-d'Aubigné,2404,1337,1033,1371,34,5,5.0,Divers,2012,législative
35,251,Saint-Aubin-d'Aubigné,2404,1337,1033,1371,34,6,365.0,Droite,2012,législative
35,251,Saint-Aubin-d'Aubigné,2404,1337,1033,1371,34,7,22.0,Droite,2012,législative
35,251,Saint-Aubin-d'Aubigné,2404,1337,1033,1371,34,8,125.0,Extrême Droite,2012,législative
35,252,Saint-Aubin-des-Landes,668,412,248,420,8,0,4.0,Extrême Gauche,2012,législative
35,252,Saint-Aubin-des-Landes,668,412,248,420,8,1,7.0,Gauche,2012,législative
35,252,Saint-Aubin-des-Landes,668,412,248,420,8,2,102.0,Gauche,2012,législative
35,252,Saint-Aubin-des-Landes,668,412,248,420,8,3,18.0,Écologie,2012,législative
35,252,Saint-Aubin-des-Landes,668,412,248,420,8,4,12.0,Centre,2012,législative
35,252,Saint-Aubin-des-Landes,668,412,248,420,8,5,225.0,Droite,2012,législative
35,252,Saint-Aubin-des-Landes,668,412,248,420,8,6,5.0,Droite,2012,législative
35,252,Saint-Aubin-des-Landes,668,412,248,420,8,7,2.0,Droite,2012,législative
35,252,Saint-Aubin-des-Landes,668,412,248,420,8,8,37.0,Extrême Droite,2012,législative
35,253,Saint-Aubin-du-Cormier,2157,1262,869,1288,26,0,9.0,Extrême Gauche,2012,législative
35,253,Saint-Aubin-du-Cormier,2157,1262,869,1288,26,1,9.0,Extrême Gauche,2012,législative
35,253,Saint-Aubin-du-Cormier,2157,1262,869,1288,26,2,44.0,Gauche,2012,législative
35,253,Saint-Aubin-du-Cormier,2157,1262,869,1288,26,3,412.0,Gauche,2012,législative
35,253,Saint-Aubin-du-Cormier,2157,1262,869,1288,26,4,212.0,Écologie,2012,législative
35,253,Saint-Aubin-du-Cormier,2157,1262,869,1288,26,5,2.0,Divers,2012,législative
35,253,Saint-Aubin-du-Cormier,2157,1262,869,1288,26,6,455.0,Droite,2012,législative
35,253,Saint-Aubin-du-Cormier,2157,1262,869,1288,26,7,8.0,Droite,2012,législative
35,253,Saint-Aubin-du-Cormier,2157,1262,869,1288,26,8,111.0,Extrême Droite,2012,législative
35,254,Saint-Aubin-du-Pavail,522,363,151,371,8,0,4.0,Extrême Gauche,2012,législative
35,254,Saint-Aubin-du-Pavail,522,363,151,371,8,1,27.0,Gauche,2012,législative
35,254,Saint-Aubin-du-Pavail,522,363,151,371,8,2,156.0,Gauche,2012,législative
35,254,Saint-Aubin-du-Pavail,522,363,151,371,8,3,26.0,Écologie,2012,législative
35,254,Saint-Aubin-du-Pavail,522,363,151,371,8,4,12.0,Centre,2012,législative
35,254,Saint-Aubin-du-Pavail,522,363,151,371,8,5,103.0,Droite,2012,législative
35,254,Saint-Aubin-du-Pavail,522,363,151,371,8,6,3.0,Droite,2012,législative
35,254,Saint-Aubin-du-Pavail,522,363,151,371,8,7,2.0,Droite,2012,législative
35,254,Saint-Aubin-du-Pavail,522,363,151,371,8,8,30.0,Extrême Droite,2012,législative
35,255,Saint-Benoît-des-Ondes,807,480,321,486,6,0,3.0,Extrême Gauche,2012,législative
35,255,Saint-Benoît-des-Ondes,807,480,321,486,6,1,1.0,Extrême Gauche,2012,législative
35,255,Saint-Benoît-des-Ondes,807,480,321,486,6,2,14.0,Gauche,2012,législative
35,255,Saint-Benoît-des-Ondes,807,480,321,486,6,3,199.0,Gauche,2012,législative
35,255,Saint-Benoît-des-Ondes,807,480,321,486,6,4,36.0,Gauche,2012,législative
35,255,Saint-Benoît-des-Ondes,807,480,321,486,6,5,18.0,Écologie,2012,législative
35,255,Saint-Benoît-des-Ondes,807,480,321,486,6,6,1.0,Régionalisme,2012,législative
35,255,Saint-Benoît-des-Ondes,807,480,321,486,6,7,0.0,Écologie,2012,législative
35,255,Saint-Benoît-des-Ondes,807,480,321,486,6,8,45.0,Droite,2012,législative
35,255,Saint-Benoît-des-Ondes,807,480,321,486,6,9,59.0,Droite,2012,législative
35,255,Saint-Benoît-des-Ondes,807,480,321,486,6,10,72.0,Droite,2012,législative
35,255,Saint-Benoît-des-Ondes,807,480,321,486,6,11,32.0,Extrême Droite,2012,législative
35,256,Saint-Briac-sur-Mer,2248,1445,781,1467,22,0,6.0,Extrême Gauche,2012,législative
35,256,Saint-Briac-sur-Mer,2248,1445,781,1467,22,1,1.0,Extrême Gauche,2012,législative
35,256,Saint-Briac-sur-Mer,2248,1445,781,1467,22,2,43.0,Gauche,2012,législative
35,256,Saint-Briac-sur-Mer,2248,1445,781,1467,22,3,297.0,Gauche,2012,législative
35,256,Saint-Briac-sur-Mer,2248,1445,781,1467,22,4,273.0,Gauche,2012,législative
35,256,Saint-Briac-sur-Mer,2248,1445,781,1467,22,5,42.0,Écologie,2012,législative
35,256,Saint-Briac-sur-Mer,2248,1445,781,1467,22,6,3.0,Régionalisme,2012,législative
35,256,Saint-Briac-sur-Mer,2248,1445,781,1467,22,7,5.0,Écologie,2012,législative
35,256,Saint-Briac-sur-Mer,2248,1445,781,1467,22,8,48.0,Droite,2012,législative
35,256,Saint-Briac-sur-Mer,2248,1445,781,1467,22,9,424.0,Droite,2012,législative
35,256,Saint-Briac-sur-Mer,2248,1445,781,1467,22,10,229.0,Droite,2012,législative
35,256,Saint-Briac-sur-Mer,2248,1445,781,1467,22,11,74.0,Extrême Droite,2012,législative
35,257,Saint-Brice-en-Coglès,2011,1281,697,1314,33,0,10.0,Extrême Gauche,2012,législative
35,257,Saint-Brice-en-Coglès,2011,1281,697,1314,33,1,29.0,Extrême Gauche,2012,législative
35,257,Saint-Brice-en-Coglès,2011,1281,697,1314,33,2,26.0,Gauche,2012,législative
35,257,Saint-Brice-en-Coglès,2011,1281,697,1314,33,3,511.0,Gauche,2012,législative
35,257,Saint-Brice-en-Coglès,2011,1281,697,1314,33,4,103.0,Écologie,2012,législative
35,257,Saint-Brice-en-Coglès,2011,1281,697,1314,33,5,0.0,Divers,2012,législative
35,257,Saint-Brice-en-Coglès,2011,1281,697,1314,33,6,484.0,Droite,2012,législative
35,257,Saint-Brice-en-Coglès,2011,1281,697,1314,33,7,11.0,Droite,2012,législative
35,257,Saint-Brice-en-Coglès,2011,1281,697,1314,33,8,107.0,Extrême Droite,2012,législative
35,258,Saint-Brieuc-des-Iffs,239,168,66,173,5,0,1.0,Extrême Gauche,2012,législative
35,258,Saint-Brieuc-des-Iffs,239,168,66,173,5,1,0.0,Extrême Gauche,2012,législative
35,258,Saint-Brieuc-des-Iffs,239,168,66,173,5,2,0.0,Extrême Gauche,2012,législative
35,258,Saint-Brieuc-des-Iffs,239,168,66,173,5,3,9.0,Gauche,2012,législative
35,258,Saint-Brieuc-des-Iffs,239,168,66,173,5,4,70.0,Gauche,2012,législative
35,258,Saint-Brieuc-des-Iffs,239,168,66,173,5,5,15.0,Écologie,2012,législative
35,258,Saint-Brieuc-des-Iffs,239,168,66,173,5,6,0.0,Régionalisme,2012,législative
35,258,Saint-Brieuc-des-Iffs,239,168,66,173,5,7,0.0,Divers,2012,législative
35,258,Saint-Brieuc-des-Iffs,239,168,66,173,5,8,0.0,Divers,2012,législative
35,258,Saint-Brieuc-des-Iffs,239,168,66,173,5,9,63.0,Droite,2012,législative
35,258,Saint-Brieuc-des-Iffs,239,168,66,173,5,10,1.0,Droite,2012,législative
35,258,Saint-Brieuc-des-Iffs,239,168,66,173,5,11,9.0,Extrême Droite,2012,législative
35,259,Saint-Broladre,778,507,261,517,10,0,3.0,Extrême Gauche,2012,législative
35,259,Saint-Broladre,778,507,261,517,10,1,4.0,Extrême Gauche,2012,législative
35,259,Saint-Broladre,778,507,261,517,10,2,66.0,Gauche,2012,législative
35,259,Saint-Broladre,778,507,261,517,10,3,106.0,Gauche,2012,législative
35,259,Saint-Broladre,778,507,261,517,10,4,56.0,Écologie,2012,législative
35,259,Saint-Broladre,778,507,261,517,10,5,2.0,Divers,2012,législative
35,259,Saint-Broladre,778,507,261,517,10,6,177.0,Droite,2012,législative
35,259,Saint-Broladre,778,507,261,517,10,7,8.0,Droite,2012,législative
35,259,Saint-Broladre,778,507,261,517,10,8,85.0,Extrême Droite,2012,législative
35,260,Saint-Christophe-des-Bois,411,263,140,271,8,0,1.0,Extrême Gauche,2012,législative
35,260,Saint-Christophe-des-Bois,411,263,140,271,8,1,8.0,Gauche,2012,législative
35,260,Saint-Christophe-des-Bois,411,263,140,271,8,2,76.0,Gauche,2012,législative
35,260,Saint-Christophe-des-Bois,411,263,140,271,8,3,13.0,Écologie,2012,législative
35,260,Saint-Christophe-des-Bois,411,263,140,271,8,4,10.0,Centre,2012,législative
35,260,Saint-Christophe-des-Bois,411,263,140,271,8,5,121.0,Droite,2012,législative
35,260,Saint-Christophe-des-Bois,411,263,140,271,8,6,1.0,Droite,2012,législative
35,260,Saint-Christophe-des-Bois,411,263,140,271,8,7,2.0,Droite,2012,législative
35,260,Saint-Christophe-des-Bois,411,263,140,271,8,8,31.0,Extrême Droite,2012,législative
35,261,Saint-Christophe-de-Valains,159,100,58,101,1,0,3.0,Extrême Gauche,2012,législative
35,261,Saint-Christophe-de-Valains,159,100,58,101,1,1,0.0,Extrême Gauche,2012,législative
35,261,Saint-Christophe-de-Valains,159,100,58,101,1,2,9.0,Gauche,2012,législative
35,261,Saint-Christophe-de-Valains,159,100,58,101,1,3,32.0,Gauche,2012,législative
35,261,Saint-Christophe-de-Valains,159,100,58,101,1,4,11.0,Écologie,2012,législative
35,261,Saint-Christophe-de-Valains,159,100,58,101,1,5,0.0,Divers,2012,législative
35,261,Saint-Christophe-de-Valains,159,100,58,101,1,6,29.0,Droite,2012,législative
35,261,Saint-Christophe-de-Valains,159,100,58,101,1,7,0.0,Droite,2012,législative
35,261,Saint-Christophe-de-Valains,159,100,58,101,1,8,16.0,Extrême Droite,2012,législative
35,262,Sainte-Colombe,209,112,92,117,5,0,1.0,Extrême Gauche,2012,législative
35,262,Sainte-Colombe,209,112,92,117,5,1,3.0,Gauche,2012,législative
35,262,Sainte-Colombe,209,112,92,117,5,2,29.0,Gauche,2012,législative
35,262,Sainte-Colombe,209,112,92,117,5,3,6.0,Écologie,2012,législative
35,262,Sainte-Colombe,209,112,92,117,5,4,4.0,Centre,2012,législative
35,262,Sainte-Colombe,209,112,92,117,5,5,60.0,Droite,2012,législative
35,262,Sainte-Colombe,209,112,92,117,5,6,3.0,Droite,2012,législative
35,262,Sainte-Colombe,209,112,92,117,5,7,2.0,Droite,2012,législative
35,262,Sainte-Colombe,209,112,92,117,5,8,4.0,Extrême Droite,2012,législative
35,263,Saint-Coulomb,2146,1332,797,1349,17,0,8.0,Extrême Gauche,2012,législative
35,263,Saint-Coulomb,2146,1332,797,1349,17,1,3.0,Extrême Gauche,2012,législative
35,263,Saint-Coulomb,2146,1332,797,1349,17,2,29.0,Gauche,2012,législative
35,263,Saint-Coulomb,2146,1332,797,1349,17,3,432.0,Gauche,2012,législative
35,263,Saint-Coulomb,2146,1332,797,1349,17,4,77.0,Gauche,2012,législative
35,263,Saint-Coulomb,2146,1332,797,1349,17,5,42.0,Écologie,2012,législative
35,263,Saint-Coulomb,2146,1332,797,1349,17,6,6.0,Régionalisme,2012,législative
35,263,Saint-Coulomb,2146,1332,797,1349,17,7,10.0,Écologie,2012,législative
35,263,Saint-Coulomb,2146,1332,797,1349,17,8,94.0,Droite,2012,législative
35,263,Saint-Coulomb,2146,1332,797,1349,17,9,305.0,Droite,2012,législative
35,263,Saint-Coulomb,2146,1332,797,1349,17,10,194.0,Droite,2012,législative
35,263,Saint-Coulomb,2146,1332,797,1349,17,11,132.0,Extrême Droite,2012,législative
35,264,Saint-Didier,1317,750,555,762,12,0,5.0,Extrême Gauche,2012,législative
35,264,Saint-Didier,1317,750,555,762,12,1,16.0,Gauche,2012,législative
35,264,Saint-Didier,1317,750,555,762,12,2,253.0,Gauche,2012,législative
35,264,Saint-Didier,1317,750,555,762,12,3,46.0,Écologie,2012,législative
35,264,Saint-Didier,1317,750,555,762,12,4,20.0,Centre,2012,législative
35,264,Saint-Didier,1317,750,555,762,12,5,309.0,Droite,2012,législative
35,264,Saint-Didier,1317,750,555,762,12,6,20.0,Droite,2012,législative
35,264,Saint-Didier,1317,750,555,762,12,7,6.0,Droite,2012,législative
35,264,Saint-Didier,1317,750,555,762,12,8,75.0,Extrême Droite,2012,législative
35,265,Saint-Domineuc,1574,1023,518,1056,33,0,5.0,Extrême Gauche,2012,législative
35,265,Saint-Domineuc,1574,1023,518,1056,33,1,6.0,Extrême Gauche,2012,législative
35,265,Saint-Domineuc,1574,1023,518,1056,33,2,3.0,Extrême Gauche,2012,législative
35,265,Saint-Domineuc,1574,1023,518,1056,33,3,37.0,Gauche,2012,législative
35,265,Saint-Domineuc,1574,1023,518,1056,33,4,536.0,Gauche,2012,législative
35,265,Saint-Domineuc,1574,1023,518,1056,33,5,42.0,Écologie,2012,législative
35,265,Saint-Domineuc,1574,1023,518,1056,33,6,3.0,Régionalisme,2012,législative
35,265,Saint-Domineuc,1574,1023,518,1056,33,7,3.0,Divers,2012,législative
35,265,Saint-Domineuc,1574,1023,518,1056,33,8,0.0,Divers,2012,législative
35,265,Saint-Domineuc,1574,1023,518,1056,33,9,262.0,Droite,2012,législative
35,265,Saint-Domineuc,1574,1023,518,1056,33,10,30.0,Droite,2012,législative
35,265,Saint-Domineuc,1574,1023,518,1056,33,11,96.0,Extrême Droite,2012,législative
35,266,Saint-Erblon,1855,1178,656,1199,21,0,2.0,Extrême Gauche,2012,législative
35,266,Saint-Erblon,1855,1178,656,1199,21,1,7.0,Extrême Gauche,2012,législative
35,266,Saint-Erblon,1855,1178,656,1199,21,2,33.0,Gauche,2012,législative
35,266,Saint-Erblon,1855,1178,656,1199,21,3,377.0,Gauche,2012,législative
35,266,Saint-Erblon,1855,1178,656,1199,21,4,184.0,Gauche,2012,législative
35,266,Saint-Erblon,1855,1178,656,1199,21,5,11.0,Gauche,2012,législative
35,266,Saint-Erblon,1855,1178,656,1199,21,6,73.0,Écologie,2012,législative
35,266,Saint-Erblon,1855,1178,656,1199,21,7,16.0,Régionalisme,2012,législative
35,266,Saint-Erblon,1855,1178,656,1199,21,8,9.0,Écologie,2012,législative
35,266,Saint-Erblon,1855,1178,656,1199,21,9,3.0,Divers,2012,législative
35,266,Saint-Erblon,1855,1178,656,1199,21,10,287.0,Droite,2012,législative
35,266,Saint-Erblon,1855,1178,656,1199,21,11,21.0,Droite,2012,législative
35,266,Saint-Erblon,1855,1178,656,1199,21,12,42.0,Droite,2012,législative
35,266,Saint-Erblon,1855,1178,656,1199,21,13,113.0,Extrême Droite,2012,législative
35,267,Saint-Etienne-en-Coglès,1290,753,521,769,16,0,7.0,Extrême Gauche,2012,législative
35,267,Saint-Etienne-en-Coglès,1290,753,521,769,16,1,14.0,Extrême Gauche,2012,législative
35,267,Saint-Etienne-en-Coglès,1290,753,521,769,16,2,23.0,Gauche,2012,législative
35,267,Saint-Etienne-en-Coglès,1290,753,521,769,16,3,245.0,Gauche,2012,législative
35,267,Saint-Etienne-en-Coglès,1290,753,521,769,16,4,61.0,Écologie,2012,législative
35,267,Saint-Etienne-en-Coglès,1290,753,521,769,16,5,0.0,Divers,2012,législative
35,267,Saint-Etienne-en-Coglès,1290,753,521,769,16,6,321.0,Droite,2012,législative
35,267,Saint-Etienne-en-Coglès,1290,753,521,769,16,7,6.0,Droite,2012,législative
35,267,Saint-Etienne-en-Coglès,1290,753,521,769,16,8,76.0,Extrême Droite,2012,législative
35,268,Saint-Ganton,338,184,150,188,4,0,1.0,Extrême Gauche,2012,législative
35,268,Saint-Ganton,338,184,150,188,4,1,1.0,Extrême Gauche,2012,législative
35,268,Saint-Ganton,338,184,150,188,4,2,16.0,Gauche,2012,législative
35,268,Saint-Ganton,338,184,150,188,4,3,85.0,Gauche,2012,législative
35,268,Saint-Ganton,338,184,150,188,4,4,10.0,Régionalisme,2012,législative
35,268,Saint-Ganton,338,184,150,188,4,5,36.0,Droite,2012,législative
35,268,Saint-Ganton,338,184,150,188,4,6,6.0,Droite,2012,législative
35,268,Saint-Ganton,338,184,150,188,4,7,29.0,Extrême Droite,2012,législative
35,269,Saint-Georges-de-Chesné,433,272,150,283,11,0,0.0,Extrême Gauche,2012,législative
35,269,Saint-Georges-de-Chesné,433,272,150,283,11,1,1.0,Extrême Gauche,2012,législative
35,269,Saint-Georges-de-Chesné,433,272,150,283,11,2,2.0,Gauche,2012,législative
35,269,Saint-Georges-de-Chesné,433,272,150,283,11,3,67.0,Gauche,2012,législative
35,269,Saint-Georges-de-Chesné,433,272,150,283,11,4,30.0,Écologie,2012,législative
35,269,Saint-Georges-de-Chesné,433,272,150,283,11,5,1.0,Divers,2012,législative
35,269,Saint-Georges-de-Chesné,433,272,150,283,11,6,137.0,Droite,2012,législative
35,269,Saint-Georges-de-Chesné,433,272,150,283,11,7,10.0,Droite,2012,législative
35,269,Saint-Georges-de-Chesné,433,272,150,283,11,8,24.0,Extrême Droite,2012,législative
35,270,Saint-Georges-de-Gréhaigne,306,196,102,204,8,0,2.0,Extrême Gauche,2012,législative
35,270,Saint-Georges-de-Gréhaigne,306,196,102,204,8,1,0.0,Extrême Gauche,2012,législative
35,270,Saint-Georges-de-Gréhaigne,306,196,102,204,8,2,11.0,Gauche,2012,législative
35,270,Saint-Georges-de-Gréhaigne,306,196,102,204,8,3,46.0,Gauche,2012,législative
35,270,Saint-Georges-de-Gréhaigne,306,196,102,204,8,4,18.0,Écologie,2012,législative
35,270,Saint-Georges-de-Gréhaigne,306,196,102,204,8,5,0.0,Divers,2012,législative
35,270,Saint-Georges-de-Gréhaigne,306,196,102,204,8,6,79.0,Droite,2012,législative
35,270,Saint-Georges-de-Gréhaigne,306,196,102,204,8,7,4.0,Droite,2012,législative
35,270,Saint-Georges-de-Gréhaigne,306,196,102,204,8,8,36.0,Extrême Droite,2012,législative
35,271,Saint-Georges-de-Reintembault,1053,581,456,597,16,0,3.0,Extrême Gauche,2012,législative
35,271,Saint-Georges-de-Reintembault,1053,581,456,597,16,1,2.0,Extrême Gauche,2012,législative
35,271,Saint-Georges-de-Reintembault,1053,581,456,597,16,2,4.0,Gauche,2012,législative
35,271,Saint-Georges-de-Reintembault,1053,581,456,597,16,3,133.0,Gauche,2012,législative
35,271,Saint-Georges-de-Reintembault,1053,581,456,597,16,4,38.0,Écologie,2012,législative
35,271,Saint-Georges-de-Reintembault,1053,581,456,597,16,5,0.0,Divers,2012,législative
35,271,Saint-Georges-de-Reintembault,1053,581,456,597,16,6,333.0,Droite,2012,législative
35,271,Saint-Georges-de-Reintembault,1053,581,456,597,16,7,4.0,Droite,2012,législative
35,271,Saint-Georges-de-Reintembault,1053,581,456,597,16,8,64.0,Extrême Droite,2012,législative
35,272,Saint-Germain-du-Pinel,664,347,310,354,7,0,2.0,Extrême Gauche,2012,législative
35,272,Saint-Germain-du-Pinel,664,347,310,354,7,1,7.0,Gauche,2012,législative
35,272,Saint-Germain-du-Pinel,664,347,310,354,7,2,70.0,Gauche,2012,législative
35,272,Saint-Germain-du-Pinel,664,347,310,354,7,3,9.0,Écologie,2012,législative
35,272,Saint-Germain-du-Pinel,664,347,310,354,7,4,23.0,Centre,2012,législative
35,272,Saint-Germain-du-Pinel,664,347,310,354,7,5,187.0,Droite,2012,législative
35,272,Saint-Germain-du-Pinel,664,347,310,354,7,6,11.0,Droite,2012,législative
35,272,Saint-Germain-du-Pinel,664,347,310,354,7,7,4.0,Droite,2012,législative
35,272,Saint-Germain-du-Pinel,664,347,310,354,7,8,34.0,Extrême Droite,2012,législative
35,273,Saint-Germain-en-Coglès,1547,939,580,967,28,0,0.0,Extrême Gauche,2012,législative
35,273,Saint-Germain-en-Coglès,1547,939,580,967,28,1,11.0,Extrême Gauche,2012,législative
35,273,Saint-Germain-en-Coglès,1547,939,580,967,28,2,20.0,Gauche,2012,législative
35,273,Saint-Germain-en-Coglès,1547,939,580,967,28,3,236.0,Gauche,2012,législative
35,273,Saint-Germain-en-Coglès,1547,939,580,967,28,4,98.0,Écologie,2012,législative
35,273,Saint-Germain-en-Coglès,1547,939,580,967,28,5,4.0,Divers,2012,législative
35,273,Saint-Germain-en-Coglès,1547,939,580,967,28,6,484.0,Droite,2012,législative
35,273,Saint-Germain-en-Coglès,1547,939,580,967,28,7,13.0,Droite,2012,législative
35,273,Saint-Germain-en-Coglès,1547,939,580,967,28,8,73.0,Extrême Droite,2012,législative
35,274,Saint-Germain-sur-Ille,626,408,211,415,7,0,2.0,Extrême Gauche,2012,législative
35,274,Saint-Germain-sur-Ille,626,408,211,415,7,1,7.0,Extrême Gauche,2012,législative
35,274,Saint-Germain-sur-Ille,626,408,211,415,7,2,20.0,Gauche,2012,législative
35,274,Saint-Germain-sur-Ille,626,408,211,415,7,3,99.0,Gauche,2012,législative
35,274,Saint-Germain-sur-Ille,626,408,211,415,7,4,169.0,Écologie,2012,législative
35,274,Saint-Germain-sur-Ille,626,408,211,415,7,5,0.0,Divers,2012,législative
35,274,Saint-Germain-sur-Ille,626,408,211,415,7,6,79.0,Droite,2012,législative
35,274,Saint-Germain-sur-Ille,626,408,211,415,7,7,6.0,Droite,2012,législative
35,274,Saint-Germain-sur-Ille,626,408,211,415,7,8,26.0,Extrême Droite,2012,législative
35,275,Saint-Gilles,2806,1817,944,1862,45,0,12.0,Extrême Gauche,2012,législative
35,275,Saint-Gilles,2806,1817,944,1862,45,1,9.0,Extrême Gauche,2012,législative
35,275,Saint-Gilles,2806,1817,944,1862,45,2,6.0,Extrême Gauche,2012,législative
35,275,Saint-Gilles,2806,1817,944,1862,45,3,67.0,Gauche,2012,législative
35,275,Saint-Gilles,2806,1817,944,1862,45,4,958.0,Gauche,2012,législative
35,275,Saint-Gilles,2806,1817,944,1862,45,5,97.0,Écologie,2012,législative
35,275,Saint-Gilles,2806,1817,944,1862,45,6,11.0,Écologie,2012,législative
35,275,Saint-Gilles,2806,1817,944,1862,45,7,8.0,Divers,2012,législative
35,275,Saint-Gilles,2806,1817,944,1862,45,8,3.0,Divers,2012,législative
35,275,Saint-Gilles,2806,1817,944,1862,45,9,0.0,Divers,2012,législative
35,275,Saint-Gilles,2806,1817,944,1862,45,10,6.0,Divers,2012,législative
35,275,Saint-Gilles,2806,1817,944,1862,45,11,26.0,Droite,2012,législative
35,275,Saint-Gilles,2806,1817,944,1862,45,12,476.0,Droite,2012,législative
35,275,Saint-Gilles,2806,1817,944,1862,45,13,138.0,Extrême Droite,2012,législative
35,276,Saint-Gondran,393,242,147,246,4,0,1.0,Extrême Gauche,2012,législative
35,276,Saint-Gondran,393,242,147,246,4,1,1.0,Extrême Gauche,2012,législative
35,276,Saint-Gondran,393,242,147,246,4,2,13.0,Gauche,2012,législative
35,276,Saint-Gondran,393,242,147,246,4,3,113.0,Gauche,2012,législative
35,276,Saint-Gondran,393,242,147,246,4,4,26.0,Écologie,2012,législative
35,276,Saint-Gondran,393,242,147,246,4,5,1.0,Régionalisme,2012,législative
35,276,Saint-Gondran,393,242,147,246,4,6,62.0,Droite,2012,législative
35,276,Saint-Gondran,393,242,147,246,4,7,25.0,Extrême Droite,2012,législative
35,277,Saint-Gonlay,266,166,97,169,3,0,0.0,Extrême Gauche,2012,législative
35,277,Saint-Gonlay,266,166,97,169,3,1,1.0,Extrême Gauche,2012,législative
35,277,Saint-Gonlay,266,166,97,169,3,2,3.0,Extrême Gauche,2012,législative
35,277,Saint-Gonlay,266,166,97,169,3,3,6.0,Gauche,2012,législative
35,277,Saint-Gonlay,266,166,97,169,3,4,69.0,Gauche,2012,législative
35,277,Saint-Gonlay,266,166,97,169,3,5,13.0,Écologie,2012,législative
35,277,Saint-Gonlay,266,166,97,169,3,6,5.0,Régionalisme,2012,législative
35,277,Saint-Gonlay,266,166,97,169,3,7,1.0,Divers,2012,législative
35,277,Saint-Gonlay,266,166,97,169,3,8,0.0,Divers,2012,législative
35,277,Saint-Gonlay,266,166,97,169,3,9,48.0,Droite,2012,législative
35,277,Saint-Gonlay,266,166,97,169,3,10,3.0,Droite,2012,législative
35,277,Saint-Gonlay,266,166,97,169,3,11,17.0,Extrême Droite,2012,législative
35,278,Saint-Grégoire,7105,4449,2605,4500,51,0,15.0,Extrême Gauche,2012,législative
35,278,Saint-Grégoire,7105,4449,2605,4500,51,1,7.0,Extrême Gauche,2012,législative
35,278,Saint-Grégoire,7105,4449,2605,4500,51,2,129.0,Gauche,2012,législative
35,278,Saint-Grégoire,7105,4449,2605,4500,51,3,1915.0,Gauche,2012,législative
35,278,Saint-Grégoire,7105,4449,2605,4500,51,4,275.0,Écologie,2012,législative
35,278,Saint-Grégoire,7105,4449,2605,4500,51,5,26.0,Régionalisme,2012,législative
35,278,Saint-Grégoire,7105,4449,2605,4500,51,6,1906.0,Droite,2012,législative
35,278,Saint-Grégoire,7105,4449,2605,4500,51,7,176.0,Extrême Droite,2012,législative
35,279,Saint-Guinoux,711,449,256,455,6,0,1.0,Extrême Gauche,2012,législative
35,279,Saint-Guinoux,711,449,256,455,6,1,2.0,Extrême Gauche,2012,législative
35,279,Saint-Guinoux,711,449,256,455,6,2,11.0,Gauche,2012,législative
35,279,Saint-Guinoux,711,449,256,455,6,3,170.0,Gauche,2012,législative
35,279,Saint-Guinoux,711,449,256,455,6,4,18.0,Gauche,2012,législative
35,279,Saint-Guinoux,711,449,256,455,6,5,8.0,Écologie,2012,législative
35,279,Saint-Guinoux,711,449,256,455,6,6,5.0,Régionalisme,2012,législative
35,279,Saint-Guinoux,711,449,256,455,6,7,1.0,Écologie,2012,législative
35,279,Saint-Guinoux,711,449,256,455,6,8,84.0,Droite,2012,législative
35,279,Saint-Guinoux,711,449,256,455,6,9,40.0,Droite,2012,législative
35,279,Saint-Guinoux,711,449,256,455,6,10,74.0,Droite,2012,législative
35,279,Saint-Guinoux,711,449,256,455,6,11,35.0,Extrême Droite,2012,législative
35,280,Saint-Hilaire-des-Landes,704,439,253,451,12,0,0.0,Extrême Gauche,2012,législative
35,280,Saint-Hilaire-des-Landes,704,439,253,451,12,1,2.0,Extrême Gauche,2012,législative
35,280,Saint-Hilaire-des-Landes,704,439,253,451,12,2,14.0,Gauche,2012,législative
35,280,Saint-Hilaire-des-Landes,704,439,253,451,12,3,151.0,Gauche,2012,législative
35,280,Saint-Hilaire-des-Landes,704,439,253,451,12,4,42.0,Écologie,2012,législative
35,280,Saint-Hilaire-des-Landes,704,439,253,451,12,5,0.0,Divers,2012,législative
35,280,Saint-Hilaire-des-Landes,704,439,253,451,12,6,187.0,Droite,2012,législative
35,280,Saint-Hilaire-des-Landes,704,439,253,451,12,7,3.0,Droite,2012,législative
35,280,Saint-Hilaire-des-Landes,704,439,253,451,12,8,40.0,Extrême Droite,2012,législative
35,281,Saint-Jacques-de-la-Lande,6558,3575,2912,3646,71,0,30.0,Extrême Gauche,2012,législative
35,281,Saint-Jacques-de-la-Lande,6558,3575,2912,3646,71,1,40.0,Extrême Gauche,2012,législative
35,281,Saint-Jacques-de-la-Lande,6558,3575,2912,3646,71,2,11.0,Extrême Gauche,2012,législative
35,281,Saint-Jacques-de-la-Lande,6558,3575,2912,3646,71,3,222.0,Gauche,2012,législative
35,281,Saint-Jacques-de-la-Lande,6558,3575,2912,3646,71,4,1887.0,Gauche,2012,législative
35,281,Saint-Jacques-de-la-Lande,6558,3575,2912,3646,71,5,311.0,Écologie,2012,législative
35,281,Saint-Jacques-de-la-Lande,6558,3575,2912,3646,71,6,44.0,Écologie,2012,législative
35,281,Saint-Jacques-de-la-Lande,6558,3575,2912,3646,71,7,28.0,Divers,2012,législative
35,281,Saint-Jacques-de-la-Lande,6558,3575,2912,3646,71,8,9.0,Divers,2012,législative
35,281,Saint-Jacques-de-la-Lande,6558,3575,2912,3646,71,9,1.0,Divers,2012,législative
35,281,Saint-Jacques-de-la-Lande,6558,3575,2912,3646,71,10,7.0,Divers,2012,législative
35,281,Saint-Jacques-de-la-Lande,6558,3575,2912,3646,71,11,49.0,Droite,2012,législative
35,281,Saint-Jacques-de-la-Lande,6558,3575,2912,3646,71,12,645.0,Droite,2012,législative
35,281,Saint-Jacques-de-la-Lande,6558,3575,2912,3646,71,13,291.0,Extrême Droite,2012,législative
35,282,Saint-Jean-sur-Couesnon,762,459,297,465,6,0,2.0,Extrême Gauche,2012,législative
35,282,Saint-Jean-sur-Couesnon,762,459,297,465,6,1,4.0,Extrême Gauche,2012,législative
35,282,Saint-Jean-sur-Couesnon,762,459,297,465,6,2,9.0,Gauche,2012,législative
35,282,Saint-Jean-sur-Couesnon,762,459,297,465,6,3,136.0,Gauche,2012,législative
35,282,Saint-Jean-sur-Couesnon,762,459,297,465,6,4,53.0,Écologie,2012,législative
35,282,Saint-Jean-sur-Couesnon,762,459,297,465,6,5,1.0,Divers,2012,législative
35,282,Saint-Jean-sur-Couesnon,762,459,297,465,6,6,207.0,Droite,2012,législative
35,282,Saint-Jean-sur-Couesnon,762,459,297,465,6,7,8.0,Droite,2012,législative
35,282,Saint-Jean-sur-Couesnon,762,459,297,465,6,8,39.0,Extrême Droite,2012,législative
35,283,Saint-Jean-sur-Vilaine,801,480,318,483,3,0,3.0,Extrême Gauche,2012,législative
35,283,Saint-Jean-sur-Vilaine,801,480,318,483,3,1,16.0,Gauche,2012,législative
35,283,Saint-Jean-sur-Vilaine,801,480,318,483,3,2,156.0,Gauche,2012,législative
35,283,Saint-Jean-sur-Vilaine,801,480,318,483,3,3,16.0,Écologie,2012,législative
35,283,Saint-Jean-sur-Vilaine,801,480,318,483,3,4,26.0,Centre,2012,législative
35,283,Saint-Jean-sur-Vilaine,801,480,318,483,3,5,228.0,Droite,2012,législative
35,283,Saint-Jean-sur-Vilaine,801,480,318,483,3,6,7.0,Droite,2012,législative
35,283,Saint-Jean-sur-Vilaine,801,480,318,483,3,7,3.0,Droite,2012,législative
35,283,Saint-Jean-sur-Vilaine,801,480,318,483,3,8,25.0,Extrême Droite,2012,législative
35,284,Saint-Jouan-des-Guérets,2249,1455,778,1471,16,0,7.0,Extrême Gauche,2012,législative
35,284,Saint-Jouan-des-Guérets,2249,1455,778,1471,16,1,4.0,Extrême Gauche,2012,législative
35,284,Saint-Jouan-des-Guérets,2249,1455,778,1471,16,2,36.0,Gauche,2012,législative
35,284,Saint-Jouan-des-Guérets,2249,1455,778,1471,16,3,524.0,Gauche,2012,législative
35,284,Saint-Jouan-des-Guérets,2249,1455,778,1471,16,4,86.0,Gauche,2012,législative
35,284,Saint-Jouan-des-Guérets,2249,1455,778,1471,16,5,38.0,Écologie,2012,législative
35,284,Saint-Jouan-des-Guérets,2249,1455,778,1471,16,6,3.0,Régionalisme,2012,législative
35,284,Saint-Jouan-des-Guérets,2249,1455,778,1471,16,7,9.0,Écologie,2012,législative
35,284,Saint-Jouan-des-Guérets,2249,1455,778,1471,16,8,96.0,Droite,2012,législative
35,284,Saint-Jouan-des-Guérets,2249,1455,778,1471,16,9,202.0,Droite,2012,législative
35,284,Saint-Jouan-des-Guérets,2249,1455,778,1471,16,10,346.0,Droite,2012,législative
35,284,Saint-Jouan-des-Guérets,2249,1455,778,1471,16,11,104.0,Extrême Droite,2012,législative
35,285,Saint-Just,871,509,358,513,4,0,5.0,Extrême Gauche,2012,législative
35,285,Saint-Just,871,509,358,513,4,1,1.0,Extrême Gauche,2012,législative
35,285,Saint-Just,871,509,358,513,4,2,21.0,Gauche,2012,législative
35,285,Saint-Just,871,509,358,513,4,3,234.0,Gauche,2012,législative
35,285,Saint-Just,871,509,358,513,4,4,27.0,Régionalisme,2012,législative
35,285,Saint-Just,871,509,358,513,4,5,157.0,Droite,2012,législative
35,285,Saint-Just,871,509,358,513,4,6,9.0,Droite,2012,législative
35,285,Saint-Just,871,509,358,513,4,7,55.0,Extrême Droite,2012,législative
35,286,Saint-Léger-des-Prés,188,121,66,122,1,0,1.0,Extrême Gauche,2012,législative
35,286,Saint-Léger-des-Prés,188,121,66,122,1,1,2.0,Extrême Gauche,2012,législative
35,286,Saint-Léger-des-Prés,188,121,66,122,1,2,1.0,Extrême Gauche,2012,législative
35,286,Saint-Léger-des-Prés,188,121,66,122,1,3,1.0,Gauche,2012,législative
35,286,Saint-Léger-des-Prés,188,121,66,122,1,4,60.0,Gauche,2012,législative
35,286,Saint-Léger-des-Prés,188,121,66,122,1,5,9.0,Écologie,2012,législative
35,286,Saint-Léger-des-Prés,188,121,66,122,1,6,1.0,Régionalisme,2012,législative
35,286,Saint-Léger-des-Prés,188,121,66,122,1,7,1.0,Divers,2012,législative
35,286,Saint-Léger-des-Prés,188,121,66,122,1,8,0.0,Divers,2012,législative
35,286,Saint-Léger-des-Prés,188,121,66,122,1,9,35.0,Droite,2012,législative
35,286,Saint-Léger-des-Prés,188,121,66,122,1,10,2.0,Droite,2012,législative
35,286,Saint-Léger-des-Prés,188,121,66,122,1,11,8.0,Extrême Droite,2012,législative
35,287,Saint-Lunaire,2023,1424,587,1436,12,0,4.0,Extrême Gauche,2012,législative
35,287,Saint-Lunaire,2023,1424,587,1436,12,1,3.0,Extrême Gauche,2012,législative
35,287,Saint-Lunaire,2023,1424,587,1436,12,2,36.0,Gauche,2012,législative
35,287,Saint-Lunaire,2023,1424,587,1436,12,3,211.0,Gauche,2012,législative
35,287,Saint-Lunaire,2023,1424,587,1436,12,4,493.0,Gauche,2012,législative
35,287,Saint-Lunaire,2023,1424,587,1436,12,5,49.0,Écologie,2012,législative
35,287,Saint-Lunaire,2023,1424,587,1436,12,6,9.0,Régionalisme,2012,législative
35,287,Saint-Lunaire,2023,1424,587,1436,12,7,12.0,Écologie,2012,législative
35,287,Saint-Lunaire,2023,1424,587,1436,12,8,43.0,Droite,2012,législative
35,287,Saint-Lunaire,2023,1424,587,1436,12,9,311.0,Droite,2012,législative
35,287,Saint-Lunaire,2023,1424,587,1436,12,10,146.0,Droite,2012,législative
35,287,Saint-Lunaire,2023,1424,587,1436,12,11,107.0,Extrême Droite,2012,législative
35,288,Saint-Malo,37163,21585,15363,21800,215,0,173.0,Extrême Gauche,2012,législative
35,288,Saint-Malo,37163,21585,15363,21800,215,1,55.0,Extrême Gauche,2012,législative
35,288,Saint-Malo,37163,21585,15363,21800,215,2,547.0,Gauche,2012,législative
35,288,Saint-Malo,37163,21585,15363,21800,215,3,6991.0,Gauche,2012,législative
35,288,Saint-Malo,37163,21585,15363,21800,215,4,1112.0,Gauche,2012,législative
35,288,Saint-Malo,37163,21585,15363,21800,215,5,700.0,Écologie,2012,législative
35,288,Saint-Malo,37163,21585,15363,21800,215,6,85.0,Régionalisme,2012,législative
35,288,Saint-Malo,37163,21585,15363,21800,215,7,109.0,Écologie,2012,législative
35,288,Saint-Malo,37163,21585,15363,21800,215,8,821.0,Droite,2012,législative
35,288,Saint-Malo,37163,21585,15363,21800,215,9,3594.0,Droite,2012,législative
35,288,Saint-Malo,37163,21585,15363,21800,215,10,6174.0,Droite,2012,législative
35,288,Saint-Malo,37163,21585,15363,21800,215,11,1224.0,Extrême Droite,2012,législative
35,289,Saint-Malo-de-Phily,645,371,264,381,10,0,7.0,Extrême Gauche,2012,législative
35,289,Saint-Malo-de-Phily,645,371,264,381,10,1,4.0,Extrême Gauche,2012,législative
35,289,Saint-Malo-de-Phily,645,371,264,381,10,2,17.0,Gauche,2012,législative
35,289,Saint-Malo-de-Phily,645,371,264,381,10,3,180.0,Gauche,2012,législative
35,289,Saint-Malo-de-Phily,645,371,264,381,10,4,9.0,Régionalisme,2012,législative
35,289,Saint-Malo-de-Phily,645,371,264,381,10,5,84.0,Droite,2012,législative
35,289,Saint-Malo-de-Phily,645,371,264,381,10,6,13.0,Droite,2012,législative
35,289,Saint-Malo-de-Phily,645,371,264,381,10,7,57.0,Extrême Droite,2012,législative
35,290,Saint-Malon-sur-Mel,425,242,179,246,4,0,1.0,Extrême Gauche,2012,législative
35,290,Saint-Malon-sur-Mel,425,242,179,246,4,1,1.0,Extrême Gauche,2012,législative
35,290,Saint-Malon-sur-Mel,425,242,179,246,4,2,1.0,Extrême Gauche,2012,législative
35,290,Saint-Malon-sur-Mel,425,242,179,246,4,3,11.0,Gauche,2012,législative
35,290,Saint-Malon-sur-Mel,425,242,179,246,4,4,98.0,Gauche,2012,législative
35,290,Saint-Malon-sur-Mel,425,242,179,246,4,5,14.0,Écologie,2012,législative
35,290,Saint-Malon-sur-Mel,425,242,179,246,4,6,2.0,Régionalisme,2012,législative
35,290,Saint-Malon-sur-Mel,425,242,179,246,4,7,1.0,Divers,2012,législative
35,290,Saint-Malon-sur-Mel,425,242,179,246,4,8,0.0,Divers,2012,législative
35,290,Saint-Malon-sur-Mel,425,242,179,246,4,9,74.0,Droite,2012,législative
35,290,Saint-Malon-sur-Mel,425,242,179,246,4,10,2.0,Droite,2012,législative
35,290,Saint-Malon-sur-Mel,425,242,179,246,4,11,37.0,Extrême Droite,2012,législative
35,291,Saint-Marcan,330,211,117,213,2,0,0.0,Extrême Gauche,2012,législative
35,291,Saint-Marcan,330,211,117,213,2,1,2.0,Extrême Gauche,2012,législative
35,291,Saint-Marcan,330,211,117,213,2,2,19.0,Gauche,2012,législative
35,291,Saint-Marcan,330,211,117,213,2,3,54.0,Gauche,2012,législative
35,291,Saint-Marcan,330,211,117,213,2,4,22.0,Écologie,2012,législative
35,291,Saint-Marcan,330,211,117,213,2,5,0.0,Divers,2012,législative
35,291,Saint-Marcan,330,211,117,213,2,6,65.0,Droite,2012,législative
35,291,Saint-Marcan,330,211,117,213,2,7,2.0,Droite,2012,législative
35,291,Saint-Marcan,330,211,117,213,2,8,47.0,Extrême Droite,2012,législative
35,292,Saint-Marc-le-Blanc,983,632,340,643,11,0,8.0,Extrême Gauche,2012,législative
35,292,Saint-Marc-le-Blanc,983,632,340,643,11,1,10.0,Extrême Gauche,2012,législative
35,292,Saint-Marc-le-Blanc,983,632,340,643,11,2,20.0,Gauche,2012,législative
35,292,Saint-Marc-le-Blanc,983,632,340,643,11,3,241.0,Gauche,2012,législative
35,292,Saint-Marc-le-Blanc,983,632,340,643,11,4,60.0,Écologie,2012,législative
35,292,Saint-Marc-le-Blanc,983,632,340,643,11,5,2.0,Divers,2012,législative
35,292,Saint-Marc-le-Blanc,983,632,340,643,11,6,236.0,Droite,2012,législative
35,292,Saint-Marc-le-Blanc,983,632,340,643,11,7,6.0,Droite,2012,législative
35,292,Saint-Marc-le-Blanc,983,632,340,643,11,8,49.0,Extrême Droite,2012,législative
35,293,Saint-Marc-sur-Couesnon,395,260,131,264,4,0,0.0,Extrême Gauche,2012,législative
35,293,Saint-Marc-sur-Couesnon,395,260,131,264,4,1,2.0,Extrême Gauche,2012,législative
35,293,Saint-Marc-sur-Couesnon,395,260,131,264,4,2,14.0,Gauche,2012,législative
35,293,Saint-Marc-sur-Couesnon,395,260,131,264,4,3,75.0,Gauche,2012,législative
35,293,Saint-Marc-sur-Couesnon,395,260,131,264,4,4,27.0,Écologie,2012,législative
35,293,Saint-Marc-sur-Couesnon,395,260,131,264,4,5,3.0,Divers,2012,législative
35,293,Saint-Marc-sur-Couesnon,395,260,131,264,4,6,106.0,Droite,2012,législative
35,293,Saint-Marc-sur-Couesnon,395,260,131,264,4,7,1.0,Droite,2012,législative
35,293,Saint-Marc-sur-Couesnon,395,260,131,264,4,8,32.0,Extrême Droite,2012,législative
35,294,Sainte-Marie,1633,926,691,942,16,0,4.0,Extrême Gauche,2012,législative
35,294,Sainte-Marie,1633,926,691,942,16,1,5.0,Extrême Gauche,2012,législative
35,294,Sainte-Marie,1633,926,691,942,16,2,34.0,Gauche,2012,législative
35,294,Sainte-Marie,1633,926,691,942,16,3,456.0,Gauche,2012,législative
35,294,Sainte-Marie,1633,926,691,942,16,4,38.0,Régionalisme,2012,législative
35,294,Sainte-Marie,1633,926,691,942,16,5,295.0,Droite,2012,législative
35,294,Sainte-Marie,1633,926,691,942,16,6,7.0,Droite,2012,législative
35,294,Sainte-Marie,1633,926,691,942,16,7,87.0,Extrême Droite,2012,législative
35,295,Saint-Maugan,369,219,141,228,9,0,3.0,Extrême Gauche,2012,législative
35,295,Saint-Maugan,369,219,141,228,9,1,2.0,Extrême Gauche,2012,législative
35,295,Saint-Maugan,369,219,141,228,9,2,0.0,Extrême Gauche,2012,législative
35,295,Saint-Maugan,369,219,141,228,9,3,6.0,Gauche,2012,législative
35,295,Saint-Maugan,369,219,141,228,9,4,71.0,Gauche,2012,législative
35,295,Saint-Maugan,369,219,141,228,9,5,21.0,Écologie,2012,législative
35,295,Saint-Maugan,369,219,141,228,9,6,3.0,Régionalisme,2012,législative
35,295,Saint-Maugan,369,219,141,228,9,7,0.0,Divers,2012,législative
35,295,Saint-Maugan,369,219,141,228,9,8,0.0,Divers,2012,législative
35,295,Saint-Maugan,369,219,141,228,9,9,86.0,Droite,2012,législative
35,295,Saint-Maugan,369,219,141,228,9,10,5.0,Droite,2012,législative
35,295,Saint-Maugan,369,219,141,228,9,11,22.0,Extrême Droite,2012,législative
35,296,Saint-Médard-sur-Ille,982,585,390,592,7,0,6.0,Extrême Gauche,2012,législative
35,296,Saint-Médard-sur-Ille,982,585,390,592,7,1,9.0,Extrême Gauche,2012,législative
35,296,Saint-Médard-sur-Ille,982,585,390,592,7,2,25.0,Gauche,2012,législative
35,296,Saint-Médard-sur-Ille,982,585,390,592,7,3,179.0,Gauche,2012,législative
35,296,Saint-Médard-sur-Ille,982,585,390,592,7,4,168.0,Écologie,2012,législative
35,296,Saint-Médard-sur-Ille,982,585,390,592,7,5,1.0,Divers,2012,législative
35,296,Saint-Médard-sur-Ille,982,585,390,592,7,6,108.0,Droite,2012,législative
35,296,Saint-Médard-sur-Ille,982,585,390,592,7,7,13.0,Droite,2012,législative
35,296,Saint-Médard-sur-Ille,982,585,390,592,7,8,76.0,Extrême Droite,2012,législative
35,297,Saint-Méen-le-Grand,2948,1699,1218,1730,31,0,3.0,Extrême Gauche,2012,législative
35,297,Saint-Méen-le-Grand,2948,1699,1218,1730,31,1,10.0,Extrême Gauche,2012,législative
35,297,Saint-Méen-le-Grand,2948,1699,1218,1730,31,2,6.0,Extrême Gauche,2012,législative
35,297,Saint-Méen-le-Grand,2948,1699,1218,1730,31,3,47.0,Gauche,2012,législative
35,297,Saint-Méen-le-Grand,2948,1699,1218,1730,31,4,675.0,Gauche,2012,législative
35,297,Saint-Méen-le-Grand,2948,1699,1218,1730,31,5,41.0,Écologie,2012,législative
35,297,Saint-Méen-le-Grand,2948,1699,1218,1730,31,6,9.0,Régionalisme,2012,législative
35,297,Saint-Méen-le-Grand,2948,1699,1218,1730,31,7,10.0,Divers,2012,législative
35,297,Saint-Méen-le-Grand,2948,1699,1218,1730,31,8,0.0,Divers,2012,législative
35,297,Saint-Méen-le-Grand,2948,1699,1218,1730,31,9,706.0,Droite,2012,législative
35,297,Saint-Méen-le-Grand,2948,1699,1218,1730,31,10,44.0,Droite,2012,législative
35,297,Saint-Méen-le-Grand,2948,1699,1218,1730,31,11,148.0,Extrême Droite,2012,législative
35,299,Saint-Méloir-des-Ondes,2908,1673,1210,1698,25,0,12.0,Extrême Gauche,2012,législative
35,299,Saint-Méloir-des-Ondes,2908,1673,1210,1698,25,1,5.0,Extrême Gauche,2012,législative
35,299,Saint-Méloir-des-Ondes,2908,1673,1210,1698,25,2,26.0,Gauche,2012,législative
35,299,Saint-Méloir-des-Ondes,2908,1673,1210,1698,25,3,572.0,Gauche,2012,législative
35,299,Saint-Méloir-des-Ondes,2908,1673,1210,1698,25,4,73.0,Gauche,2012,législative
35,299,Saint-Méloir-des-Ondes,2908,1673,1210,1698,25,5,24.0,Écologie,2012,législative
35,299,Saint-Méloir-des-Ondes,2908,1673,1210,1698,25,6,6.0,Régionalisme,2012,législative
35,299,Saint-Méloir-des-Ondes,2908,1673,1210,1698,25,7,9.0,Écologie,2012,législative
35,299,Saint-Méloir-des-Ondes,2908,1673,1210,1698,25,8,219.0,Droite,2012,législative
35,299,Saint-Méloir-des-Ondes,2908,1673,1210,1698,25,9,271.0,Droite,2012,législative
35,299,Saint-Méloir-des-Ondes,2908,1673,1210,1698,25,10,299.0,Droite,2012,législative
35,299,Saint-Méloir-des-Ondes,2908,1673,1210,1698,25,11,157.0,Extrême Droite,2012,législative
35,300,Saint-M'Hervé,1021,569,439,582,13,0,4.0,Extrême Gauche,2012,législative
35,300,Saint-M'Hervé,1021,569,439,582,13,1,4.0,Gauche,2012,législative
35,300,Saint-M'Hervé,1021,569,439,582,13,2,108.0,Gauche,2012,législative
35,300,Saint-M'Hervé,1021,569,439,582,13,3,16.0,Écologie,2012,législative
35,300,Saint-M'Hervé,1021,569,439,582,13,4,11.0,Centre,2012,législative
35,300,Saint-M'Hervé,1021,569,439,582,13,5,366.0,Droite,2012,législative
35,300,Saint-M'Hervé,1021,569,439,582,13,6,3.0,Droite,2012,législative
35,300,Saint-M'Hervé,1021,569,439,582,13,7,4.0,Droite,2012,législative
35,300,Saint-M'Hervé,1021,569,439,582,13,8,53.0,Extrême Droite,2012,législative
35,301,Saint-M'Hervon,308,201,103,205,4,0,1.0,Extrême Gauche,2012,législative
35,301,Saint-M'Hervon,308,201,103,205,4,1,3.0,Extrême Gauche,2012,législative
35,301,Saint-M'Hervon,308,201,103,205,4,2,1.0,Extrême Gauche,2012,législative
35,301,Saint-M'Hervon,308,201,103,205,4,3,7.0,Gauche,2012,législative
35,301,Saint-M'Hervon,308,201,103,205,4,4,92.0,Gauche,2012,législative
35,301,Saint-M'Hervon,308,201,103,205,4,5,7.0,Écologie,2012,législative
35,301,Saint-M'Hervon,308,201,103,205,4,6,1.0,Régionalisme,2012,législative
35,301,Saint-M'Hervon,308,201,103,205,4,7,0.0,Divers,2012,législative
35,301,Saint-M'Hervon,308,201,103,205,4,8,0.0,Divers,2012,législative
35,301,Saint-M'Hervon,308,201,103,205,4,9,65.0,Droite,2012,législative
35,301,Saint-M'Hervon,308,201,103,205,4,10,6.0,Droite,2012,législative
35,301,Saint-M'Hervon,308,201,103,205,4,11,18.0,Extrême Droite,2012,législative
35,302,Saint-Onen-la-Chapelle,828,506,311,517,11,0,2.0,Extrême Gauche,2012,législative
35,302,Saint-Onen-la-Chapelle,828,506,311,517,11,1,5.0,Extrême Gauche,2012,législative
35,302,Saint-Onen-la-Chapelle,828,506,311,517,11,2,0.0,Extrême Gauche,2012,législative
35,302,Saint-Onen-la-Chapelle,828,506,311,517,11,3,13.0,Gauche,2012,législative
35,302,Saint-Onen-la-Chapelle,828,506,311,517,11,4,185.0,Gauche,2012,législative
35,302,Saint-Onen-la-Chapelle,828,506,311,517,11,5,20.0,Écologie,2012,législative
35,302,Saint-Onen-la-Chapelle,828,506,311,517,11,6,2.0,Régionalisme,2012,législative
35,302,Saint-Onen-la-Chapelle,828,506,311,517,11,7,0.0,Divers,2012,législative
35,302,Saint-Onen-la-Chapelle,828,506,311,517,11,8,0.0,Divers,2012,législative
35,302,Saint-Onen-la-Chapelle,828,506,311,517,11,9,210.0,Droite,2012,législative
35,302,Saint-Onen-la-Chapelle,828,506,311,517,11,10,12.0,Droite,2012,législative
35,302,Saint-Onen-la-Chapelle,828,506,311,517,11,11,57.0,Extrême Droite,2012,législative
35,303,Saint-Ouen-la-Rouërie,602,357,239,363,6,0,6.0,Extrême Gauche,2012,législative
35,303,Saint-Ouen-la-Rouërie,602,357,239,363,6,1,5.0,Extrême Gauche,2012,législative
35,303,Saint-Ouen-la-Rouërie,602,357,239,363,6,2,9.0,Gauche,2012,législative
35,303,Saint-Ouen-la-Rouërie,602,357,239,363,6,3,102.0,Gauche,2012,législative
35,303,Saint-Ouen-la-Rouërie,602,357,239,363,6,4,32.0,Écologie,2012,législative
35,303,Saint-Ouen-la-Rouërie,602,357,239,363,6,5,1.0,Divers,2012,législative
35,303,Saint-Ouen-la-Rouërie,602,357,239,363,6,6,163.0,Droite,2012,législative
35,303,Saint-Ouen-la-Rouërie,602,357,239,363,6,7,1.0,Droite,2012,législative
35,303,Saint-Ouen-la-Rouërie,602,357,239,363,6,8,38.0,Extrême Droite,2012,législative
35,304,Saint-Ouen-des-Alleux,928,520,398,530,10,0,2.0,Extrême Gauche,2012,législative
35,304,Saint-Ouen-des-Alleux,928,520,398,530,10,1,7.0,Extrême Gauche,2012,législative
35,304,Saint-Ouen-des-Alleux,928,520,398,530,10,2,11.0,Gauche,2012,législative
35,304,Saint-Ouen-des-Alleux,928,520,398,530,10,3,177.0,Gauche,2012,législative
35,304,Saint-Ouen-des-Alleux,928,520,398,530,10,4,78.0,Écologie,2012,législative
35,304,Saint-Ouen-des-Alleux,928,520,398,530,10,5,3.0,Divers,2012,législative
35,304,Saint-Ouen-des-Alleux,928,520,398,530,10,6,184.0,Droite,2012,législative
35,304,Saint-Ouen-des-Alleux,928,520,398,530,10,7,4.0,Droite,2012,législative
35,304,Saint-Ouen-des-Alleux,928,520,398,530,10,8,54.0,Extrême Droite,2012,législative
35,305,Saint-Péran,284,166,116,168,2,0,2.0,Extrême Gauche,2012,législative
35,305,Saint-Péran,284,166,116,168,2,1,5.0,Extrême Gauche,2012,législative
35,305,Saint-Péran,284,166,116,168,2,2,6.0,Gauche,2012,législative
35,305,Saint-Péran,284,166,116,168,2,3,85.0,Gauche,2012,législative
35,305,Saint-Péran,284,166,116,168,2,4,9.0,Régionalisme,2012,législative
35,305,Saint-Péran,284,166,116,168,2,5,23.0,Droite,2012,législative
35,305,Saint-Péran,284,166,116,168,2,6,11.0,Droite,2012,législative
35,305,Saint-Péran,284,166,116,168,2,7,25.0,Extrême Droite,2012,législative
35,306,Saint-Père,1730,1094,616,1114,20,0,6.0,Extrême Gauche,2012,législative
35,306,Saint-Père,1730,1094,616,1114,20,1,7.0,Extrême Gauche,2012,législative
35,306,Saint-Père,1730,1094,616,1114,20,2,33.0,Gauche,2012,législative
35,306,Saint-Père,1730,1094,616,1114,20,3,318.0,Gauche,2012,législative
35,306,Saint-Père,1730,1094,616,1114,20,4,32.0,Gauche,2012,législative
35,306,Saint-Père,1730,1094,616,1114,20,5,29.0,Écologie,2012,législative
35,306,Saint-Père,1730,1094,616,1114,20,6,6.0,Régionalisme,2012,législative
35,306,Saint-Père,1730,1094,616,1114,20,7,4.0,Écologie,2012,législative
35,306,Saint-Père,1730,1094,616,1114,20,8,269.0,Droite,2012,législative
35,306,Saint-Père,1730,1094,616,1114,20,9,124.0,Droite,2012,législative
35,306,Saint-Père,1730,1094,616,1114,20,10,165.0,Droite,2012,législative
35,306,Saint-Père,1730,1094,616,1114,20,11,101.0,Extrême Droite,2012,législative
35,307,Saint-Pern,654,448,193,461,13,0,2.0,Extrême Gauche,2012,législative
35,307,Saint-Pern,654,448,193,461,13,1,2.0,Extrême Gauche,2012,législative
35,307,Saint-Pern,654,448,193,461,13,2,1.0,Extrême Gauche,2012,législative
35,307,Saint-Pern,654,448,193,461,13,3,26.0,Gauche,2012,législative
35,307,Saint-Pern,654,448,193,461,13,4,189.0,Gauche,2012,législative
35,307,Saint-Pern,654,448,193,461,13,5,37.0,Écologie,2012,législative
35,307,Saint-Pern,654,448,193,461,13,6,2.0,Régionalisme,2012,législative
35,307,Saint-Pern,654,448,193,461,13,7,4.0,Divers,2012,législative
35,307,Saint-Pern,654,448,193,461,13,8,0.0,Divers,2012,législative
35,307,Saint-Pern,654,448,193,461,13,9,159.0,Droite,2012,législative
35,307,Saint-Pern,654,448,193,461,13,10,6.0,Droite,2012,législative
35,307,Saint-Pern,654,448,193,461,13,11,20.0,Extrême Droite,2012,législative
35,308,Saint-Pierre-de-Plesguen,1932,1158,741,1191,33,0,7.0,Extrême Gauche,2012,législative
35,308,Saint-Pierre-de-Plesguen,1932,1158,741,1191,33,1,13.0,Extrême Gauche,2012,législative
35,308,Saint-Pierre-de-Plesguen,1932,1158,741,1191,33,2,6.0,Extrême Gauche,2012,législative
35,308,Saint-Pierre-de-Plesguen,1932,1158,741,1191,33,3,51.0,Gauche,2012,législative
35,308,Saint-Pierre-de-Plesguen,1932,1158,741,1191,33,4,508.0,Gauche,2012,législative
35,308,Saint-Pierre-de-Plesguen,1932,1158,741,1191,33,5,65.0,Écologie,2012,législative
35,308,Saint-Pierre-de-Plesguen,1932,1158,741,1191,33,6,10.0,Régionalisme,2012,législative
35,308,Saint-Pierre-de-Plesguen,1932,1158,741,1191,33,7,8.0,Divers,2012,législative
35,308,Saint-Pierre-de-Plesguen,1932,1158,741,1191,33,8,0.0,Divers,2012,législative
35,308,Saint-Pierre-de-Plesguen,1932,1158,741,1191,33,9,321.0,Droite,2012,législative
35,308,Saint-Pierre-de-Plesguen,1932,1158,741,1191,33,10,21.0,Droite,2012,législative
35,308,Saint-Pierre-de-Plesguen,1932,1158,741,1191,33,11,148.0,Extrême Droite,2012,législative
35,309,Saint-Rémy-du-Plain,569,310,253,316,6,0,0.0,Extrême Gauche,2012,législative
35,309,Saint-Rémy-du-Plain,569,310,253,316,6,1,4.0,Extrême Gauche,2012,législative
35,309,Saint-Rémy-du-Plain,569,310,253,316,6,2,5.0,Gauche,2012,législative
35,309,Saint-Rémy-du-Plain,569,310,253,316,6,3,113.0,Gauche,2012,législative
35,309,Saint-Rémy-du-Plain,569,310,253,316,6,4,43.0,Écologie,2012,législative
35,309,Saint-Rémy-du-Plain,569,310,253,316,6,5,0.0,Divers,2012,législative
35,309,Saint-Rémy-du-Plain,569,310,253,316,6,6,106.0,Droite,2012,législative
35,309,Saint-Rémy-du-Plain,569,310,253,316,6,7,3.0,Droite,2012,législative
35,309,Saint-Rémy-du-Plain,569,310,253,316,6,8,36.0,Extrême Droite,2012,législative
35,310,Saint-Sauveur-des-Landes,941,581,347,594,13,0,3.0,Extrême Gauche,2012,législative
35,310,Saint-Sauveur-des-Landes,941,581,347,594,13,1,3.0,Extrême Gauche,2012,législative
35,310,Saint-Sauveur-des-Landes,941,581,347,594,13,2,9.0,Gauche,2012,législative
35,310,Saint-Sauveur-des-Landes,941,581,347,594,13,3,172.0,Gauche,2012,législative
35,310,Saint-Sauveur-des-Landes,941,581,347,594,13,4,33.0,Écologie,2012,législative
35,310,Saint-Sauveur-des-Landes,941,581,347,594,13,5,1.0,Divers,2012,législative
35,310,Saint-Sauveur-des-Landes,941,581,347,594,13,6,307.0,Droite,2012,législative
35,310,Saint-Sauveur-des-Landes,941,581,347,594,13,7,6.0,Droite,2012,législative
35,310,Saint-Sauveur-des-Landes,941,581,347,594,13,8,47.0,Extrême Droite,2012,législative
35,311,Saint-Séglin,367,213,150,217,4,0,3.0,Extrême Gauche,2012,législative
35,311,Saint-Séglin,367,213,150,217,4,1,2.0,Extrême Gauche,2012,législative
35,311,Saint-Séglin,367,213,150,217,4,2,8.0,Gauche,2012,législative
35,311,Saint-Séglin,367,213,150,217,4,3,87.0,Gauche,2012,législative
35,311,Saint-Séglin,367,213,150,217,4,4,3.0,Régionalisme,2012,législative
35,311,Saint-Séglin,367,213,150,217,4,5,66.0,Droite,2012,législative
35,311,Saint-Séglin,367,213,150,217,4,6,12.0,Droite,2012,législative
35,311,Saint-Séglin,367,213,150,217,4,7,32.0,Extrême Droite,2012,législative
35,312,Saint-Senoux,1231,731,482,749,18,0,7.0,Extrême Gauche,2012,législative
35,312,Saint-Senoux,1231,731,482,749,18,1,8.0,Extrême Gauche,2012,législative
35,312,Saint-Senoux,1231,731,482,749,18,2,74.0,Gauche,2012,législative
35,312,Saint-Senoux,1231,731,482,749,18,3,360.0,Gauche,2012,législative
35,312,Saint-Senoux,1231,731,482,749,18,4,52.0,Régionalisme,2012,législative
35,312,Saint-Senoux,1231,731,482,749,18,5,107.0,Droite,2012,législative
35,312,Saint-Senoux,1231,731,482,749,18,6,28.0,Droite,2012,législative
35,312,Saint-Senoux,1231,731,482,749,18,7,95.0,Extrême Droite,2012,législative
35,314,Saint-Suliac,817,553,260,557,4,0,0.0,Extrême Gauche,2012,législative
35,314,Saint-Suliac,817,553,260,557,4,1,6.0,Extrême Gauche,2012,législative
35,314,Saint-Suliac,817,553,260,557,4,2,16.0,Gauche,2012,législative
35,314,Saint-Suliac,817,553,260,557,4,3,180.0,Gauche,2012,législative
35,314,Saint-Suliac,817,553,260,557,4,4,36.0,Gauche,2012,législative
35,314,Saint-Suliac,817,553,260,557,4,5,18.0,Écologie,2012,législative
35,314,Saint-Suliac,817,553,260,557,4,6,1.0,Régionalisme,2012,législative
35,314,Saint-Suliac,817,553,260,557,4,7,2.0,Écologie,2012,législative
35,314,Saint-Suliac,817,553,260,557,4,8,126.0,Droite,2012,législative
35,314,Saint-Suliac,817,553,260,557,4,9,78.0,Droite,2012,législative
35,314,Saint-Suliac,817,553,260,557,4,10,61.0,Droite,2012,législative
35,314,Saint-Suliac,817,553,260,557,4,11,29.0,Extrême Droite,2012,législative
35,315,Saint-Sulpice-la-Forêt,1051,665,382,669,4,0,2.0,Extrême Gauche,2012,législative
35,315,Saint-Sulpice-la-Forêt,1051,665,382,669,4,1,6.0,Extrême Gauche,2012,législative
35,315,Saint-Sulpice-la-Forêt,1051,665,382,669,4,2,67.0,Gauche,2012,législative
35,315,Saint-Sulpice-la-Forêt,1051,665,382,669,4,3,339.0,Gauche,2012,législative
35,315,Saint-Sulpice-la-Forêt,1051,665,382,669,4,4,83.0,Écologie,2012,législative
35,315,Saint-Sulpice-la-Forêt,1051,665,382,669,4,5,7.0,Régionalisme,2012,législative
35,315,Saint-Sulpice-la-Forêt,1051,665,382,669,4,6,132.0,Droite,2012,législative
35,315,Saint-Sulpice-la-Forêt,1051,665,382,669,4,7,29.0,Extrême Droite,2012,législative
35,316,Saint-Sulpice-des-Landes,494,268,216,278,10,0,2.0,Extrême Gauche,2012,législative
35,316,Saint-Sulpice-des-Landes,494,268,216,278,10,1,3.0,Extrême Gauche,2012,législative
35,316,Saint-Sulpice-des-Landes,494,268,216,278,10,2,5.0,Gauche,2012,législative
35,316,Saint-Sulpice-des-Landes,494,268,216,278,10,3,112.0,Gauche,2012,législative
35,316,Saint-Sulpice-des-Landes,494,268,216,278,10,4,5.0,Régionalisme,2012,législative
35,316,Saint-Sulpice-des-Landes,494,268,216,278,10,5,74.0,Droite,2012,législative
35,316,Saint-Sulpice-des-Landes,494,268,216,278,10,6,13.0,Droite,2012,législative
35,316,Saint-Sulpice-des-Landes,494,268,216,278,10,7,54.0,Extrême Droite,2012,législative
35,317,Saint-Symphorien,384,247,131,253,6,0,3.0,Extrême Gauche,2012,législative
35,317,Saint-Symphorien,384,247,131,253,6,1,3.0,Extrême Gauche,2012,législative
35,317,Saint-Symphorien,384,247,131,253,6,2,14.0,Gauche,2012,législative
35,317,Saint-Symphorien,384,247,131,253,6,3,105.0,Gauche,2012,législative
35,317,Saint-Symphorien,384,247,131,253,6,4,22.0,Écologie,2012,législative
35,317,Saint-Symphorien,384,247,131,253,6,5,0.0,Régionalisme,2012,législative
35,317,Saint-Symphorien,384,247,131,253,6,6,82.0,Droite,2012,législative
35,317,Saint-Symphorien,384,247,131,253,6,7,18.0,Extrême Droite,2012,législative
35,318,Saint-Thual,545,346,191,354,8,0,4.0,Extrême Gauche,2012,législative
35,318,Saint-Thual,545,346,191,354,8,1,4.0,Extrême Gauche,2012,législative
35,318,Saint-Thual,545,346,191,354,8,2,2.0,Extrême Gauche,2012,législative
35,318,Saint-Thual,545,346,191,354,8,3,17.0,Gauche,2012,législative
35,318,Saint-Thual,545,346,191,354,8,4,143.0,Gauche,2012,législative
35,318,Saint-Thual,545,346,191,354,8,5,27.0,Écologie,2012,législative
35,318,Saint-Thual,545,346,191,354,8,6,6.0,Régionalisme,2012,législative
35,318,Saint-Thual,545,346,191,354,8,7,2.0,Divers,2012,législative
35,318,Saint-Thual,545,346,191,354,8,8,0.0,Divers,2012,législative
35,318,Saint-Thual,545,346,191,354,8,9,88.0,Droite,2012,législative
35,318,Saint-Thual,545,346,191,354,8,10,7.0,Droite,2012,législative
35,318,Saint-Thual,545,346,191,354,8,11,46.0,Extrême Droite,2012,législative
35,319,Saint-Thurial,1343,771,539,804,33,0,5.0,Extrême Gauche,2012,législative
35,319,Saint-Thurial,1343,771,539,804,33,1,7.0,Extrême Gauche,2012,législative
35,319,Saint-Thurial,1343,771,539,804,33,2,22.0,Gauche,2012,législative
35,319,Saint-Thurial,1343,771,539,804,33,3,376.0,Gauche,2012,législative
35,319,Saint-Thurial,1343,771,539,804,33,4,42.0,Régionalisme,2012,législative
35,319,Saint-Thurial,1343,771,539,804,33,5,171.0,Droite,2012,législative
35,319,Saint-Thurial,1343,771,539,804,33,6,45.0,Droite,2012,législative
35,319,Saint-Thurial,1343,771,539,804,33,7,103.0,Extrême Droite,2012,législative
35,320,Saint-Uniac,375,237,131,244,7,0,2.0,Extrême Gauche,2012,législative
35,320,Saint-Uniac,375,237,131,244,7,1,2.0,Extrême Gauche,2012,législative
35,320,Saint-Uniac,375,237,131,244,7,2,0.0,Extrême Gauche,2012,législative
35,320,Saint-Uniac,375,237,131,244,7,3,13.0,Gauche,2012,législative
35,320,Saint-Uniac,375,237,131,244,7,4,91.0,Gauche,2012,législative
35,320,Saint-Uniac,375,237,131,244,7,5,9.0,Écologie,2012,législative
35,320,Saint-Uniac,375,237,131,244,7,6,2.0,Régionalisme,2012,législative
35,320,Saint-Uniac,375,237,131,244,7,7,3.0,Divers,2012,législative
35,320,Saint-Uniac,375,237,131,244,7,8,0.0,Divers,2012,législative
35,320,Saint-Uniac,375,237,131,244,7,9,91.0,Droite,2012,législative
35,320,Saint-Uniac,375,237,131,244,7,10,7.0,Droite,2012,législative
35,320,Saint-Uniac,375,237,131,244,7,11,17.0,Extrême Droite,2012,législative
35,321,Saulnières,472,283,183,289,6,0,4.0,Extrême Gauche,2012,législative
35,321,Saulnières,472,283,183,289,6,1,2.0,Extrême Gauche,2012,législative
35,321,Saulnières,472,283,183,289,6,2,11.0,Gauche,2012,législative
35,321,Saulnières,472,283,183,289,6,3,130.0,Gauche,2012,législative
35,321,Saulnières,472,283,183,289,6,4,14.0,Régionalisme,2012,législative
35,321,Saulnières,472,283,183,289,6,5,64.0,Droite,2012,législative
35,321,Saulnières,472,283,183,289,6,6,19.0,Droite,2012,législative
35,321,Saulnières,472,283,183,289,6,7,39.0,Extrême Droite,2012,législative
35,322,Le Sel-de-Bretagne,604,343,250,354,11,0,2.0,Extrême Gauche,2012,législative
35,322,Le Sel-de-Bretagne,604,343,250,354,11,1,3.0,Extrême Gauche,2012,législative
35,322,Le Sel-de-Bretagne,604,343,250,354,11,2,16.0,Gauche,2012,législative
35,322,Le Sel-de-Bretagne,604,343,250,354,11,3,173.0,Gauche,2012,législative
35,322,Le Sel-de-Bretagne,604,343,250,354,11,4,28.0,Régionalisme,2012,législative
35,322,Le Sel-de-Bretagne,604,343,250,354,11,5,41.0,Droite,2012,législative
35,322,Le Sel-de-Bretagne,604,343,250,354,11,6,10.0,Droite,2012,législative
35,322,Le Sel-de-Bretagne,604,343,250,354,11,7,70.0,Extrême Droite,2012,législative
35,323,La Selle-en-Coglès,414,260,148,266,6,0,5.0,Extrême Gauche,2012,législative
35,323,La Selle-en-Coglès,414,260,148,266,6,1,8.0,Extrême Gauche,2012,législative
35,323,La Selle-en-Coglès,414,260,148,266,6,2,5.0,Gauche,2012,législative
35,323,La Selle-en-Coglès,414,260,148,266,6,3,67.0,Gauche,2012,législative
35,323,La Selle-en-Coglès,414,260,148,266,6,4,10.0,Écologie,2012,législative
35,323,La Selle-en-Coglès,414,260,148,266,6,5,1.0,Divers,2012,législative
35,323,La Selle-en-Coglès,414,260,148,266,6,6,140.0,Droite,2012,législative
35,323,La Selle-en-Coglès,414,260,148,266,6,7,2.0,Droite,2012,législative
35,323,La Selle-en-Coglès,414,260,148,266,6,8,22.0,Extrême Droite,2012,législative
35,324,La Selle-en-Luitré,387,288,93,294,6,0,2.0,Extrême Gauche,2012,législative
35,324,La Selle-en-Luitré,387,288,93,294,6,1,1.0,Extrême Gauche,2012,législative
35,324,La Selle-en-Luitré,387,288,93,294,6,2,6.0,Gauche,2012,législative
35,324,La Selle-en-Luitré,387,288,93,294,6,3,87.0,Gauche,2012,législative
35,324,La Selle-en-Luitré,387,288,93,294,6,4,15.0,Écologie,2012,législative
35,324,La Selle-en-Luitré,387,288,93,294,6,5,2.0,Divers,2012,législative
35,324,La Selle-en-Luitré,387,288,93,294,6,6,143.0,Droite,2012,législative
35,324,La Selle-en-Luitré,387,288,93,294,6,7,2.0,Droite,2012,législative
35,324,La Selle-en-Luitré,387,288,93,294,6,8,30.0,Extrême Droite,2012,législative
35,325,La Selle-Guerchaise,121,83,36,85,2,0,2.0,Extrême Gauche,2012,législative
35,325,La Selle-Guerchaise,121,83,36,85,2,1,1.0,Gauche,2012,législative
35,325,La Selle-Guerchaise,121,83,36,85,2,2,20.0,Gauche,2012,législative
35,325,La Selle-Guerchaise,121,83,36,85,2,3,1.0,Écologie,2012,législative
35,325,La Selle-Guerchaise,121,83,36,85,2,4,1.0,Centre,2012,législative
35,325,La Selle-Guerchaise,121,83,36,85,2,5,49.0,Droite,2012,législative
35,325,La Selle-Guerchaise,121,83,36,85,2,6,0.0,Droite,2012,législative
35,325,La Selle-Guerchaise,121,83,36,85,2,7,0.0,Droite,2012,législative
35,325,La Selle-Guerchaise,121,83,36,85,2,8,9.0,Extrême Droite,2012,législative
35,326,Sens-de-Bretagne,1535,880,635,900,20,0,7.0,Extrême Gauche,2012,législative
35,326,Sens-de-Bretagne,1535,880,635,900,20,1,9.0,Extrême Gauche,2012,législative
35,326,Sens-de-Bretagne,1535,880,635,900,20,2,26.0,Gauche,2012,législative
35,326,Sens-de-Bretagne,1535,880,635,900,20,3,279.0,Gauche,2012,législative
35,326,Sens-de-Bretagne,1535,880,635,900,20,4,119.0,Écologie,2012,législative
35,326,Sens-de-Bretagne,1535,880,635,900,20,5,1.0,Divers,2012,législative
35,326,Sens-de-Bretagne,1535,880,635,900,20,6,301.0,Droite,2012,législative
35,326,Sens-de-Bretagne,1535,880,635,900,20,7,13.0,Droite,2012,législative
35,326,Sens-de-Bretagne,1535,880,635,900,20,8,125.0,Extrême Droite,2012,législative
35,327,Servon-sur-Vilaine,2658,1622,1011,1647,25,0,9.0,Extrême Gauche,2012,législative
35,327,Servon-sur-Vilaine,2658,1622,1011,1647,25,1,58.0,Gauche,2012,législative
35,327,Servon-sur-Vilaine,2658,1622,1011,1647,25,2,752.0,Gauche,2012,législative
35,327,Servon-sur-Vilaine,2658,1622,1011,1647,25,3,83.0,Écologie,2012,législative
35,327,Servon-sur-Vilaine,2658,1622,1011,1647,25,4,47.0,Centre,2012,législative
35,327,Servon-sur-Vilaine,2658,1622,1011,1647,25,5,514.0,Droite,2012,législative
35,327,Servon-sur-Vilaine,2658,1622,1011,1647,25,6,27.0,Droite,2012,législative
35,327,Servon-sur-Vilaine,2658,1622,1011,1647,25,7,16.0,Droite,2012,législative
35,327,Servon-sur-Vilaine,2658,1622,1011,1647,25,8,116.0,Extrême Droite,2012,législative
35,328,Sixt-sur-Aff,1583,844,722,861,17,0,6.0,Extrême Gauche,2012,législative
35,328,Sixt-sur-Aff,1583,844,722,861,17,1,7.0,Extrême Gauche,2012,législative
35,328,Sixt-sur-Aff,1583,844,722,861,17,2,23.0,Gauche,2012,législative
35,328,Sixt-sur-Aff,1583,844,722,861,17,3,387.0,Gauche,2012,législative
35,328,Sixt-sur-Aff,1583,844,722,861,17,4,28.0,Régionalisme,2012,législative
35,328,Sixt-sur-Aff,1583,844,722,861,17,5,240.0,Droite,2012,législative
35,328,Sixt-sur-Aff,1583,844,722,861,17,6,25.0,Droite,2012,législative
35,328,Sixt-sur-Aff,1583,844,722,861,17,7,128.0,Extrême Droite,2012,législative
35,329,Sougéal,446,253,177,269,16,0,2.0,Extrême Gauche,2012,législative
35,329,Sougéal,446,253,177,269,16,1,4.0,Extrême Gauche,2012,législative
35,329,Sougéal,446,253,177,269,16,2,8.0,Gauche,2012,législative
35,329,Sougéal,446,253,177,269,16,3,69.0,Gauche,2012,législative
35,329,Sougéal,446,253,177,269,16,4,19.0,Écologie,2012,législative
35,329,Sougéal,446,253,177,269,16,5,1.0,Divers,2012,législative
35,329,Sougéal,446,253,177,269,16,6,94.0,Droite,2012,législative
35,329,Sougéal,446,253,177,269,16,7,1.0,Droite,2012,législative
35,329,Sougéal,446,253,177,269,16,8,55.0,Extrême Droite,2012,législative
35,330,Taillis,646,395,247,399,4,0,7.0,Extrême Gauche,2012,législative
35,330,Taillis,646,395,247,399,4,1,10.0,Gauche,2012,législative
35,330,Taillis,646,395,247,399,4,2,119.0,Gauche,2012,législative
35,330,Taillis,646,395,247,399,4,3,29.0,Écologie,2012,législative
35,330,Taillis,646,395,247,399,4,4,17.0,Centre,2012,législative
35,330,Taillis,646,395,247,399,4,5,167.0,Droite,2012,législative
35,330,Taillis,646,395,247,399,4,6,7.0,Droite,2012,législative
35,330,Taillis,646,395,247,399,4,7,10.0,Droite,2012,législative
35,330,Taillis,646,395,247,399,4,8,29.0,Extrême Droite,2012,législative
35,331,Talensac,1837,1131,688,1149,18,0,4.0,Extrême Gauche,2012,législative
35,331,Talensac,1837,1131,688,1149,18,1,7.0,Extrême Gauche,2012,législative
35,331,Talensac,1837,1131,688,1149,18,2,5.0,Extrême Gauche,2012,législative
35,331,Talensac,1837,1131,688,1149,18,3,62.0,Gauche,2012,législative
35,331,Talensac,1837,1131,688,1149,18,4,520.0,Gauche,2012,législative
35,331,Talensac,1837,1131,688,1149,18,5,71.0,Écologie,2012,législative
35,331,Talensac,1837,1131,688,1149,18,6,12.0,Régionalisme,2012,législative
35,331,Talensac,1837,1131,688,1149,18,7,2.0,Divers,2012,législative
35,331,Talensac,1837,1131,688,1149,18,8,0.0,Divers,2012,législative
35,331,Talensac,1837,1131,688,1149,18,9,335.0,Droite,2012,législative
35,331,Talensac,1837,1131,688,1149,18,10,11.0,Droite,2012,législative
35,331,Talensac,1837,1131,688,1149,18,11,102.0,Extrême Droite,2012,législative
35,332,Teillay,742,418,313,429,11,0,3.0,Extrême Gauche,2012,législative
35,332,Teillay,742,418,313,429,11,1,4.0,Extrême Gauche,2012,législative
35,332,Teillay,742,418,313,429,11,2,36.0,Gauche,2012,législative
35,332,Teillay,742,418,313,429,11,3,177.0,Gauche,2012,législative
35,332,Teillay,742,418,313,429,11,4,4.0,Régionalisme,2012,législative
35,332,Teillay,742,418,313,429,11,5,108.0,Droite,2012,législative
35,332,Teillay,742,418,313,429,11,6,26.0,Droite,2012,législative
35,332,Teillay,742,418,313,429,11,7,60.0,Extrême Droite,2012,législative
35,333,Le Theil-de-Bretagne,1090,659,423,667,8,0,6.0,Extrême Gauche,2012,législative
35,333,Le Theil-de-Bretagne,1090,659,423,667,8,1,12.0,Gauche,2012,législative
35,333,Le Theil-de-Bretagne,1090,659,423,667,8,2,185.0,Gauche,2012,législative
35,333,Le Theil-de-Bretagne,1090,659,423,667,8,3,30.0,Écologie,2012,législative
35,333,Le Theil-de-Bretagne,1090,659,423,667,8,4,21.0,Centre,2012,législative
35,333,Le Theil-de-Bretagne,1090,659,423,667,8,5,334.0,Droite,2012,législative
35,333,Le Theil-de-Bretagne,1090,659,423,667,8,6,6.0,Droite,2012,législative
35,333,Le Theil-de-Bretagne,1090,659,423,667,8,7,12.0,Droite,2012,législative
35,333,Le Theil-de-Bretagne,1090,659,423,667,8,8,53.0,Extrême Droite,2012,législative
35,334,Thorigné-Fouillard,5637,3678,1918,3719,41,0,21.0,Extrême Gauche,2012,législative
35,334,Thorigné-Fouillard,5637,3678,1918,3719,41,1,20.0,Extrême Gauche,2012,législative
35,334,Thorigné-Fouillard,5637,3678,1918,3719,41,2,206.0,Gauche,2012,législative
35,334,Thorigné-Fouillard,5637,3678,1918,3719,41,3,1921.0,Gauche,2012,législative
35,334,Thorigné-Fouillard,5637,3678,1918,3719,41,4,301.0,Écologie,2012,législative
35,334,Thorigné-Fouillard,5637,3678,1918,3719,41,5,22.0,Régionalisme,2012,législative
35,334,Thorigné-Fouillard,5637,3678,1918,3719,41,6,1025.0,Droite,2012,législative
35,334,Thorigné-Fouillard,5637,3678,1918,3719,41,7,162.0,Extrême Droite,2012,législative
35,335,Thourie,528,316,199,329,13,0,3.0,Extrême Gauche,2012,législative
35,335,Thourie,528,316,199,329,13,1,11.0,Gauche,2012,législative
35,335,Thourie,528,316,199,329,13,2,108.0,Gauche,2012,législative
35,335,Thourie,528,316,199,329,13,3,13.0,Écologie,2012,législative
35,335,Thourie,528,316,199,329,13,4,15.0,Centre,2012,législative
35,335,Thourie,528,316,199,329,13,5,126.0,Droite,2012,législative
35,335,Thourie,528,316,199,329,13,6,1.0,Droite,2012,législative
35,335,Thourie,528,316,199,329,13,7,8.0,Droite,2012,législative
35,335,Thourie,528,316,199,329,13,8,31.0,Extrême Droite,2012,législative
35,336,Le Tiercent,144,99,45,99,0,0,0.0,Extrême Gauche,2012,législative
35,336,Le Tiercent,144,99,45,99,0,1,1.0,Extrême Gauche,2012,législative
35,336,Le Tiercent,144,99,45,99,0,2,5.0,Gauche,2012,législative
35,336,Le Tiercent,144,99,45,99,0,3,38.0,Gauche,2012,législative
35,336,Le Tiercent,144,99,45,99,0,4,15.0,Écologie,2012,législative
35,336,Le Tiercent,144,99,45,99,0,5,0.0,Divers,2012,législative
35,336,Le Tiercent,144,99,45,99,0,6,26.0,Droite,2012,législative
35,336,Le Tiercent,144,99,45,99,0,7,0.0,Droite,2012,législative
35,336,Le Tiercent,144,99,45,99,0,8,14.0,Extrême Droite,2012,législative
35,337,Tinténiac,2306,1390,892,1414,24,0,8.0,Extrême Gauche,2012,législative
35,337,Tinténiac,2306,1390,892,1414,24,1,17.0,Extrême Gauche,2012,législative
35,337,Tinténiac,2306,1390,892,1414,24,2,9.0,Extrême Gauche,2012,législative
35,337,Tinténiac,2306,1390,892,1414,24,3,53.0,Gauche,2012,législative
35,337,Tinténiac,2306,1390,892,1414,24,4,647.0,Gauche,2012,législative
35,337,Tinténiac,2306,1390,892,1414,24,5,92.0,Écologie,2012,législative
35,337,Tinténiac,2306,1390,892,1414,24,6,11.0,Régionalisme,2012,législative
35,337,Tinténiac,2306,1390,892,1414,24,7,2.0,Divers,2012,législative
35,337,Tinténiac,2306,1390,892,1414,24,8,0.0,Divers,2012,législative
35,337,Tinténiac,2306,1390,892,1414,24,9,416.0,Droite,2012,législative
35,337,Tinténiac,2306,1390,892,1414,24,10,22.0,Droite,2012,législative
35,337,Tinténiac,2306,1390,892,1414,24,11,113.0,Extrême Droite,2012,législative
35,338,Torcé,788,472,307,481,9,0,10.0,Extrême Gauche,2012,législative
35,338,Torcé,788,472,307,481,9,1,3.0,Gauche,2012,législative
35,338,Torcé,788,472,307,481,9,2,136.0,Gauche,2012,législative
35,338,Torcé,788,472,307,481,9,3,10.0,Écologie,2012,législative
35,338,Torcé,788,472,307,481,9,4,14.0,Centre,2012,législative
35,338,Torcé,788,472,307,481,9,5,229.0,Droite,2012,législative
35,338,Torcé,788,472,307,481,9,6,19.0,Droite,2012,législative
35,338,Torcé,788,472,307,481,9,7,7.0,Droite,2012,législative
35,338,Torcé,788,472,307,481,9,8,44.0,Extrême Droite,2012,législative
35,339,Trans-la-Forêt,434,263,165,269,6,0,1.0,Extrême Gauche,2012,législative
35,339,Trans-la-Forêt,434,263,165,269,6,1,2.0,Extrême Gauche,2012,législative
35,339,Trans-la-Forêt,434,263,165,269,6,2,8.0,Gauche,2012,législative
35,339,Trans-la-Forêt,434,263,165,269,6,3,72.0,Gauche,2012,législative
35,339,Trans-la-Forêt,434,263,165,269,6,4,34.0,Écologie,2012,législative
35,339,Trans-la-Forêt,434,263,165,269,6,5,0.0,Divers,2012,législative
35,339,Trans-la-Forêt,434,263,165,269,6,6,109.0,Droite,2012,législative
35,339,Trans-la-Forêt,434,263,165,269,6,7,2.0,Droite,2012,législative
35,339,Trans-la-Forêt,434,263,165,269,6,8,35.0,Extrême Droite,2012,législative
35,340,Treffendel,836,441,374,462,21,0,0.0,Extrême Gauche,2012,législative
35,340,Treffendel,836,441,374,462,21,1,5.0,Extrême Gauche,2012,législative
35,340,Treffendel,836,441,374,462,21,2,26.0,Gauche,2012,législative
35,340,Treffendel,836,441,374,462,21,3,217.0,Gauche,2012,législative
35,340,Treffendel,836,441,374,462,21,4,26.0,Régionalisme,2012,législative
35,340,Treffendel,836,441,374,462,21,5,78.0,Droite,2012,législative
35,340,Treffendel,836,441,374,462,21,6,24.0,Droite,2012,législative
35,340,Treffendel,836,441,374,462,21,7,65.0,Extrême Droite,2012,législative
35,341,Tremblay,1066,640,390,676,36,0,6.0,Extrême Gauche,2012,législative
35,341,Tremblay,1066,640,390,676,36,1,8.0,Extrême Gauche,2012,législative
35,341,Tremblay,1066,640,390,676,36,2,14.0,Gauche,2012,législative
35,341,Tremblay,1066,640,390,676,36,3,201.0,Gauche,2012,législative
35,341,Tremblay,1066,640,390,676,36,4,75.0,Écologie,2012,législative
35,341,Tremblay,1066,640,390,676,36,5,1.0,Divers,2012,législative
35,341,Tremblay,1066,640,390,676,36,6,252.0,Droite,2012,législative
35,341,Tremblay,1066,640,390,676,36,7,9.0,Droite,2012,législative
35,341,Tremblay,1066,640,390,676,36,8,74.0,Extrême Droite,2012,législative
35,342,Trémeheuc,240,177,61,179,2,0,1.0,Extrême Gauche,2012,législative
35,342,Trémeheuc,240,177,61,179,2,1,0.0,Extrême Gauche,2012,législative
35,342,Trémeheuc,240,177,61,179,2,2,1.0,Extrême Gauche,2012,législative
35,342,Trémeheuc,240,177,61,179,2,3,8.0,Gauche,2012,législative
35,342,Trémeheuc,240,177,61,179,2,4,87.0,Gauche,2012,législative
35,342,Trémeheuc,240,177,61,179,2,5,7.0,Écologie,2012,législative
35,342,Trémeheuc,240,177,61,179,2,6,5.0,Régionalisme,2012,législative
35,342,Trémeheuc,240,177,61,179,2,7,0.0,Divers,2012,législative
35,342,Trémeheuc,240,177,61,179,2,8,0.0,Divers,2012,législative
35,342,Trémeheuc,240,177,61,179,2,9,45.0,Droite,2012,législative
35,342,Trémeheuc,240,177,61,179,2,10,6.0,Droite,2012,législative
35,342,Trémeheuc,240,177,61,179,2,11,17.0,Extrême Droite,2012,législative
35,343,Tresboeuf,863,480,359,504,24,0,9.0,Extrême Gauche,2012,législative
35,343,Tresboeuf,863,480,359,504,24,1,8.0,Extrême Gauche,2012,législative
35,343,Tresboeuf,863,480,359,504,24,2,19.0,Gauche,2012,législative
35,343,Tresboeuf,863,480,359,504,24,3,225.0,Gauche,2012,législative
35,343,Tresboeuf,863,480,359,504,24,4,19.0,Régionalisme,2012,législative
35,343,Tresboeuf,863,480,359,504,24,5,93.0,Droite,2012,législative
35,343,Tresboeuf,863,480,359,504,24,6,21.0,Droite,2012,législative
35,343,Tresboeuf,863,480,359,504,24,7,86.0,Extrême Droite,2012,législative
35,344,Tressé,259,175,82,177,2,0,2.0,Extrême Gauche,2012,législative
35,344,Tressé,259,175,82,177,2,1,1.0,Extrême Gauche,2012,législative
35,344,Tressé,259,175,82,177,2,2,1.0,Extrême Gauche,2012,législative
35,344,Tressé,259,175,82,177,2,3,6.0,Gauche,2012,législative
35,344,Tressé,259,175,82,177,2,4,86.0,Gauche,2012,législative
35,344,Tressé,259,175,82,177,2,5,10.0,Écologie,2012,législative
35,344,Tressé,259,175,82,177,2,6,0.0,Régionalisme,2012,législative
35,344,Tressé,259,175,82,177,2,7,0.0,Divers,2012,législative
35,344,Tressé,259,175,82,177,2,8,0.0,Divers,2012,législative
35,344,Tressé,259,175,82,177,2,9,45.0,Droite,2012,législative
35,344,Tressé,259,175,82,177,2,10,4.0,Droite,2012,législative
35,344,Tressé,259,175,82,177,2,11,20.0,Extrême Droite,2012,législative
35,345,Trévérien,620,370,242,378,8,0,2.0,Extrême Gauche,2012,législative
35,345,Trévérien,620,370,242,378,8,1,1.0,Extrême Gauche,2012,législative
35,345,Trévérien,620,370,242,378,8,2,4.0,Extrême Gauche,2012,législative
35,345,Trévérien,620,370,242,378,8,3,25.0,Gauche,2012,législative
35,345,Trévérien,620,370,242,378,8,4,189.0,Gauche,2012,législative
35,345,Trévérien,620,370,242,378,8,5,26.0,Écologie,2012,législative
35,345,Trévérien,620,370,242,378,8,6,8.0,Régionalisme,2012,législative
35,345,Trévérien,620,370,242,378,8,7,1.0,Divers,2012,législative
35,345,Trévérien,620,370,242,378,8,8,0.0,Divers,2012,législative
35,345,Trévérien,620,370,242,378,8,9,87.0,Droite,2012,législative
35,345,Trévérien,620,370,242,378,8,10,8.0,Droite,2012,législative
35,345,Trévérien,620,370,242,378,8,11,19.0,Extrême Droite,2012,législative
35,346,Trimer,133,82,50,83,1,0,0.0,Extrême Gauche,2012,législative
35,346,Trimer,133,82,50,83,1,1,1.0,Extrême Gauche,2012,législative
35,346,Trimer,133,82,50,83,1,2,0.0,Extrême Gauche,2012,législative
35,346,Trimer,133,82,50,83,1,3,1.0,Gauche,2012,législative
35,346,Trimer,133,82,50,83,1,4,41.0,Gauche,2012,législative
35,346,Trimer,133,82,50,83,1,5,5.0,Écologie,2012,législative
35,346,Trimer,133,82,50,83,1,6,1.0,Régionalisme,2012,législative
35,346,Trimer,133,82,50,83,1,7,1.0,Divers,2012,législative
35,346,Trimer,133,82,50,83,1,8,0.0,Divers,2012,législative
35,346,Trimer,133,82,50,83,1,9,24.0,Droite,2012,législative
35,346,Trimer,133,82,50,83,1,10,0.0,Droite,2012,législative
35,346,Trimer,133,82,50,83,1,11,8.0,Extrême Droite,2012,législative
35,347,Val-d'Izé,1745,1027,681,1064,37,0,15.0,Extrême Gauche,2012,législative
35,347,Val-d'Izé,1745,1027,681,1064,37,1,17.0,Gauche,2012,législative
35,347,Val-d'Izé,1745,1027,681,1064,37,2,272.0,Gauche,2012,législative
35,347,Val-d'Izé,1745,1027,681,1064,37,3,36.0,Écologie,2012,législative
35,347,Val-d'Izé,1745,1027,681,1064,37,4,26.0,Centre,2012,législative
35,347,Val-d'Izé,1745,1027,681,1064,37,5,533.0,Droite,2012,législative
35,347,Val-d'Izé,1745,1027,681,1064,37,6,14.0,Droite,2012,législative
35,347,Val-d'Izé,1745,1027,681,1064,37,7,12.0,Droite,2012,législative
35,347,Val-d'Izé,1745,1027,681,1064,37,8,102.0,Extrême Droite,2012,législative
35,348,Vendel,293,179,108,185,6,0,3.0,Extrême Gauche,2012,législative
35,348,Vendel,293,179,108,185,6,1,1.0,Extrême Gauche,2012,législative
35,348,Vendel,293,179,108,185,6,2,2.0,Gauche,2012,législative
35,348,Vendel,293,179,108,185,6,3,38.0,Gauche,2012,législative
35,348,Vendel,293,179,108,185,6,4,11.0,Écologie,2012,législative
35,348,Vendel,293,179,108,185,6,5,0.0,Divers,2012,législative
35,348,Vendel,293,179,108,185,6,6,105.0,Droite,2012,législative
35,348,Vendel,293,179,108,185,6,7,3.0,Droite,2012,législative
35,348,Vendel,293,179,108,185,6,8,16.0,Extrême Droite,2012,législative
35,350,Vergéal,544,324,209,335,11,0,7.0,Extrême Gauche,2012,législative
35,350,Vergéal,544,324,209,335,11,1,4.0,Gauche,2012,législative
35,350,Vergéal,544,324,209,335,11,2,77.0,Gauche,2012,législative
35,350,Vergéal,544,324,209,335,11,3,13.0,Écologie,2012,législative
35,350,Vergéal,544,324,209,335,11,4,4.0,Centre,2012,législative
35,350,Vergéal,544,324,209,335,11,5,167.0,Droite,2012,législative
35,350,Vergéal,544,324,209,335,11,6,8.0,Droite,2012,législative
35,350,Vergéal,544,324,209,335,11,7,5.0,Droite,2012,législative
35,350,Vergéal,544,324,209,335,11,8,39.0,Extrême Droite,2012,législative
35,351,Le Verger,1037,650,378,659,9,0,5.0,Extrême Gauche,2012,législative
35,351,Le Verger,1037,650,378,659,9,1,3.0,Extrême Gauche,2012,législative
35,351,Le Verger,1037,650,378,659,9,2,7.0,Extrême Gauche,2012,législative
35,351,Le Verger,1037,650,378,659,9,3,36.0,Gauche,2012,législative
35,351,Le Verger,1037,650,378,659,9,4,296.0,Gauche,2012,législative
35,351,Le Verger,1037,650,378,659,9,5,35.0,Écologie,2012,législative
35,351,Le Verger,1037,650,378,659,9,6,14.0,Régionalisme,2012,législative
35,351,Le Verger,1037,650,378,659,9,7,2.0,Divers,2012,législative
35,351,Le Verger,1037,650,378,659,9,8,0.0,Divers,2012,législative
35,351,Le Verger,1037,650,378,659,9,9,175.0,Droite,2012,législative
35,351,Le Verger,1037,650,378,659,9,10,7.0,Droite,2012,législative
35,351,Le Verger,1037,650,378,659,9,11,70.0,Extrême Droite,2012,législative
35,352,Vern-sur-Seiche,6367,3748,2540,3827,79,0,29.0,Extrême Gauche,2012,législative
35,352,Vern-sur-Seiche,6367,3748,2540,3827,79,1,20.0,Extrême Gauche,2012,législative
35,352,Vern-sur-Seiche,6367,3748,2540,3827,79,2,101.0,Gauche,2012,législative
35,352,Vern-sur-Seiche,6367,3748,2540,3827,79,3,1197.0,Gauche,2012,législative
35,352,Vern-sur-Seiche,6367,3748,2540,3827,79,4,796.0,Gauche,2012,législative
35,352,Vern-sur-Seiche,6367,3748,2540,3827,79,5,39.0,Gauche,2012,législative
35,352,Vern-sur-Seiche,6367,3748,2540,3827,79,6,232.0,Écologie,2012,législative
35,352,Vern-sur-Seiche,6367,3748,2540,3827,79,7,27.0,Régionalisme,2012,législative
35,352,Vern-sur-Seiche,6367,3748,2540,3827,79,8,42.0,Écologie,2012,législative
35,352,Vern-sur-Seiche,6367,3748,2540,3827,79,9,10.0,Divers,2012,législative
35,352,Vern-sur-Seiche,6367,3748,2540,3827,79,10,816.0,Droite,2012,législative
35,352,Vern-sur-Seiche,6367,3748,2540,3827,79,11,41.0,Droite,2012,législative
35,352,Vern-sur-Seiche,6367,3748,2540,3827,79,12,106.0,Droite,2012,législative
35,352,Vern-sur-Seiche,6367,3748,2540,3827,79,13,292.0,Extrême Droite,2012,législative
35,353,Vezin-le-Coquet,3154,1973,1155,1999,26,0,13.0,Extrême Gauche,2012,législative
35,353,Vezin-le-Coquet,3154,1973,1155,1999,26,1,6.0,Extrême Gauche,2012,législative
35,353,Vezin-le-Coquet,3154,1973,1155,1999,26,2,4.0,Extrême Gauche,2012,législative
35,353,Vezin-le-Coquet,3154,1973,1155,1999,26,3,95.0,Gauche,2012,législative
35,353,Vezin-le-Coquet,3154,1973,1155,1999,26,4,944.0,Gauche,2012,législative
35,353,Vezin-le-Coquet,3154,1973,1155,1999,26,5,153.0,Écologie,2012,législative
35,353,Vezin-le-Coquet,3154,1973,1155,1999,26,6,23.0,Écologie,2012,législative
35,353,Vezin-le-Coquet,3154,1973,1155,1999,26,7,11.0,Divers,2012,législative
35,353,Vezin-le-Coquet,3154,1973,1155,1999,26,8,8.0,Divers,2012,législative
35,353,Vezin-le-Coquet,3154,1973,1155,1999,26,9,0.0,Divers,2012,législative
35,353,Vezin-le-Coquet,3154,1973,1155,1999,26,10,3.0,Divers,2012,législative
35,353,Vezin-le-Coquet,3154,1973,1155,1999,26,11,23.0,Droite,2012,législative
35,353,Vezin-le-Coquet,3154,1973,1155,1999,26,12,564.0,Droite,2012,législative
35,353,Vezin-le-Coquet,3154,1973,1155,1999,26,13,126.0,Extrême Droite,2012,législative
35,354,Vieux-Viel,243,147,94,149,2,0,2.0,Extrême Gauche,2012,législative
35,354,Vieux-Viel,243,147,94,149,2,1,6.0,Extrême Gauche,2012,législative
35,354,Vieux-Viel,243,147,94,149,2,2,5.0,Gauche,2012,législative
35,354,Vieux-Viel,243,147,94,149,2,3,48.0,Gauche,2012,législative
35,354,Vieux-Viel,243,147,94,149,2,4,20.0,Écologie,2012,législative
35,354,Vieux-Viel,243,147,94,149,2,5,0.0,Divers,2012,législative
35,354,Vieux-Viel,243,147,94,149,2,6,41.0,Droite,2012,législative
35,354,Vieux-Viel,243,147,94,149,2,7,1.0,Droite,2012,législative
35,354,Vieux-Viel,243,147,94,149,2,8,24.0,Extrême Droite,2012,législative
35,355,Vieux-Vy-sur-Couesnon,831,473,349,482,9,0,5.0,Extrême Gauche,2012,législative
35,355,Vieux-Vy-sur-Couesnon,831,473,349,482,9,1,3.0,Extrême Gauche,2012,législative
35,355,Vieux-Vy-sur-Couesnon,831,473,349,482,9,2,19.0,Gauche,2012,législative
35,355,Vieux-Vy-sur-Couesnon,831,473,349,482,9,3,164.0,Gauche,2012,législative
35,355,Vieux-Vy-sur-Couesnon,831,473,349,482,9,4,82.0,Écologie,2012,législative
35,355,Vieux-Vy-sur-Couesnon,831,473,349,482,9,5,1.0,Divers,2012,législative
35,355,Vieux-Vy-sur-Couesnon,831,473,349,482,9,6,137.0,Droite,2012,législative
35,355,Vieux-Vy-sur-Couesnon,831,473,349,482,9,7,1.0,Droite,2012,législative
35,355,Vieux-Vy-sur-Couesnon,831,473,349,482,9,8,61.0,Extrême Droite,2012,législative
35,356,Vignoc,1120,678,426,694,16,0,2.0,Extrême Gauche,2012,législative
35,356,Vignoc,1120,678,426,694,16,1,0.0,Extrême Gauche,2012,législative
35,356,Vignoc,1120,678,426,694,16,2,35.0,Gauche,2012,législative
35,356,Vignoc,1120,678,426,694,16,3,347.0,Gauche,2012,législative
35,356,Vignoc,1120,678,426,694,16,4,35.0,Écologie,2012,législative
35,356,Vignoc,1120,678,426,694,16,5,2.0,Régionalisme,2012,législative
35,356,Vignoc,1120,678,426,694,16,6,210.0,Droite,2012,législative
35,356,Vignoc,1120,678,426,694,16,7,47.0,Extrême Droite,2012,législative
35,357,Villamée,257,158,99,158,0,0,0.0,Extrême Gauche,2012,législative
35,357,Villamée,257,158,99,158,0,1,0.0,Extrême Gauche,2012,législative
35,357,Villamée,257,158,99,158,0,2,4.0,Gauche,2012,législative
35,357,Villamée,257,158,99,158,0,3,32.0,Gauche,2012,législative
35,357,Villamée,257,158,99,158,0,4,16.0,Écologie,2012,législative
35,357,Villamée,257,158,99,158,0,5,1.0,Divers,2012,législative
35,357,Villamée,257,158,99,158,0,6,92.0,Droite,2012,législative
35,357,Villamée,257,158,99,158,0,7,2.0,Droite,2012,législative
35,357,Villamée,257,158,99,158,0,8,11.0,Extrême Droite,2012,législative
35,358,La Ville-ès-Nonais,731,438,287,444,6,0,3.0,Extrême Gauche,2012,législative
35,358,La Ville-ès-Nonais,731,438,287,444,6,1,2.0,Extrême Gauche,2012,législative
35,358,La Ville-ès-Nonais,731,438,287,444,6,2,10.0,Gauche,2012,législative
35,358,La Ville-ès-Nonais,731,438,287,444,6,3,146.0,Gauche,2012,législative
35,358,La Ville-ès-Nonais,731,438,287,444,6,4,25.0,Gauche,2012,législative
35,358,La Ville-ès-Nonais,731,438,287,444,6,5,7.0,Écologie,2012,législative
35,358,La Ville-ès-Nonais,731,438,287,444,6,6,3.0,Régionalisme,2012,législative
35,358,La Ville-ès-Nonais,731,438,287,444,6,7,1.0,Écologie,2012,législative
35,358,La Ville-ès-Nonais,731,438,287,444,6,8,63.0,Droite,2012,législative
35,358,La Ville-ès-Nonais,731,438,287,444,6,9,57.0,Droite,2012,législative
35,358,La Ville-ès-Nonais,731,438,287,444,6,10,84.0,Droite,2012,législative
35,358,La Ville-ès-Nonais,731,438,287,444,6,11,37.0,Extrême Droite,2012,législative
35,359,Visseiche,614,287,317,297,10,0,5.0,Extrême Gauche,2012,législative
35,359,Visseiche,614,287,317,297,10,1,2.0,Gauche,2012,législative
35,359,Visseiche,614,287,317,297,10,2,75.0,Gauche,2012,législative
35,359,Visseiche,614,287,317,297,10,3,11.0,Écologie,2012,législative
35,359,Visseiche,614,287,317,297,10,4,27.0,Centre,2012,législative
35,359,Visseiche,614,287,317,297,10,5,118.0,Droite,2012,législative
35,359,Visseiche,614,287,317,297,10,6,5.0,Droite,2012,législative
35,359,Visseiche,614,287,317,297,10,7,3.0,Droite,2012,législative
35,359,Visseiche,614,287,317,297,10,8,41.0,Extrême Droite,2012,législative
35,360,Vitré,12514,7191,5225,7289,98,0,41.0,Extrême Gauche,2012,législative
35,360,Vitré,12514,7191,5225,7289,98,1,161.0,Gauche,2012,législative
35,360,Vitré,12514,7191,5225,7289,98,2,2310.0,Gauche,2012,législative
35,360,Vitré,12514,7191,5225,7289,98,3,280.0,Écologie,2012,législative
35,360,Vitré,12514,7191,5225,7289,98,4,232.0,Centre,2012,législative
35,360,Vitré,12514,7191,5225,7289,98,5,3684.0,Droite,2012,législative
35,360,Vitré,12514,7191,5225,7289,98,6,70.0,Droite,2012,législative
35,360,Vitré,12514,7191,5225,7289,98,7,51.0,Droite,2012,législative
35,360,Vitré,12514,7191,5225,7289,98,8,362.0,Extrême Droite,2012,législative
35,361,Le Vivier-sur-Mer,855,477,371,484,7,0,1.0,Extrême Gauche,2012,législative
35,361,Le Vivier-sur-Mer,855,477,371,484,7,1,1.0,Extrême Gauche,2012,législative
35,361,Le Vivier-sur-Mer,855,477,371,484,7,2,9.0,Gauche,2012,législative
35,361,Le Vivier-sur-Mer,855,477,371,484,7,3,160.0,Gauche,2012,législative
35,361,Le Vivier-sur-Mer,855,477,371,484,7,4,21.0,Gauche,2012,législative
35,361,Le Vivier-sur-Mer,855,477,371,484,7,5,16.0,Écologie,2012,législative
35,361,Le Vivier-sur-Mer,855,477,371,484,7,6,0.0,Régionalisme,2012,législative
35,361,Le Vivier-sur-Mer,855,477,371,484,7,7,4.0,Écologie,2012,législative
35,361,Le Vivier-sur-Mer,855,477,371,484,7,8,7.0,Droite,2012,législative
35,361,Le Vivier-sur-Mer,855,477,371,484,7,9,104.0,Droite,2012,législative
35,361,Le Vivier-sur-Mer,855,477,371,484,7,10,123.0,Droite,2012,législative
35,361,Le Vivier-sur-Mer,855,477,371,484,7,11,31.0,Extrême Droite,2012,législative
35,362,Le Tronchet,669,410,252,417,7,0,1.0,Extrême Gauche,2012,législative
35,362,Le Tronchet,669,410,252,417,7,1,3.0,Extrême Gauche,2012,législative
35,362,Le Tronchet,669,410,252,417,7,2,12.0,Gauche,2012,législative
35,362,Le Tronchet,669,410,252,417,7,3,150.0,Gauche,2012,législative
35,362,Le Tronchet,669,410,252,417,7,4,20.0,Gauche,2012,législative
35,362,Le Tronchet,669,410,252,417,7,5,15.0,Écologie,2012,législative
35,362,Le Tronchet,669,410,252,417,7,6,1.0,Régionalisme,2012,législative
35,362,Le Tronchet,669,410,252,417,7,7,0.0,Écologie,2012,législative
35,362,Le Tronchet,669,410,252,417,7,8,110.0,Droite,2012,législative
35,362,Le Tronchet,669,410,252,417,7,9,25.0,Droite,2012,législative
35,362,Le Tronchet,669,410,252,417,7,10,30.0,Droite,2012,législative
35,362,Le Tronchet,669,410,252,417,7,11,43.0,Extrême Droite,2012,législative
35,363,Pont-Péan,2824,1699,1095,1729,30,0,12.0,Extrême Gauche,2012,législative
35,363,Pont-Péan,2824,1699,1095,1729,30,1,5.0,Extrême Gauche,2012,législative
35,363,Pont-Péan,2824,1699,1095,1729,30,2,55.0,Gauche,2012,législative
35,363,Pont-Péan,2824,1699,1095,1729,30,3,602.0,Gauche,2012,législative
35,363,Pont-Péan,2824,1699,1095,1729,30,4,312.0,Gauche,2012,législative
35,363,Pont-Péan,2824,1699,1095,1729,30,5,25.0,Gauche,2012,législative
35,363,Pont-Péan,2824,1699,1095,1729,30,6,118.0,Écologie,2012,législative
35,363,Pont-Péan,2824,1699,1095,1729,30,7,10.0,Régionalisme,2012,législative
35,363,Pont-Péan,2824,1699,1095,1729,30,8,17.0,Écologie,2012,législative
35,363,Pont-Péan,2824,1699,1095,1729,30,9,3.0,Divers,2012,législative
35,363,Pont-Péan,2824,1699,1095,1729,30,10,312.0,Droite,2012,législative
35,363,Pont-Péan,2824,1699,1095,1729,30,11,10.0,Droite,2012,législative
35,363,Pont-Péan,2824,1699,1095,1729,30,12,50.0,Droite,2012,législative
35,363,Pont-Péan,2824,1699,1095,1729,30,13,168.0,Extrême Droite,2012,législative
