id_dept,id_commune,nom_commune,nb_inscrits,nb_exprimes,nb_abs,nb_votants,nb_blancs_nuls,candidat_id,cand_voix,cand_orientation,années,type_election
35,1,Acigné,4103,2806,1254,2849,43,0,43.0,Extrême Gauche,2002,législative
35,1,Acigné,4103,2806,1254,2849,43,1,47.0,Extrême Gauche,2002,législative
35,1,Acigné,4103,2806,1254,2849,43,2,41.0,Gauche,2002,législative
35,1,Acigné,4103,2806,1254,2849,43,3,976.0,Gauche,2002,législative
35,1,Acigné,4103,2806,1254,2849,43,4,48.0,Gauche,2002,législative
35,1,Acigné,4103,2806,1254,2849,43,5,189.0,Écologie,2002,législative
35,1,Acigné,4103,2806,1254,2849,43,6,25.0,Écologie,2002,législative
35,1,Acigné,4103,2806,1254,2849,43,7,26.0,Régionalisme,2002,législative
35,1,Acigné,4103,2806,1254,2849,43,8,12.0,Droite,2002,législative
35,1,Acigné,4103,2806,1254,2849,43,9,1278.0,Droite,2002,législative
35,1,Acigné,4103,2806,1254,2849,43,10,20.0,Droite,2002,législative
35,1,Acigné,4103,2806,1254,2849,43,11,92.0,Extrême Droite,2002,législative
35,1,Acigné,4103,2806,1254,2849,43,12,9.0,Extrême Droite,2002,législative
35,2,Amanlis,1092,737,346,746,9,0,18.0,Extrême Gauche,2002,législative
35,2,Amanlis,1092,737,346,746,9,1,12.0,Extrême Gauche,2002,législative
35,2,Amanlis,1092,737,346,746,9,2,9.0,Gauche,2002,législative
35,2,Amanlis,1092,737,346,746,9,3,155.0,Gauche,2002,législative
35,2,Amanlis,1092,737,346,746,9,4,11.0,Gauche,2002,législative
35,2,Amanlis,1092,737,346,746,9,5,27.0,Écologie,2002,législative
35,2,Amanlis,1092,737,346,746,9,6,2.0,Écologie,2002,législative
35,2,Amanlis,1092,737,346,746,9,7,5.0,Régionalisme,2002,législative
35,2,Amanlis,1092,737,346,746,9,8,14.0,Droite,2002,législative
35,2,Amanlis,1092,737,346,746,9,9,382.0,Droite,2002,législative
35,2,Amanlis,1092,737,346,746,9,10,48.0,Droite,2002,législative
35,2,Amanlis,1092,737,346,746,9,11,50.0,Extrême Droite,2002,législative
35,2,Amanlis,1092,737,346,746,9,12,4.0,Extrême Droite,2002,législative
35,3,Andouillé-Neuville,351,232,108,243,11,0,3.0,Extrême Gauche,2002,législative
35,3,Andouillé-Neuville,351,232,108,243,11,1,4.0,Extrême Gauche,2002,législative
35,3,Andouillé-Neuville,351,232,108,243,11,2,4.0,Extrême Gauche,2002,législative
35,3,Andouillé-Neuville,351,232,108,243,11,3,2.0,Gauche,2002,législative
35,3,Andouillé-Neuville,351,232,108,243,11,4,64.0,Gauche,2002,législative
35,3,Andouillé-Neuville,351,232,108,243,11,5,7.0,Écologie,2002,législative
35,3,Andouillé-Neuville,351,232,108,243,11,6,0.0,Gauche,2002,législative
35,3,Andouillé-Neuville,351,232,108,243,11,7,1.0,Écologie,2002,législative
35,3,Andouillé-Neuville,351,232,108,243,11,8,1.0,Écologie,2002,législative
35,3,Andouillé-Neuville,351,232,108,243,11,9,1.0,Régionalisme,2002,législative
35,3,Andouillé-Neuville,351,232,108,243,11,10,6.0,Droite,2002,législative
35,3,Andouillé-Neuville,351,232,108,243,11,11,0.0,Divers,2002,législative
35,3,Andouillé-Neuville,351,232,108,243,11,12,83.0,Centre,2002,législative
35,3,Andouillé-Neuville,351,232,108,243,11,13,43.0,Droite,2002,législative
35,3,Andouillé-Neuville,351,232,108,243,11,14,0.0,Droite,2002,législative
35,3,Andouillé-Neuville,351,232,108,243,11,15,10.0,Extrême Droite,2002,législative
35,3,Andouillé-Neuville,351,232,108,243,11,16,3.0,Extrême Droite,2002,législative
35,4,Antrain,1041,641,379,662,21,0,16.0,Extrême Gauche,2002,législative
35,4,Antrain,1041,641,379,662,21,1,21.0,Extrême Gauche,2002,législative
35,4,Antrain,1041,641,379,662,21,2,13.0,Gauche,2002,législative
35,4,Antrain,1041,641,379,662,21,3,87.0,Gauche,2002,législative
35,4,Antrain,1041,641,379,662,21,4,87.0,Écologie,2002,législative
35,4,Antrain,1041,641,379,662,21,5,4.0,Écologie,2002,législative
35,4,Antrain,1041,641,379,662,21,6,10.0,Régionalisme,2002,législative
35,4,Antrain,1041,641,379,662,21,7,4.0,Divers,2002,législative
35,4,Antrain,1041,641,379,662,21,8,318.0,Droite,2002,législative
35,4,Antrain,1041,641,379,662,21,9,34.0,Droite,2002,législative
35,4,Antrain,1041,641,379,662,21,10,42.0,Extrême Droite,2002,législative
35,4,Antrain,1041,641,379,662,21,11,5.0,Extrême Droite,2002,législative
35,5,Arbrissel,183,113,69,114,1,0,3.0,Extrême Gauche,2002,législative
35,5,Arbrissel,183,113,69,114,1,1,1.0,Extrême Gauche,2002,législative
35,5,Arbrissel,183,113,69,114,1,2,0.0,Gauche,2002,législative
35,5,Arbrissel,183,113,69,114,1,3,10.0,Gauche,2002,législative
35,5,Arbrissel,183,113,69,114,1,4,0.0,Gauche,2002,législative
35,5,Arbrissel,183,113,69,114,1,5,2.0,Écologie,2002,législative
35,5,Arbrissel,183,113,69,114,1,6,1.0,Écologie,2002,législative
35,5,Arbrissel,183,113,69,114,1,7,1.0,Régionalisme,2002,législative
35,5,Arbrissel,183,113,69,114,1,8,4.0,Droite,2002,législative
35,5,Arbrissel,183,113,69,114,1,9,84.0,Droite,2002,législative
35,5,Arbrissel,183,113,69,114,1,10,1.0,Droite,2002,législative
35,5,Arbrissel,183,113,69,114,1,11,6.0,Extrême Droite,2002,législative
35,5,Arbrissel,183,113,69,114,1,12,0.0,Extrême Droite,2002,législative
35,6,Argentré-du-Plessis,2850,1906,908,1942,36,0,30.0,Extrême Gauche,2002,législative
35,6,Argentré-du-Plessis,2850,1906,908,1942,36,1,12.0,Extrême Gauche,2002,législative
35,6,Argentré-du-Plessis,2850,1906,908,1942,36,2,12.0,Gauche,2002,législative
35,6,Argentré-du-Plessis,2850,1906,908,1942,36,3,296.0,Gauche,2002,législative
35,6,Argentré-du-Plessis,2850,1906,908,1942,36,4,20.0,Gauche,2002,législative
35,6,Argentré-du-Plessis,2850,1906,908,1942,36,5,93.0,Écologie,2002,législative
35,6,Argentré-du-Plessis,2850,1906,908,1942,36,6,7.0,Écologie,2002,législative
35,6,Argentré-du-Plessis,2850,1906,908,1942,36,7,8.0,Régionalisme,2002,législative
35,6,Argentré-du-Plessis,2850,1906,908,1942,36,8,7.0,Droite,2002,législative
35,6,Argentré-du-Plessis,2850,1906,908,1942,36,9,1303.0,Droite,2002,législative
35,6,Argentré-du-Plessis,2850,1906,908,1942,36,10,23.0,Droite,2002,législative
35,6,Argentré-du-Plessis,2850,1906,908,1942,36,11,78.0,Extrême Droite,2002,législative
35,6,Argentré-du-Plessis,2850,1906,908,1942,36,12,17.0,Extrême Droite,2002,législative
35,7,Aubigné,192,135,54,138,3,0,11.0,Extrême Gauche,2002,législative
35,7,Aubigné,192,135,54,138,3,1,2.0,Extrême Gauche,2002,législative
35,7,Aubigné,192,135,54,138,3,2,0.0,Extrême Gauche,2002,législative
35,7,Aubigné,192,135,54,138,3,3,1.0,Gauche,2002,législative
35,7,Aubigné,192,135,54,138,3,4,61.0,Gauche,2002,législative
35,7,Aubigné,192,135,54,138,3,5,4.0,Écologie,2002,législative
35,7,Aubigné,192,135,54,138,3,6,1.0,Gauche,2002,législative
35,7,Aubigné,192,135,54,138,3,7,1.0,Écologie,2002,législative
35,7,Aubigné,192,135,54,138,3,8,1.0,Écologie,2002,législative
35,7,Aubigné,192,135,54,138,3,9,1.0,Régionalisme,2002,législative
35,7,Aubigné,192,135,54,138,3,10,2.0,Droite,2002,législative
35,7,Aubigné,192,135,54,138,3,11,2.0,Divers,2002,législative
35,7,Aubigné,192,135,54,138,3,12,25.0,Centre,2002,législative
35,7,Aubigné,192,135,54,138,3,13,5.0,Droite,2002,législative
35,7,Aubigné,192,135,54,138,3,14,1.0,Droite,2002,législative
35,7,Aubigné,192,135,54,138,3,15,17.0,Extrême Droite,2002,législative
35,7,Aubigné,192,135,54,138,3,16,0.0,Extrême Droite,2002,législative
35,8,Availles-sur-Seiche,340,210,125,215,5,0,3.0,Extrême Gauche,2002,législative
35,8,Availles-sur-Seiche,340,210,125,215,5,1,7.0,Extrême Gauche,2002,législative
35,8,Availles-sur-Seiche,340,210,125,215,5,2,0.0,Gauche,2002,législative
35,8,Availles-sur-Seiche,340,210,125,215,5,3,29.0,Gauche,2002,législative
35,8,Availles-sur-Seiche,340,210,125,215,5,4,2.0,Gauche,2002,législative
35,8,Availles-sur-Seiche,340,210,125,215,5,5,7.0,Écologie,2002,législative
35,8,Availles-sur-Seiche,340,210,125,215,5,6,0.0,Écologie,2002,législative
35,8,Availles-sur-Seiche,340,210,125,215,5,7,5.0,Régionalisme,2002,législative
35,8,Availles-sur-Seiche,340,210,125,215,5,8,12.0,Droite,2002,législative
35,8,Availles-sur-Seiche,340,210,125,215,5,9,127.0,Droite,2002,législative
35,8,Availles-sur-Seiche,340,210,125,215,5,10,2.0,Droite,2002,législative
35,8,Availles-sur-Seiche,340,210,125,215,5,11,12.0,Extrême Droite,2002,législative
35,8,Availles-sur-Seiche,340,210,125,215,5,12,4.0,Extrême Droite,2002,législative
35,9,Baguer-Morvan,1110,691,403,707,16,0,9.0,Extrême Gauche,2002,législative
35,9,Baguer-Morvan,1110,691,403,707,16,1,12.0,Extrême Gauche,2002,législative
35,9,Baguer-Morvan,1110,691,403,707,16,2,2.0,Extrême Gauche,2002,législative
35,9,Baguer-Morvan,1110,691,403,707,16,3,15.0,Gauche,2002,législative
35,9,Baguer-Morvan,1110,691,403,707,16,4,185.0,Gauche,2002,législative
35,9,Baguer-Morvan,1110,691,403,707,16,5,21.0,Écologie,2002,législative
35,9,Baguer-Morvan,1110,691,403,707,16,6,1.0,Gauche,2002,législative
35,9,Baguer-Morvan,1110,691,403,707,16,7,4.0,Écologie,2002,législative
35,9,Baguer-Morvan,1110,691,403,707,16,8,4.0,Écologie,2002,législative
35,9,Baguer-Morvan,1110,691,403,707,16,9,7.0,Régionalisme,2002,législative
35,9,Baguer-Morvan,1110,691,403,707,16,10,23.0,Droite,2002,législative
35,9,Baguer-Morvan,1110,691,403,707,16,11,0.0,Divers,2002,législative
35,9,Baguer-Morvan,1110,691,403,707,16,12,363.0,Droite,2002,législative
35,9,Baguer-Morvan,1110,691,403,707,16,13,40.0,Extrême Droite,2002,législative
35,9,Baguer-Morvan,1110,691,403,707,16,14,5.0,Extrême Droite,2002,législative
35,10,Baguer-Pican,765,470,272,493,23,0,17.0,Extrême Gauche,2002,législative
35,10,Baguer-Pican,765,470,272,493,23,1,11.0,Extrême Gauche,2002,législative
35,10,Baguer-Pican,765,470,272,493,23,2,4.0,Extrême Gauche,2002,législative
35,10,Baguer-Pican,765,470,272,493,23,3,18.0,Gauche,2002,législative
35,10,Baguer-Pican,765,470,272,493,23,4,159.0,Gauche,2002,législative
35,10,Baguer-Pican,765,470,272,493,23,5,8.0,Écologie,2002,législative
35,10,Baguer-Pican,765,470,272,493,23,6,0.0,Gauche,2002,législative
35,10,Baguer-Pican,765,470,272,493,23,7,1.0,Écologie,2002,législative
35,10,Baguer-Pican,765,470,272,493,23,8,0.0,Écologie,2002,législative
35,10,Baguer-Pican,765,470,272,493,23,9,6.0,Régionalisme,2002,législative
35,10,Baguer-Pican,765,470,272,493,23,10,24.0,Droite,2002,législative
35,10,Baguer-Pican,765,470,272,493,23,11,2.0,Divers,2002,législative
35,10,Baguer-Pican,765,470,272,493,23,12,192.0,Droite,2002,législative
35,10,Baguer-Pican,765,470,272,493,23,13,22.0,Extrême Droite,2002,législative
35,10,Baguer-Pican,765,470,272,493,23,14,6.0,Extrême Droite,2002,législative
35,11,Baillé,239,172,60,179,7,0,5.0,Extrême Gauche,2002,législative
35,11,Baillé,239,172,60,179,7,1,7.0,Extrême Gauche,2002,législative
35,11,Baillé,239,172,60,179,7,2,14.0,Gauche,2002,législative
35,11,Baillé,239,172,60,179,7,3,46.0,Gauche,2002,législative
35,11,Baillé,239,172,60,179,7,4,13.0,Écologie,2002,législative
35,11,Baillé,239,172,60,179,7,5,2.0,Écologie,2002,législative
35,11,Baillé,239,172,60,179,7,6,1.0,Régionalisme,2002,législative
35,11,Baillé,239,172,60,179,7,7,0.0,Divers,2002,législative
35,11,Baillé,239,172,60,179,7,8,69.0,Droite,2002,législative
35,11,Baillé,239,172,60,179,7,9,7.0,Droite,2002,législative
35,11,Baillé,239,172,60,179,7,10,5.0,Extrême Droite,2002,législative
35,11,Baillé,239,172,60,179,7,11,3.0,Extrême Droite,2002,législative
35,12,Bain-de-Bretagne,4059,2331,1693,2366,35,0,42.0,Extrême Gauche,2002,législative
35,12,Bain-de-Bretagne,4059,2331,1693,2366,35,1,34.0,Gauche,2002,législative
35,12,Bain-de-Bretagne,4059,2331,1693,2366,35,2,506.0,Gauche,2002,législative
35,12,Bain-de-Bretagne,4059,2331,1693,2366,35,3,76.0,Écologie,2002,législative
35,12,Bain-de-Bretagne,4059,2331,1693,2366,35,4,34.0,Écologie,2002,législative
35,12,Bain-de-Bretagne,4059,2331,1693,2366,35,5,20.0,Écologie,2002,législative
35,12,Bain-de-Bretagne,4059,2331,1693,2366,35,6,13.0,Écologie,2002,législative
35,12,Bain-de-Bretagne,4059,2331,1693,2366,35,7,34.0,Régionalisme,2002,législative
35,12,Bain-de-Bretagne,4059,2331,1693,2366,35,8,18.0,Droite,2002,législative
35,12,Bain-de-Bretagne,4059,2331,1693,2366,35,9,715.0,Droite,2002,législative
35,12,Bain-de-Bretagne,4059,2331,1693,2366,35,10,676.0,Droite,2002,législative
35,12,Bain-de-Bretagne,4059,2331,1693,2366,35,11,137.0,Extrême Droite,2002,législative
35,12,Bain-de-Bretagne,4059,2331,1693,2366,35,12,26.0,Extrême Droite,2002,législative
35,13,Bains-sur-Oust,2449,1622,797,1652,30,0,29.0,Extrême Gauche,2002,législative
35,13,Bains-sur-Oust,2449,1622,797,1652,30,1,26.0,Gauche,2002,législative
35,13,Bains-sur-Oust,2449,1622,797,1652,30,2,422.0,Gauche,2002,législative
35,13,Bains-sur-Oust,2449,1622,797,1652,30,3,71.0,Écologie,2002,législative
35,13,Bains-sur-Oust,2449,1622,797,1652,30,4,16.0,Écologie,2002,législative
35,13,Bains-sur-Oust,2449,1622,797,1652,30,5,16.0,Écologie,2002,législative
35,13,Bains-sur-Oust,2449,1622,797,1652,30,6,4.0,Écologie,2002,législative
35,13,Bains-sur-Oust,2449,1622,797,1652,30,7,56.0,Régionalisme,2002,législative
35,13,Bains-sur-Oust,2449,1622,797,1652,30,8,30.0,Droite,2002,législative
35,13,Bains-sur-Oust,2449,1622,797,1652,30,9,645.0,Droite,2002,législative
35,13,Bains-sur-Oust,2449,1622,797,1652,30,10,238.0,Droite,2002,législative
35,13,Bains-sur-Oust,2449,1622,797,1652,30,11,61.0,Extrême Droite,2002,législative
35,13,Bains-sur-Oust,2449,1622,797,1652,30,12,8.0,Extrême Droite,2002,législative
35,14,Bais,1422,870,541,881,11,0,40.0,Extrême Gauche,2002,législative
35,14,Bais,1422,870,541,881,11,1,13.0,Extrême Gauche,2002,législative
35,14,Bais,1422,870,541,881,11,2,1.0,Gauche,2002,législative
35,14,Bais,1422,870,541,881,11,3,81.0,Gauche,2002,législative
35,14,Bais,1422,870,541,881,11,4,6.0,Gauche,2002,législative
35,14,Bais,1422,870,541,881,11,5,16.0,Écologie,2002,législative
35,14,Bais,1422,870,541,881,11,6,4.0,Écologie,2002,législative
35,14,Bais,1422,870,541,881,11,7,3.0,Régionalisme,2002,législative
35,14,Bais,1422,870,541,881,11,8,20.0,Droite,2002,législative
35,14,Bais,1422,870,541,881,11,9,630.0,Droite,2002,législative
35,14,Bais,1422,870,541,881,11,10,8.0,Droite,2002,législative
35,14,Bais,1422,870,541,881,11,11,42.0,Extrême Droite,2002,législative
35,14,Bais,1422,870,541,881,11,12,6.0,Extrême Droite,2002,législative
35,15,Balazé,1422,970,425,997,27,0,13.0,Extrême Gauche,2002,législative
35,15,Balazé,1422,970,425,997,27,1,14.0,Extrême Gauche,2002,législative
35,15,Balazé,1422,970,425,997,27,2,5.0,Gauche,2002,législative
35,15,Balazé,1422,970,425,997,27,3,78.0,Gauche,2002,législative
35,15,Balazé,1422,970,425,997,27,4,13.0,Gauche,2002,législative
35,15,Balazé,1422,970,425,997,27,5,30.0,Écologie,2002,législative
35,15,Balazé,1422,970,425,997,27,6,3.0,Écologie,2002,législative
35,15,Balazé,1422,970,425,997,27,7,8.0,Régionalisme,2002,législative
35,15,Balazé,1422,970,425,997,27,8,13.0,Droite,2002,législative
35,15,Balazé,1422,970,425,997,27,9,766.0,Droite,2002,législative
35,15,Balazé,1422,970,425,997,27,10,5.0,Droite,2002,législative
35,15,Balazé,1422,970,425,997,27,11,15.0,Extrême Droite,2002,législative
35,15,Balazé,1422,970,425,997,27,12,7.0,Extrême Droite,2002,législative
35,16,Baulon,1054,693,350,704,11,0,20.0,Extrême Gauche,2002,législative
35,16,Baulon,1054,693,350,704,11,1,10.0,Gauche,2002,législative
35,16,Baulon,1054,693,350,704,11,2,175.0,Gauche,2002,législative
35,16,Baulon,1054,693,350,704,11,3,40.0,Écologie,2002,législative
35,16,Baulon,1054,693,350,704,11,4,14.0,Écologie,2002,législative
35,16,Baulon,1054,693,350,704,11,5,5.0,Écologie,2002,législative
35,16,Baulon,1054,693,350,704,11,6,3.0,Écologie,2002,législative
35,16,Baulon,1054,693,350,704,11,7,8.0,Régionalisme,2002,législative
35,16,Baulon,1054,693,350,704,11,8,28.0,Droite,2002,législative
35,16,Baulon,1054,693,350,704,11,9,198.0,Droite,2002,législative
35,16,Baulon,1054,693,350,704,11,10,111.0,Droite,2002,législative
35,16,Baulon,1054,693,350,704,11,11,75.0,Extrême Droite,2002,législative
35,16,Baulon,1054,693,350,704,11,12,6.0,Extrême Droite,2002,législative
35,17,La Baussaine,399,252,138,261,9,0,1.0,Extrême Gauche,2002,législative
35,17,La Baussaine,399,252,138,261,9,1,4.0,Extrême Gauche,2002,législative
35,17,La Baussaine,399,252,138,261,9,2,0.0,Extrême Gauche,2002,législative
35,17,La Baussaine,399,252,138,261,9,3,5.0,Gauche,2002,législative
35,17,La Baussaine,399,252,138,261,9,4,86.0,Gauche,2002,législative
35,17,La Baussaine,399,252,138,261,9,5,4.0,Écologie,2002,législative
35,17,La Baussaine,399,252,138,261,9,6,0.0,Gauche,2002,législative
35,17,La Baussaine,399,252,138,261,9,7,3.0,Écologie,2002,législative
35,17,La Baussaine,399,252,138,261,9,8,2.0,Écologie,2002,législative
35,17,La Baussaine,399,252,138,261,9,9,2.0,Régionalisme,2002,législative
35,17,La Baussaine,399,252,138,261,9,10,1.0,Droite,2002,législative
35,17,La Baussaine,399,252,138,261,9,11,1.0,Divers,2002,législative
35,17,La Baussaine,399,252,138,261,9,12,50.0,Centre,2002,législative
35,17,La Baussaine,399,252,138,261,9,13,64.0,Droite,2002,législative
35,17,La Baussaine,399,252,138,261,9,14,6.0,Droite,2002,législative
35,17,La Baussaine,399,252,138,261,9,15,22.0,Extrême Droite,2002,législative
35,17,La Baussaine,399,252,138,261,9,16,1.0,Extrême Droite,2002,législative
35,18,La Bazouge-du-Désert,788,502,270,518,16,0,3.0,Extrême Gauche,2002,législative
35,18,La Bazouge-du-Désert,788,502,270,518,16,1,10.0,Extrême Gauche,2002,législative
35,18,La Bazouge-du-Désert,788,502,270,518,16,2,3.0,Gauche,2002,législative
35,18,La Bazouge-du-Désert,788,502,270,518,16,3,16.0,Gauche,2002,législative
35,18,La Bazouge-du-Désert,788,502,270,518,16,4,31.0,Écologie,2002,législative
35,18,La Bazouge-du-Désert,788,502,270,518,16,5,1.0,Écologie,2002,législative
35,18,La Bazouge-du-Désert,788,502,270,518,16,6,2.0,Régionalisme,2002,législative
35,18,La Bazouge-du-Désert,788,502,270,518,16,7,0.0,Divers,2002,législative
35,18,La Bazouge-du-Désert,788,502,270,518,16,8,365.0,Droite,2002,législative
35,18,La Bazouge-du-Désert,788,502,270,518,16,9,19.0,Droite,2002,législative
35,18,La Bazouge-du-Désert,788,502,270,518,16,10,48.0,Extrême Droite,2002,législative
35,18,La Bazouge-du-Désert,788,502,270,518,16,11,4.0,Extrême Droite,2002,législative
35,19,Bazouges-la-Pérouse,1373,937,391,982,45,0,16.0,Extrême Gauche,2002,législative
35,19,Bazouges-la-Pérouse,1373,937,391,982,45,1,18.0,Extrême Gauche,2002,législative
35,19,Bazouges-la-Pérouse,1373,937,391,982,45,2,8.0,Gauche,2002,législative
35,19,Bazouges-la-Pérouse,1373,937,391,982,45,3,142.0,Gauche,2002,législative
35,19,Bazouges-la-Pérouse,1373,937,391,982,45,4,103.0,Écologie,2002,législative
35,19,Bazouges-la-Pérouse,1373,937,391,982,45,5,7.0,Écologie,2002,législative
35,19,Bazouges-la-Pérouse,1373,937,391,982,45,6,15.0,Régionalisme,2002,législative
35,19,Bazouges-la-Pérouse,1373,937,391,982,45,7,11.0,Divers,2002,législative
35,19,Bazouges-la-Pérouse,1373,937,391,982,45,8,524.0,Droite,2002,législative
35,19,Bazouges-la-Pérouse,1373,937,391,982,45,9,42.0,Droite,2002,législative
35,19,Bazouges-la-Pérouse,1373,937,391,982,45,10,46.0,Extrême Droite,2002,législative
35,19,Bazouges-la-Pérouse,1373,937,391,982,45,11,5.0,Extrême Droite,2002,législative
35,21,Beaucé,915,601,305,610,9,0,13.0,Extrême Gauche,2002,législative
35,21,Beaucé,915,601,305,610,9,1,16.0,Extrême Gauche,2002,législative
35,21,Beaucé,915,601,305,610,9,2,14.0,Gauche,2002,législative
35,21,Beaucé,915,601,305,610,9,3,37.0,Gauche,2002,législative
35,21,Beaucé,915,601,305,610,9,4,115.0,Écologie,2002,législative
35,21,Beaucé,915,601,305,610,9,5,1.0,Écologie,2002,législative
35,21,Beaucé,915,601,305,610,9,6,5.0,Régionalisme,2002,législative
35,21,Beaucé,915,601,305,610,9,7,7.0,Divers,2002,législative
35,21,Beaucé,915,601,305,610,9,8,331.0,Droite,2002,législative
35,21,Beaucé,915,601,305,610,9,9,18.0,Droite,2002,législative
35,21,Beaucé,915,601,305,610,9,10,38.0,Extrême Droite,2002,législative
35,21,Beaucé,915,601,305,610,9,11,6.0,Extrême Droite,2002,législative
35,22,Bécherel,456,298,149,307,9,0,4.0,Extrême Gauche,2002,législative
35,22,Bécherel,456,298,149,307,9,1,9.0,Extrême Gauche,2002,législative
35,22,Bécherel,456,298,149,307,9,2,1.0,Extrême Gauche,2002,législative
35,22,Bécherel,456,298,149,307,9,3,6.0,Gauche,2002,législative
35,22,Bécherel,456,298,149,307,9,4,69.0,Gauche,2002,législative
35,22,Bécherel,456,298,149,307,9,5,8.0,Gauche,2002,législative
35,22,Bécherel,456,298,149,307,9,6,25.0,Écologie,2002,législative
35,22,Bécherel,456,298,149,307,9,7,1.0,Gauche,2002,législative
35,22,Bécherel,456,298,149,307,9,8,0.0,Écologie,2002,législative
35,22,Bécherel,456,298,149,307,9,9,8.0,Régionalisme,2002,législative
35,22,Bécherel,456,298,149,307,9,10,1.0,Droite,2002,législative
35,22,Bécherel,456,298,149,307,9,11,141.0,Droite,2002,législative
35,22,Bécherel,456,298,149,307,9,12,20.0,Extrême Droite,2002,législative
35,22,Bécherel,456,298,149,307,9,13,5.0,Extrême Droite,2002,législative
35,23,Bédée,2491,1560,901,1590,30,0,19.0,Extrême Gauche,2002,législative
35,23,Bédée,2491,1560,901,1590,30,1,14.0,Extrême Gauche,2002,législative
35,23,Bédée,2491,1560,901,1590,30,2,3.0,Extrême Gauche,2002,législative
35,23,Bédée,2491,1560,901,1590,30,3,32.0,Gauche,2002,législative
35,23,Bédée,2491,1560,901,1590,30,4,534.0,Gauche,2002,législative
35,23,Bédée,2491,1560,901,1590,30,5,39.0,Gauche,2002,législative
35,23,Bédée,2491,1560,901,1590,30,6,45.0,Écologie,2002,législative
35,23,Bédée,2491,1560,901,1590,30,7,7.0,Gauche,2002,législative
35,23,Bédée,2491,1560,901,1590,30,8,11.0,Écologie,2002,législative
35,23,Bédée,2491,1560,901,1590,30,9,10.0,Régionalisme,2002,législative
35,23,Bédée,2491,1560,901,1590,30,10,20.0,Droite,2002,législative
35,23,Bédée,2491,1560,901,1590,30,11,727.0,Droite,2002,législative
35,23,Bédée,2491,1560,901,1590,30,12,84.0,Extrême Droite,2002,législative
35,23,Bédée,2491,1560,901,1590,30,13,15.0,Extrême Droite,2002,législative
35,24,Betton,6303,4409,1832,4471,62,0,53.0,Extrême Gauche,2002,législative
35,24,Betton,6303,4409,1832,4471,62,1,37.0,Extrême Gauche,2002,législative
35,24,Betton,6303,4409,1832,4471,62,2,12.0,Extrême Gauche,2002,législative
35,24,Betton,6303,4409,1832,4471,62,3,42.0,Gauche,2002,législative
35,24,Betton,6303,4409,1832,4471,62,4,2114.0,Gauche,2002,législative
35,24,Betton,6303,4409,1832,4471,62,5,186.0,Écologie,2002,législative
35,24,Betton,6303,4409,1832,4471,62,6,28.0,Gauche,2002,législative
35,24,Betton,6303,4409,1832,4471,62,7,48.0,Écologie,2002,législative
35,24,Betton,6303,4409,1832,4471,62,8,53.0,Écologie,2002,législative
35,24,Betton,6303,4409,1832,4471,62,9,55.0,Régionalisme,2002,législative
35,24,Betton,6303,4409,1832,4471,62,10,19.0,Droite,2002,législative
35,24,Betton,6303,4409,1832,4471,62,11,19.0,Divers,2002,législative
35,24,Betton,6303,4409,1832,4471,62,12,957.0,Centre,2002,législative
35,24,Betton,6303,4409,1832,4471,62,13,636.0,Droite,2002,législative
35,24,Betton,6303,4409,1832,4471,62,14,0.0,Droite,2002,législative
35,24,Betton,6303,4409,1832,4471,62,15,137.0,Extrême Droite,2002,législative
35,24,Betton,6303,4409,1832,4471,62,16,13.0,Extrême Droite,2002,législative
35,25,Billé,713,480,212,501,21,0,14.0,Extrême Gauche,2002,législative
35,25,Billé,713,480,212,501,21,1,8.0,Extrême Gauche,2002,législative
35,25,Billé,713,480,212,501,21,2,5.0,Gauche,2002,législative
35,25,Billé,713,480,212,501,21,3,27.0,Gauche,2002,législative
35,25,Billé,713,480,212,501,21,4,53.0,Écologie,2002,législative
35,25,Billé,713,480,212,501,21,5,1.0,Écologie,2002,législative
35,25,Billé,713,480,212,501,21,6,12.0,Régionalisme,2002,législative
35,25,Billé,713,480,212,501,21,7,39.0,Divers,2002,législative
35,25,Billé,713,480,212,501,21,8,280.0,Droite,2002,législative
35,25,Billé,713,480,212,501,21,9,20.0,Droite,2002,législative
35,25,Billé,713,480,212,501,21,10,17.0,Extrême Droite,2002,législative
35,25,Billé,713,480,212,501,21,11,4.0,Extrême Droite,2002,législative
35,26,Bléruais,55,46,9,46,0,0,2.0,Extrême Gauche,2002,législative
35,26,Bléruais,55,46,9,46,0,1,0.0,Extrême Gauche,2002,législative
35,26,Bléruais,55,46,9,46,0,2,0.0,Extrême Gauche,2002,législative
35,26,Bléruais,55,46,9,46,0,3,1.0,Gauche,2002,législative
35,26,Bléruais,55,46,9,46,0,4,13.0,Gauche,2002,législative
35,26,Bléruais,55,46,9,46,0,5,0.0,Gauche,2002,législative
35,26,Bléruais,55,46,9,46,0,6,1.0,Écologie,2002,législative
35,26,Bléruais,55,46,9,46,0,7,1.0,Gauche,2002,législative
35,26,Bléruais,55,46,9,46,0,8,0.0,Écologie,2002,législative
35,26,Bléruais,55,46,9,46,0,9,2.0,Régionalisme,2002,législative
35,26,Bléruais,55,46,9,46,0,10,17.0,Droite,2002,législative
35,26,Bléruais,55,46,9,46,0,11,8.0,Droite,2002,législative
35,26,Bléruais,55,46,9,46,0,12,1.0,Extrême Droite,2002,législative
35,26,Bléruais,55,46,9,46,0,13,0.0,Extrême Droite,2002,législative
35,27,Boisgervilly,917,668,235,682,14,0,8.0,Extrême Gauche,2002,législative
35,27,Boisgervilly,917,668,235,682,14,1,5.0,Extrême Gauche,2002,législative
35,27,Boisgervilly,917,668,235,682,14,2,2.0,Extrême Gauche,2002,législative
35,27,Boisgervilly,917,668,235,682,14,3,6.0,Gauche,2002,législative
35,27,Boisgervilly,917,668,235,682,14,4,261.0,Gauche,2002,législative
35,27,Boisgervilly,917,668,235,682,14,5,6.0,Gauche,2002,législative
35,27,Boisgervilly,917,668,235,682,14,6,15.0,Écologie,2002,législative
35,27,Boisgervilly,917,668,235,682,14,7,17.0,Gauche,2002,législative
35,27,Boisgervilly,917,668,235,682,14,8,4.0,Écologie,2002,législative
35,27,Boisgervilly,917,668,235,682,14,9,8.0,Régionalisme,2002,législative
35,27,Boisgervilly,917,668,235,682,14,10,3.0,Droite,2002,législative
35,27,Boisgervilly,917,668,235,682,14,11,290.0,Droite,2002,législative
35,27,Boisgervilly,917,668,235,682,14,12,40.0,Extrême Droite,2002,législative
35,27,Boisgervilly,917,668,235,682,14,13,3.0,Extrême Droite,2002,législative
35,28,Boistrudan,338,226,104,234,8,0,8.0,Extrême Gauche,2002,législative
35,28,Boistrudan,338,226,104,234,8,1,4.0,Extrême Gauche,2002,législative
35,28,Boistrudan,338,226,104,234,8,2,1.0,Gauche,2002,législative
35,28,Boistrudan,338,226,104,234,8,3,34.0,Gauche,2002,législative
35,28,Boistrudan,338,226,104,234,8,4,6.0,Gauche,2002,législative
35,28,Boistrudan,338,226,104,234,8,5,13.0,Écologie,2002,législative
35,28,Boistrudan,338,226,104,234,8,6,2.0,Écologie,2002,législative
35,28,Boistrudan,338,226,104,234,8,7,3.0,Régionalisme,2002,législative
35,28,Boistrudan,338,226,104,234,8,8,1.0,Droite,2002,législative
35,28,Boistrudan,338,226,104,234,8,9,127.0,Droite,2002,législative
35,28,Boistrudan,338,226,104,234,8,10,3.0,Droite,2002,législative
35,28,Boistrudan,338,226,104,234,8,11,21.0,Extrême Droite,2002,législative
35,28,Boistrudan,338,226,104,234,8,12,3.0,Extrême Droite,2002,législative
35,29,Bonnemain,854,538,297,557,19,0,11.0,Extrême Gauche,2002,législative
35,29,Bonnemain,854,538,297,557,19,1,6.0,Extrême Gauche,2002,législative
35,29,Bonnemain,854,538,297,557,19,2,4.0,Extrême Gauche,2002,législative
35,29,Bonnemain,854,538,297,557,19,3,5.0,Gauche,2002,législative
35,29,Bonnemain,854,538,297,557,19,4,166.0,Gauche,2002,législative
35,29,Bonnemain,854,538,297,557,19,5,6.0,Écologie,2002,législative
35,29,Bonnemain,854,538,297,557,19,6,2.0,Gauche,2002,législative
35,29,Bonnemain,854,538,297,557,19,7,5.0,Écologie,2002,législative
35,29,Bonnemain,854,538,297,557,19,8,3.0,Écologie,2002,législative
35,29,Bonnemain,854,538,297,557,19,9,3.0,Régionalisme,2002,législative
35,29,Bonnemain,854,538,297,557,19,10,13.0,Droite,2002,législative
35,29,Bonnemain,854,538,297,557,19,11,4.0,Divers,2002,législative
35,29,Bonnemain,854,538,297,557,19,12,86.0,Centre,2002,législative
35,29,Bonnemain,854,538,297,557,19,13,183.0,Droite,2002,législative
35,29,Bonnemain,854,538,297,557,19,14,1.0,Droite,2002,législative
35,29,Bonnemain,854,538,297,557,19,15,34.0,Extrême Droite,2002,législative
35,29,Bonnemain,854,538,297,557,19,16,6.0,Extrême Droite,2002,législative
35,30,La Bosse-de-Bretagne,290,187,94,196,9,0,6.0,Extrême Gauche,2002,législative
35,30,La Bosse-de-Bretagne,290,187,94,196,9,1,0.0,Gauche,2002,législative
35,30,La Bosse-de-Bretagne,290,187,94,196,9,2,41.0,Gauche,2002,législative
35,30,La Bosse-de-Bretagne,290,187,94,196,9,3,7.0,Écologie,2002,législative
35,30,La Bosse-de-Bretagne,290,187,94,196,9,4,3.0,Écologie,2002,législative
35,30,La Bosse-de-Bretagne,290,187,94,196,9,5,1.0,Écologie,2002,législative
35,30,La Bosse-de-Bretagne,290,187,94,196,9,6,1.0,Écologie,2002,législative
35,30,La Bosse-de-Bretagne,290,187,94,196,9,7,4.0,Régionalisme,2002,législative
35,30,La Bosse-de-Bretagne,290,187,94,196,9,8,6.0,Droite,2002,législative
35,30,La Bosse-de-Bretagne,290,187,94,196,9,9,64.0,Droite,2002,législative
35,30,La Bosse-de-Bretagne,290,187,94,196,9,10,39.0,Droite,2002,législative
35,30,La Bosse-de-Bretagne,290,187,94,196,9,11,15.0,Extrême Droite,2002,législative
35,30,La Bosse-de-Bretagne,290,187,94,196,9,12,0.0,Extrême Droite,2002,législative
35,31,La Bouëxière,2538,1650,849,1689,39,0,49.0,Extrême Gauche,2002,législative
35,31,La Bouëxière,2538,1650,849,1689,39,1,43.0,Extrême Gauche,2002,législative
35,31,La Bouëxière,2538,1650,849,1689,39,2,33.0,Gauche,2002,législative
35,31,La Bouëxière,2538,1650,849,1689,39,3,223.0,Gauche,2002,législative
35,31,La Bouëxière,2538,1650,849,1689,39,4,349.0,Écologie,2002,législative
35,31,La Bouëxière,2538,1650,849,1689,39,5,21.0,Écologie,2002,législative
35,31,La Bouëxière,2538,1650,849,1689,39,6,27.0,Régionalisme,2002,législative
35,31,La Bouëxière,2538,1650,849,1689,39,7,14.0,Divers,2002,législative
35,31,La Bouëxière,2538,1650,849,1689,39,8,663.0,Droite,2002,législative
35,31,La Bouëxière,2538,1650,849,1689,39,9,126.0,Droite,2002,législative
35,31,La Bouëxière,2538,1650,849,1689,39,10,93.0,Extrême Droite,2002,législative
35,31,La Bouëxière,2538,1650,849,1689,39,11,9.0,Extrême Droite,2002,législative
35,32,Bourgbarré,1770,1110,640,1130,20,0,22.0,Extrême Gauche,2002,législative
35,32,Bourgbarré,1770,1110,640,1130,20,1,24.0,Gauche,2002,législative
35,32,Bourgbarré,1770,1110,640,1130,20,2,348.0,Gauche,2002,législative
35,32,Bourgbarré,1770,1110,640,1130,20,3,41.0,Écologie,2002,législative
35,32,Bourgbarré,1770,1110,640,1130,20,4,22.0,Écologie,2002,législative
35,32,Bourgbarré,1770,1110,640,1130,20,5,13.0,Écologie,2002,législative
35,32,Bourgbarré,1770,1110,640,1130,20,6,5.0,Écologie,2002,législative
35,32,Bourgbarré,1770,1110,640,1130,20,7,18.0,Régionalisme,2002,législative
35,32,Bourgbarré,1770,1110,640,1130,20,8,11.0,Droite,2002,législative
35,32,Bourgbarré,1770,1110,640,1130,20,9,349.0,Droite,2002,législative
35,32,Bourgbarré,1770,1110,640,1130,20,10,166.0,Droite,2002,législative
35,32,Bourgbarré,1770,1110,640,1130,20,11,77.0,Extrême Droite,2002,législative
35,32,Bourgbarré,1770,1110,640,1130,20,12,14.0,Extrême Droite,2002,législative
35,33,Bourg-des-Comptes,1481,990,475,1006,16,0,43.0,Extrême Gauche,2002,législative
35,33,Bourg-des-Comptes,1481,990,475,1006,16,1,30.0,Gauche,2002,législative
35,33,Bourg-des-Comptes,1481,990,475,1006,16,2,311.0,Gauche,2002,législative
35,33,Bourg-des-Comptes,1481,990,475,1006,16,3,42.0,Écologie,2002,législative
35,33,Bourg-des-Comptes,1481,990,475,1006,16,4,11.0,Écologie,2002,législative
35,33,Bourg-des-Comptes,1481,990,475,1006,16,5,12.0,Écologie,2002,législative
35,33,Bourg-des-Comptes,1481,990,475,1006,16,6,5.0,Écologie,2002,législative
35,33,Bourg-des-Comptes,1481,990,475,1006,16,7,13.0,Régionalisme,2002,législative
35,33,Bourg-des-Comptes,1481,990,475,1006,16,8,7.0,Droite,2002,législative
35,33,Bourg-des-Comptes,1481,990,475,1006,16,9,304.0,Droite,2002,législative
35,33,Bourg-des-Comptes,1481,990,475,1006,16,10,146.0,Droite,2002,législative
35,33,Bourg-des-Comptes,1481,990,475,1006,16,11,56.0,Extrême Droite,2002,législative
35,33,Bourg-des-Comptes,1481,990,475,1006,16,12,10.0,Extrême Droite,2002,législative
35,34,La Boussac,746,477,259,487,10,0,10.0,Extrême Gauche,2002,législative
35,34,La Boussac,746,477,259,487,10,1,9.0,Extrême Gauche,2002,législative
35,34,La Boussac,746,477,259,487,10,2,0.0,Extrême Gauche,2002,législative
35,34,La Boussac,746,477,259,487,10,3,10.0,Gauche,2002,législative
35,34,La Boussac,746,477,259,487,10,4,142.0,Gauche,2002,législative
35,34,La Boussac,746,477,259,487,10,5,21.0,Écologie,2002,législative
35,34,La Boussac,746,477,259,487,10,6,1.0,Gauche,2002,législative
35,34,La Boussac,746,477,259,487,10,7,4.0,Écologie,2002,législative
35,34,La Boussac,746,477,259,487,10,8,5.0,Écologie,2002,législative
35,34,La Boussac,746,477,259,487,10,9,5.0,Régionalisme,2002,législative
35,34,La Boussac,746,477,259,487,10,10,17.0,Droite,2002,législative
35,34,La Boussac,746,477,259,487,10,11,3.0,Divers,2002,législative
35,34,La Boussac,746,477,259,487,10,12,217.0,Droite,2002,législative
35,34,La Boussac,746,477,259,487,10,13,26.0,Extrême Droite,2002,législative
35,34,La Boussac,746,477,259,487,10,14,7.0,Extrême Droite,2002,législative
35,35,Bovel,321,213,103,218,5,0,2.0,Extrême Gauche,2002,législative
35,35,Bovel,321,213,103,218,5,1,9.0,Gauche,2002,législative
35,35,Bovel,321,213,103,218,5,2,47.0,Gauche,2002,législative
35,35,Bovel,321,213,103,218,5,3,6.0,Écologie,2002,législative
35,35,Bovel,321,213,103,218,5,4,1.0,Écologie,2002,législative
35,35,Bovel,321,213,103,218,5,5,7.0,Écologie,2002,législative
35,35,Bovel,321,213,103,218,5,6,1.0,Écologie,2002,législative
35,35,Bovel,321,213,103,218,5,7,10.0,Régionalisme,2002,législative
35,35,Bovel,321,213,103,218,5,8,6.0,Droite,2002,législative
35,35,Bovel,321,213,103,218,5,9,57.0,Droite,2002,législative
35,35,Bovel,321,213,103,218,5,10,36.0,Droite,2002,législative
35,35,Bovel,321,213,103,218,5,11,29.0,Extrême Droite,2002,législative
35,35,Bovel,321,213,103,218,5,12,2.0,Extrême Droite,2002,législative
35,37,Bréal-sous-Montfort,2970,1924,1001,1969,45,0,45.0,Extrême Gauche,2002,législative
35,37,Bréal-sous-Montfort,2970,1924,1001,1969,45,1,32.0,Gauche,2002,législative
35,37,Bréal-sous-Montfort,2970,1924,1001,1969,45,2,576.0,Gauche,2002,législative
35,37,Bréal-sous-Montfort,2970,1924,1001,1969,45,3,89.0,Écologie,2002,législative
35,37,Bréal-sous-Montfort,2970,1924,1001,1969,45,4,19.0,Écologie,2002,législative
35,37,Bréal-sous-Montfort,2970,1924,1001,1969,45,5,21.0,Écologie,2002,législative
35,37,Bréal-sous-Montfort,2970,1924,1001,1969,45,6,7.0,Écologie,2002,législative
35,37,Bréal-sous-Montfort,2970,1924,1001,1969,45,7,42.0,Régionalisme,2002,législative
35,37,Bréal-sous-Montfort,2970,1924,1001,1969,45,8,27.0,Droite,2002,législative
35,37,Bréal-sous-Montfort,2970,1924,1001,1969,45,9,631.0,Droite,2002,législative
35,37,Bréal-sous-Montfort,2970,1924,1001,1969,45,10,278.0,Droite,2002,législative
35,37,Bréal-sous-Montfort,2970,1924,1001,1969,45,11,142.0,Extrême Droite,2002,législative
35,37,Bréal-sous-Montfort,2970,1924,1001,1969,45,12,15.0,Extrême Droite,2002,législative
35,38,Bréal-sous-Vitré,417,245,170,247,2,0,8.0,Extrême Gauche,2002,législative
35,38,Bréal-sous-Vitré,417,245,170,247,2,1,1.0,Extrême Gauche,2002,législative
35,38,Bréal-sous-Vitré,417,245,170,247,2,2,1.0,Gauche,2002,législative
35,38,Bréal-sous-Vitré,417,245,170,247,2,3,32.0,Gauche,2002,législative
35,38,Bréal-sous-Vitré,417,245,170,247,2,4,0.0,Gauche,2002,législative
35,38,Bréal-sous-Vitré,417,245,170,247,2,5,13.0,Écologie,2002,législative
35,38,Bréal-sous-Vitré,417,245,170,247,2,6,2.0,Écologie,2002,législative
35,38,Bréal-sous-Vitré,417,245,170,247,2,7,2.0,Régionalisme,2002,législative
35,38,Bréal-sous-Vitré,417,245,170,247,2,8,1.0,Droite,2002,législative
35,38,Bréal-sous-Vitré,417,245,170,247,2,9,164.0,Droite,2002,législative
35,38,Bréal-sous-Vitré,417,245,170,247,2,10,4.0,Droite,2002,législative
35,38,Bréal-sous-Vitré,417,245,170,247,2,11,15.0,Extrême Droite,2002,législative
35,38,Bréal-sous-Vitré,417,245,170,247,2,12,2.0,Extrême Droite,2002,législative
35,39,Brécé,1082,698,368,714,16,0,14.0,Extrême Gauche,2002,législative
35,39,Brécé,1082,698,368,714,16,1,13.0,Extrême Gauche,2002,législative
35,39,Brécé,1082,698,368,714,16,2,13.0,Gauche,2002,législative
35,39,Brécé,1082,698,368,714,16,3,180.0,Gauche,2002,législative
35,39,Brécé,1082,698,368,714,16,4,19.0,Gauche,2002,législative
35,39,Brécé,1082,698,368,714,16,5,39.0,Écologie,2002,législative
35,39,Brécé,1082,698,368,714,16,6,6.0,Écologie,2002,législative
35,39,Brécé,1082,698,368,714,16,7,3.0,Régionalisme,2002,législative
35,39,Brécé,1082,698,368,714,16,8,10.0,Droite,2002,législative
35,39,Brécé,1082,698,368,714,16,9,359.0,Droite,2002,législative
35,39,Brécé,1082,698,368,714,16,10,3.0,Droite,2002,législative
35,39,Brécé,1082,698,368,714,16,11,31.0,Extrême Droite,2002,législative
35,39,Brécé,1082,698,368,714,16,12,8.0,Extrême Droite,2002,législative
35,40,Breteil,2314,1476,815,1499,23,0,10.0,Extrême Gauche,2002,législative
35,40,Breteil,2314,1476,815,1499,23,1,26.0,Extrême Gauche,2002,législative
35,40,Breteil,2314,1476,815,1499,23,2,3.0,Extrême Gauche,2002,législative
35,40,Breteil,2314,1476,815,1499,23,3,31.0,Gauche,2002,législative
35,40,Breteil,2314,1476,815,1499,23,4,667.0,Gauche,2002,législative
35,40,Breteil,2314,1476,815,1499,23,5,10.0,Gauche,2002,législative
35,40,Breteil,2314,1476,815,1499,23,6,68.0,Écologie,2002,législative
35,40,Breteil,2314,1476,815,1499,23,7,9.0,Gauche,2002,législative
35,40,Breteil,2314,1476,815,1499,23,8,7.0,Écologie,2002,législative
35,40,Breteil,2314,1476,815,1499,23,9,10.0,Régionalisme,2002,législative
35,40,Breteil,2314,1476,815,1499,23,10,11.0,Droite,2002,législative
35,40,Breteil,2314,1476,815,1499,23,11,536.0,Droite,2002,législative
35,40,Breteil,2314,1476,815,1499,23,12,73.0,Extrême Droite,2002,législative
35,40,Breteil,2314,1476,815,1499,23,13,15.0,Extrême Droite,2002,législative
35,41,Brie,525,358,158,367,9,0,5.0,Extrême Gauche,2002,législative
35,41,Brie,525,358,158,367,9,1,6.0,Extrême Gauche,2002,législative
35,41,Brie,525,358,158,367,9,2,5.0,Gauche,2002,législative
35,41,Brie,525,358,158,367,9,3,74.0,Gauche,2002,législative
35,41,Brie,525,358,158,367,9,4,10.0,Gauche,2002,législative
35,41,Brie,525,358,158,367,9,5,16.0,Écologie,2002,législative
35,41,Brie,525,358,158,367,9,6,3.0,Écologie,2002,législative
35,41,Brie,525,358,158,367,9,7,3.0,Régionalisme,2002,législative
35,41,Brie,525,358,158,367,9,8,11.0,Droite,2002,législative
35,41,Brie,525,358,158,367,9,9,186.0,Droite,2002,législative
35,41,Brie,525,358,158,367,9,10,10.0,Droite,2002,législative
35,41,Brie,525,358,158,367,9,11,27.0,Extrême Droite,2002,législative
35,41,Brie,525,358,158,367,9,12,2.0,Extrême Droite,2002,législative
35,42,Brielles,437,306,124,313,7,0,1.0,Extrême Gauche,2002,législative
35,42,Brielles,437,306,124,313,7,1,5.0,Extrême Gauche,2002,législative
35,42,Brielles,437,306,124,313,7,2,1.0,Gauche,2002,législative
35,42,Brielles,437,306,124,313,7,3,26.0,Gauche,2002,législative
35,42,Brielles,437,306,124,313,7,4,2.0,Gauche,2002,législative
35,42,Brielles,437,306,124,313,7,5,5.0,Écologie,2002,législative
35,42,Brielles,437,306,124,313,7,6,1.0,Écologie,2002,législative
35,42,Brielles,437,306,124,313,7,7,4.0,Régionalisme,2002,législative
35,42,Brielles,437,306,124,313,7,8,2.0,Droite,2002,législative
35,42,Brielles,437,306,124,313,7,9,238.0,Droite,2002,législative
35,42,Brielles,437,306,124,313,7,10,2.0,Droite,2002,législative
35,42,Brielles,437,306,124,313,7,11,17.0,Extrême Droite,2002,législative
35,42,Brielles,437,306,124,313,7,12,2.0,Extrême Droite,2002,législative
35,44,Broualan,229,150,75,154,4,0,8.0,Extrême Gauche,2002,législative
35,44,Broualan,229,150,75,154,4,1,1.0,Extrême Gauche,2002,législative
35,44,Broualan,229,150,75,154,4,2,3.0,Extrême Gauche,2002,législative
35,44,Broualan,229,150,75,154,4,3,4.0,Gauche,2002,législative
35,44,Broualan,229,150,75,154,4,4,33.0,Gauche,2002,législative
35,44,Broualan,229,150,75,154,4,5,1.0,Écologie,2002,législative
35,44,Broualan,229,150,75,154,4,6,1.0,Gauche,2002,législative
35,44,Broualan,229,150,75,154,4,7,1.0,Écologie,2002,législative
35,44,Broualan,229,150,75,154,4,8,1.0,Écologie,2002,législative
35,44,Broualan,229,150,75,154,4,9,1.0,Régionalisme,2002,législative
35,44,Broualan,229,150,75,154,4,10,17.0,Droite,2002,législative
35,44,Broualan,229,150,75,154,4,11,0.0,Divers,2002,législative
35,44,Broualan,229,150,75,154,4,12,73.0,Droite,2002,législative
35,44,Broualan,229,150,75,154,4,13,4.0,Extrême Droite,2002,législative
35,44,Broualan,229,150,75,154,4,14,2.0,Extrême Droite,2002,législative
35,45,Bruc-sur-Aff,663,435,215,448,13,0,15.0,Extrême Gauche,2002,législative
35,45,Bruc-sur-Aff,663,435,215,448,13,1,4.0,Gauche,2002,législative
35,45,Bruc-sur-Aff,663,435,215,448,13,2,73.0,Gauche,2002,législative
35,45,Bruc-sur-Aff,663,435,215,448,13,3,5.0,Écologie,2002,législative
35,45,Bruc-sur-Aff,663,435,215,448,13,4,5.0,Écologie,2002,législative
35,45,Bruc-sur-Aff,663,435,215,448,13,5,3.0,Écologie,2002,législative
35,45,Bruc-sur-Aff,663,435,215,448,13,6,0.0,Écologie,2002,législative
35,45,Bruc-sur-Aff,663,435,215,448,13,7,19.0,Régionalisme,2002,législative
35,45,Bruc-sur-Aff,663,435,215,448,13,8,11.0,Droite,2002,législative
35,45,Bruc-sur-Aff,663,435,215,448,13,9,194.0,Droite,2002,législative
35,45,Bruc-sur-Aff,663,435,215,448,13,10,69.0,Droite,2002,législative
35,45,Bruc-sur-Aff,663,435,215,448,13,11,35.0,Extrême Droite,2002,législative
35,45,Bruc-sur-Aff,663,435,215,448,13,12,2.0,Extrême Droite,2002,législative
35,46,Les Brulais,345,218,122,223,5,0,3.0,Extrême Gauche,2002,législative
35,46,Les Brulais,345,218,122,223,5,1,3.0,Gauche,2002,législative
35,46,Les Brulais,345,218,122,223,5,2,46.0,Gauche,2002,législative
35,46,Les Brulais,345,218,122,223,5,3,2.0,Écologie,2002,législative
35,46,Les Brulais,345,218,122,223,5,4,1.0,Écologie,2002,législative
35,46,Les Brulais,345,218,122,223,5,5,2.0,Écologie,2002,législative
35,46,Les Brulais,345,218,122,223,5,6,1.0,Écologie,2002,législative
35,46,Les Brulais,345,218,122,223,5,7,7.0,Régionalisme,2002,législative
35,46,Les Brulais,345,218,122,223,5,8,3.0,Droite,2002,législative
35,46,Les Brulais,345,218,122,223,5,9,73.0,Droite,2002,législative
35,46,Les Brulais,345,218,122,223,5,10,53.0,Droite,2002,législative
35,46,Les Brulais,345,218,122,223,5,11,20.0,Extrême Droite,2002,législative
35,46,Les Brulais,345,218,122,223,5,12,4.0,Extrême Droite,2002,législative
35,47,Bruz,8988,5912,2970,6018,106,0,96.0,Extrême Gauche,2002,législative
35,47,Bruz,8988,5912,2970,6018,106,1,109.0,Gauche,2002,législative
35,47,Bruz,8988,5912,2970,6018,106,2,1919.0,Gauche,2002,législative
35,47,Bruz,8988,5912,2970,6018,106,3,233.0,Écologie,2002,législative
35,47,Bruz,8988,5912,2970,6018,106,4,63.0,Écologie,2002,législative
35,47,Bruz,8988,5912,2970,6018,106,5,161.0,Écologie,2002,législative
35,47,Bruz,8988,5912,2970,6018,106,6,33.0,Écologie,2002,législative
35,47,Bruz,8988,5912,2970,6018,106,7,70.0,Régionalisme,2002,législative
35,47,Bruz,8988,5912,2970,6018,106,8,25.0,Droite,2002,législative
35,47,Bruz,8988,5912,2970,6018,106,9,1852.0,Droite,2002,législative
35,47,Bruz,8988,5912,2970,6018,106,10,1041.0,Droite,2002,législative
35,47,Bruz,8988,5912,2970,6018,106,11,273.0,Extrême Droite,2002,législative
35,47,Bruz,8988,5912,2970,6018,106,12,37.0,Extrême Droite,2002,législative
35,48,Campel,370,272,95,275,3,0,2.0,Extrême Gauche,2002,législative
35,48,Campel,370,272,95,275,3,1,9.0,Gauche,2002,législative
35,48,Campel,370,272,95,275,3,2,82.0,Gauche,2002,législative
35,48,Campel,370,272,95,275,3,3,12.0,Écologie,2002,législative
35,48,Campel,370,272,95,275,3,4,6.0,Écologie,2002,législative
35,48,Campel,370,272,95,275,3,5,4.0,Écologie,2002,législative
35,48,Campel,370,272,95,275,3,6,2.0,Écologie,2002,législative
35,48,Campel,370,272,95,275,3,7,4.0,Régionalisme,2002,législative
35,48,Campel,370,272,95,275,3,8,4.0,Droite,2002,législative
35,48,Campel,370,272,95,275,3,9,91.0,Droite,2002,législative
35,48,Campel,370,272,95,275,3,10,32.0,Droite,2002,législative
35,48,Campel,370,272,95,275,3,11,24.0,Extrême Droite,2002,législative
35,48,Campel,370,272,95,275,3,12,0.0,Extrême Droite,2002,législative
35,49,Cancale,4354,2644,1662,2692,48,0,16.0,Extrême Gauche,2002,législative
35,49,Cancale,4354,2644,1662,2692,48,1,39.0,Extrême Gauche,2002,législative
35,49,Cancale,4354,2644,1662,2692,48,2,10.0,Extrême Gauche,2002,législative
35,49,Cancale,4354,2644,1662,2692,48,3,42.0,Gauche,2002,législative
35,49,Cancale,4354,2644,1662,2692,48,4,578.0,Gauche,2002,législative
35,49,Cancale,4354,2644,1662,2692,48,5,62.0,Écologie,2002,législative
35,49,Cancale,4354,2644,1662,2692,48,6,14.0,Gauche,2002,législative
35,49,Cancale,4354,2644,1662,2692,48,7,43.0,Écologie,2002,législative
35,49,Cancale,4354,2644,1662,2692,48,8,21.0,Écologie,2002,législative
35,49,Cancale,4354,2644,1662,2692,48,9,32.0,Régionalisme,2002,législative
35,49,Cancale,4354,2644,1662,2692,48,10,43.0,Droite,2002,législative
35,49,Cancale,4354,2644,1662,2692,48,11,10.0,Divers,2002,législative
35,49,Cancale,4354,2644,1662,2692,48,12,1499.0,Droite,2002,législative
35,49,Cancale,4354,2644,1662,2692,48,13,213.0,Extrême Droite,2002,législative
35,49,Cancale,4354,2644,1662,2692,48,14,22.0,Extrême Droite,2002,législative
35,50,Cardroc,313,208,100,213,5,0,4.0,Extrême Gauche,2002,législative
35,50,Cardroc,313,208,100,213,5,1,1.0,Extrême Gauche,2002,législative
35,50,Cardroc,313,208,100,213,5,2,0.0,Extrême Gauche,2002,législative
35,50,Cardroc,313,208,100,213,5,3,2.0,Gauche,2002,législative
35,50,Cardroc,313,208,100,213,5,4,70.0,Gauche,2002,législative
35,50,Cardroc,313,208,100,213,5,5,7.0,Gauche,2002,législative
35,50,Cardroc,313,208,100,213,5,6,20.0,Écologie,2002,législative
35,50,Cardroc,313,208,100,213,5,7,2.0,Gauche,2002,législative
35,50,Cardroc,313,208,100,213,5,8,1.0,Écologie,2002,législative
35,50,Cardroc,313,208,100,213,5,9,0.0,Régionalisme,2002,législative
35,50,Cardroc,313,208,100,213,5,10,2.0,Droite,2002,législative
35,50,Cardroc,313,208,100,213,5,11,84.0,Droite,2002,législative
35,50,Cardroc,313,208,100,213,5,12,12.0,Extrême Droite,2002,législative
35,50,Cardroc,313,208,100,213,5,13,3.0,Extrême Droite,2002,législative
35,51,Cesson-Sévigné,11252,7777,3369,7883,106,0,60.0,Extrême Gauche,2002,législative
35,51,Cesson-Sévigné,11252,7777,3369,7883,106,1,111.0,Extrême Gauche,2002,législative
35,51,Cesson-Sévigné,11252,7777,3369,7883,106,2,124.0,Gauche,2002,législative
35,51,Cesson-Sévigné,11252,7777,3369,7883,106,3,2361.0,Gauche,2002,législative
35,51,Cesson-Sévigné,11252,7777,3369,7883,106,4,131.0,Gauche,2002,législative
35,51,Cesson-Sévigné,11252,7777,3369,7883,106,5,397.0,Écologie,2002,législative
35,51,Cesson-Sévigné,11252,7777,3369,7883,106,6,64.0,Écologie,2002,législative
35,51,Cesson-Sévigné,11252,7777,3369,7883,106,7,59.0,Régionalisme,2002,législative
35,51,Cesson-Sévigné,11252,7777,3369,7883,106,8,23.0,Droite,2002,législative
35,51,Cesson-Sévigné,11252,7777,3369,7883,106,9,4072.0,Droite,2002,législative
35,51,Cesson-Sévigné,11252,7777,3369,7883,106,10,112.0,Droite,2002,législative
35,51,Cesson-Sévigné,11252,7777,3369,7883,106,11,230.0,Extrême Droite,2002,législative
35,51,Cesson-Sévigné,11252,7777,3369,7883,106,12,33.0,Extrême Droite,2002,législative
35,52,Champeaux,368,240,124,244,4,0,2.0,Extrême Gauche,2002,législative
35,52,Champeaux,368,240,124,244,4,1,2.0,Extrême Gauche,2002,législative
35,52,Champeaux,368,240,124,244,4,2,1.0,Gauche,2002,législative
35,52,Champeaux,368,240,124,244,4,3,36.0,Gauche,2002,législative
35,52,Champeaux,368,240,124,244,4,4,1.0,Gauche,2002,législative
35,52,Champeaux,368,240,124,244,4,5,6.0,Écologie,2002,législative
35,52,Champeaux,368,240,124,244,4,6,0.0,Écologie,2002,législative
35,52,Champeaux,368,240,124,244,4,7,2.0,Régionalisme,2002,législative
35,52,Champeaux,368,240,124,244,4,8,2.0,Droite,2002,législative
35,52,Champeaux,368,240,124,244,4,9,165.0,Droite,2002,législative
35,52,Champeaux,368,240,124,244,4,10,4.0,Droite,2002,législative
35,52,Champeaux,368,240,124,244,4,11,18.0,Extrême Droite,2002,législative
35,52,Champeaux,368,240,124,244,4,12,1.0,Extrême Droite,2002,législative
35,53,Chancé,157,103,49,108,5,0,0.0,Extrême Gauche,2002,législative
35,53,Chancé,157,103,49,108,5,1,1.0,Extrême Gauche,2002,législative
35,53,Chancé,157,103,49,108,5,2,0.0,Gauche,2002,législative
35,53,Chancé,157,103,49,108,5,3,11.0,Gauche,2002,législative
35,53,Chancé,157,103,49,108,5,4,2.0,Gauche,2002,législative
35,53,Chancé,157,103,49,108,5,5,4.0,Écologie,2002,législative
35,53,Chancé,157,103,49,108,5,6,1.0,Écologie,2002,législative
35,53,Chancé,157,103,49,108,5,7,2.0,Régionalisme,2002,législative
35,53,Chancé,157,103,49,108,5,8,1.0,Droite,2002,législative
35,53,Chancé,157,103,49,108,5,9,75.0,Droite,2002,législative
35,53,Chancé,157,103,49,108,5,10,1.0,Droite,2002,législative
35,53,Chancé,157,103,49,108,5,11,4.0,Extrême Droite,2002,législative
35,53,Chancé,157,103,49,108,5,12,1.0,Extrême Droite,2002,législative
35,54,Chanteloup,879,540,330,549,9,0,14.0,Extrême Gauche,2002,législative
35,54,Chanteloup,879,540,330,549,9,1,10.0,Gauche,2002,législative
35,54,Chanteloup,879,540,330,549,9,2,163.0,Gauche,2002,législative
35,54,Chanteloup,879,540,330,549,9,3,30.0,Écologie,2002,législative
35,54,Chanteloup,879,540,330,549,9,4,9.0,Écologie,2002,législative
35,54,Chanteloup,879,540,330,549,9,5,6.0,Écologie,2002,législative
35,54,Chanteloup,879,540,330,549,9,6,4.0,Écologie,2002,législative
35,54,Chanteloup,879,540,330,549,9,7,23.0,Régionalisme,2002,législative
35,54,Chanteloup,879,540,330,549,9,8,15.0,Droite,2002,législative
35,54,Chanteloup,879,540,330,549,9,9,152.0,Droite,2002,législative
35,54,Chanteloup,879,540,330,549,9,10,78.0,Droite,2002,législative
35,54,Chanteloup,879,540,330,549,9,11,29.0,Extrême Droite,2002,législative
35,54,Chanteloup,879,540,330,549,9,12,7.0,Extrême Droite,2002,législative
35,55,Chantepie,4880,3324,1495,3385,61,0,37.0,Extrême Gauche,2002,législative
35,55,Chantepie,4880,3324,1495,3385,61,1,26.0,Extrême Gauche,2002,législative
35,55,Chantepie,4880,3324,1495,3385,61,2,14.0,Extrême Gauche,2002,législative
35,55,Chantepie,4880,3324,1495,3385,61,3,70.0,Gauche,2002,législative
35,55,Chantepie,4880,3324,1495,3385,61,4,1424.0,Gauche,2002,législative
35,55,Chantepie,4880,3324,1495,3385,61,5,66.0,Gauche,2002,législative
35,55,Chantepie,4880,3324,1495,3385,61,6,203.0,Écologie,2002,législative
35,55,Chantepie,4880,3324,1495,3385,61,7,27.0,Gauche,2002,législative
35,55,Chantepie,4880,3324,1495,3385,61,8,14.0,Écologie,2002,législative
35,55,Chantepie,4880,3324,1495,3385,61,9,11.0,Régionalisme,2002,législative
35,55,Chantepie,4880,3324,1495,3385,61,10,7.0,Régionalisme,2002,législative
35,55,Chantepie,4880,3324,1495,3385,61,11,11.0,Divers,2002,législative
35,55,Chantepie,4880,3324,1495,3385,61,12,708.0,Droite,2002,législative
35,55,Chantepie,4880,3324,1495,3385,61,13,330.0,Centre,2002,législative
35,55,Chantepie,4880,3324,1495,3385,61,14,18.0,Droite,2002,législative
35,55,Chantepie,4880,3324,1495,3385,61,15,215.0,Droite,2002,législative
35,55,Chantepie,4880,3324,1495,3385,61,16,119.0,Extrême Droite,2002,législative
35,55,Chantepie,4880,3324,1495,3385,61,17,13.0,Extrême Droite,2002,législative
35,55,Chantepie,4880,3324,1495,3385,61,18,11.0,Extrême Droite,2002,législative
35,56,La Chapelle-aux-Filtzméens,328,234,86,242,8,0,4.0,Extrême Gauche,2002,législative
35,56,La Chapelle-aux-Filtzméens,328,234,86,242,8,1,1.0,Extrême Gauche,2002,législative
35,56,La Chapelle-aux-Filtzméens,328,234,86,242,8,2,1.0,Extrême Gauche,2002,législative
35,56,La Chapelle-aux-Filtzméens,328,234,86,242,8,3,3.0,Gauche,2002,législative
35,56,La Chapelle-aux-Filtzméens,328,234,86,242,8,4,96.0,Gauche,2002,législative
35,56,La Chapelle-aux-Filtzméens,328,234,86,242,8,5,4.0,Écologie,2002,législative
35,56,La Chapelle-aux-Filtzméens,328,234,86,242,8,6,0.0,Gauche,2002,législative
35,56,La Chapelle-aux-Filtzméens,328,234,86,242,8,7,2.0,Écologie,2002,législative
35,56,La Chapelle-aux-Filtzméens,328,234,86,242,8,8,5.0,Écologie,2002,législative
35,56,La Chapelle-aux-Filtzméens,328,234,86,242,8,9,1.0,Régionalisme,2002,législative
35,56,La Chapelle-aux-Filtzméens,328,234,86,242,8,10,12.0,Droite,2002,législative
35,56,La Chapelle-aux-Filtzméens,328,234,86,242,8,11,1.0,Divers,2002,législative
35,56,La Chapelle-aux-Filtzméens,328,234,86,242,8,12,34.0,Centre,2002,législative
35,56,La Chapelle-aux-Filtzméens,328,234,86,242,8,13,50.0,Droite,2002,législative
35,56,La Chapelle-aux-Filtzméens,328,234,86,242,8,14,0.0,Droite,2002,législative
35,56,La Chapelle-aux-Filtzméens,328,234,86,242,8,15,18.0,Extrême Droite,2002,législative
35,56,La Chapelle-aux-Filtzméens,328,234,86,242,8,16,2.0,Extrême Droite,2002,législative
35,57,La Chapelle-Bouëxic,649,425,219,430,5,0,15.0,Extrême Gauche,2002,législative
35,57,La Chapelle-Bouëxic,649,425,219,430,5,1,13.0,Gauche,2002,législative
35,57,La Chapelle-Bouëxic,649,425,219,430,5,2,135.0,Gauche,2002,législative
35,57,La Chapelle-Bouëxic,649,425,219,430,5,3,15.0,Écologie,2002,législative
35,57,La Chapelle-Bouëxic,649,425,219,430,5,4,3.0,Écologie,2002,législative
35,57,La Chapelle-Bouëxic,649,425,219,430,5,5,6.0,Écologie,2002,législative
35,57,La Chapelle-Bouëxic,649,425,219,430,5,6,1.0,Écologie,2002,législative
35,57,La Chapelle-Bouëxic,649,425,219,430,5,7,5.0,Régionalisme,2002,législative
35,57,La Chapelle-Bouëxic,649,425,219,430,5,8,6.0,Droite,2002,législative
35,57,La Chapelle-Bouëxic,649,425,219,430,5,9,129.0,Droite,2002,législative
35,57,La Chapelle-Bouëxic,649,425,219,430,5,10,59.0,Droite,2002,législative
35,57,La Chapelle-Bouëxic,649,425,219,430,5,11,35.0,Extrême Droite,2002,législative
35,57,La Chapelle-Bouëxic,649,425,219,430,5,12,3.0,Extrême Droite,2002,législative
35,58,La Chapelle-Chaussée,586,402,176,410,8,0,7.0,Extrême Gauche,2002,législative
35,58,La Chapelle-Chaussée,586,402,176,410,8,1,13.0,Extrême Gauche,2002,législative
35,58,La Chapelle-Chaussée,586,402,176,410,8,2,0.0,Extrême Gauche,2002,législative
35,58,La Chapelle-Chaussée,586,402,176,410,8,3,5.0,Gauche,2002,législative
35,58,La Chapelle-Chaussée,586,402,176,410,8,4,158.0,Gauche,2002,législative
35,58,La Chapelle-Chaussée,586,402,176,410,8,5,9.0,Gauche,2002,législative
35,58,La Chapelle-Chaussée,586,402,176,410,8,6,18.0,Écologie,2002,législative
35,58,La Chapelle-Chaussée,586,402,176,410,8,7,2.0,Gauche,2002,législative
35,58,La Chapelle-Chaussée,586,402,176,410,8,8,3.0,Écologie,2002,législative
35,58,La Chapelle-Chaussée,586,402,176,410,8,9,1.0,Régionalisme,2002,législative
35,58,La Chapelle-Chaussée,586,402,176,410,8,10,9.0,Droite,2002,législative
35,58,La Chapelle-Chaussée,586,402,176,410,8,11,151.0,Droite,2002,législative
35,58,La Chapelle-Chaussée,586,402,176,410,8,12,23.0,Extrême Droite,2002,législative
35,58,La Chapelle-Chaussée,586,402,176,410,8,13,3.0,Extrême Droite,2002,législative
35,59,La Chapelle-des-Fougeretz,2421,1785,610,1811,26,0,20.0,Extrême Gauche,2002,législative
35,59,La Chapelle-des-Fougeretz,2421,1785,610,1811,26,1,20.0,Extrême Gauche,2002,législative
35,59,La Chapelle-des-Fougeretz,2421,1785,610,1811,26,2,7.0,Extrême Gauche,2002,législative
35,59,La Chapelle-des-Fougeretz,2421,1785,610,1811,26,3,22.0,Gauche,2002,législative
35,59,La Chapelle-des-Fougeretz,2421,1785,610,1811,26,4,948.0,Gauche,2002,législative
35,59,La Chapelle-des-Fougeretz,2421,1785,610,1811,26,5,53.0,Écologie,2002,législative
35,59,La Chapelle-des-Fougeretz,2421,1785,610,1811,26,6,8.0,Gauche,2002,législative
35,59,La Chapelle-des-Fougeretz,2421,1785,610,1811,26,7,16.0,Écologie,2002,législative
35,59,La Chapelle-des-Fougeretz,2421,1785,610,1811,26,8,17.0,Écologie,2002,législative
35,59,La Chapelle-des-Fougeretz,2421,1785,610,1811,26,9,10.0,Régionalisme,2002,législative
35,59,La Chapelle-des-Fougeretz,2421,1785,610,1811,26,10,6.0,Droite,2002,législative
35,59,La Chapelle-des-Fougeretz,2421,1785,610,1811,26,11,4.0,Divers,2002,législative
35,59,La Chapelle-des-Fougeretz,2421,1785,610,1811,26,12,348.0,Centre,2002,législative
35,59,La Chapelle-des-Fougeretz,2421,1785,610,1811,26,13,240.0,Droite,2002,législative
35,59,La Chapelle-des-Fougeretz,2421,1785,610,1811,26,14,0.0,Droite,2002,législative
35,59,La Chapelle-des-Fougeretz,2421,1785,610,1811,26,15,54.0,Extrême Droite,2002,législative
35,59,La Chapelle-des-Fougeretz,2421,1785,610,1811,26,16,12.0,Extrême Droite,2002,législative
35,60,La Chapelle-du-Lou,323,202,115,208,6,0,0.0,Extrême Gauche,2002,législative
35,60,La Chapelle-du-Lou,323,202,115,208,6,1,0.0,Extrême Gauche,2002,législative
35,60,La Chapelle-du-Lou,323,202,115,208,6,2,2.0,Extrême Gauche,2002,législative
35,60,La Chapelle-du-Lou,323,202,115,208,6,3,2.0,Gauche,2002,législative
35,60,La Chapelle-du-Lou,323,202,115,208,6,4,46.0,Gauche,2002,législative
35,60,La Chapelle-du-Lou,323,202,115,208,6,5,5.0,Gauche,2002,législative
35,60,La Chapelle-du-Lou,323,202,115,208,6,6,5.0,Écologie,2002,législative
35,60,La Chapelle-du-Lou,323,202,115,208,6,7,5.0,Gauche,2002,législative
35,60,La Chapelle-du-Lou,323,202,115,208,6,8,0.0,Écologie,2002,législative
35,60,La Chapelle-du-Lou,323,202,115,208,6,9,0.0,Régionalisme,2002,législative
35,60,La Chapelle-du-Lou,323,202,115,208,6,10,6.0,Droite,2002,législative
35,60,La Chapelle-du-Lou,323,202,115,208,6,11,118.0,Droite,2002,législative
35,60,La Chapelle-du-Lou,323,202,115,208,6,12,12.0,Extrême Droite,2002,législative
35,60,La Chapelle-du-Lou,323,202,115,208,6,13,1.0,Extrême Droite,2002,législative
35,61,La Chapelle-Erbrée,360,263,87,273,10,0,4.0,Extrême Gauche,2002,législative
35,61,La Chapelle-Erbrée,360,263,87,273,10,1,3.0,Extrême Gauche,2002,législative
35,61,La Chapelle-Erbrée,360,263,87,273,10,2,0.0,Gauche,2002,législative
35,61,La Chapelle-Erbrée,360,263,87,273,10,3,34.0,Gauche,2002,législative
35,61,La Chapelle-Erbrée,360,263,87,273,10,4,5.0,Gauche,2002,législative
35,61,La Chapelle-Erbrée,360,263,87,273,10,5,16.0,Écologie,2002,législative
35,61,La Chapelle-Erbrée,360,263,87,273,10,6,1.0,Écologie,2002,législative
35,61,La Chapelle-Erbrée,360,263,87,273,10,7,3.0,Régionalisme,2002,législative
35,61,La Chapelle-Erbrée,360,263,87,273,10,8,3.0,Droite,2002,législative
35,61,La Chapelle-Erbrée,360,263,87,273,10,9,175.0,Droite,2002,législative
35,61,La Chapelle-Erbrée,360,263,87,273,10,10,1.0,Droite,2002,législative
35,61,La Chapelle-Erbrée,360,263,87,273,10,11,17.0,Extrême Droite,2002,législative
35,61,La Chapelle-Erbrée,360,263,87,273,10,12,1.0,Extrême Droite,2002,législative
35,62,La Chapelle-Janson,968,634,316,652,18,0,7.0,Extrême Gauche,2002,législative
35,62,La Chapelle-Janson,968,634,316,652,18,1,16.0,Extrême Gauche,2002,législative
35,62,La Chapelle-Janson,968,634,316,652,18,2,10.0,Gauche,2002,législative
35,62,La Chapelle-Janson,968,634,316,652,18,3,29.0,Gauche,2002,législative
35,62,La Chapelle-Janson,968,634,316,652,18,4,59.0,Écologie,2002,législative
35,62,La Chapelle-Janson,968,634,316,652,18,5,2.0,Écologie,2002,législative
35,62,La Chapelle-Janson,968,634,316,652,18,6,5.0,Régionalisme,2002,législative
35,62,La Chapelle-Janson,968,634,316,652,18,7,4.0,Divers,2002,législative
35,62,La Chapelle-Janson,968,634,316,652,18,8,429.0,Droite,2002,législative
35,62,La Chapelle-Janson,968,634,316,652,18,9,29.0,Droite,2002,législative
35,62,La Chapelle-Janson,968,634,316,652,18,10,34.0,Extrême Droite,2002,législative
35,62,La Chapelle-Janson,968,634,316,652,18,11,10.0,Extrême Droite,2002,législative
35,63,La Chapelle-Saint-Aubert,295,202,88,207,5,0,0.0,Extrême Gauche,2002,législative
35,63,La Chapelle-Saint-Aubert,295,202,88,207,5,1,3.0,Extrême Gauche,2002,législative
35,63,La Chapelle-Saint-Aubert,295,202,88,207,5,2,2.0,Gauche,2002,législative
35,63,La Chapelle-Saint-Aubert,295,202,88,207,5,3,33.0,Gauche,2002,législative
35,63,La Chapelle-Saint-Aubert,295,202,88,207,5,4,15.0,Écologie,2002,législative
35,63,La Chapelle-Saint-Aubert,295,202,88,207,5,5,0.0,Écologie,2002,législative
35,63,La Chapelle-Saint-Aubert,295,202,88,207,5,6,0.0,Régionalisme,2002,législative
35,63,La Chapelle-Saint-Aubert,295,202,88,207,5,7,4.0,Divers,2002,législative
35,63,La Chapelle-Saint-Aubert,295,202,88,207,5,8,98.0,Droite,2002,législative
35,63,La Chapelle-Saint-Aubert,295,202,88,207,5,9,27.0,Droite,2002,législative
35,63,La Chapelle-Saint-Aubert,295,202,88,207,5,10,17.0,Extrême Droite,2002,législative
35,63,La Chapelle-Saint-Aubert,295,202,88,207,5,11,3.0,Extrême Droite,2002,législative
35,64,La Chapelle-de-Brain,738,463,263,475,12,0,4.0,Extrême Gauche,2002,législative
35,64,La Chapelle-de-Brain,738,463,263,475,12,1,17.0,Gauche,2002,législative
35,64,La Chapelle-de-Brain,738,463,263,475,12,2,116.0,Gauche,2002,législative
35,64,La Chapelle-de-Brain,738,463,263,475,12,3,20.0,Écologie,2002,législative
35,64,La Chapelle-de-Brain,738,463,263,475,12,4,3.0,Écologie,2002,législative
35,64,La Chapelle-de-Brain,738,463,263,475,12,5,3.0,Écologie,2002,législative
35,64,La Chapelle-de-Brain,738,463,263,475,12,6,2.0,Écologie,2002,législative
35,64,La Chapelle-de-Brain,738,463,263,475,12,7,13.0,Régionalisme,2002,législative
35,64,La Chapelle-de-Brain,738,463,263,475,12,8,13.0,Droite,2002,législative
35,64,La Chapelle-de-Brain,738,463,263,475,12,9,213.0,Droite,2002,législative
35,64,La Chapelle-de-Brain,738,463,263,475,12,10,28.0,Droite,2002,législative
35,64,La Chapelle-de-Brain,738,463,263,475,12,11,29.0,Extrême Droite,2002,législative
35,64,La Chapelle-de-Brain,738,463,263,475,12,12,2.0,Extrême Droite,2002,législative
35,65,La Chapelle-Thouarault,1498,1039,432,1066,27,0,13.0,Extrême Gauche,2002,législative
35,65,La Chapelle-Thouarault,1498,1039,432,1066,27,1,11.0,Extrême Gauche,2002,législative
35,65,La Chapelle-Thouarault,1498,1039,432,1066,27,2,2.0,Extrême Gauche,2002,législative
35,65,La Chapelle-Thouarault,1498,1039,432,1066,27,3,24.0,Gauche,2002,législative
35,65,La Chapelle-Thouarault,1498,1039,432,1066,27,4,504.0,Gauche,2002,législative
35,65,La Chapelle-Thouarault,1498,1039,432,1066,27,5,26.0,Gauche,2002,législative
35,65,La Chapelle-Thouarault,1498,1039,432,1066,27,6,34.0,Écologie,2002,législative
35,65,La Chapelle-Thouarault,1498,1039,432,1066,27,7,7.0,Gauche,2002,législative
35,65,La Chapelle-Thouarault,1498,1039,432,1066,27,8,5.0,Écologie,2002,législative
35,65,La Chapelle-Thouarault,1498,1039,432,1066,27,9,11.0,Régionalisme,2002,législative
35,65,La Chapelle-Thouarault,1498,1039,432,1066,27,10,11.0,Droite,2002,législative
35,65,La Chapelle-Thouarault,1498,1039,432,1066,27,11,353.0,Droite,2002,législative
35,65,La Chapelle-Thouarault,1498,1039,432,1066,27,12,29.0,Extrême Droite,2002,législative
35,65,La Chapelle-Thouarault,1498,1039,432,1066,27,13,9.0,Extrême Droite,2002,législative
35,66,Chartres-de-Bretagne,5225,3395,1761,3464,69,0,52.0,Extrême Gauche,2002,législative
35,66,Chartres-de-Bretagne,5225,3395,1761,3464,69,1,67.0,Gauche,2002,législative
35,66,Chartres-de-Bretagne,5225,3395,1761,3464,69,2,1288.0,Gauche,2002,législative
35,66,Chartres-de-Bretagne,5225,3395,1761,3464,69,3,173.0,Écologie,2002,législative
35,66,Chartres-de-Bretagne,5225,3395,1761,3464,69,4,39.0,Écologie,2002,législative
35,66,Chartres-de-Bretagne,5225,3395,1761,3464,69,5,46.0,Écologie,2002,législative
35,66,Chartres-de-Bretagne,5225,3395,1761,3464,69,6,21.0,Écologie,2002,législative
35,66,Chartres-de-Bretagne,5225,3395,1761,3464,69,7,39.0,Régionalisme,2002,législative
35,66,Chartres-de-Bretagne,5225,3395,1761,3464,69,8,15.0,Droite,2002,législative
35,66,Chartres-de-Bretagne,5225,3395,1761,3464,69,9,987.0,Droite,2002,législative
35,66,Chartres-de-Bretagne,5225,3395,1761,3464,69,10,524.0,Droite,2002,législative
35,66,Chartres-de-Bretagne,5225,3395,1761,3464,69,11,132.0,Extrême Droite,2002,législative
35,66,Chartres-de-Bretagne,5225,3395,1761,3464,69,12,12.0,Extrême Droite,2002,législative
35,67,Chasné-sur-Illet,843,564,260,583,19,0,13.0,Extrême Gauche,2002,législative
35,67,Chasné-sur-Illet,843,564,260,583,19,1,27.0,Extrême Gauche,2002,législative
35,67,Chasné-sur-Illet,843,564,260,583,19,2,8.0,Gauche,2002,législative
35,67,Chasné-sur-Illet,843,564,260,583,19,3,86.0,Gauche,2002,législative
35,67,Chasné-sur-Illet,843,564,260,583,19,4,171.0,Écologie,2002,législative
35,67,Chasné-sur-Illet,843,564,260,583,19,5,14.0,Écologie,2002,législative
35,67,Chasné-sur-Illet,843,564,260,583,19,6,12.0,Régionalisme,2002,législative
35,67,Chasné-sur-Illet,843,564,260,583,19,7,8.0,Divers,2002,législative
35,67,Chasné-sur-Illet,843,564,260,583,19,8,171.0,Droite,2002,législative
35,67,Chasné-sur-Illet,843,564,260,583,19,9,29.0,Droite,2002,législative
35,67,Chasné-sur-Illet,843,564,260,583,19,10,23.0,Extrême Droite,2002,législative
35,67,Chasné-sur-Illet,843,564,260,583,19,11,2.0,Extrême Droite,2002,législative
35,68,Châteaubourg,3514,2273,1195,2319,46,0,37.0,Extrême Gauche,2002,législative
35,68,Châteaubourg,3514,2273,1195,2319,46,1,28.0,Extrême Gauche,2002,législative
35,68,Châteaubourg,3514,2273,1195,2319,46,2,18.0,Gauche,2002,législative
35,68,Châteaubourg,3514,2273,1195,2319,46,3,548.0,Gauche,2002,législative
35,68,Châteaubourg,3514,2273,1195,2319,46,4,38.0,Gauche,2002,législative
35,68,Châteaubourg,3514,2273,1195,2319,46,5,123.0,Écologie,2002,législative
35,68,Châteaubourg,3514,2273,1195,2319,46,6,21.0,Écologie,2002,législative
35,68,Châteaubourg,3514,2273,1195,2319,46,7,21.0,Régionalisme,2002,législative
35,68,Châteaubourg,3514,2273,1195,2319,46,8,21.0,Droite,2002,législative
35,68,Châteaubourg,3514,2273,1195,2319,46,9,1330.0,Droite,2002,législative
35,68,Châteaubourg,3514,2273,1195,2319,46,10,19.0,Droite,2002,législative
35,68,Châteaubourg,3514,2273,1195,2319,46,11,61.0,Extrême Droite,2002,législative
35,68,Châteaubourg,3514,2273,1195,2319,46,12,8.0,Extrême Droite,2002,législative
35,69,Châteaugiron,4154,2784,1325,2829,45,0,33.0,Extrême Gauche,2002,législative
35,69,Châteaugiron,4154,2784,1325,2829,45,1,41.0,Extrême Gauche,2002,législative
35,69,Châteaugiron,4154,2784,1325,2829,45,2,26.0,Gauche,2002,législative
35,69,Châteaugiron,4154,2784,1325,2829,45,3,664.0,Gauche,2002,législative
35,69,Châteaugiron,4154,2784,1325,2829,45,4,54.0,Gauche,2002,législative
35,69,Châteaugiron,4154,2784,1325,2829,45,5,155.0,Écologie,2002,législative
35,69,Châteaugiron,4154,2784,1325,2829,45,6,13.0,Écologie,2002,législative
35,69,Châteaugiron,4154,2784,1325,2829,45,7,20.0,Régionalisme,2002,législative
35,69,Châteaugiron,4154,2784,1325,2829,45,8,12.0,Droite,2002,législative
35,69,Châteaugiron,4154,2784,1325,2829,45,9,1657.0,Droite,2002,législative
35,69,Châteaugiron,4154,2784,1325,2829,45,10,22.0,Droite,2002,législative
35,69,Châteaugiron,4154,2784,1325,2829,45,11,82.0,Extrême Droite,2002,législative
35,69,Châteaugiron,4154,2784,1325,2829,45,12,5.0,Extrême Droite,2002,législative
35,70,Châteauneuf-d'Ille-et-Vilaine,575,378,186,389,11,0,9.0,Extrême Gauche,2002,législative
35,70,Châteauneuf-d'Ille-et-Vilaine,575,378,186,389,11,1,5.0,Extrême Gauche,2002,législative
35,70,Châteauneuf-d'Ille-et-Vilaine,575,378,186,389,11,2,1.0,Extrême Gauche,2002,législative
35,70,Châteauneuf-d'Ille-et-Vilaine,575,378,186,389,11,3,4.0,Gauche,2002,législative
35,70,Châteauneuf-d'Ille-et-Vilaine,575,378,186,389,11,4,93.0,Gauche,2002,législative
35,70,Châteauneuf-d'Ille-et-Vilaine,575,378,186,389,11,5,17.0,Écologie,2002,législative
35,70,Châteauneuf-d'Ille-et-Vilaine,575,378,186,389,11,6,0.0,Gauche,2002,législative
35,70,Châteauneuf-d'Ille-et-Vilaine,575,378,186,389,11,7,3.0,Écologie,2002,législative
35,70,Châteauneuf-d'Ille-et-Vilaine,575,378,186,389,11,8,8.0,Écologie,2002,législative
35,70,Châteauneuf-d'Ille-et-Vilaine,575,378,186,389,11,9,12.0,Régionalisme,2002,législative
35,70,Châteauneuf-d'Ille-et-Vilaine,575,378,186,389,11,10,6.0,Droite,2002,législative
35,70,Châteauneuf-d'Ille-et-Vilaine,575,378,186,389,11,11,4.0,Divers,2002,législative
35,70,Châteauneuf-d'Ille-et-Vilaine,575,378,186,389,11,12,187.0,Droite,2002,législative
35,70,Châteauneuf-d'Ille-et-Vilaine,575,378,186,389,11,13,27.0,Extrême Droite,2002,législative
35,70,Châteauneuf-d'Ille-et-Vilaine,575,378,186,389,11,14,2.0,Extrême Droite,2002,législative
35,71,Le Châtellier,292,220,64,228,8,0,2.0,Extrême Gauche,2002,législative
35,71,Le Châtellier,292,220,64,228,8,1,2.0,Extrême Gauche,2002,législative
35,71,Le Châtellier,292,220,64,228,8,2,1.0,Gauche,2002,législative
35,71,Le Châtellier,292,220,64,228,8,3,17.0,Gauche,2002,législative
35,71,Le Châtellier,292,220,64,228,8,4,27.0,Écologie,2002,législative
35,71,Le Châtellier,292,220,64,228,8,5,2.0,Écologie,2002,législative
35,71,Le Châtellier,292,220,64,228,8,6,2.0,Régionalisme,2002,législative
35,71,Le Châtellier,292,220,64,228,8,7,1.0,Divers,2002,législative
35,71,Le Châtellier,292,220,64,228,8,8,141.0,Droite,2002,législative
35,71,Le Châtellier,292,220,64,228,8,9,4.0,Droite,2002,législative
35,71,Le Châtellier,292,220,64,228,8,10,16.0,Extrême Droite,2002,législative
35,71,Le Châtellier,292,220,64,228,8,11,5.0,Extrême Droite,2002,législative
35,72,Châtillon-en-Vendelais,1179,729,428,751,22,0,9.0,Extrême Gauche,2002,législative
35,72,Châtillon-en-Vendelais,1179,729,428,751,22,1,16.0,Extrême Gauche,2002,législative
35,72,Châtillon-en-Vendelais,1179,729,428,751,22,2,9.0,Gauche,2002,législative
35,72,Châtillon-en-Vendelais,1179,729,428,751,22,3,95.0,Gauche,2002,législative
35,72,Châtillon-en-Vendelais,1179,729,428,751,22,4,4.0,Gauche,2002,législative
35,72,Châtillon-en-Vendelais,1179,729,428,751,22,5,17.0,Écologie,2002,législative
35,72,Châtillon-en-Vendelais,1179,729,428,751,22,6,2.0,Écologie,2002,législative
35,72,Châtillon-en-Vendelais,1179,729,428,751,22,7,5.0,Régionalisme,2002,législative
35,72,Châtillon-en-Vendelais,1179,729,428,751,22,8,20.0,Droite,2002,législative
35,72,Châtillon-en-Vendelais,1179,729,428,751,22,9,505.0,Droite,2002,législative
35,72,Châtillon-en-Vendelais,1179,729,428,751,22,10,7.0,Droite,2002,législative
35,72,Châtillon-en-Vendelais,1179,729,428,751,22,11,37.0,Extrême Droite,2002,législative
35,72,Châtillon-en-Vendelais,1179,729,428,751,22,12,3.0,Extrême Droite,2002,législative
35,75,Chauvigné,472,313,149,323,10,0,5.0,Extrême Gauche,2002,législative
35,75,Chauvigné,472,313,149,323,10,1,6.0,Extrême Gauche,2002,législative
35,75,Chauvigné,472,313,149,323,10,2,2.0,Gauche,2002,législative
35,75,Chauvigné,472,313,149,323,10,3,71.0,Gauche,2002,législative
35,75,Chauvigné,472,313,149,323,10,4,30.0,Écologie,2002,législative
35,75,Chauvigné,472,313,149,323,10,5,3.0,Écologie,2002,législative
35,75,Chauvigné,472,313,149,323,10,6,4.0,Régionalisme,2002,législative
35,75,Chauvigné,472,313,149,323,10,7,0.0,Divers,2002,législative
35,75,Chauvigné,472,313,149,323,10,8,157.0,Droite,2002,législative
35,75,Chauvigné,472,313,149,323,10,9,13.0,Droite,2002,législative
35,75,Chauvigné,472,313,149,323,10,10,21.0,Extrême Droite,2002,législative
35,75,Chauvigné,472,313,149,323,10,11,1.0,Extrême Droite,2002,législative
35,76,Chavagne,2563,1781,747,1816,35,0,30.0,Extrême Gauche,2002,législative
35,76,Chavagne,2563,1781,747,1816,35,1,18.0,Extrême Gauche,2002,législative
35,76,Chavagne,2563,1781,747,1816,35,2,5.0,Extrême Gauche,2002,législative
35,76,Chavagne,2563,1781,747,1816,35,3,35.0,Gauche,2002,législative
35,76,Chavagne,2563,1781,747,1816,35,4,691.0,Gauche,2002,législative
35,76,Chavagne,2563,1781,747,1816,35,5,37.0,Gauche,2002,législative
35,76,Chavagne,2563,1781,747,1816,35,6,69.0,Écologie,2002,législative
35,76,Chavagne,2563,1781,747,1816,35,7,18.0,Gauche,2002,législative
35,76,Chavagne,2563,1781,747,1816,35,8,18.0,Écologie,2002,législative
35,76,Chavagne,2563,1781,747,1816,35,9,23.0,Régionalisme,2002,législative
35,76,Chavagne,2563,1781,747,1816,35,10,20.0,Droite,2002,législative
35,76,Chavagne,2563,1781,747,1816,35,11,729.0,Droite,2002,législative
35,76,Chavagne,2563,1781,747,1816,35,12,79.0,Extrême Droite,2002,législative
35,76,Chavagne,2563,1781,747,1816,35,13,9.0,Extrême Droite,2002,législative
35,77,Chelun,212,147,64,148,1,0,2.0,Extrême Gauche,2002,législative
35,77,Chelun,212,147,64,148,1,1,0.0,Extrême Gauche,2002,législative
35,77,Chelun,212,147,64,148,1,2,0.0,Gauche,2002,législative
35,77,Chelun,212,147,64,148,1,3,13.0,Gauche,2002,législative
35,77,Chelun,212,147,64,148,1,4,1.0,Gauche,2002,législative
35,77,Chelun,212,147,64,148,1,5,3.0,Écologie,2002,législative
35,77,Chelun,212,147,64,148,1,6,1.0,Écologie,2002,législative
35,77,Chelun,212,147,64,148,1,7,0.0,Régionalisme,2002,législative
35,77,Chelun,212,147,64,148,1,8,4.0,Droite,2002,législative
35,77,Chelun,212,147,64,148,1,9,115.0,Droite,2002,législative
35,77,Chelun,212,147,64,148,1,10,1.0,Droite,2002,législative
35,77,Chelun,212,147,64,148,1,11,5.0,Extrême Droite,2002,législative
35,77,Chelun,212,147,64,148,1,12,2.0,Extrême Droite,2002,législative
35,78,Cherrueix,865,586,266,599,13,0,11.0,Extrême Gauche,2002,législative
35,78,Cherrueix,865,586,266,599,13,1,9.0,Extrême Gauche,2002,législative
35,78,Cherrueix,865,586,266,599,13,2,4.0,Extrême Gauche,2002,législative
35,78,Cherrueix,865,586,266,599,13,3,11.0,Gauche,2002,législative
35,78,Cherrueix,865,586,266,599,13,4,159.0,Gauche,2002,législative
35,78,Cherrueix,865,586,266,599,13,5,8.0,Écologie,2002,législative
35,78,Cherrueix,865,586,266,599,13,6,1.0,Gauche,2002,législative
35,78,Cherrueix,865,586,266,599,13,7,4.0,Écologie,2002,législative
35,78,Cherrueix,865,586,266,599,13,8,0.0,Écologie,2002,législative
35,78,Cherrueix,865,586,266,599,13,9,6.0,Régionalisme,2002,législative
35,78,Cherrueix,865,586,266,599,13,10,38.0,Droite,2002,législative
35,78,Cherrueix,865,586,266,599,13,11,0.0,Divers,2002,législative
35,78,Cherrueix,865,586,266,599,13,12,282.0,Droite,2002,législative
35,78,Cherrueix,865,586,266,599,13,13,44.0,Extrême Droite,2002,législative
35,78,Cherrueix,865,586,266,599,13,14,9.0,Extrême Droite,2002,législative
35,79,Chevaigné,1160,866,272,888,22,0,24.0,Extrême Gauche,2002,législative
35,79,Chevaigné,1160,866,272,888,22,1,8.0,Extrême Gauche,2002,législative
35,79,Chevaigné,1160,866,272,888,22,2,2.0,Extrême Gauche,2002,législative
35,79,Chevaigné,1160,866,272,888,22,3,7.0,Gauche,2002,législative
35,79,Chevaigné,1160,866,272,888,22,4,354.0,Gauche,2002,législative
35,79,Chevaigné,1160,866,272,888,22,5,33.0,Écologie,2002,législative
35,79,Chevaigné,1160,866,272,888,22,6,3.0,Gauche,2002,législative
35,79,Chevaigné,1160,866,272,888,22,7,9.0,Écologie,2002,législative
35,79,Chevaigné,1160,866,272,888,22,8,8.0,Écologie,2002,législative
35,79,Chevaigné,1160,866,272,888,22,9,10.0,Régionalisme,2002,législative
35,79,Chevaigné,1160,866,272,888,22,10,4.0,Droite,2002,législative
35,79,Chevaigné,1160,866,272,888,22,11,6.0,Divers,2002,législative
35,79,Chevaigné,1160,866,272,888,22,12,205.0,Centre,2002,législative
35,79,Chevaigné,1160,866,272,888,22,13,141.0,Droite,2002,législative
35,79,Chevaigné,1160,866,272,888,22,14,1.0,Droite,2002,législative
35,79,Chevaigné,1160,866,272,888,22,15,46.0,Extrême Droite,2002,législative
35,79,Chevaigné,1160,866,272,888,22,16,5.0,Extrême Droite,2002,législative
35,80,Cintré,1118,793,306,812,19,0,16.0,Extrême Gauche,2002,législative
35,80,Cintré,1118,793,306,812,19,1,14.0,Extrême Gauche,2002,législative
35,80,Cintré,1118,793,306,812,19,2,1.0,Extrême Gauche,2002,législative
35,80,Cintré,1118,793,306,812,19,3,14.0,Gauche,2002,législative
35,80,Cintré,1118,793,306,812,19,4,330.0,Gauche,2002,législative
35,80,Cintré,1118,793,306,812,19,5,16.0,Gauche,2002,législative
35,80,Cintré,1118,793,306,812,19,6,48.0,Écologie,2002,législative
35,80,Cintré,1118,793,306,812,19,7,8.0,Gauche,2002,législative
35,80,Cintré,1118,793,306,812,19,8,11.0,Écologie,2002,législative
35,80,Cintré,1118,793,306,812,19,9,9.0,Régionalisme,2002,législative
35,80,Cintré,1118,793,306,812,19,10,5.0,Droite,2002,législative
35,80,Cintré,1118,793,306,812,19,11,285.0,Droite,2002,législative
35,80,Cintré,1118,793,306,812,19,12,30.0,Extrême Droite,2002,législative
35,80,Cintré,1118,793,306,812,19,13,6.0,Extrême Droite,2002,législative
35,81,Clayes,458,333,121,337,4,0,7.0,Extrême Gauche,2002,législative
35,81,Clayes,458,333,121,337,4,1,1.0,Extrême Gauche,2002,législative
35,81,Clayes,458,333,121,337,4,2,1.0,Extrême Gauche,2002,législative
35,81,Clayes,458,333,121,337,4,3,4.0,Gauche,2002,législative
35,81,Clayes,458,333,121,337,4,4,144.0,Gauche,2002,législative
35,81,Clayes,458,333,121,337,4,5,8.0,Gauche,2002,législative
35,81,Clayes,458,333,121,337,4,6,13.0,Écologie,2002,législative
35,81,Clayes,458,333,121,337,4,7,4.0,Gauche,2002,législative
35,81,Clayes,458,333,121,337,4,8,1.0,Écologie,2002,législative
35,81,Clayes,458,333,121,337,4,9,1.0,Régionalisme,2002,législative
35,81,Clayes,458,333,121,337,4,10,3.0,Droite,2002,législative
35,81,Clayes,458,333,121,337,4,11,132.0,Droite,2002,législative
35,81,Clayes,458,333,121,337,4,12,13.0,Extrême Droite,2002,législative
35,81,Clayes,458,333,121,337,4,13,1.0,Extrême Droite,2002,législative
35,82,Coësmes,822,464,345,477,13,0,9.0,Extrême Gauche,2002,législative
35,82,Coësmes,822,464,345,477,13,1,5.0,Extrême Gauche,2002,législative
35,82,Coësmes,822,464,345,477,13,2,6.0,Gauche,2002,législative
35,82,Coësmes,822,464,345,477,13,3,99.0,Gauche,2002,législative
35,82,Coësmes,822,464,345,477,13,4,5.0,Gauche,2002,législative
35,82,Coësmes,822,464,345,477,13,5,11.0,Écologie,2002,législative
35,82,Coësmes,822,464,345,477,13,6,1.0,Écologie,2002,législative
35,82,Coësmes,822,464,345,477,13,7,3.0,Régionalisme,2002,législative
35,82,Coësmes,822,464,345,477,13,8,19.0,Droite,2002,législative
35,82,Coësmes,822,464,345,477,13,9,273.0,Droite,2002,législative
35,82,Coësmes,822,464,345,477,13,10,10.0,Droite,2002,législative
35,82,Coësmes,822,464,345,477,13,11,20.0,Extrême Droite,2002,législative
35,82,Coësmes,822,464,345,477,13,12,3.0,Extrême Droite,2002,législative
35,83,Coglès,470,322,137,333,11,0,7.0,Extrême Gauche,2002,législative
35,83,Coglès,470,322,137,333,11,1,10.0,Extrême Gauche,2002,législative
35,83,Coglès,470,322,137,333,11,2,3.0,Gauche,2002,législative
35,83,Coglès,470,322,137,333,11,3,57.0,Gauche,2002,législative
35,83,Coglès,470,322,137,333,11,4,46.0,Écologie,2002,législative
35,83,Coglès,470,322,137,333,11,5,2.0,Écologie,2002,législative
35,83,Coglès,470,322,137,333,11,6,0.0,Régionalisme,2002,législative
35,83,Coglès,470,322,137,333,11,7,4.0,Divers,2002,législative
35,83,Coglès,470,322,137,333,11,8,155.0,Droite,2002,législative
35,83,Coglès,470,322,137,333,11,9,18.0,Droite,2002,législative
35,83,Coglès,470,322,137,333,11,10,18.0,Extrême Droite,2002,législative
35,83,Coglès,470,322,137,333,11,11,2.0,Extrême Droite,2002,législative
35,84,Comblessac,432,304,121,311,7,0,1.0,Extrême Gauche,2002,législative
35,84,Comblessac,432,304,121,311,7,1,3.0,Gauche,2002,législative
35,84,Comblessac,432,304,121,311,7,2,55.0,Gauche,2002,législative
35,84,Comblessac,432,304,121,311,7,3,0.0,Écologie,2002,législative
35,84,Comblessac,432,304,121,311,7,4,2.0,Écologie,2002,législative
35,84,Comblessac,432,304,121,311,7,5,3.0,Écologie,2002,législative
35,84,Comblessac,432,304,121,311,7,6,0.0,Écologie,2002,législative
35,84,Comblessac,432,304,121,311,7,7,9.0,Régionalisme,2002,législative
35,84,Comblessac,432,304,121,311,7,8,6.0,Droite,2002,législative
35,84,Comblessac,432,304,121,311,7,9,166.0,Droite,2002,législative
35,84,Comblessac,432,304,121,311,7,10,37.0,Droite,2002,législative
35,84,Comblessac,432,304,121,311,7,11,21.0,Extrême Droite,2002,législative
35,84,Comblessac,432,304,121,311,7,12,1.0,Extrême Droite,2002,législative
35,85,Combourg,3837,2549,1218,2619,70,0,29.0,Extrême Gauche,2002,législative
35,85,Combourg,3837,2549,1218,2619,70,1,26.0,Extrême Gauche,2002,législative
35,85,Combourg,3837,2549,1218,2619,70,2,16.0,Extrême Gauche,2002,législative
35,85,Combourg,3837,2549,1218,2619,70,3,34.0,Gauche,2002,législative
35,85,Combourg,3837,2549,1218,2619,70,4,842.0,Gauche,2002,législative
35,85,Combourg,3837,2549,1218,2619,70,5,54.0,Écologie,2002,législative
35,85,Combourg,3837,2549,1218,2619,70,6,9.0,Gauche,2002,législative
35,85,Combourg,3837,2549,1218,2619,70,7,21.0,Écologie,2002,législative
35,85,Combourg,3837,2549,1218,2619,70,8,30.0,Écologie,2002,législative
35,85,Combourg,3837,2549,1218,2619,70,9,15.0,Régionalisme,2002,législative
35,85,Combourg,3837,2549,1218,2619,70,10,43.0,Droite,2002,législative
35,85,Combourg,3837,2549,1218,2619,70,11,3.0,Divers,2002,législative
35,85,Combourg,3837,2549,1218,2619,70,12,324.0,Centre,2002,législative
35,85,Combourg,3837,2549,1218,2619,70,13,968.0,Droite,2002,législative
35,85,Combourg,3837,2549,1218,2619,70,14,3.0,Droite,2002,législative
35,85,Combourg,3837,2549,1218,2619,70,15,116.0,Extrême Droite,2002,législative
35,85,Combourg,3837,2549,1218,2619,70,16,16.0,Extrême Droite,2002,législative
35,86,Combourtillé,343,232,102,241,9,0,2.0,Extrême Gauche,2002,législative
35,86,Combourtillé,343,232,102,241,9,1,1.0,Extrême Gauche,2002,législative
35,86,Combourtillé,343,232,102,241,9,2,10.0,Gauche,2002,législative
35,86,Combourtillé,343,232,102,241,9,3,9.0,Gauche,2002,législative
35,86,Combourtillé,343,232,102,241,9,4,22.0,Écologie,2002,législative
35,86,Combourtillé,343,232,102,241,9,5,0.0,Écologie,2002,législative
35,86,Combourtillé,343,232,102,241,9,6,3.0,Régionalisme,2002,législative
35,86,Combourtillé,343,232,102,241,9,7,7.0,Divers,2002,législative
35,86,Combourtillé,343,232,102,241,9,8,158.0,Droite,2002,législative
35,86,Combourtillé,343,232,102,241,9,9,8.0,Droite,2002,législative
35,86,Combourtillé,343,232,102,241,9,10,10.0,Extrême Droite,2002,législative
35,86,Combourtillé,343,232,102,241,9,11,2.0,Extrême Droite,2002,législative
35,87,Cornillé,528,327,189,339,12,0,8.0,Extrême Gauche,2002,législative
35,87,Cornillé,528,327,189,339,12,1,2.0,Extrême Gauche,2002,législative
35,87,Cornillé,528,327,189,339,12,2,0.0,Gauche,2002,législative
35,87,Cornillé,528,327,189,339,12,3,41.0,Gauche,2002,législative
35,87,Cornillé,528,327,189,339,12,4,2.0,Gauche,2002,législative
35,87,Cornillé,528,327,189,339,12,5,50.0,Écologie,2002,législative
35,87,Cornillé,528,327,189,339,12,6,2.0,Écologie,2002,législative
35,87,Cornillé,528,327,189,339,12,7,5.0,Régionalisme,2002,législative
35,87,Cornillé,528,327,189,339,12,8,10.0,Droite,2002,législative
35,87,Cornillé,528,327,189,339,12,9,181.0,Droite,2002,législative
35,87,Cornillé,528,327,189,339,12,10,5.0,Droite,2002,législative
35,87,Cornillé,528,327,189,339,12,11,15.0,Extrême Droite,2002,législative
35,87,Cornillé,528,327,189,339,12,12,6.0,Extrême Droite,2002,législative
35,88,Corps-Nuds,1737,1166,547,1190,24,0,25.0,Extrême Gauche,2002,législative
35,88,Corps-Nuds,1737,1166,547,1190,24,1,30.0,Extrême Gauche,2002,législative
35,88,Corps-Nuds,1737,1166,547,1190,24,2,26.0,Gauche,2002,législative
35,88,Corps-Nuds,1737,1166,547,1190,24,3,322.0,Gauche,2002,législative
35,88,Corps-Nuds,1737,1166,547,1190,24,4,21.0,Gauche,2002,législative
35,88,Corps-Nuds,1737,1166,547,1190,24,5,76.0,Écologie,2002,législative
35,88,Corps-Nuds,1737,1166,547,1190,24,6,10.0,Écologie,2002,législative
35,88,Corps-Nuds,1737,1166,547,1190,24,7,18.0,Régionalisme,2002,législative
35,88,Corps-Nuds,1737,1166,547,1190,24,8,9.0,Droite,2002,législative
35,88,Corps-Nuds,1737,1166,547,1190,24,9,538.0,Droite,2002,législative
35,88,Corps-Nuds,1737,1166,547,1190,24,10,18.0,Droite,2002,législative
35,88,Corps-Nuds,1737,1166,547,1190,24,11,64.0,Extrême Droite,2002,législative
35,88,Corps-Nuds,1737,1166,547,1190,24,12,9.0,Extrême Droite,2002,législative
35,89,La Couyère,305,182,114,191,9,0,4.0,Extrême Gauche,2002,législative
35,89,La Couyère,305,182,114,191,9,1,1.0,Gauche,2002,législative
35,89,La Couyère,305,182,114,191,9,2,39.0,Gauche,2002,législative
35,89,La Couyère,305,182,114,191,9,3,11.0,Écologie,2002,législative
35,89,La Couyère,305,182,114,191,9,4,4.0,Écologie,2002,législative
35,89,La Couyère,305,182,114,191,9,5,0.0,Écologie,2002,législative
35,89,La Couyère,305,182,114,191,9,6,0.0,Écologie,2002,législative
35,89,La Couyère,305,182,114,191,9,7,7.0,Régionalisme,2002,législative
35,89,La Couyère,305,182,114,191,9,8,7.0,Droite,2002,législative
35,89,La Couyère,305,182,114,191,9,9,59.0,Droite,2002,législative
35,89,La Couyère,305,182,114,191,9,10,34.0,Droite,2002,législative
35,89,La Couyère,305,182,114,191,9,11,13.0,Extrême Droite,2002,législative
35,89,La Couyère,305,182,114,191,9,12,3.0,Extrême Droite,2002,législative
35,90,Crévin,1248,772,459,789,17,0,27.0,Extrême Gauche,2002,législative
35,90,Crévin,1248,772,459,789,17,1,14.0,Gauche,2002,législative
35,90,Crévin,1248,772,459,789,17,2,221.0,Gauche,2002,législative
35,90,Crévin,1248,772,459,789,17,3,33.0,Écologie,2002,législative
35,90,Crévin,1248,772,459,789,17,4,19.0,Écologie,2002,législative
35,90,Crévin,1248,772,459,789,17,5,18.0,Écologie,2002,législative
35,90,Crévin,1248,772,459,789,17,6,3.0,Écologie,2002,législative
35,90,Crévin,1248,772,459,789,17,7,17.0,Régionalisme,2002,législative
35,90,Crévin,1248,772,459,789,17,8,6.0,Droite,2002,législative
35,90,Crévin,1248,772,459,789,17,9,223.0,Droite,2002,législative
35,90,Crévin,1248,772,459,789,17,10,101.0,Droite,2002,législative
35,90,Crévin,1248,772,459,789,17,11,74.0,Extrême Droite,2002,législative
35,90,Crévin,1248,772,459,789,17,12,16.0,Extrême Droite,2002,législative
35,91,Le Crouais,280,195,84,196,1,0,2.0,Extrême Gauche,2002,législative
35,91,Le Crouais,280,195,84,196,1,1,1.0,Extrême Gauche,2002,législative
35,91,Le Crouais,280,195,84,196,1,2,1.0,Extrême Gauche,2002,législative
35,91,Le Crouais,280,195,84,196,1,3,1.0,Gauche,2002,législative
35,91,Le Crouais,280,195,84,196,1,4,97.0,Gauche,2002,législative
35,91,Le Crouais,280,195,84,196,1,5,1.0,Gauche,2002,législative
35,91,Le Crouais,280,195,84,196,1,6,4.0,Écologie,2002,législative
35,91,Le Crouais,280,195,84,196,1,7,1.0,Gauche,2002,législative
35,91,Le Crouais,280,195,84,196,1,8,1.0,Écologie,2002,législative
35,91,Le Crouais,280,195,84,196,1,9,0.0,Régionalisme,2002,législative
35,91,Le Crouais,280,195,84,196,1,10,3.0,Droite,2002,législative
35,91,Le Crouais,280,195,84,196,1,11,57.0,Droite,2002,législative
35,91,Le Crouais,280,195,84,196,1,12,22.0,Extrême Droite,2002,législative
35,91,Le Crouais,280,195,84,196,1,13,4.0,Extrême Droite,2002,législative
35,92,Cuguen,555,356,184,371,15,0,15.0,Extrême Gauche,2002,législative
35,92,Cuguen,555,356,184,371,15,1,4.0,Extrême Gauche,2002,législative
35,92,Cuguen,555,356,184,371,15,2,2.0,Extrême Gauche,2002,législative
35,92,Cuguen,555,356,184,371,15,3,5.0,Gauche,2002,législative
35,92,Cuguen,555,356,184,371,15,4,135.0,Gauche,2002,législative
35,92,Cuguen,555,356,184,371,15,5,8.0,Écologie,2002,législative
35,92,Cuguen,555,356,184,371,15,6,3.0,Gauche,2002,législative
35,92,Cuguen,555,356,184,371,15,7,2.0,Écologie,2002,législative
35,92,Cuguen,555,356,184,371,15,8,3.0,Écologie,2002,législative
35,92,Cuguen,555,356,184,371,15,9,4.0,Régionalisme,2002,législative
35,92,Cuguen,555,356,184,371,15,10,14.0,Droite,2002,législative
35,92,Cuguen,555,356,184,371,15,11,1.0,Divers,2002,législative
35,92,Cuguen,555,356,184,371,15,12,22.0,Centre,2002,législative
35,92,Cuguen,555,356,184,371,15,13,115.0,Droite,2002,législative
35,92,Cuguen,555,356,184,371,15,14,0.0,Droite,2002,législative
35,92,Cuguen,555,356,184,371,15,15,18.0,Extrême Droite,2002,législative
35,92,Cuguen,555,356,184,371,15,16,5.0,Extrême Droite,2002,législative
35,93,Dinard,8504,5248,3147,5357,109,0,40.0,Extrême Gauche,2002,législative
35,93,Dinard,8504,5248,3147,5357,109,1,78.0,Extrême Gauche,2002,législative
35,93,Dinard,8504,5248,3147,5357,109,2,7.0,Extrême Gauche,2002,législative
35,93,Dinard,8504,5248,3147,5357,109,3,103.0,Gauche,2002,législative
35,93,Dinard,8504,5248,3147,5357,109,4,1268.0,Gauche,2002,législative
35,93,Dinard,8504,5248,3147,5357,109,5,103.0,Écologie,2002,législative
35,93,Dinard,8504,5248,3147,5357,109,6,29.0,Gauche,2002,législative
35,93,Dinard,8504,5248,3147,5357,109,7,47.0,Écologie,2002,législative
35,93,Dinard,8504,5248,3147,5357,109,8,46.0,Écologie,2002,législative
35,93,Dinard,8504,5248,3147,5357,109,9,68.0,Régionalisme,2002,législative
35,93,Dinard,8504,5248,3147,5357,109,10,35.0,Droite,2002,législative
35,93,Dinard,8504,5248,3147,5357,109,11,8.0,Divers,2002,législative
35,93,Dinard,8504,5248,3147,5357,109,12,2955.0,Droite,2002,législative
35,93,Dinard,8504,5248,3147,5357,109,13,405.0,Extrême Droite,2002,législative
35,93,Dinard,8504,5248,3147,5357,109,14,56.0,Extrême Droite,2002,législative
35,94,Dingé,1019,738,268,751,13,0,10.0,Extrême Gauche,2002,législative
35,94,Dingé,1019,738,268,751,13,1,11.0,Extrême Gauche,2002,législative
35,94,Dingé,1019,738,268,751,13,2,7.0,Extrême Gauche,2002,législative
35,94,Dingé,1019,738,268,751,13,3,9.0,Gauche,2002,législative
35,94,Dingé,1019,738,268,751,13,4,333.0,Gauche,2002,législative
35,94,Dingé,1019,738,268,751,13,5,20.0,Écologie,2002,législative
35,94,Dingé,1019,738,268,751,13,6,0.0,Gauche,2002,législative
35,94,Dingé,1019,738,268,751,13,7,7.0,Écologie,2002,législative
35,94,Dingé,1019,738,268,751,13,8,1.0,Écologie,2002,législative
35,94,Dingé,1019,738,268,751,13,9,2.0,Régionalisme,2002,législative
35,94,Dingé,1019,738,268,751,13,10,14.0,Droite,2002,législative
35,94,Dingé,1019,738,268,751,13,11,3.0,Divers,2002,législative
35,94,Dingé,1019,738,268,751,13,12,100.0,Centre,2002,législative
35,94,Dingé,1019,738,268,751,13,13,191.0,Droite,2002,législative
35,94,Dingé,1019,738,268,751,13,14,0.0,Droite,2002,législative
35,94,Dingé,1019,738,268,751,13,15,24.0,Extrême Droite,2002,législative
35,94,Dingé,1019,738,268,751,13,16,6.0,Extrême Droite,2002,législative
35,95,Dol-de-Bretagne,3261,2021,1186,2075,54,0,46.0,Extrême Gauche,2002,législative
35,95,Dol-de-Bretagne,3261,2021,1186,2075,54,1,32.0,Extrême Gauche,2002,législative
35,95,Dol-de-Bretagne,3261,2021,1186,2075,54,2,13.0,Extrême Gauche,2002,législative
35,95,Dol-de-Bretagne,3261,2021,1186,2075,54,3,40.0,Gauche,2002,législative
35,95,Dol-de-Bretagne,3261,2021,1186,2075,54,4,569.0,Gauche,2002,législative
35,95,Dol-de-Bretagne,3261,2021,1186,2075,54,5,63.0,Écologie,2002,législative
35,95,Dol-de-Bretagne,3261,2021,1186,2075,54,6,10.0,Gauche,2002,législative
35,95,Dol-de-Bretagne,3261,2021,1186,2075,54,7,18.0,Écologie,2002,législative
35,95,Dol-de-Bretagne,3261,2021,1186,2075,54,8,8.0,Écologie,2002,législative
35,95,Dol-de-Bretagne,3261,2021,1186,2075,54,9,22.0,Régionalisme,2002,législative
35,95,Dol-de-Bretagne,3261,2021,1186,2075,54,10,38.0,Droite,2002,législative
35,95,Dol-de-Bretagne,3261,2021,1186,2075,54,11,4.0,Divers,2002,législative
35,95,Dol-de-Bretagne,3261,2021,1186,2075,54,12,1030.0,Droite,2002,législative
35,95,Dol-de-Bretagne,3261,2021,1186,2075,54,13,110.0,Extrême Droite,2002,législative
35,95,Dol-de-Bretagne,3261,2021,1186,2075,54,14,18.0,Extrême Droite,2002,législative
35,96,Domagné,1325,865,446,879,14,0,11.0,Extrême Gauche,2002,législative
35,96,Domagné,1325,865,446,879,14,1,13.0,Extrême Gauche,2002,législative
35,96,Domagné,1325,865,446,879,14,2,14.0,Gauche,2002,législative
35,96,Domagné,1325,865,446,879,14,3,127.0,Gauche,2002,législative
35,96,Domagné,1325,865,446,879,14,4,17.0,Gauche,2002,législative
35,96,Domagné,1325,865,446,879,14,5,38.0,Écologie,2002,législative
35,96,Domagné,1325,865,446,879,14,6,5.0,Écologie,2002,législative
35,96,Domagné,1325,865,446,879,14,7,3.0,Régionalisme,2002,législative
35,96,Domagné,1325,865,446,879,14,8,20.0,Droite,2002,législative
35,96,Domagné,1325,865,446,879,14,9,559.0,Droite,2002,législative
35,96,Domagné,1325,865,446,879,14,10,9.0,Droite,2002,législative
35,96,Domagné,1325,865,446,879,14,11,41.0,Extrême Droite,2002,législative
35,96,Domagné,1325,865,446,879,14,12,8.0,Extrême Droite,2002,législative
35,97,Domalain,1116,728,377,739,11,0,14.0,Extrême Gauche,2002,législative
35,97,Domalain,1116,728,377,739,11,1,7.0,Extrême Gauche,2002,législative
35,97,Domalain,1116,728,377,739,11,2,3.0,Gauche,2002,législative
35,97,Domalain,1116,728,377,739,11,3,62.0,Gauche,2002,législative
35,97,Domalain,1116,728,377,739,11,4,11.0,Gauche,2002,législative
35,97,Domalain,1116,728,377,739,11,5,24.0,Écologie,2002,législative
35,97,Domalain,1116,728,377,739,11,6,0.0,Écologie,2002,législative
35,97,Domalain,1116,728,377,739,11,7,6.0,Régionalisme,2002,législative
35,97,Domalain,1116,728,377,739,11,8,6.0,Droite,2002,législative
35,97,Domalain,1116,728,377,739,11,9,563.0,Droite,2002,législative
35,97,Domalain,1116,728,377,739,11,10,3.0,Droite,2002,législative
35,97,Domalain,1116,728,377,739,11,11,24.0,Extrême Droite,2002,législative
35,97,Domalain,1116,728,377,739,11,12,5.0,Extrême Droite,2002,législative
35,98,La Dominelais,774,468,297,477,9,0,13.0,Extrême Gauche,2002,législative
35,98,La Dominelais,774,468,297,477,9,1,3.0,Gauche,2002,législative
35,98,La Dominelais,774,468,297,477,9,2,91.0,Gauche,2002,législative
35,98,La Dominelais,774,468,297,477,9,3,14.0,Écologie,2002,législative
35,98,La Dominelais,774,468,297,477,9,4,3.0,Écologie,2002,législative
35,98,La Dominelais,774,468,297,477,9,5,2.0,Écologie,2002,législative
35,98,La Dominelais,774,468,297,477,9,6,0.0,Écologie,2002,législative
35,98,La Dominelais,774,468,297,477,9,7,10.0,Régionalisme,2002,législative
35,98,La Dominelais,774,468,297,477,9,8,11.0,Droite,2002,législative
35,98,La Dominelais,774,468,297,477,9,9,184.0,Droite,2002,législative
35,98,La Dominelais,774,468,297,477,9,10,94.0,Droite,2002,législative
35,98,La Dominelais,774,468,297,477,9,11,41.0,Extrême Droite,2002,législative
35,98,La Dominelais,774,468,297,477,9,12,2.0,Extrême Droite,2002,législative
35,99,Domloup,1599,1080,501,1098,18,0,6.0,Extrême Gauche,2002,législative
35,99,Domloup,1599,1080,501,1098,18,1,25.0,Extrême Gauche,2002,législative
35,99,Domloup,1599,1080,501,1098,18,2,11.0,Gauche,2002,législative
35,99,Domloup,1599,1080,501,1098,18,3,321.0,Gauche,2002,législative
35,99,Domloup,1599,1080,501,1098,18,4,12.0,Gauche,2002,législative
35,99,Domloup,1599,1080,501,1098,18,5,53.0,Écologie,2002,législative
35,99,Domloup,1599,1080,501,1098,18,6,2.0,Écologie,2002,législative
35,99,Domloup,1599,1080,501,1098,18,7,6.0,Régionalisme,2002,législative
35,99,Domloup,1599,1080,501,1098,18,8,8.0,Droite,2002,législative
35,99,Domloup,1599,1080,501,1098,18,9,582.0,Droite,2002,législative
35,99,Domloup,1599,1080,501,1098,18,10,14.0,Droite,2002,législative
35,99,Domloup,1599,1080,501,1098,18,11,38.0,Extrême Droite,2002,législative
35,99,Domloup,1599,1080,501,1098,18,12,2.0,Extrême Droite,2002,législative
35,100,Dompierre-du-Chemin,381,286,91,290,4,0,7.0,Extrême Gauche,2002,législative
35,100,Dompierre-du-Chemin,381,286,91,290,4,1,9.0,Extrême Gauche,2002,législative
35,100,Dompierre-du-Chemin,381,286,91,290,4,2,16.0,Gauche,2002,législative
35,100,Dompierre-du-Chemin,381,286,91,290,4,3,17.0,Gauche,2002,législative
35,100,Dompierre-du-Chemin,381,286,91,290,4,4,30.0,Écologie,2002,législative
35,100,Dompierre-du-Chemin,381,286,91,290,4,5,3.0,Écologie,2002,législative
35,100,Dompierre-du-Chemin,381,286,91,290,4,6,1.0,Régionalisme,2002,législative
35,100,Dompierre-du-Chemin,381,286,91,290,4,7,2.0,Divers,2002,législative
35,100,Dompierre-du-Chemin,381,286,91,290,4,8,166.0,Droite,2002,législative
35,100,Dompierre-du-Chemin,381,286,91,290,4,9,15.0,Droite,2002,législative
35,100,Dompierre-du-Chemin,381,286,91,290,4,10,16.0,Extrême Droite,2002,législative
35,100,Dompierre-du-Chemin,381,286,91,290,4,11,4.0,Extrême Droite,2002,législative
35,101,Dourdain,483,313,152,331,18,0,7.0,Extrême Gauche,2002,législative
35,101,Dourdain,483,313,152,331,18,1,2.0,Extrême Gauche,2002,législative
35,101,Dourdain,483,313,152,331,18,2,3.0,Gauche,2002,législative
35,101,Dourdain,483,313,152,331,18,3,85.0,Gauche,2002,législative
35,101,Dourdain,483,313,152,331,18,4,36.0,Écologie,2002,législative
35,101,Dourdain,483,313,152,331,18,5,5.0,Écologie,2002,législative
35,101,Dourdain,483,313,152,331,18,6,8.0,Régionalisme,2002,législative
35,101,Dourdain,483,313,152,331,18,7,2.0,Divers,2002,législative
35,101,Dourdain,483,313,152,331,18,8,117.0,Droite,2002,législative
35,101,Dourdain,483,313,152,331,18,9,30.0,Droite,2002,législative
35,101,Dourdain,483,313,152,331,18,10,18.0,Extrême Droite,2002,législative
35,101,Dourdain,483,313,152,331,18,11,0.0,Extrême Droite,2002,législative
35,102,Drouges,320,206,104,216,10,0,7.0,Extrême Gauche,2002,législative
35,102,Drouges,320,206,104,216,10,1,1.0,Extrême Gauche,2002,législative
35,102,Drouges,320,206,104,216,10,2,1.0,Gauche,2002,législative
35,102,Drouges,320,206,104,216,10,3,18.0,Gauche,2002,législative
35,102,Drouges,320,206,104,216,10,4,0.0,Gauche,2002,législative
35,102,Drouges,320,206,104,216,10,5,10.0,Écologie,2002,législative
35,102,Drouges,320,206,104,216,10,6,2.0,Écologie,2002,législative
35,102,Drouges,320,206,104,216,10,7,0.0,Régionalisme,2002,législative
35,102,Drouges,320,206,104,216,10,8,4.0,Droite,2002,législative
35,102,Drouges,320,206,104,216,10,9,147.0,Droite,2002,législative
35,102,Drouges,320,206,104,216,10,10,2.0,Droite,2002,législative
35,102,Drouges,320,206,104,216,10,11,11.0,Extrême Droite,2002,législative
35,102,Drouges,320,206,104,216,10,12,3.0,Extrême Droite,2002,législative
35,103,Eancé,242,162,74,168,6,0,3.0,Extrême Gauche,2002,législative
35,103,Eancé,242,162,74,168,6,1,0.0,Extrême Gauche,2002,législative
35,103,Eancé,242,162,74,168,6,2,0.0,Gauche,2002,législative
35,103,Eancé,242,162,74,168,6,3,26.0,Gauche,2002,législative
35,103,Eancé,242,162,74,168,6,4,3.0,Gauche,2002,législative
35,103,Eancé,242,162,74,168,6,5,2.0,Écologie,2002,législative
35,103,Eancé,242,162,74,168,6,6,0.0,Écologie,2002,législative
35,103,Eancé,242,162,74,168,6,7,2.0,Régionalisme,2002,législative
35,103,Eancé,242,162,74,168,6,8,7.0,Droite,2002,législative
35,103,Eancé,242,162,74,168,6,9,105.0,Droite,2002,législative
35,103,Eancé,242,162,74,168,6,10,1.0,Droite,2002,législative
35,103,Eancé,242,162,74,168,6,11,10.0,Extrême Droite,2002,législative
35,103,Eancé,242,162,74,168,6,12,3.0,Extrême Droite,2002,législative
35,104,Epiniac,848,586,242,606,20,0,9.0,Extrême Gauche,2002,législative
35,104,Epiniac,848,586,242,606,20,1,12.0,Extrême Gauche,2002,législative
35,104,Epiniac,848,586,242,606,20,2,2.0,Extrême Gauche,2002,législative
35,104,Epiniac,848,586,242,606,20,3,10.0,Gauche,2002,législative
35,104,Epiniac,848,586,242,606,20,4,123.0,Gauche,2002,législative
35,104,Epiniac,848,586,242,606,20,5,31.0,Écologie,2002,législative
35,104,Epiniac,848,586,242,606,20,6,1.0,Gauche,2002,législative
35,104,Epiniac,848,586,242,606,20,7,4.0,Écologie,2002,législative
35,104,Epiniac,848,586,242,606,20,8,2.0,Écologie,2002,législative
35,104,Epiniac,848,586,242,606,20,9,4.0,Régionalisme,2002,législative
35,104,Epiniac,848,586,242,606,20,10,36.0,Droite,2002,législative
35,104,Epiniac,848,586,242,606,20,11,1.0,Divers,2002,législative
35,104,Epiniac,848,586,242,606,20,12,334.0,Droite,2002,législative
35,104,Epiniac,848,586,242,606,20,13,16.0,Extrême Droite,2002,législative
35,104,Epiniac,848,586,242,606,20,14,1.0,Extrême Droite,2002,législative
35,105,Erbrée,1207,758,434,773,15,0,12.0,Extrême Gauche,2002,législative
35,105,Erbrée,1207,758,434,773,15,1,9.0,Extrême Gauche,2002,législative
35,105,Erbrée,1207,758,434,773,15,2,11.0,Gauche,2002,législative
35,105,Erbrée,1207,758,434,773,15,3,94.0,Gauche,2002,législative
35,105,Erbrée,1207,758,434,773,15,4,8.0,Gauche,2002,législative
35,105,Erbrée,1207,758,434,773,15,5,19.0,Écologie,2002,législative
35,105,Erbrée,1207,758,434,773,15,6,2.0,Écologie,2002,législative
35,105,Erbrée,1207,758,434,773,15,7,13.0,Régionalisme,2002,législative
35,105,Erbrée,1207,758,434,773,15,8,10.0,Droite,2002,législative
35,105,Erbrée,1207,758,434,773,15,9,501.0,Droite,2002,législative
35,105,Erbrée,1207,758,434,773,15,10,41.0,Droite,2002,législative
35,105,Erbrée,1207,758,434,773,15,11,36.0,Extrême Droite,2002,législative
35,105,Erbrée,1207,758,434,773,15,12,2.0,Extrême Droite,2002,législative
35,106,Ercé-en-Lamée,905,551,333,572,21,0,10.0,Extrême Gauche,2002,législative
35,106,Ercé-en-Lamée,905,551,333,572,21,1,9.0,Gauche,2002,législative
35,106,Ercé-en-Lamée,905,551,333,572,21,2,127.0,Gauche,2002,législative
35,106,Ercé-en-Lamée,905,551,333,572,21,3,21.0,Écologie,2002,législative
35,106,Ercé-en-Lamée,905,551,333,572,21,4,2.0,Écologie,2002,législative
35,106,Ercé-en-Lamée,905,551,333,572,21,5,7.0,Écologie,2002,législative
35,106,Ercé-en-Lamée,905,551,333,572,21,6,0.0,Écologie,2002,législative
35,106,Ercé-en-Lamée,905,551,333,572,21,7,8.0,Régionalisme,2002,législative
35,106,Ercé-en-Lamée,905,551,333,572,21,8,13.0,Droite,2002,législative
35,106,Ercé-en-Lamée,905,551,333,572,21,9,202.0,Droite,2002,législative
35,106,Ercé-en-Lamée,905,551,333,572,21,10,98.0,Droite,2002,législative
35,106,Ercé-en-Lamée,905,551,333,572,21,11,45.0,Extrême Droite,2002,législative
35,106,Ercé-en-Lamée,905,551,333,572,21,12,9.0,Extrême Droite,2002,législative
35,107,Ercé-près-Liffré,1071,719,338,733,14,0,18.0,Extrême Gauche,2002,législative
35,107,Ercé-près-Liffré,1071,719,338,733,14,1,24.0,Extrême Gauche,2002,législative
35,107,Ercé-près-Liffré,1071,719,338,733,14,2,24.0,Gauche,2002,législative
35,107,Ercé-près-Liffré,1071,719,338,733,14,3,109.0,Gauche,2002,législative
35,107,Ercé-près-Liffré,1071,719,338,733,14,4,169.0,Écologie,2002,législative
35,107,Ercé-près-Liffré,1071,719,338,733,14,5,7.0,Écologie,2002,législative
35,107,Ercé-près-Liffré,1071,719,338,733,14,6,15.0,Régionalisme,2002,législative
35,107,Ercé-près-Liffré,1071,719,338,733,14,7,3.0,Divers,2002,législative
35,107,Ercé-près-Liffré,1071,719,338,733,14,8,277.0,Droite,2002,législative
35,107,Ercé-près-Liffré,1071,719,338,733,14,9,36.0,Droite,2002,législative
35,107,Ercé-près-Liffré,1071,719,338,733,14,10,35.0,Extrême Droite,2002,législative
35,107,Ercé-près-Liffré,1071,719,338,733,14,11,2.0,Extrême Droite,2002,législative
35,108,Essé,647,401,241,406,5,0,8.0,Extrême Gauche,2002,législative
35,108,Essé,647,401,241,406,5,1,5.0,Extrême Gauche,2002,législative
35,108,Essé,647,401,241,406,5,2,3.0,Gauche,2002,législative
35,108,Essé,647,401,241,406,5,3,53.0,Gauche,2002,législative
35,108,Essé,647,401,241,406,5,4,9.0,Gauche,2002,législative
35,108,Essé,647,401,241,406,5,5,15.0,Écologie,2002,législative
35,108,Essé,647,401,241,406,5,6,1.0,Écologie,2002,législative
35,108,Essé,647,401,241,406,5,7,3.0,Régionalisme,2002,législative
35,108,Essé,647,401,241,406,5,8,20.0,Droite,2002,législative
35,108,Essé,647,401,241,406,5,9,262.0,Droite,2002,législative
35,108,Essé,647,401,241,406,5,10,4.0,Droite,2002,législative
35,108,Essé,647,401,241,406,5,11,16.0,Extrême Droite,2002,législative
35,108,Essé,647,401,241,406,5,12,2.0,Extrême Droite,2002,législative
35,109,Etrelles,1487,1005,459,1028,23,0,19.0,Extrême Gauche,2002,législative
35,109,Etrelles,1487,1005,459,1028,23,1,12.0,Extrême Gauche,2002,législative
35,109,Etrelles,1487,1005,459,1028,23,2,7.0,Gauche,2002,législative
35,109,Etrelles,1487,1005,459,1028,23,3,130.0,Gauche,2002,législative
35,109,Etrelles,1487,1005,459,1028,23,4,7.0,Gauche,2002,législative
35,109,Etrelles,1487,1005,459,1028,23,5,46.0,Écologie,2002,législative
35,109,Etrelles,1487,1005,459,1028,23,6,4.0,Écologie,2002,législative
35,109,Etrelles,1487,1005,459,1028,23,7,9.0,Régionalisme,2002,législative
35,109,Etrelles,1487,1005,459,1028,23,8,4.0,Droite,2002,législative
35,109,Etrelles,1487,1005,459,1028,23,9,714.0,Droite,2002,législative
35,109,Etrelles,1487,1005,459,1028,23,10,3.0,Droite,2002,législative
35,109,Etrelles,1487,1005,459,1028,23,11,45.0,Extrême Droite,2002,législative
35,109,Etrelles,1487,1005,459,1028,23,12,5.0,Extrême Droite,2002,législative
35,110,Feins,544,341,191,353,12,0,10.0,Extrême Gauche,2002,législative
35,110,Feins,544,341,191,353,12,1,7.0,Extrême Gauche,2002,législative
35,110,Feins,544,341,191,353,12,2,4.0,Extrême Gauche,2002,législative
35,110,Feins,544,341,191,353,12,3,5.0,Gauche,2002,législative
35,110,Feins,544,341,191,353,12,4,153.0,Gauche,2002,législative
35,110,Feins,544,341,191,353,12,5,12.0,Écologie,2002,législative
35,110,Feins,544,341,191,353,12,6,0.0,Gauche,2002,législative
35,110,Feins,544,341,191,353,12,7,2.0,Écologie,2002,législative
35,110,Feins,544,341,191,353,12,8,2.0,Écologie,2002,législative
35,110,Feins,544,341,191,353,12,9,2.0,Régionalisme,2002,législative
35,110,Feins,544,341,191,353,12,10,9.0,Droite,2002,législative
35,110,Feins,544,341,191,353,12,11,0.0,Divers,2002,législative
35,110,Feins,544,341,191,353,12,12,61.0,Centre,2002,législative
35,110,Feins,544,341,191,353,12,13,50.0,Droite,2002,législative
35,110,Feins,544,341,191,353,12,14,0.0,Droite,2002,législative
35,110,Feins,544,341,191,353,12,15,24.0,Extrême Droite,2002,législative
35,110,Feins,544,341,191,353,12,16,0.0,Extrême Droite,2002,législative
35,111,Le Ferré,442,320,109,333,13,0,3.0,Extrême Gauche,2002,législative
35,111,Le Ferré,442,320,109,333,13,1,5.0,Extrême Gauche,2002,législative
35,111,Le Ferré,442,320,109,333,13,2,4.0,Gauche,2002,législative
35,111,Le Ferré,442,320,109,333,13,3,38.0,Gauche,2002,législative
35,111,Le Ferré,442,320,109,333,13,4,29.0,Écologie,2002,législative
35,111,Le Ferré,442,320,109,333,13,5,3.0,Écologie,2002,législative
35,111,Le Ferré,442,320,109,333,13,6,6.0,Régionalisme,2002,législative
35,111,Le Ferré,442,320,109,333,13,7,1.0,Divers,2002,législative
35,111,Le Ferré,442,320,109,333,13,8,181.0,Droite,2002,législative
35,111,Le Ferré,442,320,109,333,13,9,16.0,Droite,2002,législative
35,111,Le Ferré,442,320,109,333,13,10,28.0,Extrême Droite,2002,législative
35,111,Le Ferré,442,320,109,333,13,11,6.0,Extrême Droite,2002,législative
35,112,Fleurigné,723,484,227,496,12,0,2.0,Extrême Gauche,2002,législative
35,112,Fleurigné,723,484,227,496,12,1,7.0,Extrême Gauche,2002,législative
35,112,Fleurigné,723,484,227,496,12,2,8.0,Gauche,2002,législative
35,112,Fleurigné,723,484,227,496,12,3,33.0,Gauche,2002,législative
35,112,Fleurigné,723,484,227,496,12,4,48.0,Écologie,2002,législative
35,112,Fleurigné,723,484,227,496,12,5,4.0,Écologie,2002,législative
35,112,Fleurigné,723,484,227,496,12,6,9.0,Régionalisme,2002,législative
35,112,Fleurigné,723,484,227,496,12,7,9.0,Divers,2002,législative
35,112,Fleurigné,723,484,227,496,12,8,312.0,Droite,2002,législative
35,112,Fleurigné,723,484,227,496,12,9,19.0,Droite,2002,législative
35,112,Fleurigné,723,484,227,496,12,10,28.0,Extrême Droite,2002,législative
35,112,Fleurigné,723,484,227,496,12,11,5.0,Extrême Droite,2002,législative
35,113,La Fontenelle,427,289,129,298,9,0,4.0,Extrême Gauche,2002,législative
35,113,La Fontenelle,427,289,129,298,9,1,15.0,Extrême Gauche,2002,législative
35,113,La Fontenelle,427,289,129,298,9,2,6.0,Gauche,2002,législative
35,113,La Fontenelle,427,289,129,298,9,3,37.0,Gauche,2002,législative
35,113,La Fontenelle,427,289,129,298,9,4,29.0,Écologie,2002,législative
35,113,La Fontenelle,427,289,129,298,9,5,2.0,Écologie,2002,législative
35,113,La Fontenelle,427,289,129,298,9,6,2.0,Régionalisme,2002,législative
35,113,La Fontenelle,427,289,129,298,9,7,2.0,Divers,2002,législative
35,113,La Fontenelle,427,289,129,298,9,8,153.0,Droite,2002,législative
35,113,La Fontenelle,427,289,129,298,9,9,14.0,Droite,2002,législative
35,113,La Fontenelle,427,289,129,298,9,10,21.0,Extrême Droite,2002,législative
35,113,La Fontenelle,427,289,129,298,9,11,4.0,Extrême Droite,2002,législative
35,114,Forges-la-Forêt,195,110,82,113,3,0,8.0,Extrême Gauche,2002,législative
35,114,Forges-la-Forêt,195,110,82,113,3,1,1.0,Extrême Gauche,2002,législative
35,114,Forges-la-Forêt,195,110,82,113,3,2,2.0,Gauche,2002,législative
35,114,Forges-la-Forêt,195,110,82,113,3,3,9.0,Gauche,2002,législative
35,114,Forges-la-Forêt,195,110,82,113,3,4,3.0,Gauche,2002,législative
35,114,Forges-la-Forêt,195,110,82,113,3,5,1.0,Écologie,2002,législative
35,114,Forges-la-Forêt,195,110,82,113,3,6,0.0,Écologie,2002,législative
35,114,Forges-la-Forêt,195,110,82,113,3,7,0.0,Régionalisme,2002,législative
35,114,Forges-la-Forêt,195,110,82,113,3,8,8.0,Droite,2002,législative
35,114,Forges-la-Forêt,195,110,82,113,3,9,67.0,Droite,2002,législative
35,114,Forges-la-Forêt,195,110,82,113,3,10,0.0,Droite,2002,législative
35,114,Forges-la-Forêt,195,110,82,113,3,11,11.0,Extrême Droite,2002,législative
35,114,Forges-la-Forêt,195,110,82,113,3,12,0.0,Extrême Droite,2002,législative
35,115,Fougères,15803,9354,6229,9574,220,0,152.0,Extrême Gauche,2002,législative
35,115,Fougères,15803,9354,6229,9574,220,1,286.0,Extrême Gauche,2002,législative
35,115,Fougères,15803,9354,6229,9574,220,2,508.0,Gauche,2002,législative
35,115,Fougères,15803,9354,6229,9574,220,3,685.0,Gauche,2002,législative
35,115,Fougères,15803,9354,6229,9574,220,4,2030.0,Écologie,2002,législative
35,115,Fougères,15803,9354,6229,9574,220,5,83.0,Écologie,2002,législative
35,115,Fougères,15803,9354,6229,9574,220,6,116.0,Régionalisme,2002,législative
35,115,Fougères,15803,9354,6229,9574,220,7,140.0,Divers,2002,législative
35,115,Fougères,15803,9354,6229,9574,220,8,4544.0,Droite,2002,législative
35,115,Fougères,15803,9354,6229,9574,220,9,312.0,Droite,2002,législative
35,115,Fougères,15803,9354,6229,9574,220,10,417.0,Extrême Droite,2002,législative
35,115,Fougères,15803,9354,6229,9574,220,11,81.0,Extrême Droite,2002,législative
35,116,La Fresnais,1448,950,474,974,24,0,11.0,Extrême Gauche,2002,législative
35,116,La Fresnais,1448,950,474,974,24,1,17.0,Extrême Gauche,2002,législative
35,116,La Fresnais,1448,950,474,974,24,2,4.0,Extrême Gauche,2002,législative
35,116,La Fresnais,1448,950,474,974,24,3,12.0,Gauche,2002,législative
35,116,La Fresnais,1448,950,474,974,24,4,243.0,Gauche,2002,législative
35,116,La Fresnais,1448,950,474,974,24,5,23.0,Écologie,2002,législative
35,116,La Fresnais,1448,950,474,974,24,6,2.0,Gauche,2002,législative
35,116,La Fresnais,1448,950,474,974,24,7,7.0,Écologie,2002,législative
35,116,La Fresnais,1448,950,474,974,24,8,3.0,Écologie,2002,législative
35,116,La Fresnais,1448,950,474,974,24,9,10.0,Régionalisme,2002,législative
35,116,La Fresnais,1448,950,474,974,24,10,42.0,Droite,2002,législative
35,116,La Fresnais,1448,950,474,974,24,11,5.0,Divers,2002,législative
35,116,La Fresnais,1448,950,474,974,24,12,496.0,Droite,2002,législative
35,116,La Fresnais,1448,950,474,974,24,13,70.0,Extrême Droite,2002,législative
35,116,La Fresnais,1448,950,474,974,24,14,5.0,Extrême Droite,2002,législative
35,117,Gaël,1162,683,465,697,14,0,8.0,Extrême Gauche,2002,législative
35,117,Gaël,1162,683,465,697,14,1,2.0,Extrême Gauche,2002,législative
35,117,Gaël,1162,683,465,697,14,2,5.0,Extrême Gauche,2002,législative
35,117,Gaël,1162,683,465,697,14,3,8.0,Gauche,2002,législative
35,117,Gaël,1162,683,465,697,14,4,194.0,Gauche,2002,législative
35,117,Gaël,1162,683,465,697,14,5,11.0,Gauche,2002,législative
35,117,Gaël,1162,683,465,697,14,6,18.0,Écologie,2002,législative
35,117,Gaël,1162,683,465,697,14,7,2.0,Gauche,2002,législative
35,117,Gaël,1162,683,465,697,14,8,0.0,Écologie,2002,législative
35,117,Gaël,1162,683,465,697,14,9,3.0,Régionalisme,2002,législative
35,117,Gaël,1162,683,465,697,14,10,14.0,Droite,2002,législative
35,117,Gaël,1162,683,465,697,14,11,371.0,Droite,2002,législative
35,117,Gaël,1162,683,465,697,14,12,42.0,Extrême Droite,2002,législative
35,117,Gaël,1162,683,465,697,14,13,5.0,Extrême Droite,2002,législative
35,118,Gahard,798,513,267,531,18,0,8.0,Extrême Gauche,2002,législative
35,118,Gahard,798,513,267,531,18,1,9.0,Extrême Gauche,2002,législative
35,118,Gahard,798,513,267,531,18,2,4.0,Extrême Gauche,2002,législative
35,118,Gahard,798,513,267,531,18,3,16.0,Gauche,2002,législative
35,118,Gahard,798,513,267,531,18,4,208.0,Gauche,2002,législative
35,118,Gahard,798,513,267,531,18,5,12.0,Écologie,2002,législative
35,118,Gahard,798,513,267,531,18,6,0.0,Gauche,2002,législative
35,118,Gahard,798,513,267,531,18,7,9.0,Écologie,2002,législative
35,118,Gahard,798,513,267,531,18,8,2.0,Écologie,2002,législative
35,118,Gahard,798,513,267,531,18,9,4.0,Régionalisme,2002,législative
35,118,Gahard,798,513,267,531,18,10,10.0,Droite,2002,législative
35,118,Gahard,798,513,267,531,18,11,3.0,Divers,2002,législative
35,118,Gahard,798,513,267,531,18,12,100.0,Centre,2002,législative
35,118,Gahard,798,513,267,531,18,13,106.0,Droite,2002,législative
35,118,Gahard,798,513,267,531,18,14,0.0,Droite,2002,législative
35,118,Gahard,798,513,267,531,18,15,16.0,Extrême Droite,2002,législative
35,118,Gahard,798,513,267,531,18,16,6.0,Extrême Droite,2002,législative
35,119,Gennes-sur-Seiche,548,354,190,358,4,0,1.0,Extrême Gauche,2002,législative
35,119,Gennes-sur-Seiche,548,354,190,358,4,1,5.0,Extrême Gauche,2002,législative
35,119,Gennes-sur-Seiche,548,354,190,358,4,2,1.0,Gauche,2002,législative
35,119,Gennes-sur-Seiche,548,354,190,358,4,3,33.0,Gauche,2002,législative
35,119,Gennes-sur-Seiche,548,354,190,358,4,4,7.0,Gauche,2002,législative
35,119,Gennes-sur-Seiche,548,354,190,358,4,5,9.0,Écologie,2002,législative
35,119,Gennes-sur-Seiche,548,354,190,358,4,6,0.0,Écologie,2002,législative
35,119,Gennes-sur-Seiche,548,354,190,358,4,7,2.0,Régionalisme,2002,législative
35,119,Gennes-sur-Seiche,548,354,190,358,4,8,10.0,Droite,2002,législative
35,119,Gennes-sur-Seiche,548,354,190,358,4,9,277.0,Droite,2002,législative
35,119,Gennes-sur-Seiche,548,354,190,358,4,10,2.0,Droite,2002,législative
35,119,Gennes-sur-Seiche,548,354,190,358,4,11,5.0,Extrême Droite,2002,législative
35,119,Gennes-sur-Seiche,548,354,190,358,4,12,2.0,Extrême Droite,2002,législative
35,120,Gévezé,2184,1449,704,1480,31,0,24.0,Extrême Gauche,2002,législative
35,120,Gévezé,2184,1449,704,1480,31,1,20.0,Extrême Gauche,2002,législative
35,120,Gévezé,2184,1449,704,1480,31,2,6.0,Extrême Gauche,2002,législative
35,120,Gévezé,2184,1449,704,1480,31,3,35.0,Gauche,2002,législative
35,120,Gévezé,2184,1449,704,1480,31,4,498.0,Gauche,2002,législative
35,120,Gévezé,2184,1449,704,1480,31,5,16.0,Gauche,2002,législative
35,120,Gévezé,2184,1449,704,1480,31,6,57.0,Écologie,2002,législative
35,120,Gévezé,2184,1449,704,1480,31,7,4.0,Gauche,2002,législative
35,120,Gévezé,2184,1449,704,1480,31,8,4.0,Écologie,2002,législative
35,120,Gévezé,2184,1449,704,1480,31,9,16.0,Régionalisme,2002,législative
35,120,Gévezé,2184,1449,704,1480,31,10,9.0,Droite,2002,législative
35,120,Gévezé,2184,1449,704,1480,31,11,674.0,Droite,2002,législative
35,120,Gévezé,2184,1449,704,1480,31,12,77.0,Extrême Droite,2002,législative
35,120,Gévezé,2184,1449,704,1480,31,13,9.0,Extrême Droite,2002,législative
35,121,Gosné,1050,694,342,708,14,0,14.0,Extrême Gauche,2002,législative
35,121,Gosné,1050,694,342,708,14,1,10.0,Extrême Gauche,2002,législative
35,121,Gosné,1050,694,342,708,14,2,3.0,Gauche,2002,législative
35,121,Gosné,1050,694,342,708,14,3,154.0,Gauche,2002,législative
35,121,Gosné,1050,694,342,708,14,4,77.0,Écologie,2002,législative
35,121,Gosné,1050,694,342,708,14,5,5.0,Écologie,2002,législative
35,121,Gosné,1050,694,342,708,14,6,43.0,Régionalisme,2002,législative
35,121,Gosné,1050,694,342,708,14,7,5.0,Divers,2002,législative
35,121,Gosné,1050,694,342,708,14,8,277.0,Droite,2002,législative
35,121,Gosné,1050,694,342,708,14,9,55.0,Droite,2002,législative
35,121,Gosné,1050,694,342,708,14,10,47.0,Extrême Droite,2002,législative
35,121,Gosné,1050,694,342,708,14,11,4.0,Extrême Droite,2002,législative
35,122,La Gouesnière,834,520,302,532,12,0,9.0,Extrême Gauche,2002,législative
35,122,La Gouesnière,834,520,302,532,12,1,10.0,Extrême Gauche,2002,législative
35,122,La Gouesnière,834,520,302,532,12,2,2.0,Extrême Gauche,2002,législative
35,122,La Gouesnière,834,520,302,532,12,3,7.0,Gauche,2002,législative
35,122,La Gouesnière,834,520,302,532,12,4,178.0,Gauche,2002,législative
35,122,La Gouesnière,834,520,302,532,12,5,12.0,Écologie,2002,législative
35,122,La Gouesnière,834,520,302,532,12,6,2.0,Gauche,2002,législative
35,122,La Gouesnière,834,520,302,532,12,7,2.0,Écologie,2002,législative
35,122,La Gouesnière,834,520,302,532,12,8,5.0,Écologie,2002,législative
35,122,La Gouesnière,834,520,302,532,12,9,15.0,Régionalisme,2002,législative
35,122,La Gouesnière,834,520,302,532,12,10,15.0,Droite,2002,législative
35,122,La Gouesnière,834,520,302,532,12,11,0.0,Divers,2002,législative
35,122,La Gouesnière,834,520,302,532,12,12,223.0,Droite,2002,législative
35,122,La Gouesnière,834,520,302,532,12,13,38.0,Extrême Droite,2002,législative
35,122,La Gouesnière,834,520,302,532,12,14,2.0,Extrême Droite,2002,législative
35,123,Goven,2394,1483,882,1512,29,0,46.0,Extrême Gauche,2002,législative
35,123,Goven,2394,1483,882,1512,29,1,31.0,Gauche,2002,législative
35,123,Goven,2394,1483,882,1512,29,2,498.0,Gauche,2002,législative
35,123,Goven,2394,1483,882,1512,29,3,58.0,Écologie,2002,législative
35,123,Goven,2394,1483,882,1512,29,4,23.0,Écologie,2002,législative
35,123,Goven,2394,1483,882,1512,29,5,17.0,Écologie,2002,législative
35,123,Goven,2394,1483,882,1512,29,6,7.0,Écologie,2002,législative
35,123,Goven,2394,1483,882,1512,29,7,24.0,Régionalisme,2002,législative
35,123,Goven,2394,1483,882,1512,29,8,43.0,Droite,2002,législative
35,123,Goven,2394,1483,882,1512,29,9,465.0,Droite,2002,législative
35,123,Goven,2394,1483,882,1512,29,10,151.0,Droite,2002,législative
35,123,Goven,2394,1483,882,1512,29,11,103.0,Extrême Droite,2002,législative
35,123,Goven,2394,1483,882,1512,29,12,17.0,Extrême Droite,2002,législative
35,124,Grand-Fougeray,1439,859,561,878,19,0,15.0,Extrême Gauche,2002,législative
35,124,Grand-Fougeray,1439,859,561,878,19,1,12.0,Gauche,2002,législative
35,124,Grand-Fougeray,1439,859,561,878,19,2,141.0,Gauche,2002,législative
35,124,Grand-Fougeray,1439,859,561,878,19,3,17.0,Écologie,2002,législative
35,124,Grand-Fougeray,1439,859,561,878,19,4,5.0,Écologie,2002,législative
35,124,Grand-Fougeray,1439,859,561,878,19,5,8.0,Écologie,2002,législative
35,124,Grand-Fougeray,1439,859,561,878,19,6,2.0,Écologie,2002,législative
35,124,Grand-Fougeray,1439,859,561,878,19,7,19.0,Régionalisme,2002,législative
35,124,Grand-Fougeray,1439,859,561,878,19,8,15.0,Droite,2002,législative
35,124,Grand-Fougeray,1439,859,561,878,19,9,408.0,Droite,2002,législative
35,124,Grand-Fougeray,1439,859,561,878,19,10,150.0,Droite,2002,législative
35,124,Grand-Fougeray,1439,859,561,878,19,11,55.0,Extrême Droite,2002,législative
35,124,Grand-Fougeray,1439,859,561,878,19,12,12.0,Extrême Droite,2002,législative
35,125,La Guerche-de-Bretagne,2985,2007,943,2042,35,0,25.0,Extrême Gauche,2002,législative
35,125,La Guerche-de-Bretagne,2985,2007,943,2042,35,1,7.0,Extrême Gauche,2002,législative
35,125,La Guerche-de-Bretagne,2985,2007,943,2042,35,2,5.0,Gauche,2002,législative
35,125,La Guerche-de-Bretagne,2985,2007,943,2042,35,3,312.0,Gauche,2002,législative
35,125,La Guerche-de-Bretagne,2985,2007,943,2042,35,4,13.0,Gauche,2002,législative
35,125,La Guerche-de-Bretagne,2985,2007,943,2042,35,5,38.0,Écologie,2002,législative
35,125,La Guerche-de-Bretagne,2985,2007,943,2042,35,6,5.0,Écologie,2002,législative
35,125,La Guerche-de-Bretagne,2985,2007,943,2042,35,7,18.0,Régionalisme,2002,législative
35,125,La Guerche-de-Bretagne,2985,2007,943,2042,35,8,12.0,Droite,2002,législative
35,125,La Guerche-de-Bretagne,2985,2007,943,2042,35,9,1451.0,Droite,2002,législative
35,125,La Guerche-de-Bretagne,2985,2007,943,2042,35,10,37.0,Droite,2002,législative
35,125,La Guerche-de-Bretagne,2985,2007,943,2042,35,11,76.0,Extrême Droite,2002,législative
35,125,La Guerche-de-Bretagne,2985,2007,943,2042,35,12,8.0,Extrême Droite,2002,législative
35,126,Guichen,4772,3009,1688,3084,75,0,60.0,Extrême Gauche,2002,législative
35,126,Guichen,4772,3009,1688,3084,75,1,69.0,Gauche,2002,législative
35,126,Guichen,4772,3009,1688,3084,75,2,1017.0,Gauche,2002,législative
35,126,Guichen,4772,3009,1688,3084,75,3,154.0,Écologie,2002,législative
35,126,Guichen,4772,3009,1688,3084,75,4,45.0,Écologie,2002,législative
35,126,Guichen,4772,3009,1688,3084,75,5,41.0,Écologie,2002,législative
35,126,Guichen,4772,3009,1688,3084,75,6,11.0,Écologie,2002,législative
35,126,Guichen,4772,3009,1688,3084,75,7,54.0,Régionalisme,2002,législative
35,126,Guichen,4772,3009,1688,3084,75,8,47.0,Droite,2002,législative
35,126,Guichen,4772,3009,1688,3084,75,9,919.0,Droite,2002,législative
35,126,Guichen,4772,3009,1688,3084,75,10,388.0,Droite,2002,législative
35,126,Guichen,4772,3009,1688,3084,75,11,178.0,Extrême Droite,2002,législative
35,126,Guichen,4772,3009,1688,3084,75,12,26.0,Extrême Droite,2002,législative
35,127,Guignen,1894,1153,710,1184,31,0,29.0,Extrême Gauche,2002,législative
35,127,Guignen,1894,1153,710,1184,31,1,20.0,Gauche,2002,législative
35,127,Guignen,1894,1153,710,1184,31,2,369.0,Gauche,2002,législative
35,127,Guignen,1894,1153,710,1184,31,3,57.0,Écologie,2002,législative
35,127,Guignen,1894,1153,710,1184,31,4,18.0,Écologie,2002,législative
35,127,Guignen,1894,1153,710,1184,31,5,12.0,Écologie,2002,législative
35,127,Guignen,1894,1153,710,1184,31,6,7.0,Écologie,2002,législative
35,127,Guignen,1894,1153,710,1184,31,7,18.0,Régionalisme,2002,législative
35,127,Guignen,1894,1153,710,1184,31,8,20.0,Droite,2002,législative
35,127,Guignen,1894,1153,710,1184,31,9,355.0,Droite,2002,législative
35,127,Guignen,1894,1153,710,1184,31,10,149.0,Droite,2002,législative
35,127,Guignen,1894,1153,710,1184,31,11,87.0,Extrême Droite,2002,législative
35,127,Guignen,1894,1153,710,1184,31,12,12.0,Extrême Droite,2002,législative
35,128,Guipel,1150,712,416,734,22,0,16.0,Extrême Gauche,2002,législative
35,128,Guipel,1150,712,416,734,22,1,14.0,Extrême Gauche,2002,législative
35,128,Guipel,1150,712,416,734,22,2,7.0,Extrême Gauche,2002,législative
35,128,Guipel,1150,712,416,734,22,3,3.0,Gauche,2002,législative
35,128,Guipel,1150,712,416,734,22,4,243.0,Gauche,2002,législative
35,128,Guipel,1150,712,416,734,22,5,39.0,Écologie,2002,législative
35,128,Guipel,1150,712,416,734,22,6,0.0,Gauche,2002,législative
35,128,Guipel,1150,712,416,734,22,7,17.0,Écologie,2002,législative
35,128,Guipel,1150,712,416,734,22,8,10.0,Écologie,2002,législative
35,128,Guipel,1150,712,416,734,22,9,7.0,Régionalisme,2002,législative
35,128,Guipel,1150,712,416,734,22,10,13.0,Droite,2002,législative
35,128,Guipel,1150,712,416,734,22,11,5.0,Divers,2002,législative
35,128,Guipel,1150,712,416,734,22,12,179.0,Centre,2002,législative
35,128,Guipel,1150,712,416,734,22,13,105.0,Droite,2002,législative
35,128,Guipel,1150,712,416,734,22,14,0.0,Droite,2002,législative
35,128,Guipel,1150,712,416,734,22,15,44.0,Extrême Droite,2002,législative
35,128,Guipel,1150,712,416,734,22,16,10.0,Extrême Droite,2002,législative
35,129,Guipry,2234,1354,855,1379,25,0,28.0,Extrême Gauche,2002,législative
35,129,Guipry,2234,1354,855,1379,25,1,26.0,Gauche,2002,législative
35,129,Guipry,2234,1354,855,1379,25,2,330.0,Gauche,2002,législative
35,129,Guipry,2234,1354,855,1379,25,3,32.0,Écologie,2002,législative
35,129,Guipry,2234,1354,855,1379,25,4,10.0,Écologie,2002,législative
35,129,Guipry,2234,1354,855,1379,25,5,16.0,Écologie,2002,législative
35,129,Guipry,2234,1354,855,1379,25,6,5.0,Écologie,2002,législative
35,129,Guipry,2234,1354,855,1379,25,7,30.0,Régionalisme,2002,législative
35,129,Guipry,2234,1354,855,1379,25,8,19.0,Droite,2002,législative
35,129,Guipry,2234,1354,855,1379,25,9,489.0,Droite,2002,législative
35,129,Guipry,2234,1354,855,1379,25,10,239.0,Droite,2002,législative
35,129,Guipry,2234,1354,855,1379,25,11,119.0,Extrême Droite,2002,législative
35,129,Guipry,2234,1354,855,1379,25,12,11.0,Extrême Droite,2002,législative
35,130,Hédé,1390,952,420,970,18,0,14.0,Extrême Gauche,2002,législative
35,130,Hédé,1390,952,420,970,18,1,19.0,Extrême Gauche,2002,législative
35,130,Hédé,1390,952,420,970,18,2,5.0,Extrême Gauche,2002,législative
35,130,Hédé,1390,952,420,970,18,3,4.0,Gauche,2002,législative
35,130,Hédé,1390,952,420,970,18,4,307.0,Gauche,2002,législative
35,130,Hédé,1390,952,420,970,18,5,45.0,Écologie,2002,législative
35,130,Hédé,1390,952,420,970,18,6,2.0,Gauche,2002,législative
35,130,Hédé,1390,952,420,970,18,7,12.0,Écologie,2002,législative
35,130,Hédé,1390,952,420,970,18,8,9.0,Écologie,2002,législative
35,130,Hédé,1390,952,420,970,18,9,12.0,Régionalisme,2002,législative
35,130,Hédé,1390,952,420,970,18,10,13.0,Droite,2002,législative
35,130,Hédé,1390,952,420,970,18,11,2.0,Divers,2002,législative
35,130,Hédé,1390,952,420,970,18,12,271.0,Centre,2002,législative
35,130,Hédé,1390,952,420,970,18,13,178.0,Droite,2002,législative
35,130,Hédé,1390,952,420,970,18,14,2.0,Droite,2002,législative
35,130,Hédé,1390,952,420,970,18,15,49.0,Extrême Droite,2002,législative
35,130,Hédé,1390,952,420,970,18,16,8.0,Extrême Droite,2002,législative
35,131,L'Hermitage,2661,1741,893,1768,27,0,20.0,Extrême Gauche,2002,législative
35,131,L'Hermitage,2661,1741,893,1768,27,1,21.0,Extrême Gauche,2002,législative
35,131,L'Hermitage,2661,1741,893,1768,27,2,3.0,Extrême Gauche,2002,législative
35,131,L'Hermitage,2661,1741,893,1768,27,3,21.0,Gauche,2002,législative
35,131,L'Hermitage,2661,1741,893,1768,27,4,753.0,Gauche,2002,législative
35,131,L'Hermitage,2661,1741,893,1768,27,5,38.0,Gauche,2002,législative
35,131,L'Hermitage,2661,1741,893,1768,27,6,68.0,Écologie,2002,législative
35,131,L'Hermitage,2661,1741,893,1768,27,7,14.0,Gauche,2002,législative
35,131,L'Hermitage,2661,1741,893,1768,27,8,9.0,Écologie,2002,législative
35,131,L'Hermitage,2661,1741,893,1768,27,9,12.0,Régionalisme,2002,législative
35,131,L'Hermitage,2661,1741,893,1768,27,10,9.0,Droite,2002,législative
35,131,L'Hermitage,2661,1741,893,1768,27,11,692.0,Droite,2002,législative
35,131,L'Hermitage,2661,1741,893,1768,27,12,76.0,Extrême Droite,2002,législative
35,131,L'Hermitage,2661,1741,893,1768,27,13,5.0,Extrême Droite,2002,législative
35,132,Hirel,917,608,286,631,23,0,7.0,Extrême Gauche,2002,législative
35,132,Hirel,917,608,286,631,23,1,16.0,Extrême Gauche,2002,législative
35,132,Hirel,917,608,286,631,23,2,7.0,Extrême Gauche,2002,législative
35,132,Hirel,917,608,286,631,23,3,13.0,Gauche,2002,législative
35,132,Hirel,917,608,286,631,23,4,150.0,Gauche,2002,législative
35,132,Hirel,917,608,286,631,23,5,15.0,Écologie,2002,législative
35,132,Hirel,917,608,286,631,23,6,3.0,Gauche,2002,législative
35,132,Hirel,917,608,286,631,23,7,15.0,Écologie,2002,législative
35,132,Hirel,917,608,286,631,23,8,1.0,Écologie,2002,législative
35,132,Hirel,917,608,286,631,23,9,11.0,Régionalisme,2002,législative
35,132,Hirel,917,608,286,631,23,10,28.0,Droite,2002,législative
35,132,Hirel,917,608,286,631,23,11,0.0,Divers,2002,législative
35,132,Hirel,917,608,286,631,23,12,291.0,Droite,2002,législative
35,132,Hirel,917,608,286,631,23,13,45.0,Extrême Droite,2002,législative
35,132,Hirel,917,608,286,631,23,14,6.0,Extrême Droite,2002,législative
35,133,Iffendic,2324,1555,732,1592,37,0,26.0,Extrême Gauche,2002,législative
35,133,Iffendic,2324,1555,732,1592,37,1,22.0,Extrême Gauche,2002,législative
35,133,Iffendic,2324,1555,732,1592,37,2,8.0,Extrême Gauche,2002,législative
35,133,Iffendic,2324,1555,732,1592,37,3,20.0,Gauche,2002,législative
35,133,Iffendic,2324,1555,732,1592,37,4,576.0,Gauche,2002,législative
35,133,Iffendic,2324,1555,732,1592,37,5,22.0,Gauche,2002,législative
35,133,Iffendic,2324,1555,732,1592,37,6,53.0,Écologie,2002,législative
35,133,Iffendic,2324,1555,732,1592,37,7,15.0,Gauche,2002,législative
35,133,Iffendic,2324,1555,732,1592,37,8,4.0,Écologie,2002,législative
35,133,Iffendic,2324,1555,732,1592,37,9,7.0,Régionalisme,2002,législative
35,133,Iffendic,2324,1555,732,1592,37,10,29.0,Droite,2002,législative
35,133,Iffendic,2324,1555,732,1592,37,11,683.0,Droite,2002,législative
35,133,Iffendic,2324,1555,732,1592,37,12,78.0,Extrême Droite,2002,législative
35,133,Iffendic,2324,1555,732,1592,37,13,12.0,Extrême Droite,2002,législative
35,134,Les Iffs,168,115,47,121,6,0,2.0,Extrême Gauche,2002,législative
35,134,Les Iffs,168,115,47,121,6,1,1.0,Extrême Gauche,2002,législative
35,134,Les Iffs,168,115,47,121,6,2,0.0,Extrême Gauche,2002,législative
35,134,Les Iffs,168,115,47,121,6,3,2.0,Gauche,2002,législative
35,134,Les Iffs,168,115,47,121,6,4,34.0,Gauche,2002,législative
35,134,Les Iffs,168,115,47,121,6,5,3.0,Gauche,2002,législative
35,134,Les Iffs,168,115,47,121,6,6,1.0,Écologie,2002,législative
35,134,Les Iffs,168,115,47,121,6,7,2.0,Gauche,2002,législative
35,134,Les Iffs,168,115,47,121,6,8,1.0,Écologie,2002,législative
35,134,Les Iffs,168,115,47,121,6,9,0.0,Régionalisme,2002,législative
35,134,Les Iffs,168,115,47,121,6,10,1.0,Droite,2002,législative
35,134,Les Iffs,168,115,47,121,6,11,58.0,Droite,2002,législative
35,134,Les Iffs,168,115,47,121,6,12,7.0,Extrême Droite,2002,législative
35,134,Les Iffs,168,115,47,121,6,13,3.0,Extrême Droite,2002,législative
35,135,Irodouër,1154,786,352,802,16,0,6.0,Extrême Gauche,2002,législative
35,135,Irodouër,1154,786,352,802,16,1,11.0,Extrême Gauche,2002,législative
35,135,Irodouër,1154,786,352,802,16,2,3.0,Extrême Gauche,2002,législative
35,135,Irodouër,1154,786,352,802,16,3,12.0,Gauche,2002,législative
35,135,Irodouër,1154,786,352,802,16,4,221.0,Gauche,2002,législative
35,135,Irodouër,1154,786,352,802,16,5,13.0,Gauche,2002,législative
35,135,Irodouër,1154,786,352,802,16,6,32.0,Écologie,2002,législative
35,135,Irodouër,1154,786,352,802,16,7,6.0,Gauche,2002,législative
35,135,Irodouër,1154,786,352,802,16,8,3.0,Écologie,2002,législative
35,135,Irodouër,1154,786,352,802,16,9,2.0,Régionalisme,2002,législative
35,135,Irodouër,1154,786,352,802,16,10,11.0,Droite,2002,législative
35,135,Irodouër,1154,786,352,802,16,11,409.0,Droite,2002,législative
35,135,Irodouër,1154,786,352,802,16,12,52.0,Extrême Droite,2002,législative
35,135,Irodouër,1154,786,352,802,16,13,5.0,Extrême Droite,2002,législative
35,136,Janzé,4209,2633,1508,2701,68,0,36.0,Extrême Gauche,2002,législative
35,136,Janzé,4209,2633,1508,2701,68,1,32.0,Extrême Gauche,2002,législative
35,136,Janzé,4209,2633,1508,2701,68,2,24.0,Gauche,2002,législative
35,136,Janzé,4209,2633,1508,2701,68,3,510.0,Gauche,2002,législative
35,136,Janzé,4209,2633,1508,2701,68,4,43.0,Gauche,2002,législative
35,136,Janzé,4209,2633,1508,2701,68,5,101.0,Écologie,2002,législative
35,136,Janzé,4209,2633,1508,2701,68,6,13.0,Écologie,2002,législative
35,136,Janzé,4209,2633,1508,2701,68,7,36.0,Régionalisme,2002,législative
35,136,Janzé,4209,2633,1508,2701,68,8,57.0,Droite,2002,législative
35,136,Janzé,4209,2633,1508,2701,68,9,1581.0,Droite,2002,législative
35,136,Janzé,4209,2633,1508,2701,68,10,44.0,Droite,2002,législative
35,136,Janzé,4209,2633,1508,2701,68,11,130.0,Extrême Droite,2002,législative
35,136,Janzé,4209,2633,1508,2701,68,12,26.0,Extrême Droite,2002,législative
35,137,Javené,1113,748,339,774,26,0,12.0,Extrême Gauche,2002,législative
35,137,Javené,1113,748,339,774,26,1,23.0,Extrême Gauche,2002,législative
35,137,Javené,1113,748,339,774,26,2,18.0,Gauche,2002,législative
35,137,Javené,1113,748,339,774,26,3,44.0,Gauche,2002,législative
35,137,Javené,1113,748,339,774,26,4,145.0,Écologie,2002,législative
35,137,Javené,1113,748,339,774,26,5,6.0,Écologie,2002,législative
35,137,Javené,1113,748,339,774,26,6,6.0,Régionalisme,2002,législative
35,137,Javené,1113,748,339,774,26,7,12.0,Divers,2002,législative
35,137,Javené,1113,748,339,774,26,8,418.0,Droite,2002,législative
35,137,Javené,1113,748,339,774,26,9,32.0,Droite,2002,législative
35,137,Javené,1113,748,339,774,26,10,29.0,Extrême Droite,2002,législative
35,137,Javené,1113,748,339,774,26,11,3.0,Extrême Droite,2002,législative
35,138,Laignelet,665,430,227,438,8,0,7.0,Extrême Gauche,2002,législative
35,138,Laignelet,665,430,227,438,8,1,12.0,Extrême Gauche,2002,législative
35,138,Laignelet,665,430,227,438,8,2,6.0,Gauche,2002,législative
35,138,Laignelet,665,430,227,438,8,3,19.0,Gauche,2002,législative
35,138,Laignelet,665,430,227,438,8,4,72.0,Écologie,2002,législative
35,138,Laignelet,665,430,227,438,8,5,7.0,Écologie,2002,législative
35,138,Laignelet,665,430,227,438,8,6,6.0,Régionalisme,2002,législative
35,138,Laignelet,665,430,227,438,8,7,1.0,Divers,2002,législative
35,138,Laignelet,665,430,227,438,8,8,248.0,Droite,2002,législative
35,138,Laignelet,665,430,227,438,8,9,21.0,Droite,2002,législative
35,138,Laignelet,665,430,227,438,8,10,28.0,Extrême Droite,2002,législative
35,138,Laignelet,665,430,227,438,8,11,3.0,Extrême Droite,2002,législative
35,139,Laillé,2768,1843,883,1885,42,0,43.0,Extrême Gauche,2002,législative
35,139,Laillé,2768,1843,883,1885,42,1,32.0,Gauche,2002,législative
35,139,Laillé,2768,1843,883,1885,42,2,603.0,Gauche,2002,législative
35,139,Laillé,2768,1843,883,1885,42,3,98.0,Écologie,2002,législative
35,139,Laillé,2768,1843,883,1885,42,4,16.0,Écologie,2002,législative
35,139,Laillé,2768,1843,883,1885,42,5,36.0,Écologie,2002,législative
35,139,Laillé,2768,1843,883,1885,42,6,11.0,Écologie,2002,législative
35,139,Laillé,2768,1843,883,1885,42,7,22.0,Régionalisme,2002,législative
35,139,Laillé,2768,1843,883,1885,42,8,29.0,Droite,2002,législative
35,139,Laillé,2768,1843,883,1885,42,9,595.0,Droite,2002,législative
35,139,Laillé,2768,1843,883,1885,42,10,246.0,Droite,2002,législative
35,139,Laillé,2768,1843,883,1885,42,11,101.0,Extrême Droite,2002,législative
35,139,Laillé,2768,1843,883,1885,42,12,11.0,Extrême Droite,2002,législative
35,140,Lalleu,357,222,125,232,10,0,4.0,Extrême Gauche,2002,législative
35,140,Lalleu,357,222,125,232,10,1,4.0,Gauche,2002,législative
35,140,Lalleu,357,222,125,232,10,2,41.0,Gauche,2002,législative
35,140,Lalleu,357,222,125,232,10,3,1.0,Écologie,2002,législative
35,140,Lalleu,357,222,125,232,10,4,1.0,Écologie,2002,législative
35,140,Lalleu,357,222,125,232,10,5,3.0,Écologie,2002,législative
35,140,Lalleu,357,222,125,232,10,6,0.0,Écologie,2002,législative
35,140,Lalleu,357,222,125,232,10,7,9.0,Régionalisme,2002,législative
35,140,Lalleu,357,222,125,232,10,8,10.0,Droite,2002,législative
35,140,Lalleu,357,222,125,232,10,9,71.0,Droite,2002,législative
35,140,Lalleu,357,222,125,232,10,10,50.0,Droite,2002,législative
35,140,Lalleu,357,222,125,232,10,11,25.0,Extrême Droite,2002,législative
35,140,Lalleu,357,222,125,232,10,12,3.0,Extrême Droite,2002,législative
35,141,Landavran,310,212,87,223,11,0,5.0,Extrême Gauche,2002,législative
35,141,Landavran,310,212,87,223,11,1,0.0,Extrême Gauche,2002,législative
35,141,Landavran,310,212,87,223,11,2,1.0,Gauche,2002,législative
35,141,Landavran,310,212,87,223,11,3,26.0,Gauche,2002,législative
35,141,Landavran,310,212,87,223,11,4,2.0,Gauche,2002,législative
35,141,Landavran,310,212,87,223,11,5,38.0,Écologie,2002,législative
35,141,Landavran,310,212,87,223,11,6,2.0,Écologie,2002,législative
35,141,Landavran,310,212,87,223,11,7,1.0,Régionalisme,2002,législative
35,141,Landavran,310,212,87,223,11,8,0.0,Droite,2002,législative
35,141,Landavran,310,212,87,223,11,9,118.0,Droite,2002,législative
35,141,Landavran,310,212,87,223,11,10,4.0,Droite,2002,législative
35,141,Landavran,310,212,87,223,11,11,14.0,Extrême Droite,2002,législative
35,141,Landavran,310,212,87,223,11,12,1.0,Extrême Droite,2002,législative
35,142,Landéan,994,634,350,644,10,0,8.0,Extrême Gauche,2002,législative
35,142,Landéan,994,634,350,644,10,1,17.0,Extrême Gauche,2002,législative
35,142,Landéan,994,634,350,644,10,2,15.0,Gauche,2002,législative
35,142,Landéan,994,634,350,644,10,3,47.0,Gauche,2002,législative
35,142,Landéan,994,634,350,644,10,4,78.0,Écologie,2002,législative
35,142,Landéan,994,634,350,644,10,5,4.0,Écologie,2002,législative
35,142,Landéan,994,634,350,644,10,6,6.0,Régionalisme,2002,législative
35,142,Landéan,994,634,350,644,10,7,3.0,Divers,2002,législative
35,142,Landéan,994,634,350,644,10,8,397.0,Droite,2002,législative
35,142,Landéan,994,634,350,644,10,9,17.0,Droite,2002,législative
35,142,Landéan,994,634,350,644,10,10,36.0,Extrême Droite,2002,législative
35,142,Landéan,994,634,350,644,10,11,6.0,Extrême Droite,2002,législative
35,143,Landujan,561,369,187,374,5,0,5.0,Extrême Gauche,2002,législative
35,143,Landujan,561,369,187,374,5,1,6.0,Extrême Gauche,2002,législative
35,143,Landujan,561,369,187,374,5,2,1.0,Extrême Gauche,2002,législative
35,143,Landujan,561,369,187,374,5,3,7.0,Gauche,2002,législative
35,143,Landujan,561,369,187,374,5,4,116.0,Gauche,2002,législative
35,143,Landujan,561,369,187,374,5,5,3.0,Gauche,2002,législative
35,143,Landujan,561,369,187,374,5,6,21.0,Écologie,2002,législative
35,143,Landujan,561,369,187,374,5,7,3.0,Gauche,2002,législative
35,143,Landujan,561,369,187,374,5,8,1.0,Écologie,2002,législative
35,143,Landujan,561,369,187,374,5,9,3.0,Régionalisme,2002,législative
35,143,Landujan,561,369,187,374,5,10,3.0,Droite,2002,législative
35,143,Landujan,561,369,187,374,5,11,182.0,Droite,2002,législative
35,143,Landujan,561,369,187,374,5,12,17.0,Extrême Droite,2002,législative
35,143,Landujan,561,369,187,374,5,13,1.0,Extrême Droite,2002,législative
35,144,Langan,643,378,257,386,8,0,10.0,Extrême Gauche,2002,législative
35,144,Langan,643,378,257,386,8,1,5.0,Extrême Gauche,2002,législative
35,144,Langan,643,378,257,386,8,2,0.0,Extrême Gauche,2002,législative
35,144,Langan,643,378,257,386,8,3,4.0,Gauche,2002,législative
35,144,Langan,643,378,257,386,8,4,138.0,Gauche,2002,législative
35,144,Langan,643,378,257,386,8,5,29.0,Gauche,2002,législative
35,144,Langan,643,378,257,386,8,6,15.0,Écologie,2002,législative
35,144,Langan,643,378,257,386,8,7,1.0,Gauche,2002,législative
35,144,Langan,643,378,257,386,8,8,2.0,Écologie,2002,législative
35,144,Langan,643,378,257,386,8,9,1.0,Régionalisme,2002,législative
35,144,Langan,643,378,257,386,8,10,2.0,Droite,2002,législative
35,144,Langan,643,378,257,386,8,11,142.0,Droite,2002,législative
35,144,Langan,643,378,257,386,8,12,26.0,Extrême Droite,2002,législative
35,144,Langan,643,378,257,386,8,13,3.0,Extrême Droite,2002,législative
35,145,Langon,991,646,332,659,13,0,14.0,Extrême Gauche,2002,législative
35,145,Langon,991,646,332,659,13,1,22.0,Gauche,2002,législative
35,145,Langon,991,646,332,659,13,2,158.0,Gauche,2002,législative
35,145,Langon,991,646,332,659,13,3,25.0,Écologie,2002,législative
35,145,Langon,991,646,332,659,13,4,6.0,Écologie,2002,législative
35,145,Langon,991,646,332,659,13,5,4.0,Écologie,2002,législative
35,145,Langon,991,646,332,659,13,6,0.0,Écologie,2002,législative
35,145,Langon,991,646,332,659,13,7,28.0,Régionalisme,2002,législative
35,145,Langon,991,646,332,659,13,8,24.0,Droite,2002,législative
35,145,Langon,991,646,332,659,13,9,251.0,Droite,2002,législative
35,145,Langon,991,646,332,659,13,10,69.0,Droite,2002,législative
35,145,Langon,991,646,332,659,13,11,40.0,Extrême Droite,2002,législative
35,145,Langon,991,646,332,659,13,12,5.0,Extrême Droite,2002,législative
35,146,Langouet,368,246,116,252,6,0,5.0,Extrême Gauche,2002,législative
35,146,Langouet,368,246,116,252,6,1,2.0,Extrême Gauche,2002,législative
35,146,Langouet,368,246,116,252,6,2,1.0,Extrême Gauche,2002,législative
35,146,Langouet,368,246,116,252,6,3,0.0,Gauche,2002,législative
35,146,Langouet,368,246,116,252,6,4,68.0,Gauche,2002,législative
35,146,Langouet,368,246,116,252,6,5,31.0,Écologie,2002,législative
35,146,Langouet,368,246,116,252,6,6,2.0,Gauche,2002,législative
35,146,Langouet,368,246,116,252,6,7,2.0,Écologie,2002,législative
35,146,Langouet,368,246,116,252,6,8,3.0,Écologie,2002,législative
35,146,Langouet,368,246,116,252,6,9,1.0,Régionalisme,2002,législative
35,146,Langouet,368,246,116,252,6,10,0.0,Droite,2002,législative
35,146,Langouet,368,246,116,252,6,11,2.0,Divers,2002,législative
35,146,Langouet,368,246,116,252,6,12,60.0,Centre,2002,législative
35,146,Langouet,368,246,116,252,6,13,48.0,Droite,2002,législative
35,146,Langouet,368,246,116,252,6,14,0.0,Droite,2002,législative
35,146,Langouet,368,246,116,252,6,15,20.0,Extrême Droite,2002,législative
35,146,Langouet,368,246,116,252,6,16,1.0,Extrême Droite,2002,législative
35,147,Lanhélin,493,328,158,335,7,0,2.0,Extrême Gauche,2002,législative
35,147,Lanhélin,493,328,158,335,7,1,3.0,Extrême Gauche,2002,législative
35,147,Lanhélin,493,328,158,335,7,2,2.0,Extrême Gauche,2002,législative
35,147,Lanhélin,493,328,158,335,7,3,4.0,Gauche,2002,législative
35,147,Lanhélin,493,328,158,335,7,4,96.0,Gauche,2002,législative
35,147,Lanhélin,493,328,158,335,7,5,5.0,Écologie,2002,législative
35,147,Lanhélin,493,328,158,335,7,6,3.0,Gauche,2002,législative
35,147,Lanhélin,493,328,158,335,7,7,4.0,Écologie,2002,législative
35,147,Lanhélin,493,328,158,335,7,8,5.0,Écologie,2002,législative
35,147,Lanhélin,493,328,158,335,7,9,2.0,Régionalisme,2002,législative
35,147,Lanhélin,493,328,158,335,7,10,22.0,Droite,2002,législative
35,147,Lanhélin,493,328,158,335,7,11,0.0,Divers,2002,législative
35,147,Lanhélin,493,328,158,335,7,12,41.0,Centre,2002,législative
35,147,Lanhélin,493,328,158,335,7,13,105.0,Droite,2002,législative
35,147,Lanhélin,493,328,158,335,7,14,1.0,Droite,2002,législative
35,147,Lanhélin,493,328,158,335,7,15,25.0,Extrême Droite,2002,législative
35,147,Lanhélin,493,328,158,335,7,16,8.0,Extrême Droite,2002,législative
35,148,Lanrigan,80,55,24,56,1,0,0.0,Extrême Gauche,2002,législative
35,148,Lanrigan,80,55,24,56,1,1,0.0,Extrême Gauche,2002,législative
35,148,Lanrigan,80,55,24,56,1,2,0.0,Extrême Gauche,2002,législative
35,148,Lanrigan,80,55,24,56,1,3,2.0,Gauche,2002,législative
35,148,Lanrigan,80,55,24,56,1,4,16.0,Gauche,2002,législative
35,148,Lanrigan,80,55,24,56,1,5,0.0,Écologie,2002,législative
35,148,Lanrigan,80,55,24,56,1,6,0.0,Gauche,2002,législative
35,148,Lanrigan,80,55,24,56,1,7,1.0,Écologie,2002,législative
35,148,Lanrigan,80,55,24,56,1,8,1.0,Écologie,2002,législative
35,148,Lanrigan,80,55,24,56,1,9,0.0,Régionalisme,2002,législative
35,148,Lanrigan,80,55,24,56,1,10,3.0,Droite,2002,législative
35,148,Lanrigan,80,55,24,56,1,11,0.0,Divers,2002,législative
35,148,Lanrigan,80,55,24,56,1,12,4.0,Centre,2002,législative
35,148,Lanrigan,80,55,24,56,1,13,23.0,Droite,2002,législative
35,148,Lanrigan,80,55,24,56,1,14,0.0,Droite,2002,législative
35,148,Lanrigan,80,55,24,56,1,15,5.0,Extrême Droite,2002,législative
35,148,Lanrigan,80,55,24,56,1,16,0.0,Extrême Droite,2002,législative
35,149,Lassy,765,486,268,497,11,0,12.0,Extrême Gauche,2002,législative
35,149,Lassy,765,486,268,497,11,1,4.0,Gauche,2002,législative
35,149,Lassy,765,486,268,497,11,2,167.0,Gauche,2002,législative
35,149,Lassy,765,486,268,497,11,3,25.0,Écologie,2002,législative
35,149,Lassy,765,486,268,497,11,4,4.0,Écologie,2002,législative
35,149,Lassy,765,486,268,497,11,5,12.0,Écologie,2002,législative
35,149,Lassy,765,486,268,497,11,6,3.0,Écologie,2002,législative
35,149,Lassy,765,486,268,497,11,7,6.0,Régionalisme,2002,législative
35,149,Lassy,765,486,268,497,11,8,14.0,Droite,2002,législative
35,149,Lassy,765,486,268,497,11,9,126.0,Droite,2002,législative
35,149,Lassy,765,486,268,497,11,10,66.0,Droite,2002,législative
35,149,Lassy,765,486,268,497,11,11,43.0,Extrême Droite,2002,législative
35,149,Lassy,765,486,268,497,11,12,4.0,Extrême Droite,2002,législative
35,150,Lécousse,2424,1590,785,1639,49,0,35.0,Extrême Gauche,2002,législative
35,150,Lécousse,2424,1590,785,1639,49,1,83.0,Extrême Gauche,2002,législative
35,150,Lécousse,2424,1590,785,1639,49,2,31.0,Gauche,2002,législative
35,150,Lécousse,2424,1590,785,1639,49,3,111.0,Gauche,2002,législative
35,150,Lécousse,2424,1590,785,1639,49,4,290.0,Écologie,2002,législative
35,150,Lécousse,2424,1590,785,1639,49,5,11.0,Écologie,2002,législative
35,150,Lécousse,2424,1590,785,1639,49,6,14.0,Régionalisme,2002,législative
35,150,Lécousse,2424,1590,785,1639,49,7,23.0,Divers,2002,législative
35,150,Lécousse,2424,1590,785,1639,49,8,829.0,Droite,2002,législative
35,150,Lécousse,2424,1590,785,1639,49,9,69.0,Droite,2002,législative
35,150,Lécousse,2424,1590,785,1639,49,10,81.0,Extrême Droite,2002,législative
35,150,Lécousse,2424,1590,785,1639,49,11,13.0,Extrême Droite,2002,législative
35,151,Lieuron,431,249,180,251,2,0,11.0,Extrême Gauche,2002,législative
35,151,Lieuron,431,249,180,251,2,1,2.0,Gauche,2002,législative
35,151,Lieuron,431,249,180,251,2,2,64.0,Gauche,2002,législative
35,151,Lieuron,431,249,180,251,2,3,4.0,Écologie,2002,législative
35,151,Lieuron,431,249,180,251,2,4,2.0,Écologie,2002,législative
35,151,Lieuron,431,249,180,251,2,5,3.0,Écologie,2002,législative
35,151,Lieuron,431,249,180,251,2,6,0.0,Écologie,2002,législative
35,151,Lieuron,431,249,180,251,2,7,11.0,Régionalisme,2002,législative
35,151,Lieuron,431,249,180,251,2,8,10.0,Droite,2002,législative
35,151,Lieuron,431,249,180,251,2,9,90.0,Droite,2002,législative
35,151,Lieuron,431,249,180,251,2,10,26.0,Droite,2002,législative
35,151,Lieuron,431,249,180,251,2,11,23.0,Extrême Droite,2002,législative
35,151,Lieuron,431,249,180,251,2,12,3.0,Extrême Droite,2002,législative
35,152,Liffré,4478,3081,1323,3155,74,0,43.0,Extrême Gauche,2002,législative
35,152,Liffré,4478,3081,1323,3155,74,1,97.0,Extrême Gauche,2002,législative
35,152,Liffré,4478,3081,1323,3155,74,2,84.0,Gauche,2002,législative
35,152,Liffré,4478,3081,1323,3155,74,3,411.0,Gauche,2002,législative
35,152,Liffré,4478,3081,1323,3155,74,4,741.0,Écologie,2002,législative
35,152,Liffré,4478,3081,1323,3155,74,5,84.0,Écologie,2002,législative
35,152,Liffré,4478,3081,1323,3155,74,6,43.0,Régionalisme,2002,législative
35,152,Liffré,4478,3081,1323,3155,74,7,28.0,Divers,2002,législative
35,152,Liffré,4478,3081,1323,3155,74,8,1149.0,Droite,2002,législative
35,152,Liffré,4478,3081,1323,3155,74,9,213.0,Droite,2002,législative
35,152,Liffré,4478,3081,1323,3155,74,10,167.0,Extrême Droite,2002,législative
35,152,Liffré,4478,3081,1323,3155,74,11,21.0,Extrême Droite,2002,législative
35,153,Lillemer,171,107,62,109,2,0,1.0,Extrême Gauche,2002,législative
35,153,Lillemer,171,107,62,109,2,1,2.0,Extrême Gauche,2002,législative
35,153,Lillemer,171,107,62,109,2,2,1.0,Extrême Gauche,2002,législative
35,153,Lillemer,171,107,62,109,2,3,6.0,Gauche,2002,législative
35,153,Lillemer,171,107,62,109,2,4,23.0,Gauche,2002,législative
35,153,Lillemer,171,107,62,109,2,5,0.0,Écologie,2002,législative
35,153,Lillemer,171,107,62,109,2,6,1.0,Gauche,2002,législative
35,153,Lillemer,171,107,62,109,2,7,1.0,Écologie,2002,législative
35,153,Lillemer,171,107,62,109,2,8,1.0,Écologie,2002,législative
35,153,Lillemer,171,107,62,109,2,9,0.0,Régionalisme,2002,législative
35,153,Lillemer,171,107,62,109,2,10,8.0,Droite,2002,législative
35,153,Lillemer,171,107,62,109,2,11,1.0,Divers,2002,législative
35,153,Lillemer,171,107,62,109,2,12,47.0,Droite,2002,législative
35,153,Lillemer,171,107,62,109,2,13,15.0,Extrême Droite,2002,législative
35,153,Lillemer,171,107,62,109,2,14,0.0,Extrême Droite,2002,législative
35,154,Livré-sur-Changeon,892,601,276,616,15,0,5.0,Extrême Gauche,2002,législative
35,154,Livré-sur-Changeon,892,601,276,616,15,1,17.0,Extrême Gauche,2002,législative
35,154,Livré-sur-Changeon,892,601,276,616,15,2,0.0,Gauche,2002,législative
35,154,Livré-sur-Changeon,892,601,276,616,15,3,98.0,Gauche,2002,législative
35,154,Livré-sur-Changeon,892,601,276,616,15,4,83.0,Écologie,2002,législative
35,154,Livré-sur-Changeon,892,601,276,616,15,5,4.0,Écologie,2002,législative
35,154,Livré-sur-Changeon,892,601,276,616,15,6,12.0,Régionalisme,2002,législative
35,154,Livré-sur-Changeon,892,601,276,616,15,7,2.0,Divers,2002,législative
35,154,Livré-sur-Changeon,892,601,276,616,15,8,302.0,Droite,2002,législative
35,154,Livré-sur-Changeon,892,601,276,616,15,9,45.0,Droite,2002,législative
35,154,Livré-sur-Changeon,892,601,276,616,15,10,29.0,Extrême Droite,2002,législative
35,154,Livré-sur-Changeon,892,601,276,616,15,11,4.0,Extrême Droite,2002,législative
35,155,Lohéac,437,270,158,279,9,0,9.0,Extrême Gauche,2002,législative
35,155,Lohéac,437,270,158,279,9,1,3.0,Gauche,2002,législative
35,155,Lohéac,437,270,158,279,9,2,88.0,Gauche,2002,législative
35,155,Lohéac,437,270,158,279,9,3,5.0,Écologie,2002,législative
35,155,Lohéac,437,270,158,279,9,4,1.0,Écologie,2002,législative
35,155,Lohéac,437,270,158,279,9,5,5.0,Écologie,2002,législative
35,155,Lohéac,437,270,158,279,9,6,2.0,Écologie,2002,législative
35,155,Lohéac,437,270,158,279,9,7,5.0,Régionalisme,2002,législative
35,155,Lohéac,437,270,158,279,9,8,6.0,Droite,2002,législative
35,155,Lohéac,437,270,158,279,9,9,87.0,Droite,2002,législative
35,155,Lohéac,437,270,158,279,9,10,38.0,Droite,2002,législative
35,155,Lohéac,437,270,158,279,9,11,19.0,Extrême Droite,2002,législative
35,155,Lohéac,437,270,158,279,9,12,2.0,Extrême Droite,2002,législative
35,156,Longaulnay,289,191,92,197,6,0,8.0,Extrême Gauche,2002,législative
35,156,Longaulnay,289,191,92,197,6,1,0.0,Extrême Gauche,2002,législative
35,156,Longaulnay,289,191,92,197,6,2,0.0,Extrême Gauche,2002,législative
35,156,Longaulnay,289,191,92,197,6,3,0.0,Gauche,2002,législative
35,156,Longaulnay,289,191,92,197,6,4,64.0,Gauche,2002,législative
35,156,Longaulnay,289,191,92,197,6,5,3.0,Écologie,2002,législative
35,156,Longaulnay,289,191,92,197,6,6,0.0,Gauche,2002,législative
35,156,Longaulnay,289,191,92,197,6,7,1.0,Écologie,2002,législative
35,156,Longaulnay,289,191,92,197,6,8,1.0,Écologie,2002,législative
35,156,Longaulnay,289,191,92,197,6,9,4.0,Régionalisme,2002,législative
35,156,Longaulnay,289,191,92,197,6,10,3.0,Droite,2002,législative
35,156,Longaulnay,289,191,92,197,6,11,0.0,Divers,2002,législative
35,156,Longaulnay,289,191,92,197,6,12,48.0,Centre,2002,législative
35,156,Longaulnay,289,191,92,197,6,13,47.0,Droite,2002,législative
35,156,Longaulnay,289,191,92,197,6,14,1.0,Droite,2002,législative
35,156,Longaulnay,289,191,92,197,6,15,11.0,Extrême Droite,2002,législative
35,156,Longaulnay,289,191,92,197,6,16,0.0,Extrême Droite,2002,législative
35,157,Le Loroux,412,277,132,280,3,0,7.0,Extrême Gauche,2002,législative
35,157,Le Loroux,412,277,132,280,3,1,5.0,Extrême Gauche,2002,législative
35,157,Le Loroux,412,277,132,280,3,2,4.0,Gauche,2002,législative
35,157,Le Loroux,412,277,132,280,3,3,4.0,Gauche,2002,législative
35,157,Le Loroux,412,277,132,280,3,4,14.0,Écologie,2002,législative
35,157,Le Loroux,412,277,132,280,3,5,2.0,Écologie,2002,législative
35,157,Le Loroux,412,277,132,280,3,6,5.0,Régionalisme,2002,législative
35,157,Le Loroux,412,277,132,280,3,7,0.0,Divers,2002,législative
35,157,Le Loroux,412,277,132,280,3,8,210.0,Droite,2002,législative
35,157,Le Loroux,412,277,132,280,3,9,11.0,Droite,2002,législative
35,157,Le Loroux,412,277,132,280,3,10,14.0,Extrême Droite,2002,législative
35,157,Le Loroux,412,277,132,280,3,11,1.0,Extrême Droite,2002,législative
35,158,Le Lou-du-Lac,106,82,23,83,1,0,0.0,Extrême Gauche,2002,législative
35,158,Le Lou-du-Lac,106,82,23,83,1,1,0.0,Extrême Gauche,2002,législative
35,158,Le Lou-du-Lac,106,82,23,83,1,2,0.0,Extrême Gauche,2002,législative
35,158,Le Lou-du-Lac,106,82,23,83,1,3,0.0,Gauche,2002,législative
35,158,Le Lou-du-Lac,106,82,23,83,1,4,22.0,Gauche,2002,législative
35,158,Le Lou-du-Lac,106,82,23,83,1,5,0.0,Gauche,2002,législative
35,158,Le Lou-du-Lac,106,82,23,83,1,6,1.0,Écologie,2002,législative
35,158,Le Lou-du-Lac,106,82,23,83,1,7,2.0,Gauche,2002,législative
35,158,Le Lou-du-Lac,106,82,23,83,1,8,0.0,Écologie,2002,législative
35,158,Le Lou-du-Lac,106,82,23,83,1,9,2.0,Régionalisme,2002,législative
35,158,Le Lou-du-Lac,106,82,23,83,1,10,0.0,Droite,2002,législative
35,158,Le Lou-du-Lac,106,82,23,83,1,11,50.0,Droite,2002,législative
35,158,Le Lou-du-Lac,106,82,23,83,1,12,4.0,Extrême Droite,2002,législative
35,158,Le Lou-du-Lac,106,82,23,83,1,13,1.0,Extrême Droite,2002,législative
35,159,Lourmais,195,138,53,142,4,0,3.0,Extrême Gauche,2002,législative
35,159,Lourmais,195,138,53,142,4,1,1.0,Extrême Gauche,2002,législative
35,159,Lourmais,195,138,53,142,4,2,1.0,Extrême Gauche,2002,législative
35,159,Lourmais,195,138,53,142,4,3,0.0,Gauche,2002,législative
35,159,Lourmais,195,138,53,142,4,4,34.0,Gauche,2002,législative
35,159,Lourmais,195,138,53,142,4,5,1.0,Écologie,2002,législative
35,159,Lourmais,195,138,53,142,4,6,0.0,Gauche,2002,législative
35,159,Lourmais,195,138,53,142,4,7,0.0,Écologie,2002,législative
35,159,Lourmais,195,138,53,142,4,8,2.0,Écologie,2002,législative
35,159,Lourmais,195,138,53,142,4,9,2.0,Régionalisme,2002,législative
35,159,Lourmais,195,138,53,142,4,10,5.0,Droite,2002,législative
35,159,Lourmais,195,138,53,142,4,11,1.0,Divers,2002,législative
35,159,Lourmais,195,138,53,142,4,12,29.0,Centre,2002,législative
35,159,Lourmais,195,138,53,142,4,13,51.0,Droite,2002,législative
35,159,Lourmais,195,138,53,142,4,14,0.0,Droite,2002,législative
35,159,Lourmais,195,138,53,142,4,15,3.0,Extrême Droite,2002,législative
35,159,Lourmais,195,138,53,142,4,16,5.0,Extrême Droite,2002,législative
35,160,Loutehel,166,110,53,113,3,0,1.0,Extrême Gauche,2002,législative
35,160,Loutehel,166,110,53,113,3,1,2.0,Gauche,2002,législative
35,160,Loutehel,166,110,53,113,3,2,31.0,Gauche,2002,législative
35,160,Loutehel,166,110,53,113,3,3,4.0,Écologie,2002,législative
35,160,Loutehel,166,110,53,113,3,4,1.0,Écologie,2002,législative
35,160,Loutehel,166,110,53,113,3,5,1.0,Écologie,2002,législative
35,160,Loutehel,166,110,53,113,3,6,1.0,Écologie,2002,législative
35,160,Loutehel,166,110,53,113,3,7,1.0,Régionalisme,2002,législative
35,160,Loutehel,166,110,53,113,3,8,1.0,Droite,2002,législative
35,160,Loutehel,166,110,53,113,3,9,31.0,Droite,2002,législative
35,160,Loutehel,166,110,53,113,3,10,28.0,Droite,2002,législative
35,160,Loutehel,166,110,53,113,3,11,5.0,Extrême Droite,2002,législative
35,160,Loutehel,166,110,53,113,3,12,3.0,Extrême Droite,2002,législative
35,161,Louvigné-de-Bais,1026,654,357,669,15,0,16.0,Extrême Gauche,2002,législative
35,161,Louvigné-de-Bais,1026,654,357,669,15,1,1.0,Extrême Gauche,2002,législative
35,161,Louvigné-de-Bais,1026,654,357,669,15,2,3.0,Gauche,2002,législative
35,161,Louvigné-de-Bais,1026,654,357,669,15,3,70.0,Gauche,2002,législative
35,161,Louvigné-de-Bais,1026,654,357,669,15,4,10.0,Gauche,2002,législative
35,161,Louvigné-de-Bais,1026,654,357,669,15,5,39.0,Écologie,2002,législative
35,161,Louvigné-de-Bais,1026,654,357,669,15,6,8.0,Écologie,2002,législative
35,161,Louvigné-de-Bais,1026,654,357,669,15,7,9.0,Régionalisme,2002,législative
35,161,Louvigné-de-Bais,1026,654,357,669,15,8,3.0,Droite,2002,législative
35,161,Louvigné-de-Bais,1026,654,357,669,15,9,437.0,Droite,2002,législative
35,161,Louvigné-de-Bais,1026,654,357,669,15,10,18.0,Droite,2002,législative
35,161,Louvigné-de-Bais,1026,654,357,669,15,11,33.0,Extrême Droite,2002,législative
35,161,Louvigné-de-Bais,1026,654,357,669,15,12,7.0,Extrême Droite,2002,législative
35,162,Louvigné-du-Désert,3062,1929,1064,1998,69,0,59.0,Extrême Gauche,2002,législative
35,162,Louvigné-du-Désert,3062,1929,1064,1998,69,1,52.0,Extrême Gauche,2002,législative
35,162,Louvigné-du-Désert,3062,1929,1064,1998,69,2,30.0,Gauche,2002,législative
35,162,Louvigné-du-Désert,3062,1929,1064,1998,69,3,102.0,Gauche,2002,législative
35,162,Louvigné-du-Désert,3062,1929,1064,1998,69,4,201.0,Écologie,2002,législative
35,162,Louvigné-du-Désert,3062,1929,1064,1998,69,5,26.0,Écologie,2002,législative
35,162,Louvigné-du-Désert,3062,1929,1064,1998,69,6,26.0,Régionalisme,2002,législative
35,162,Louvigné-du-Désert,3062,1929,1064,1998,69,7,12.0,Divers,2002,législative
35,162,Louvigné-du-Désert,3062,1929,1064,1998,69,8,1192.0,Droite,2002,législative
35,162,Louvigné-du-Désert,3062,1929,1064,1998,69,9,80.0,Droite,2002,législative
35,162,Louvigné-du-Désert,3062,1929,1064,1998,69,10,127.0,Extrême Droite,2002,législative
35,162,Louvigné-du-Désert,3062,1929,1064,1998,69,11,22.0,Extrême Droite,2002,législative
35,163,Luitré,938,650,266,672,22,0,10.0,Extrême Gauche,2002,législative
35,163,Luitré,938,650,266,672,22,1,14.0,Extrême Gauche,2002,législative
35,163,Luitré,938,650,266,672,22,2,9.0,Gauche,2002,législative
35,163,Luitré,938,650,266,672,22,3,36.0,Gauche,2002,législative
35,163,Luitré,938,650,266,672,22,4,63.0,Écologie,2002,législative
35,163,Luitré,938,650,266,672,22,5,4.0,Écologie,2002,législative
35,163,Luitré,938,650,266,672,22,6,6.0,Régionalisme,2002,législative
35,163,Luitré,938,650,266,672,22,7,10.0,Divers,2002,législative
35,163,Luitré,938,650,266,672,22,8,449.0,Droite,2002,législative
35,163,Luitré,938,650,266,672,22,9,30.0,Droite,2002,législative
35,163,Luitré,938,650,266,672,22,10,13.0,Extrême Droite,2002,législative
35,163,Luitré,938,650,266,672,22,11,6.0,Extrême Droite,2002,législative
35,164,Marcillé-Raoul,499,303,182,317,14,0,5.0,Extrême Gauche,2002,législative
35,164,Marcillé-Raoul,499,303,182,317,14,1,7.0,Extrême Gauche,2002,législative
35,164,Marcillé-Raoul,499,303,182,317,14,2,5.0,Gauche,2002,législative
35,164,Marcillé-Raoul,499,303,182,317,14,3,30.0,Gauche,2002,législative
35,164,Marcillé-Raoul,499,303,182,317,14,4,33.0,Écologie,2002,législative
35,164,Marcillé-Raoul,499,303,182,317,14,5,2.0,Écologie,2002,législative
35,164,Marcillé-Raoul,499,303,182,317,14,6,9.0,Régionalisme,2002,législative
35,164,Marcillé-Raoul,499,303,182,317,14,7,2.0,Divers,2002,législative
35,164,Marcillé-Raoul,499,303,182,317,14,8,174.0,Droite,2002,législative
35,164,Marcillé-Raoul,499,303,182,317,14,9,13.0,Droite,2002,législative
35,164,Marcillé-Raoul,499,303,182,317,14,10,20.0,Extrême Droite,2002,législative
35,164,Marcillé-Raoul,499,303,182,317,14,11,3.0,Extrême Droite,2002,législative
35,165,Marcillé-Robert,614,377,233,381,4,0,4.0,Extrême Gauche,2002,législative
35,165,Marcillé-Robert,614,377,233,381,4,1,3.0,Extrême Gauche,2002,législative
35,165,Marcillé-Robert,614,377,233,381,4,2,3.0,Gauche,2002,législative
35,165,Marcillé-Robert,614,377,233,381,4,3,50.0,Gauche,2002,législative
35,165,Marcillé-Robert,614,377,233,381,4,4,7.0,Gauche,2002,législative
35,165,Marcillé-Robert,614,377,233,381,4,5,10.0,Écologie,2002,législative
35,165,Marcillé-Robert,614,377,233,381,4,6,1.0,Écologie,2002,législative
35,165,Marcillé-Robert,614,377,233,381,4,7,4.0,Régionalisme,2002,législative
35,165,Marcillé-Robert,614,377,233,381,4,8,6.0,Droite,2002,législative
35,165,Marcillé-Robert,614,377,233,381,4,9,263.0,Droite,2002,législative
35,165,Marcillé-Robert,614,377,233,381,4,10,3.0,Droite,2002,législative
35,165,Marcillé-Robert,614,377,233,381,4,11,19.0,Extrême Droite,2002,législative
35,165,Marcillé-Robert,614,377,233,381,4,12,4.0,Extrême Droite,2002,législative
35,166,Marpiré,621,391,219,402,11,0,9.0,Extrême Gauche,2002,législative
35,166,Marpiré,621,391,219,402,11,1,12.0,Extrême Gauche,2002,législative
35,166,Marpiré,621,391,219,402,11,2,4.0,Gauche,2002,législative
35,166,Marpiré,621,391,219,402,11,3,43.0,Gauche,2002,législative
35,166,Marpiré,621,391,219,402,11,4,11.0,Gauche,2002,législative
35,166,Marpiré,621,391,219,402,11,5,17.0,Écologie,2002,législative
35,166,Marpiré,621,391,219,402,11,6,3.0,Écologie,2002,législative
35,166,Marpiré,621,391,219,402,11,7,3.0,Régionalisme,2002,législative
35,166,Marpiré,621,391,219,402,11,8,6.0,Droite,2002,législative
35,166,Marpiré,621,391,219,402,11,9,253.0,Droite,2002,législative
35,166,Marpiré,621,391,219,402,11,10,1.0,Droite,2002,législative
35,166,Marpiré,621,391,219,402,11,11,26.0,Extrême Droite,2002,législative
35,166,Marpiré,621,391,219,402,11,12,3.0,Extrême Droite,2002,législative
35,167,Martigné-Ferchaud,2107,1242,840,1267,25,0,24.0,Extrême Gauche,2002,législative
35,167,Martigné-Ferchaud,2107,1242,840,1267,25,1,10.0,Extrême Gauche,2002,législative
35,167,Martigné-Ferchaud,2107,1242,840,1267,25,2,11.0,Gauche,2002,législative
35,167,Martigné-Ferchaud,2107,1242,840,1267,25,3,152.0,Gauche,2002,législative
35,167,Martigné-Ferchaud,2107,1242,840,1267,25,4,18.0,Gauche,2002,législative
35,167,Martigné-Ferchaud,2107,1242,840,1267,25,5,48.0,Écologie,2002,législative
35,167,Martigné-Ferchaud,2107,1242,840,1267,25,6,1.0,Écologie,2002,législative
35,167,Martigné-Ferchaud,2107,1242,840,1267,25,7,16.0,Régionalisme,2002,législative
35,167,Martigné-Ferchaud,2107,1242,840,1267,25,8,36.0,Droite,2002,législative
35,167,Martigné-Ferchaud,2107,1242,840,1267,25,9,834.0,Droite,2002,législative
35,167,Martigné-Ferchaud,2107,1242,840,1267,25,10,15.0,Droite,2002,législative
35,167,Martigné-Ferchaud,2107,1242,840,1267,25,11,69.0,Extrême Droite,2002,législative
35,167,Martigné-Ferchaud,2107,1242,840,1267,25,12,8.0,Extrême Droite,2002,législative
35,168,Maure-de-Bretagne,2061,1305,734,1327,22,0,27.0,Extrême Gauche,2002,législative
35,168,Maure-de-Bretagne,2061,1305,734,1327,22,1,24.0,Gauche,2002,législative
35,168,Maure-de-Bretagne,2061,1305,734,1327,22,2,265.0,Gauche,2002,législative
35,168,Maure-de-Bretagne,2061,1305,734,1327,22,3,32.0,Écologie,2002,législative
35,168,Maure-de-Bretagne,2061,1305,734,1327,22,4,17.0,Écologie,2002,législative
35,168,Maure-de-Bretagne,2061,1305,734,1327,22,5,9.0,Écologie,2002,législative
35,168,Maure-de-Bretagne,2061,1305,734,1327,22,6,3.0,Écologie,2002,législative
35,168,Maure-de-Bretagne,2061,1305,734,1327,22,7,32.0,Régionalisme,2002,législative
35,168,Maure-de-Bretagne,2061,1305,734,1327,22,8,29.0,Droite,2002,législative
35,168,Maure-de-Bretagne,2061,1305,734,1327,22,9,461.0,Droite,2002,législative
35,168,Maure-de-Bretagne,2061,1305,734,1327,22,10,274.0,Droite,2002,législative
35,168,Maure-de-Bretagne,2061,1305,734,1327,22,11,116.0,Extrême Droite,2002,législative
35,168,Maure-de-Bretagne,2061,1305,734,1327,22,12,16.0,Extrême Droite,2002,législative
35,169,Maxent,870,555,304,566,11,0,8.0,Extrême Gauche,2002,législative
35,169,Maxent,870,555,304,566,11,1,13.0,Gauche,2002,législative
35,169,Maxent,870,555,304,566,11,2,122.0,Gauche,2002,législative
35,169,Maxent,870,555,304,566,11,3,19.0,Écologie,2002,législative
35,169,Maxent,870,555,304,566,11,4,6.0,Écologie,2002,législative
35,169,Maxent,870,555,304,566,11,5,10.0,Écologie,2002,législative
35,169,Maxent,870,555,304,566,11,6,5.0,Écologie,2002,législative
35,169,Maxent,870,555,304,566,11,7,23.0,Régionalisme,2002,législative
35,169,Maxent,870,555,304,566,11,8,12.0,Droite,2002,législative
35,169,Maxent,870,555,304,566,11,9,221.0,Droite,2002,législative
35,169,Maxent,870,555,304,566,11,10,66.0,Droite,2002,législative
35,169,Maxent,870,555,304,566,11,11,41.0,Extrême Droite,2002,législative
35,169,Maxent,870,555,304,566,11,12,9.0,Extrême Droite,2002,législative
35,170,Mecé,378,260,113,265,5,0,5.0,Extrême Gauche,2002,législative
35,170,Mecé,378,260,113,265,5,1,5.0,Extrême Gauche,2002,législative
35,170,Mecé,378,260,113,265,5,2,5.0,Gauche,2002,législative
35,170,Mecé,378,260,113,265,5,3,34.0,Gauche,2002,législative
35,170,Mecé,378,260,113,265,5,4,1.0,Gauche,2002,législative
35,170,Mecé,378,260,113,265,5,5,10.0,Écologie,2002,législative
35,170,Mecé,378,260,113,265,5,6,2.0,Écologie,2002,législative
35,170,Mecé,378,260,113,265,5,7,0.0,Régionalisme,2002,législative
35,170,Mecé,378,260,113,265,5,8,4.0,Droite,2002,législative
35,170,Mecé,378,260,113,265,5,9,183.0,Droite,2002,législative
35,170,Mecé,378,260,113,265,5,10,1.0,Droite,2002,législative
35,170,Mecé,378,260,113,265,5,11,8.0,Extrême Droite,2002,législative
35,170,Mecé,378,260,113,265,5,12,2.0,Extrême Droite,2002,législative
35,171,Médréac,1148,787,337,811,24,0,6.0,Extrême Gauche,2002,législative
35,171,Médréac,1148,787,337,811,24,1,17.0,Extrême Gauche,2002,législative
35,171,Médréac,1148,787,337,811,24,2,11.0,Extrême Gauche,2002,législative
35,171,Médréac,1148,787,337,811,24,3,12.0,Gauche,2002,législative
35,171,Médréac,1148,787,337,811,24,4,247.0,Gauche,2002,législative
35,171,Médréac,1148,787,337,811,24,5,7.0,Gauche,2002,législative
35,171,Médréac,1148,787,337,811,24,6,28.0,Écologie,2002,législative
35,171,Médréac,1148,787,337,811,24,7,6.0,Gauche,2002,législative
35,171,Médréac,1148,787,337,811,24,8,4.0,Écologie,2002,législative
35,171,Médréac,1148,787,337,811,24,9,4.0,Régionalisme,2002,législative
35,171,Médréac,1148,787,337,811,24,10,8.0,Droite,2002,législative
35,171,Médréac,1148,787,337,811,24,11,369.0,Droite,2002,législative
35,171,Médréac,1148,787,337,811,24,12,63.0,Extrême Droite,2002,législative
35,171,Médréac,1148,787,337,811,24,13,5.0,Extrême Droite,2002,législative
35,172,Meillac,1090,663,410,680,17,0,16.0,Extrême Gauche,2002,législative
35,172,Meillac,1090,663,410,680,17,1,14.0,Extrême Gauche,2002,législative
35,172,Meillac,1090,663,410,680,17,2,4.0,Extrême Gauche,2002,législative
35,172,Meillac,1090,663,410,680,17,3,10.0,Gauche,2002,législative
35,172,Meillac,1090,663,410,680,17,4,240.0,Gauche,2002,législative
35,172,Meillac,1090,663,410,680,17,5,20.0,Écologie,2002,législative
35,172,Meillac,1090,663,410,680,17,6,0.0,Gauche,2002,législative
35,172,Meillac,1090,663,410,680,17,7,4.0,Écologie,2002,législative
35,172,Meillac,1090,663,410,680,17,8,9.0,Écologie,2002,législative
35,172,Meillac,1090,663,410,680,17,9,11.0,Régionalisme,2002,législative
35,172,Meillac,1090,663,410,680,17,10,22.0,Droite,2002,législative
35,172,Meillac,1090,663,410,680,17,11,2.0,Divers,2002,législative
35,172,Meillac,1090,663,410,680,17,12,93.0,Centre,2002,législative
35,172,Meillac,1090,663,410,680,17,13,182.0,Droite,2002,législative
35,172,Meillac,1090,663,410,680,17,14,0.0,Droite,2002,législative
35,172,Meillac,1090,663,410,680,17,15,33.0,Extrême Droite,2002,législative
35,172,Meillac,1090,663,410,680,17,16,3.0,Extrême Droite,2002,législative
35,173,Melesse,4053,2594,1410,2643,49,0,45.0,Extrême Gauche,2002,législative
35,173,Melesse,4053,2594,1410,2643,49,1,33.0,Extrême Gauche,2002,législative
35,173,Melesse,4053,2594,1410,2643,49,2,10.0,Extrême Gauche,2002,législative
35,173,Melesse,4053,2594,1410,2643,49,3,20.0,Gauche,2002,législative
35,173,Melesse,4053,2594,1410,2643,49,4,977.0,Gauche,2002,législative
35,173,Melesse,4053,2594,1410,2643,49,5,107.0,Écologie,2002,législative
35,173,Melesse,4053,2594,1410,2643,49,6,10.0,Gauche,2002,législative
35,173,Melesse,4053,2594,1410,2643,49,7,20.0,Écologie,2002,législative
35,173,Melesse,4053,2594,1410,2643,49,8,23.0,Écologie,2002,législative
35,173,Melesse,4053,2594,1410,2643,49,9,14.0,Régionalisme,2002,législative
35,173,Melesse,4053,2594,1410,2643,49,10,14.0,Droite,2002,législative
35,173,Melesse,4053,2594,1410,2643,49,11,15.0,Divers,2002,législative
35,173,Melesse,4053,2594,1410,2643,49,12,690.0,Centre,2002,législative
35,173,Melesse,4053,2594,1410,2643,49,13,483.0,Droite,2002,législative
35,173,Melesse,4053,2594,1410,2643,49,14,0.0,Droite,2002,législative
35,173,Melesse,4053,2594,1410,2643,49,15,112.0,Extrême Droite,2002,législative
35,173,Melesse,4053,2594,1410,2643,49,16,21.0,Extrême Droite,2002,législative
35,174,Mellé,544,354,179,365,11,0,11.0,Extrême Gauche,2002,législative
35,174,Mellé,544,354,179,365,11,1,4.0,Extrême Gauche,2002,législative
35,174,Mellé,544,354,179,365,11,2,1.0,Gauche,2002,législative
35,174,Mellé,544,354,179,365,11,3,21.0,Gauche,2002,législative
35,174,Mellé,544,354,179,365,11,4,31.0,Écologie,2002,législative
35,174,Mellé,544,354,179,365,11,5,2.0,Écologie,2002,législative
35,174,Mellé,544,354,179,365,11,6,7.0,Régionalisme,2002,législative
35,174,Mellé,544,354,179,365,11,7,3.0,Divers,2002,législative
35,174,Mellé,544,354,179,365,11,8,222.0,Droite,2002,législative
35,174,Mellé,544,354,179,365,11,9,18.0,Droite,2002,législative
35,174,Mellé,544,354,179,365,11,10,29.0,Extrême Droite,2002,législative
35,174,Mellé,544,354,179,365,11,11,5.0,Extrême Droite,2002,législative
35,175,Mernel,626,403,221,405,2,0,18.0,Extrême Gauche,2002,législative
35,175,Mernel,626,403,221,405,2,1,5.0,Gauche,2002,législative
35,175,Mernel,626,403,221,405,2,2,86.0,Gauche,2002,législative
35,175,Mernel,626,403,221,405,2,3,9.0,Écologie,2002,législative
35,175,Mernel,626,403,221,405,2,4,5.0,Écologie,2002,législative
35,175,Mernel,626,403,221,405,2,5,4.0,Écologie,2002,législative
35,175,Mernel,626,403,221,405,2,6,1.0,Écologie,2002,législative
35,175,Mernel,626,403,221,405,2,7,11.0,Régionalisme,2002,législative
35,175,Mernel,626,403,221,405,2,8,4.0,Droite,2002,législative
35,175,Mernel,626,403,221,405,2,9,136.0,Droite,2002,législative
35,175,Mernel,626,403,221,405,2,10,103.0,Droite,2002,législative
35,175,Mernel,626,403,221,405,2,11,20.0,Extrême Droite,2002,législative
35,175,Mernel,626,403,221,405,2,12,1.0,Extrême Droite,2002,législative
35,176,Messac,1787,1196,573,1214,18,0,28.0,Extrême Gauche,2002,législative
35,176,Messac,1787,1196,573,1214,18,1,21.0,Gauche,2002,législative
35,176,Messac,1787,1196,573,1214,18,2,295.0,Gauche,2002,législative
35,176,Messac,1787,1196,573,1214,18,3,28.0,Écologie,2002,législative
35,176,Messac,1787,1196,573,1214,18,4,11.0,Écologie,2002,législative
35,176,Messac,1787,1196,573,1214,18,5,11.0,Écologie,2002,législative
35,176,Messac,1787,1196,573,1214,18,6,5.0,Écologie,2002,législative
35,176,Messac,1787,1196,573,1214,18,7,29.0,Régionalisme,2002,législative
35,176,Messac,1787,1196,573,1214,18,8,26.0,Droite,2002,législative
35,176,Messac,1787,1196,573,1214,18,9,393.0,Droite,2002,législative
35,176,Messac,1787,1196,573,1214,18,10,229.0,Droite,2002,législative
35,176,Messac,1787,1196,573,1214,18,11,100.0,Extrême Droite,2002,législative
35,176,Messac,1787,1196,573,1214,18,12,20.0,Extrême Droite,2002,législative
35,177,La Mézière,2205,1495,665,1540,45,0,33.0,Extrême Gauche,2002,législative
35,177,La Mézière,2205,1495,665,1540,45,1,14.0,Extrême Gauche,2002,législative
35,177,La Mézière,2205,1495,665,1540,45,2,10.0,Extrême Gauche,2002,législative
35,177,La Mézière,2205,1495,665,1540,45,3,18.0,Gauche,2002,législative
35,177,La Mézière,2205,1495,665,1540,45,4,629.0,Gauche,2002,législative
35,177,La Mézière,2205,1495,665,1540,45,5,64.0,Écologie,2002,législative
35,177,La Mézière,2205,1495,665,1540,45,6,6.0,Gauche,2002,législative
35,177,La Mézière,2205,1495,665,1540,45,7,22.0,Écologie,2002,législative
35,177,La Mézière,2205,1495,665,1540,45,8,13.0,Écologie,2002,législative
35,177,La Mézière,2205,1495,665,1540,45,9,40.0,Régionalisme,2002,législative
35,177,La Mézière,2205,1495,665,1540,45,10,7.0,Droite,2002,législative
35,177,La Mézière,2205,1495,665,1540,45,11,4.0,Divers,2002,législative
35,177,La Mézière,2205,1495,665,1540,45,12,290.0,Centre,2002,législative
35,177,La Mézière,2205,1495,665,1540,45,13,255.0,Droite,2002,législative
35,177,La Mézière,2205,1495,665,1540,45,14,0.0,Droite,2002,législative
35,177,La Mézière,2205,1495,665,1540,45,15,82.0,Extrême Droite,2002,législative
35,177,La Mézière,2205,1495,665,1540,45,16,8.0,Extrême Droite,2002,législative
35,178,Mézières-sur-Couesnon,728,489,234,494,5,0,6.0,Extrême Gauche,2002,législative
35,178,Mézières-sur-Couesnon,728,489,234,494,5,1,7.0,Extrême Gauche,2002,législative
35,178,Mézières-sur-Couesnon,728,489,234,494,5,2,6.0,Gauche,2002,législative
35,178,Mézières-sur-Couesnon,728,489,234,494,5,3,195.0,Gauche,2002,législative
35,178,Mézières-sur-Couesnon,728,489,234,494,5,4,46.0,Écologie,2002,législative
35,178,Mézières-sur-Couesnon,728,489,234,494,5,5,1.0,Écologie,2002,législative
35,178,Mézières-sur-Couesnon,728,489,234,494,5,6,26.0,Régionalisme,2002,législative
35,178,Mézières-sur-Couesnon,728,489,234,494,5,7,2.0,Divers,2002,législative
35,178,Mézières-sur-Couesnon,728,489,234,494,5,8,150.0,Droite,2002,législative
35,178,Mézières-sur-Couesnon,728,489,234,494,5,9,21.0,Droite,2002,législative
35,178,Mézières-sur-Couesnon,728,489,234,494,5,10,27.0,Extrême Droite,2002,législative
35,178,Mézières-sur-Couesnon,728,489,234,494,5,11,2.0,Extrême Droite,2002,législative
35,179,Miniac-Morvan,2177,1385,752,1425,40,0,18.0,Extrême Gauche,2002,législative
35,179,Miniac-Morvan,2177,1385,752,1425,40,1,34.0,Extrême Gauche,2002,législative
35,179,Miniac-Morvan,2177,1385,752,1425,40,2,10.0,Extrême Gauche,2002,législative
35,179,Miniac-Morvan,2177,1385,752,1425,40,3,24.0,Gauche,2002,législative
35,179,Miniac-Morvan,2177,1385,752,1425,40,4,377.0,Gauche,2002,législative
35,179,Miniac-Morvan,2177,1385,752,1425,40,5,38.0,Écologie,2002,législative
35,179,Miniac-Morvan,2177,1385,752,1425,40,6,3.0,Gauche,2002,législative
35,179,Miniac-Morvan,2177,1385,752,1425,40,7,6.0,Écologie,2002,législative
35,179,Miniac-Morvan,2177,1385,752,1425,40,8,6.0,Écologie,2002,législative
35,179,Miniac-Morvan,2177,1385,752,1425,40,9,15.0,Régionalisme,2002,législative
35,179,Miniac-Morvan,2177,1385,752,1425,40,10,43.0,Droite,2002,législative
35,179,Miniac-Morvan,2177,1385,752,1425,40,11,5.0,Divers,2002,législative
35,179,Miniac-Morvan,2177,1385,752,1425,40,12,647.0,Droite,2002,législative
35,179,Miniac-Morvan,2177,1385,752,1425,40,13,138.0,Extrême Droite,2002,législative
35,179,Miniac-Morvan,2177,1385,752,1425,40,14,21.0,Extrême Droite,2002,législative
35,180,Miniac-sous-Bécherel,456,278,175,281,3,0,3.0,Extrême Gauche,2002,législative
35,180,Miniac-sous-Bécherel,456,278,175,281,3,1,2.0,Extrême Gauche,2002,législative
35,180,Miniac-sous-Bécherel,456,278,175,281,3,2,1.0,Extrême Gauche,2002,législative
35,180,Miniac-sous-Bécherel,456,278,175,281,3,3,4.0,Gauche,2002,législative
35,180,Miniac-sous-Bécherel,456,278,175,281,3,4,70.0,Gauche,2002,législative
35,180,Miniac-sous-Bécherel,456,278,175,281,3,5,6.0,Gauche,2002,législative
35,180,Miniac-sous-Bécherel,456,278,175,281,3,6,13.0,Écologie,2002,législative
35,180,Miniac-sous-Bécherel,456,278,175,281,3,7,0.0,Gauche,2002,législative
35,180,Miniac-sous-Bécherel,456,278,175,281,3,8,2.0,Écologie,2002,législative
35,180,Miniac-sous-Bécherel,456,278,175,281,3,9,0.0,Régionalisme,2002,législative
35,180,Miniac-sous-Bécherel,456,278,175,281,3,10,3.0,Droite,2002,législative
35,180,Miniac-sous-Bécherel,456,278,175,281,3,11,161.0,Droite,2002,législative
35,180,Miniac-sous-Bécherel,456,278,175,281,3,12,11.0,Extrême Droite,2002,législative
35,180,Miniac-sous-Bécherel,456,278,175,281,3,13,2.0,Extrême Droite,2002,législative
35,181,Le Minihic-sur-Rance,1033,666,356,677,11,0,1.0,Extrême Gauche,2002,législative
35,181,Le Minihic-sur-Rance,1033,666,356,677,11,1,9.0,Extrême Gauche,2002,législative
35,181,Le Minihic-sur-Rance,1033,666,356,677,11,2,0.0,Extrême Gauche,2002,législative
35,181,Le Minihic-sur-Rance,1033,666,356,677,11,3,17.0,Gauche,2002,législative
35,181,Le Minihic-sur-Rance,1033,666,356,677,11,4,201.0,Gauche,2002,législative
35,181,Le Minihic-sur-Rance,1033,666,356,677,11,5,18.0,Écologie,2002,législative
35,181,Le Minihic-sur-Rance,1033,666,356,677,11,6,4.0,Gauche,2002,législative
35,181,Le Minihic-sur-Rance,1033,666,356,677,11,7,11.0,Écologie,2002,législative
35,181,Le Minihic-sur-Rance,1033,666,356,677,11,8,8.0,Écologie,2002,législative
35,181,Le Minihic-sur-Rance,1033,666,356,677,11,9,23.0,Régionalisme,2002,législative
35,181,Le Minihic-sur-Rance,1033,666,356,677,11,10,8.0,Droite,2002,législative
35,181,Le Minihic-sur-Rance,1033,666,356,677,11,11,0.0,Divers,2002,législative
35,181,Le Minihic-sur-Rance,1033,666,356,677,11,12,294.0,Droite,2002,législative
35,181,Le Minihic-sur-Rance,1033,666,356,677,11,13,69.0,Extrême Droite,2002,législative
35,181,Le Minihic-sur-Rance,1033,666,356,677,11,14,3.0,Extrême Droite,2002,législative
35,183,Mondevert,461,273,180,281,8,0,10.0,Extrême Gauche,2002,législative
35,183,Mondevert,461,273,180,281,8,1,2.0,Extrême Gauche,2002,législative
35,183,Mondevert,461,273,180,281,8,2,2.0,Gauche,2002,législative
35,183,Mondevert,461,273,180,281,8,3,40.0,Gauche,2002,législative
35,183,Mondevert,461,273,180,281,8,4,1.0,Gauche,2002,législative
35,183,Mondevert,461,273,180,281,8,5,10.0,Écologie,2002,législative
35,183,Mondevert,461,273,180,281,8,6,0.0,Écologie,2002,législative
35,183,Mondevert,461,273,180,281,8,7,1.0,Régionalisme,2002,législative
35,183,Mondevert,461,273,180,281,8,8,2.0,Droite,2002,législative
35,183,Mondevert,461,273,180,281,8,9,180.0,Droite,2002,législative
35,183,Mondevert,461,273,180,281,8,10,3.0,Droite,2002,législative
35,183,Mondevert,461,273,180,281,8,11,17.0,Extrême Droite,2002,législative
35,183,Mondevert,461,273,180,281,8,12,5.0,Extrême Droite,2002,législative
35,184,Montauban-de-Bretagne,3278,2127,1126,2152,25,0,19.0,Extrême Gauche,2002,législative
35,184,Montauban-de-Bretagne,3278,2127,1126,2152,25,1,17.0,Extrême Gauche,2002,législative
35,184,Montauban-de-Bretagne,3278,2127,1126,2152,25,2,2.0,Extrême Gauche,2002,législative
35,184,Montauban-de-Bretagne,3278,2127,1126,2152,25,3,19.0,Gauche,2002,législative
35,184,Montauban-de-Bretagne,3278,2127,1126,2152,25,4,823.0,Gauche,2002,législative
35,184,Montauban-de-Bretagne,3278,2127,1126,2152,25,5,22.0,Gauche,2002,législative
35,184,Montauban-de-Bretagne,3278,2127,1126,2152,25,6,53.0,Écologie,2002,législative
35,184,Montauban-de-Bretagne,3278,2127,1126,2152,25,7,17.0,Gauche,2002,législative
35,184,Montauban-de-Bretagne,3278,2127,1126,2152,25,8,7.0,Écologie,2002,législative
35,184,Montauban-de-Bretagne,3278,2127,1126,2152,25,9,9.0,Régionalisme,2002,législative
35,184,Montauban-de-Bretagne,3278,2127,1126,2152,25,10,12.0,Droite,2002,législative
35,184,Montauban-de-Bretagne,3278,2127,1126,2152,25,11,1034.0,Droite,2002,législative
35,184,Montauban-de-Bretagne,3278,2127,1126,2152,25,12,80.0,Extrême Droite,2002,législative
35,184,Montauban-de-Bretagne,3278,2127,1126,2152,25,13,13.0,Extrême Droite,2002,législative
35,185,Montautour,182,133,44,138,5,0,4.0,Extrême Gauche,2002,législative
35,185,Montautour,182,133,44,138,5,1,3.0,Extrême Gauche,2002,législative
35,185,Montautour,182,133,44,138,5,2,0.0,Gauche,2002,législative
35,185,Montautour,182,133,44,138,5,3,10.0,Gauche,2002,législative
35,185,Montautour,182,133,44,138,5,4,1.0,Gauche,2002,législative
35,185,Montautour,182,133,44,138,5,5,1.0,Écologie,2002,législative
35,185,Montautour,182,133,44,138,5,6,0.0,Écologie,2002,législative
35,185,Montautour,182,133,44,138,5,7,2.0,Régionalisme,2002,législative
35,185,Montautour,182,133,44,138,5,8,2.0,Droite,2002,législative
35,185,Montautour,182,133,44,138,5,9,105.0,Droite,2002,législative
35,185,Montautour,182,133,44,138,5,10,1.0,Droite,2002,législative
35,185,Montautour,182,133,44,138,5,11,4.0,Extrême Droite,2002,législative
35,185,Montautour,182,133,44,138,5,12,0.0,Extrême Droite,2002,législative
35,186,Mont-Dol,888,596,279,609,13,0,5.0,Extrême Gauche,2002,législative
35,186,Mont-Dol,888,596,279,609,13,1,16.0,Extrême Gauche,2002,législative
35,186,Mont-Dol,888,596,279,609,13,2,0.0,Extrême Gauche,2002,législative
35,186,Mont-Dol,888,596,279,609,13,3,15.0,Gauche,2002,législative
35,186,Mont-Dol,888,596,279,609,13,4,158.0,Gauche,2002,législative
35,186,Mont-Dol,888,596,279,609,13,5,25.0,Écologie,2002,législative
35,186,Mont-Dol,888,596,279,609,13,6,2.0,Gauche,2002,législative
35,186,Mont-Dol,888,596,279,609,13,7,4.0,Écologie,2002,législative
35,186,Mont-Dol,888,596,279,609,13,8,3.0,Écologie,2002,législative
35,186,Mont-Dol,888,596,279,609,13,9,10.0,Régionalisme,2002,législative
35,186,Mont-Dol,888,596,279,609,13,10,24.0,Droite,2002,législative
35,186,Mont-Dol,888,596,279,609,13,11,4.0,Divers,2002,législative
35,186,Mont-Dol,888,596,279,609,13,12,290.0,Droite,2002,législative
35,186,Mont-Dol,888,596,279,609,13,13,37.0,Extrême Droite,2002,législative
35,186,Mont-Dol,888,596,279,609,13,14,3.0,Extrême Droite,2002,législative
35,187,Monterfil,772,531,231,541,10,0,13.0,Extrême Gauche,2002,législative
35,187,Monterfil,772,531,231,541,10,1,4.0,Gauche,2002,législative
35,187,Monterfil,772,531,231,541,10,2,139.0,Gauche,2002,législative
35,187,Monterfil,772,531,231,541,10,3,24.0,Écologie,2002,législative
35,187,Monterfil,772,531,231,541,10,4,12.0,Écologie,2002,législative
35,187,Monterfil,772,531,231,541,10,5,5.0,Écologie,2002,législative
35,187,Monterfil,772,531,231,541,10,6,3.0,Écologie,2002,législative
35,187,Monterfil,772,531,231,541,10,7,10.0,Régionalisme,2002,législative
35,187,Monterfil,772,531,231,541,10,8,8.0,Droite,2002,législative
35,187,Monterfil,772,531,231,541,10,9,205.0,Droite,2002,législative
35,187,Monterfil,772,531,231,541,10,10,58.0,Droite,2002,législative
35,187,Monterfil,772,531,231,541,10,11,38.0,Extrême Droite,2002,législative
35,187,Monterfil,772,531,231,541,10,12,12.0,Extrême Droite,2002,législative
35,188,Montfort-sur-Meu,4000,2604,1359,2641,37,0,21.0,Extrême Gauche,2002,législative
35,188,Montfort-sur-Meu,4000,2604,1359,2641,37,1,28.0,Extrême Gauche,2002,législative
35,188,Montfort-sur-Meu,4000,2604,1359,2641,37,2,9.0,Extrême Gauche,2002,législative
35,188,Montfort-sur-Meu,4000,2604,1359,2641,37,3,40.0,Gauche,2002,législative
35,188,Montfort-sur-Meu,4000,2604,1359,2641,37,4,1127.0,Gauche,2002,législative
35,188,Montfort-sur-Meu,4000,2604,1359,2641,37,5,38.0,Gauche,2002,législative
35,188,Montfort-sur-Meu,4000,2604,1359,2641,37,6,88.0,Écologie,2002,législative
35,188,Montfort-sur-Meu,4000,2604,1359,2641,37,7,26.0,Gauche,2002,législative
35,188,Montfort-sur-Meu,4000,2604,1359,2641,37,8,17.0,Écologie,2002,législative
35,188,Montfort-sur-Meu,4000,2604,1359,2641,37,9,23.0,Régionalisme,2002,législative
35,188,Montfort-sur-Meu,4000,2604,1359,2641,37,10,34.0,Droite,2002,législative
35,188,Montfort-sur-Meu,4000,2604,1359,2641,37,11,1052.0,Droite,2002,législative
35,188,Montfort-sur-Meu,4000,2604,1359,2641,37,12,87.0,Extrême Droite,2002,législative
35,188,Montfort-sur-Meu,4000,2604,1359,2641,37,13,14.0,Extrême Droite,2002,législative
35,189,Montgermont,2048,1446,579,1469,23,0,19.0,Extrême Gauche,2002,législative
35,189,Montgermont,2048,1446,579,1469,23,1,17.0,Extrême Gauche,2002,législative
35,189,Montgermont,2048,1446,579,1469,23,2,7.0,Extrême Gauche,2002,législative
35,189,Montgermont,2048,1446,579,1469,23,3,13.0,Gauche,2002,législative
35,189,Montgermont,2048,1446,579,1469,23,4,658.0,Gauche,2002,législative
35,189,Montgermont,2048,1446,579,1469,23,5,47.0,Écologie,2002,législative
35,189,Montgermont,2048,1446,579,1469,23,6,9.0,Gauche,2002,législative
35,189,Montgermont,2048,1446,579,1469,23,7,14.0,Écologie,2002,législative
35,189,Montgermont,2048,1446,579,1469,23,8,11.0,Écologie,2002,législative
35,189,Montgermont,2048,1446,579,1469,23,9,10.0,Régionalisme,2002,législative
35,189,Montgermont,2048,1446,579,1469,23,10,2.0,Droite,2002,législative
35,189,Montgermont,2048,1446,579,1469,23,11,6.0,Divers,2002,législative
35,189,Montgermont,2048,1446,579,1469,23,12,408.0,Centre,2002,législative
35,189,Montgermont,2048,1446,579,1469,23,13,173.0,Droite,2002,législative
35,189,Montgermont,2048,1446,579,1469,23,14,0.0,Droite,2002,législative
35,189,Montgermont,2048,1446,579,1469,23,15,47.0,Extrême Droite,2002,législative
35,189,Montgermont,2048,1446,579,1469,23,16,5.0,Extrême Droite,2002,législative
35,190,Monthault,204,137,60,144,7,0,0.0,Extrême Gauche,2002,législative
35,190,Monthault,204,137,60,144,7,1,1.0,Extrême Gauche,2002,législative
35,190,Monthault,204,137,60,144,7,2,3.0,Gauche,2002,législative
35,190,Monthault,204,137,60,144,7,3,8.0,Gauche,2002,législative
35,190,Monthault,204,137,60,144,7,4,5.0,Écologie,2002,législative
35,190,Monthault,204,137,60,144,7,5,1.0,Écologie,2002,législative
35,190,Monthault,204,137,60,144,7,6,0.0,Régionalisme,2002,législative
35,190,Monthault,204,137,60,144,7,7,1.0,Divers,2002,législative
35,190,Monthault,204,137,60,144,7,8,90.0,Droite,2002,législative
35,190,Monthault,204,137,60,144,7,9,3.0,Droite,2002,législative
35,190,Monthault,204,137,60,144,7,10,24.0,Extrême Droite,2002,législative
35,190,Monthault,204,137,60,144,7,11,1.0,Extrême Droite,2002,législative
35,191,Montours,609,415,185,424,9,0,9.0,Extrême Gauche,2002,législative
35,191,Montours,609,415,185,424,9,1,8.0,Extrême Gauche,2002,législative
35,191,Montours,609,415,185,424,9,2,5.0,Gauche,2002,législative
35,191,Montours,609,415,185,424,9,3,50.0,Gauche,2002,législative
35,191,Montours,609,415,185,424,9,4,51.0,Écologie,2002,législative
35,191,Montours,609,415,185,424,9,5,4.0,Écologie,2002,législative
35,191,Montours,609,415,185,424,9,6,0.0,Régionalisme,2002,législative
35,191,Montours,609,415,185,424,9,7,5.0,Divers,2002,législative
35,191,Montours,609,415,185,424,9,8,245.0,Droite,2002,législative
35,191,Montours,609,415,185,424,9,9,7.0,Droite,2002,législative
35,191,Montours,609,415,185,424,9,10,30.0,Extrême Droite,2002,législative
35,191,Montours,609,415,185,424,9,11,1.0,Extrême Droite,2002,législative
35,192,Montreuil-des-Landes,154,105,48,106,1,0,3.0,Extrême Gauche,2002,législative
35,192,Montreuil-des-Landes,154,105,48,106,1,1,2.0,Extrême Gauche,2002,législative
35,192,Montreuil-des-Landes,154,105,48,106,1,2,5.0,Gauche,2002,législative
35,192,Montreuil-des-Landes,154,105,48,106,1,3,9.0,Gauche,2002,législative
35,192,Montreuil-des-Landes,154,105,48,106,1,4,3.0,Gauche,2002,législative
35,192,Montreuil-des-Landes,154,105,48,106,1,5,3.0,Écologie,2002,législative
35,192,Montreuil-des-Landes,154,105,48,106,1,6,1.0,Écologie,2002,législative
35,192,Montreuil-des-Landes,154,105,48,106,1,7,2.0,Régionalisme,2002,législative
35,192,Montreuil-des-Landes,154,105,48,106,1,8,1.0,Droite,2002,législative
35,192,Montreuil-des-Landes,154,105,48,106,1,9,61.0,Droite,2002,législative
35,192,Montreuil-des-Landes,154,105,48,106,1,10,5.0,Droite,2002,législative
35,192,Montreuil-des-Landes,154,105,48,106,1,11,10.0,Extrême Droite,2002,législative
35,192,Montreuil-des-Landes,154,105,48,106,1,12,0.0,Extrême Droite,2002,législative
35,193,Montreuil-le-Gast,1184,767,403,781,14,0,19.0,Extrême Gauche,2002,législative
35,193,Montreuil-le-Gast,1184,767,403,781,14,1,11.0,Extrême Gauche,2002,législative
35,193,Montreuil-le-Gast,1184,767,403,781,14,2,7.0,Extrême Gauche,2002,législative
35,193,Montreuil-le-Gast,1184,767,403,781,14,3,8.0,Gauche,2002,législative
35,193,Montreuil-le-Gast,1184,767,403,781,14,4,350.0,Gauche,2002,législative
35,193,Montreuil-le-Gast,1184,767,403,781,14,5,22.0,Écologie,2002,législative
35,193,Montreuil-le-Gast,1184,767,403,781,14,6,4.0,Gauche,2002,législative
35,193,Montreuil-le-Gast,1184,767,403,781,14,7,10.0,Écologie,2002,législative
35,193,Montreuil-le-Gast,1184,767,403,781,14,8,11.0,Écologie,2002,législative
35,193,Montreuil-le-Gast,1184,767,403,781,14,9,4.0,Régionalisme,2002,législative
35,193,Montreuil-le-Gast,1184,767,403,781,14,10,6.0,Droite,2002,législative
35,193,Montreuil-le-Gast,1184,767,403,781,14,11,4.0,Divers,2002,législative
35,193,Montreuil-le-Gast,1184,767,403,781,14,12,122.0,Centre,2002,législative
35,193,Montreuil-le-Gast,1184,767,403,781,14,13,131.0,Droite,2002,législative
35,193,Montreuil-le-Gast,1184,767,403,781,14,14,1.0,Droite,2002,législative
35,193,Montreuil-le-Gast,1184,767,403,781,14,15,53.0,Extrême Droite,2002,législative
35,193,Montreuil-le-Gast,1184,767,403,781,14,16,4.0,Extrême Droite,2002,législative
35,194,Montreuil-sous-Pérouse,811,559,236,575,16,0,4.0,Extrême Gauche,2002,législative
35,194,Montreuil-sous-Pérouse,811,559,236,575,16,1,2.0,Extrême Gauche,2002,législative
35,194,Montreuil-sous-Pérouse,811,559,236,575,16,2,5.0,Gauche,2002,législative
35,194,Montreuil-sous-Pérouse,811,559,236,575,16,3,94.0,Gauche,2002,législative
35,194,Montreuil-sous-Pérouse,811,559,236,575,16,4,9.0,Gauche,2002,législative
35,194,Montreuil-sous-Pérouse,811,559,236,575,16,5,26.0,Écologie,2002,législative
35,194,Montreuil-sous-Pérouse,811,559,236,575,16,6,5.0,Écologie,2002,législative
35,194,Montreuil-sous-Pérouse,811,559,236,575,16,7,6.0,Régionalisme,2002,législative
35,194,Montreuil-sous-Pérouse,811,559,236,575,16,8,2.0,Droite,2002,législative
35,194,Montreuil-sous-Pérouse,811,559,236,575,16,9,361.0,Droite,2002,législative
35,194,Montreuil-sous-Pérouse,811,559,236,575,16,10,7.0,Droite,2002,législative
35,194,Montreuil-sous-Pérouse,811,559,236,575,16,11,33.0,Extrême Droite,2002,législative
35,194,Montreuil-sous-Pérouse,811,559,236,575,16,12,5.0,Extrême Droite,2002,législative
35,195,Montreuil-sur-Ille,1238,751,473,765,14,0,16.0,Extrême Gauche,2002,législative
35,195,Montreuil-sur-Ille,1238,751,473,765,14,1,16.0,Extrême Gauche,2002,législative
35,195,Montreuil-sur-Ille,1238,751,473,765,14,2,4.0,Extrême Gauche,2002,législative
35,195,Montreuil-sur-Ille,1238,751,473,765,14,3,10.0,Gauche,2002,législative
35,195,Montreuil-sur-Ille,1238,751,473,765,14,4,318.0,Gauche,2002,législative
35,195,Montreuil-sur-Ille,1238,751,473,765,14,5,21.0,Écologie,2002,législative
35,195,Montreuil-sur-Ille,1238,751,473,765,14,6,2.0,Gauche,2002,législative
35,195,Montreuil-sur-Ille,1238,751,473,765,14,7,13.0,Écologie,2002,législative
35,195,Montreuil-sur-Ille,1238,751,473,765,14,8,4.0,Écologie,2002,législative
35,195,Montreuil-sur-Ille,1238,751,473,765,14,9,6.0,Régionalisme,2002,législative
35,195,Montreuil-sur-Ille,1238,751,473,765,14,10,2.0,Droite,2002,législative
35,195,Montreuil-sur-Ille,1238,751,473,765,14,11,6.0,Divers,2002,législative
35,195,Montreuil-sur-Ille,1238,751,473,765,14,12,161.0,Centre,2002,législative
35,195,Montreuil-sur-Ille,1238,751,473,765,14,13,108.0,Droite,2002,législative
35,195,Montreuil-sur-Ille,1238,751,473,765,14,14,0.0,Droite,2002,législative
35,195,Montreuil-sur-Ille,1238,751,473,765,14,15,53.0,Extrême Droite,2002,législative
35,195,Montreuil-sur-Ille,1238,751,473,765,14,16,11.0,Extrême Droite,2002,législative
35,196,Mordelles,4498,3049,1379,3119,70,0,44.0,Extrême Gauche,2002,législative
35,196,Mordelles,4498,3049,1379,3119,70,1,39.0,Extrême Gauche,2002,législative
35,196,Mordelles,4498,3049,1379,3119,70,2,9.0,Extrême Gauche,2002,législative
35,196,Mordelles,4498,3049,1379,3119,70,3,45.0,Gauche,2002,législative
35,196,Mordelles,4498,3049,1379,3119,70,4,1142.0,Gauche,2002,législative
35,196,Mordelles,4498,3049,1379,3119,70,5,45.0,Gauche,2002,législative
35,196,Mordelles,4498,3049,1379,3119,70,6,108.0,Écologie,2002,législative
35,196,Mordelles,4498,3049,1379,3119,70,7,26.0,Gauche,2002,législative
35,196,Mordelles,4498,3049,1379,3119,70,8,20.0,Écologie,2002,législative
35,196,Mordelles,4498,3049,1379,3119,70,9,22.0,Régionalisme,2002,législative
35,196,Mordelles,4498,3049,1379,3119,70,10,32.0,Droite,2002,législative
35,196,Mordelles,4498,3049,1379,3119,70,11,1339.0,Droite,2002,législative
35,196,Mordelles,4498,3049,1379,3119,70,12,154.0,Extrême Droite,2002,législative
35,196,Mordelles,4498,3049,1379,3119,70,13,24.0,Extrême Droite,2002,législative
35,197,Mouazé,771,499,265,506,7,0,11.0,Extrême Gauche,2002,législative
35,197,Mouazé,771,499,265,506,7,1,5.0,Extrême Gauche,2002,législative
35,197,Mouazé,771,499,265,506,7,2,1.0,Extrême Gauche,2002,législative
35,197,Mouazé,771,499,265,506,7,3,15.0,Gauche,2002,législative
35,197,Mouazé,771,499,265,506,7,4,214.0,Gauche,2002,législative
35,197,Mouazé,771,499,265,506,7,5,18.0,Écologie,2002,législative
35,197,Mouazé,771,499,265,506,7,6,1.0,Gauche,2002,législative
35,197,Mouazé,771,499,265,506,7,7,7.0,Écologie,2002,législative
35,197,Mouazé,771,499,265,506,7,8,6.0,Écologie,2002,législative
35,197,Mouazé,771,499,265,506,7,9,8.0,Régionalisme,2002,législative
35,197,Mouazé,771,499,265,506,7,10,0.0,Droite,2002,législative
35,197,Mouazé,771,499,265,506,7,11,4.0,Divers,2002,législative
35,197,Mouazé,771,499,265,506,7,12,95.0,Centre,2002,législative
35,197,Mouazé,771,499,265,506,7,13,78.0,Droite,2002,législative
35,197,Mouazé,771,499,265,506,7,14,0.0,Droite,2002,législative
35,197,Mouazé,771,499,265,506,7,15,33.0,Extrême Droite,2002,législative
35,197,Mouazé,771,499,265,506,7,16,3.0,Extrême Droite,2002,législative
35,198,Moulins,427,277,147,280,3,0,7.0,Extrême Gauche,2002,législative
35,198,Moulins,427,277,147,280,3,1,3.0,Extrême Gauche,2002,législative
35,198,Moulins,427,277,147,280,3,2,4.0,Gauche,2002,législative
35,198,Moulins,427,277,147,280,3,3,44.0,Gauche,2002,législative
35,198,Moulins,427,277,147,280,3,4,6.0,Gauche,2002,législative
35,198,Moulins,427,277,147,280,3,5,15.0,Écologie,2002,législative
35,198,Moulins,427,277,147,280,3,6,1.0,Écologie,2002,législative
35,198,Moulins,427,277,147,280,3,7,2.0,Régionalisme,2002,législative
35,198,Moulins,427,277,147,280,3,8,3.0,Droite,2002,législative
35,198,Moulins,427,277,147,280,3,9,168.0,Droite,2002,législative
35,198,Moulins,427,277,147,280,3,10,3.0,Droite,2002,législative
35,198,Moulins,427,277,147,280,3,11,19.0,Extrême Droite,2002,législative
35,198,Moulins,427,277,147,280,3,12,2.0,Extrême Droite,2002,législative
35,199,Moussé,165,115,46,119,4,0,0.0,Extrême Gauche,2002,législative
35,199,Moussé,165,115,46,119,4,1,0.0,Extrême Gauche,2002,législative
35,199,Moussé,165,115,46,119,4,2,0.0,Gauche,2002,législative
35,199,Moussé,165,115,46,119,4,3,12.0,Gauche,2002,législative
35,199,Moussé,165,115,46,119,4,4,1.0,Gauche,2002,législative
35,199,Moussé,165,115,46,119,4,5,6.0,Écologie,2002,législative
35,199,Moussé,165,115,46,119,4,6,0.0,Écologie,2002,législative
35,199,Moussé,165,115,46,119,4,7,0.0,Régionalisme,2002,législative
35,199,Moussé,165,115,46,119,4,8,1.0,Droite,2002,législative
35,199,Moussé,165,115,46,119,4,9,87.0,Droite,2002,législative
35,199,Moussé,165,115,46,119,4,10,2.0,Droite,2002,législative
35,199,Moussé,165,115,46,119,4,11,6.0,Extrême Droite,2002,législative
35,199,Moussé,165,115,46,119,4,12,0.0,Extrême Droite,2002,législative
35,200,Moutiers,578,377,190,388,11,0,4.0,Extrême Gauche,2002,législative
35,200,Moutiers,578,377,190,388,11,1,6.0,Extrême Gauche,2002,législative
35,200,Moutiers,578,377,190,388,11,2,0.0,Gauche,2002,législative
35,200,Moutiers,578,377,190,388,11,3,41.0,Gauche,2002,législative
35,200,Moutiers,578,377,190,388,11,4,3.0,Gauche,2002,législative
35,200,Moutiers,578,377,190,388,11,5,10.0,Écologie,2002,législative
35,200,Moutiers,578,377,190,388,11,6,1.0,Écologie,2002,législative
35,200,Moutiers,578,377,190,388,11,7,2.0,Régionalisme,2002,législative
35,200,Moutiers,578,377,190,388,11,8,4.0,Droite,2002,législative
35,200,Moutiers,578,377,190,388,11,9,290.0,Droite,2002,législative
35,200,Moutiers,578,377,190,388,11,10,1.0,Droite,2002,législative
35,200,Moutiers,578,377,190,388,11,11,12.0,Extrême Droite,2002,législative
35,200,Moutiers,578,377,190,388,11,12,3.0,Extrême Droite,2002,législative
35,201,Muel,518,333,179,339,6,0,3.0,Extrême Gauche,2002,législative
35,201,Muel,518,333,179,339,6,1,4.0,Extrême Gauche,2002,législative
35,201,Muel,518,333,179,339,6,2,1.0,Extrême Gauche,2002,législative
35,201,Muel,518,333,179,339,6,3,2.0,Gauche,2002,législative
35,201,Muel,518,333,179,339,6,4,119.0,Gauche,2002,législative
35,201,Muel,518,333,179,339,6,5,4.0,Gauche,2002,législative
35,201,Muel,518,333,179,339,6,6,9.0,Écologie,2002,législative
35,201,Muel,518,333,179,339,6,7,1.0,Gauche,2002,législative
35,201,Muel,518,333,179,339,6,8,2.0,Écologie,2002,législative
35,201,Muel,518,333,179,339,6,9,1.0,Régionalisme,2002,législative
35,201,Muel,518,333,179,339,6,10,10.0,Droite,2002,législative
35,201,Muel,518,333,179,339,6,11,152.0,Droite,2002,législative
35,201,Muel,518,333,179,339,6,12,22.0,Extrême Droite,2002,législative
35,201,Muel,518,333,179,339,6,13,3.0,Extrême Droite,2002,législative
35,202,La Noë-Blanche,696,380,306,390,10,0,7.0,Extrême Gauche,2002,législative
35,202,La Noë-Blanche,696,380,306,390,10,1,3.0,Gauche,2002,législative
35,202,La Noë-Blanche,696,380,306,390,10,2,50.0,Gauche,2002,législative
35,202,La Noë-Blanche,696,380,306,390,10,3,6.0,Écologie,2002,législative
35,202,La Noë-Blanche,696,380,306,390,10,4,10.0,Écologie,2002,législative
35,202,La Noë-Blanche,696,380,306,390,10,5,4.0,Écologie,2002,législative
35,202,La Noë-Blanche,696,380,306,390,10,6,2.0,Écologie,2002,législative
35,202,La Noë-Blanche,696,380,306,390,10,7,0.0,Régionalisme,2002,législative
35,202,La Noë-Blanche,696,380,306,390,10,8,14.0,Droite,2002,législative
35,202,La Noë-Blanche,696,380,306,390,10,9,177.0,Droite,2002,législative
35,202,La Noë-Blanche,696,380,306,390,10,10,59.0,Droite,2002,législative
35,202,La Noë-Blanche,696,380,306,390,10,11,36.0,Extrême Droite,2002,législative
35,202,La Noë-Blanche,696,380,306,390,10,12,12.0,Extrême Droite,2002,législative
35,203,La Nouaye,180,128,50,130,2,0,2.0,Extrême Gauche,2002,législative
35,203,La Nouaye,180,128,50,130,2,1,1.0,Extrême Gauche,2002,législative
35,203,La Nouaye,180,128,50,130,2,2,0.0,Extrême Gauche,2002,législative
35,203,La Nouaye,180,128,50,130,2,3,4.0,Gauche,2002,législative
35,203,La Nouaye,180,128,50,130,2,4,59.0,Gauche,2002,législative
35,203,La Nouaye,180,128,50,130,2,5,1.0,Gauche,2002,législative
35,203,La Nouaye,180,128,50,130,2,6,9.0,Écologie,2002,législative
35,203,La Nouaye,180,128,50,130,2,7,2.0,Gauche,2002,législative
35,203,La Nouaye,180,128,50,130,2,8,1.0,Écologie,2002,législative
35,203,La Nouaye,180,128,50,130,2,9,5.0,Régionalisme,2002,législative
35,203,La Nouaye,180,128,50,130,2,10,1.0,Droite,2002,législative
35,203,La Nouaye,180,128,50,130,2,11,35.0,Droite,2002,législative
35,203,La Nouaye,180,128,50,130,2,12,8.0,Extrême Droite,2002,législative
35,203,La Nouaye,180,128,50,130,2,13,0.0,Extrême Droite,2002,législative
35,204,Nouvoitou,1892,1239,630,1262,23,0,36.0,Extrême Gauche,2002,législative
35,204,Nouvoitou,1892,1239,630,1262,23,1,30.0,Extrême Gauche,2002,législative
35,204,Nouvoitou,1892,1239,630,1262,23,2,21.0,Gauche,2002,législative
35,204,Nouvoitou,1892,1239,630,1262,23,3,357.0,Gauche,2002,législative
35,204,Nouvoitou,1892,1239,630,1262,23,4,31.0,Gauche,2002,législative
35,204,Nouvoitou,1892,1239,630,1262,23,5,67.0,Écologie,2002,législative
35,204,Nouvoitou,1892,1239,630,1262,23,6,7.0,Écologie,2002,législative
35,204,Nouvoitou,1892,1239,630,1262,23,7,13.0,Régionalisme,2002,législative
35,204,Nouvoitou,1892,1239,630,1262,23,8,10.0,Droite,2002,législative
35,204,Nouvoitou,1892,1239,630,1262,23,9,584.0,Droite,2002,législative
35,204,Nouvoitou,1892,1239,630,1262,23,10,17.0,Droite,2002,législative
35,204,Nouvoitou,1892,1239,630,1262,23,11,61.0,Extrême Droite,2002,législative
35,204,Nouvoitou,1892,1239,630,1262,23,12,5.0,Extrême Droite,2002,législative
35,205,Noyal-sous-Bazouges,269,187,79,190,3,0,5.0,Extrême Gauche,2002,législative
35,205,Noyal-sous-Bazouges,269,187,79,190,3,1,0.0,Extrême Gauche,2002,législative
35,205,Noyal-sous-Bazouges,269,187,79,190,3,2,0.0,Gauche,2002,législative
35,205,Noyal-sous-Bazouges,269,187,79,190,3,3,30.0,Gauche,2002,législative
35,205,Noyal-sous-Bazouges,269,187,79,190,3,4,20.0,Écologie,2002,législative
35,205,Noyal-sous-Bazouges,269,187,79,190,3,5,0.0,Écologie,2002,législative
35,205,Noyal-sous-Bazouges,269,187,79,190,3,6,0.0,Régionalisme,2002,législative
35,205,Noyal-sous-Bazouges,269,187,79,190,3,7,0.0,Divers,2002,législative
35,205,Noyal-sous-Bazouges,269,187,79,190,3,8,116.0,Droite,2002,législative
35,205,Noyal-sous-Bazouges,269,187,79,190,3,9,8.0,Droite,2002,législative
35,205,Noyal-sous-Bazouges,269,187,79,190,3,10,8.0,Extrême Droite,2002,législative
35,205,Noyal-sous-Bazouges,269,187,79,190,3,11,0.0,Extrême Droite,2002,législative
35,206,Noyal-Châtillon-sur-Seiche,4051,2755,1244,2807,52,0,36.0,Extrême Gauche,2002,législative
35,206,Noyal-Châtillon-sur-Seiche,4051,2755,1244,2807,52,1,54.0,Gauche,2002,législative
35,206,Noyal-Châtillon-sur-Seiche,4051,2755,1244,2807,52,2,1022.0,Gauche,2002,législative
35,206,Noyal-Châtillon-sur-Seiche,4051,2755,1244,2807,52,3,121.0,Écologie,2002,législative
35,206,Noyal-Châtillon-sur-Seiche,4051,2755,1244,2807,52,4,27.0,Écologie,2002,législative
35,206,Noyal-Châtillon-sur-Seiche,4051,2755,1244,2807,52,5,44.0,Écologie,2002,législative
35,206,Noyal-Châtillon-sur-Seiche,4051,2755,1244,2807,52,6,12.0,Écologie,2002,législative
35,206,Noyal-Châtillon-sur-Seiche,4051,2755,1244,2807,52,7,28.0,Régionalisme,2002,législative
35,206,Noyal-Châtillon-sur-Seiche,4051,2755,1244,2807,52,8,19.0,Droite,2002,législative
35,206,Noyal-Châtillon-sur-Seiche,4051,2755,1244,2807,52,9,695.0,Droite,2002,législative
35,206,Noyal-Châtillon-sur-Seiche,4051,2755,1244,2807,52,10,563.0,Droite,2002,législative
35,206,Noyal-Châtillon-sur-Seiche,4051,2755,1244,2807,52,11,120.0,Extrême Droite,2002,législative
35,206,Noyal-Châtillon-sur-Seiche,4051,2755,1244,2807,52,12,14.0,Extrême Droite,2002,législative
35,207,Noyal-sur-Vilaine,3550,2442,1075,2475,33,0,26.0,Extrême Gauche,2002,législative
35,207,Noyal-sur-Vilaine,3550,2442,1075,2475,33,1,48.0,Extrême Gauche,2002,législative
35,207,Noyal-sur-Vilaine,3550,2442,1075,2475,33,2,33.0,Gauche,2002,législative
35,207,Noyal-sur-Vilaine,3550,2442,1075,2475,33,3,685.0,Gauche,2002,législative
35,207,Noyal-sur-Vilaine,3550,2442,1075,2475,33,4,43.0,Gauche,2002,législative
35,207,Noyal-sur-Vilaine,3550,2442,1075,2475,33,5,127.0,Écologie,2002,législative
35,207,Noyal-sur-Vilaine,3550,2442,1075,2475,33,6,16.0,Écologie,2002,législative
35,207,Noyal-sur-Vilaine,3550,2442,1075,2475,33,7,23.0,Régionalisme,2002,législative
35,207,Noyal-sur-Vilaine,3550,2442,1075,2475,33,8,24.0,Droite,2002,législative
35,207,Noyal-sur-Vilaine,3550,2442,1075,2475,33,9,1300.0,Droite,2002,législative
35,207,Noyal-sur-Vilaine,3550,2442,1075,2475,33,10,22.0,Droite,2002,législative
35,207,Noyal-sur-Vilaine,3550,2442,1075,2475,33,11,77.0,Extrême Droite,2002,législative
35,207,Noyal-sur-Vilaine,3550,2442,1075,2475,33,12,18.0,Extrême Droite,2002,législative
35,208,Orgères,2276,1566,679,1597,31,0,41.0,Extrême Gauche,2002,législative
35,208,Orgères,2276,1566,679,1597,31,1,26.0,Gauche,2002,législative
35,208,Orgères,2276,1566,679,1597,31,2,502.0,Gauche,2002,législative
35,208,Orgères,2276,1566,679,1597,31,3,83.0,Écologie,2002,législative
35,208,Orgères,2276,1566,679,1597,31,4,29.0,Écologie,2002,législative
35,208,Orgères,2276,1566,679,1597,31,5,23.0,Écologie,2002,législative
35,208,Orgères,2276,1566,679,1597,31,6,3.0,Écologie,2002,législative
35,208,Orgères,2276,1566,679,1597,31,7,26.0,Régionalisme,2002,législative
35,208,Orgères,2276,1566,679,1597,31,8,14.0,Droite,2002,législative
35,208,Orgères,2276,1566,679,1597,31,9,429.0,Droite,2002,législative
35,208,Orgères,2276,1566,679,1597,31,10,296.0,Droite,2002,législative
35,208,Orgères,2276,1566,679,1597,31,11,82.0,Extrême Droite,2002,législative
35,208,Orgères,2276,1566,679,1597,31,12,12.0,Extrême Droite,2002,législative
35,209,Ossé,672,430,228,444,14,0,6.0,Extrême Gauche,2002,législative
35,209,Ossé,672,430,228,444,14,1,9.0,Extrême Gauche,2002,législative
35,209,Ossé,672,430,228,444,14,2,4.0,Gauche,2002,législative
35,209,Ossé,672,430,228,444,14,3,86.0,Gauche,2002,législative
35,209,Ossé,672,430,228,444,14,4,8.0,Gauche,2002,législative
35,209,Ossé,672,430,228,444,14,5,19.0,Écologie,2002,législative
35,209,Ossé,672,430,228,444,14,6,4.0,Écologie,2002,législative
35,209,Ossé,672,430,228,444,14,7,4.0,Régionalisme,2002,législative
35,209,Ossé,672,430,228,444,14,8,3.0,Droite,2002,législative
35,209,Ossé,672,430,228,444,14,9,256.0,Droite,2002,législative
35,209,Ossé,672,430,228,444,14,10,2.0,Droite,2002,législative
35,209,Ossé,672,430,228,444,14,11,26.0,Extrême Droite,2002,législative
35,209,Ossé,672,430,228,444,14,12,3.0,Extrême Droite,2002,législative
35,210,Pacé,5777,4154,1587,4190,36,0,23.0,Extrême Gauche,2002,législative
35,210,Pacé,5777,4154,1587,4190,36,1,23.0,Extrême Gauche,2002,législative
35,210,Pacé,5777,4154,1587,4190,36,2,6.0,Extrême Gauche,2002,législative
35,210,Pacé,5777,4154,1587,4190,36,3,32.0,Gauche,2002,législative
35,210,Pacé,5777,4154,1587,4190,36,4,1378.0,Gauche,2002,législative
35,210,Pacé,5777,4154,1587,4190,36,5,43.0,Gauche,2002,législative
35,210,Pacé,5777,4154,1587,4190,36,6,151.0,Écologie,2002,législative
35,210,Pacé,5777,4154,1587,4190,36,7,24.0,Gauche,2002,législative
35,210,Pacé,5777,4154,1587,4190,36,8,27.0,Écologie,2002,législative
35,210,Pacé,5777,4154,1587,4190,36,9,19.0,Régionalisme,2002,législative
35,210,Pacé,5777,4154,1587,4190,36,10,19.0,Droite,2002,législative
35,210,Pacé,5777,4154,1587,4190,36,11,2275.0,Droite,2002,législative
35,210,Pacé,5777,4154,1587,4190,36,12,123.0,Extrême Droite,2002,législative
35,210,Pacé,5777,4154,1587,4190,36,13,11.0,Extrême Droite,2002,législative
35,211,Paimpont,1195,833,345,850,17,0,17.0,Extrême Gauche,2002,législative
35,211,Paimpont,1195,833,345,850,17,1,27.0,Gauche,2002,législative
35,211,Paimpont,1195,833,345,850,17,2,247.0,Gauche,2002,législative
35,211,Paimpont,1195,833,345,850,17,3,29.0,Écologie,2002,législative
35,211,Paimpont,1195,833,345,850,17,4,5.0,Écologie,2002,législative
35,211,Paimpont,1195,833,345,850,17,5,14.0,Écologie,2002,législative
35,211,Paimpont,1195,833,345,850,17,6,3.0,Écologie,2002,législative
35,211,Paimpont,1195,833,345,850,17,7,27.0,Régionalisme,2002,législative
35,211,Paimpont,1195,833,345,850,17,8,23.0,Droite,2002,législative
35,211,Paimpont,1195,833,345,850,17,9,281.0,Droite,2002,législative
35,211,Paimpont,1195,833,345,850,17,10,96.0,Droite,2002,législative
35,211,Paimpont,1195,833,345,850,17,11,58.0,Extrême Droite,2002,législative
35,211,Paimpont,1195,833,345,850,17,12,6.0,Extrême Droite,2002,législative
35,212,Pancé,736,469,257,479,10,0,8.0,Extrême Gauche,2002,législative
35,212,Pancé,736,469,257,479,10,1,4.0,Gauche,2002,législative
35,212,Pancé,736,469,257,479,10,2,115.0,Gauche,2002,législative
35,212,Pancé,736,469,257,479,10,3,22.0,Écologie,2002,législative
35,212,Pancé,736,469,257,479,10,4,3.0,Écologie,2002,législative
35,212,Pancé,736,469,257,479,10,5,8.0,Écologie,2002,législative
35,212,Pancé,736,469,257,479,10,6,2.0,Écologie,2002,législative
35,212,Pancé,736,469,257,479,10,7,12.0,Régionalisme,2002,législative
35,212,Pancé,736,469,257,479,10,8,3.0,Droite,2002,législative
35,212,Pancé,736,469,257,479,10,9,169.0,Droite,2002,législative
35,212,Pancé,736,469,257,479,10,10,84.0,Droite,2002,législative
35,212,Pancé,736,469,257,479,10,11,37.0,Extrême Droite,2002,législative
35,212,Pancé,736,469,257,479,10,12,2.0,Extrême Droite,2002,législative
35,214,Parcé,465,329,116,349,20,0,3.0,Extrême Gauche,2002,législative
35,214,Parcé,465,329,116,349,20,1,7.0,Extrême Gauche,2002,législative
35,214,Parcé,465,329,116,349,20,2,8.0,Gauche,2002,législative
35,214,Parcé,465,329,116,349,20,3,14.0,Gauche,2002,législative
35,214,Parcé,465,329,116,349,20,4,20.0,Écologie,2002,législative
35,214,Parcé,465,329,116,349,20,5,3.0,Écologie,2002,législative
35,214,Parcé,465,329,116,349,20,6,1.0,Régionalisme,2002,législative
35,214,Parcé,465,329,116,349,20,7,3.0,Divers,2002,législative
35,214,Parcé,465,329,116,349,20,8,236.0,Droite,2002,législative
35,214,Parcé,465,329,116,349,20,9,11.0,Droite,2002,législative
35,214,Parcé,465,329,116,349,20,10,18.0,Extrême Droite,2002,législative
35,214,Parcé,465,329,116,349,20,11,5.0,Extrême Droite,2002,législative
35,215,Parigné,825,564,249,576,12,0,18.0,Extrême Gauche,2002,législative
35,215,Parigné,825,564,249,576,12,1,16.0,Extrême Gauche,2002,législative
35,215,Parigné,825,564,249,576,12,2,20.0,Gauche,2002,législative
35,215,Parigné,825,564,249,576,12,3,43.0,Gauche,2002,législative
35,215,Parigné,825,564,249,576,12,4,44.0,Écologie,2002,législative
35,215,Parigné,825,564,249,576,12,5,2.0,Écologie,2002,législative
35,215,Parigné,825,564,249,576,12,6,7.0,Régionalisme,2002,législative
35,215,Parigné,825,564,249,576,12,7,5.0,Divers,2002,législative
35,215,Parigné,825,564,249,576,12,8,345.0,Droite,2002,législative
35,215,Parigné,825,564,249,576,12,9,20.0,Droite,2002,législative
35,215,Parigné,825,564,249,576,12,10,39.0,Extrême Droite,2002,législative
35,215,Parigné,825,564,249,576,12,11,5.0,Extrême Droite,2002,législative
35,216,Parthenay-de-Bretagne,493,379,103,390,11,0,9.0,Extrême Gauche,2002,législative
35,216,Parthenay-de-Bretagne,493,379,103,390,11,1,7.0,Extrême Gauche,2002,législative
35,216,Parthenay-de-Bretagne,493,379,103,390,11,2,5.0,Extrême Gauche,2002,législative
35,216,Parthenay-de-Bretagne,493,379,103,390,11,3,3.0,Gauche,2002,législative
35,216,Parthenay-de-Bretagne,493,379,103,390,11,4,160.0,Gauche,2002,législative
35,216,Parthenay-de-Bretagne,493,379,103,390,11,5,7.0,Gauche,2002,législative
35,216,Parthenay-de-Bretagne,493,379,103,390,11,6,10.0,Écologie,2002,législative
35,216,Parthenay-de-Bretagne,493,379,103,390,11,7,2.0,Gauche,2002,législative
35,216,Parthenay-de-Bretagne,493,379,103,390,11,8,1.0,Écologie,2002,législative
35,216,Parthenay-de-Bretagne,493,379,103,390,11,9,3.0,Régionalisme,2002,législative
35,216,Parthenay-de-Bretagne,493,379,103,390,11,10,2.0,Droite,2002,législative
35,216,Parthenay-de-Bretagne,493,379,103,390,11,11,159.0,Droite,2002,législative
35,216,Parthenay-de-Bretagne,493,379,103,390,11,12,10.0,Extrême Droite,2002,législative
35,216,Parthenay-de-Bretagne,493,379,103,390,11,13,1.0,Extrême Droite,2002,législative
35,217,Le Pertre,1086,726,343,743,17,0,10.0,Extrême Gauche,2002,législative
35,217,Le Pertre,1086,726,343,743,17,1,5.0,Extrême Gauche,2002,législative
35,217,Le Pertre,1086,726,343,743,17,2,2.0,Gauche,2002,législative
35,217,Le Pertre,1086,726,343,743,17,3,85.0,Gauche,2002,législative
35,217,Le Pertre,1086,726,343,743,17,4,6.0,Gauche,2002,législative
35,217,Le Pertre,1086,726,343,743,17,5,21.0,Écologie,2002,législative
35,217,Le Pertre,1086,726,343,743,17,6,3.0,Écologie,2002,législative
35,217,Le Pertre,1086,726,343,743,17,7,11.0,Régionalisme,2002,législative
35,217,Le Pertre,1086,726,343,743,17,8,4.0,Droite,2002,législative
35,217,Le Pertre,1086,726,343,743,17,9,543.0,Droite,2002,législative
35,217,Le Pertre,1086,726,343,743,17,10,4.0,Droite,2002,législative
35,217,Le Pertre,1086,726,343,743,17,11,30.0,Extrême Droite,2002,législative
35,217,Le Pertre,1086,726,343,743,17,12,2.0,Extrême Droite,2002,législative
35,218,Le Petit-Fougeray,342,237,99,243,6,0,7.0,Extrême Gauche,2002,législative
35,218,Le Petit-Fougeray,342,237,99,243,6,1,0.0,Gauche,2002,législative
35,218,Le Petit-Fougeray,342,237,99,243,6,2,51.0,Gauche,2002,législative
35,218,Le Petit-Fougeray,342,237,99,243,6,3,11.0,Écologie,2002,législative
35,218,Le Petit-Fougeray,342,237,99,243,6,4,2.0,Écologie,2002,législative
35,218,Le Petit-Fougeray,342,237,99,243,6,5,1.0,Écologie,2002,législative
35,218,Le Petit-Fougeray,342,237,99,243,6,6,0.0,Écologie,2002,législative
35,218,Le Petit-Fougeray,342,237,99,243,6,7,12.0,Régionalisme,2002,législative
35,218,Le Petit-Fougeray,342,237,99,243,6,8,6.0,Droite,2002,législative
35,218,Le Petit-Fougeray,342,237,99,243,6,9,83.0,Droite,2002,législative
35,218,Le Petit-Fougeray,342,237,99,243,6,10,38.0,Droite,2002,législative
35,218,Le Petit-Fougeray,342,237,99,243,6,11,22.0,Extrême Droite,2002,législative
35,218,Le Petit-Fougeray,342,237,99,243,6,12,4.0,Extrême Droite,2002,législative
35,219,Pipriac,2251,1353,874,1377,24,0,32.0,Extrême Gauche,2002,législative
35,219,Pipriac,2251,1353,874,1377,24,1,17.0,Gauche,2002,législative
35,219,Pipriac,2251,1353,874,1377,24,2,258.0,Gauche,2002,législative
35,219,Pipriac,2251,1353,874,1377,24,3,22.0,Écologie,2002,législative
35,219,Pipriac,2251,1353,874,1377,24,4,13.0,Écologie,2002,législative
35,219,Pipriac,2251,1353,874,1377,24,5,9.0,Écologie,2002,législative
35,219,Pipriac,2251,1353,874,1377,24,6,1.0,Écologie,2002,législative
35,219,Pipriac,2251,1353,874,1377,24,7,101.0,Régionalisme,2002,législative
35,219,Pipriac,2251,1353,874,1377,24,8,31.0,Droite,2002,législative
35,219,Pipriac,2251,1353,874,1377,24,9,510.0,Droite,2002,législative
35,219,Pipriac,2251,1353,874,1377,24,10,237.0,Droite,2002,législative
35,219,Pipriac,2251,1353,874,1377,24,11,116.0,Extrême Droite,2002,législative
35,219,Pipriac,2251,1353,874,1377,24,12,6.0,Extrême Droite,2002,législative
35,220,Piré-sur-Seiche,1386,944,434,952,8,0,11.0,Extrême Gauche,2002,législative
35,220,Piré-sur-Seiche,1386,944,434,952,8,1,22.0,Extrême Gauche,2002,législative
35,220,Piré-sur-Seiche,1386,944,434,952,8,2,9.0,Gauche,2002,législative
35,220,Piré-sur-Seiche,1386,944,434,952,8,3,126.0,Gauche,2002,législative
35,220,Piré-sur-Seiche,1386,944,434,952,8,4,7.0,Gauche,2002,législative
35,220,Piré-sur-Seiche,1386,944,434,952,8,5,39.0,Écologie,2002,législative
35,220,Piré-sur-Seiche,1386,944,434,952,8,6,2.0,Écologie,2002,législative
35,220,Piré-sur-Seiche,1386,944,434,952,8,7,2.0,Régionalisme,2002,législative
35,220,Piré-sur-Seiche,1386,944,434,952,8,8,5.0,Droite,2002,législative
35,220,Piré-sur-Seiche,1386,944,434,952,8,9,643.0,Droite,2002,législative
35,220,Piré-sur-Seiche,1386,944,434,952,8,10,17.0,Droite,2002,législative
35,220,Piré-sur-Seiche,1386,944,434,952,8,11,59.0,Extrême Droite,2002,législative
35,220,Piré-sur-Seiche,1386,944,434,952,8,12,2.0,Extrême Droite,2002,législative
35,221,Pléchâtel,1495,969,505,990,21,0,37.0,Extrême Gauche,2002,législative
35,221,Pléchâtel,1495,969,505,990,21,1,21.0,Gauche,2002,législative
35,221,Pléchâtel,1495,969,505,990,21,2,206.0,Gauche,2002,législative
35,221,Pléchâtel,1495,969,505,990,21,3,31.0,Écologie,2002,législative
35,221,Pléchâtel,1495,969,505,990,21,4,14.0,Écologie,2002,législative
35,221,Pléchâtel,1495,969,505,990,21,5,14.0,Écologie,2002,législative
35,221,Pléchâtel,1495,969,505,990,21,6,8.0,Écologie,2002,législative
35,221,Pléchâtel,1495,969,505,990,21,7,11.0,Régionalisme,2002,législative
35,221,Pléchâtel,1495,969,505,990,21,8,21.0,Droite,2002,législative
35,221,Pléchâtel,1495,969,505,990,21,9,294.0,Droite,2002,législative
35,221,Pléchâtel,1495,969,505,990,21,10,182.0,Droite,2002,législative
35,221,Pléchâtel,1495,969,505,990,21,11,114.0,Extrême Droite,2002,législative
35,221,Pléchâtel,1495,969,505,990,21,12,16.0,Extrême Droite,2002,législative
35,222,Pleine-Fougères,1350,894,431,919,25,0,11.0,Extrême Gauche,2002,législative
35,222,Pleine-Fougères,1350,894,431,919,25,1,12.0,Extrême Gauche,2002,législative
35,222,Pleine-Fougères,1350,894,431,919,25,2,6.0,Extrême Gauche,2002,législative
35,222,Pleine-Fougères,1350,894,431,919,25,3,15.0,Gauche,2002,législative
35,222,Pleine-Fougères,1350,894,431,919,25,4,240.0,Gauche,2002,législative
35,222,Pleine-Fougères,1350,894,431,919,25,5,16.0,Écologie,2002,législative
35,222,Pleine-Fougères,1350,894,431,919,25,6,0.0,Gauche,2002,législative
35,222,Pleine-Fougères,1350,894,431,919,25,7,7.0,Écologie,2002,législative
35,222,Pleine-Fougères,1350,894,431,919,25,8,4.0,Écologie,2002,législative
35,222,Pleine-Fougères,1350,894,431,919,25,9,5.0,Régionalisme,2002,législative
35,222,Pleine-Fougères,1350,894,431,919,25,10,69.0,Droite,2002,législative
35,222,Pleine-Fougères,1350,894,431,919,25,11,3.0,Divers,2002,législative
35,222,Pleine-Fougères,1350,894,431,919,25,12,416.0,Droite,2002,législative
35,222,Pleine-Fougères,1350,894,431,919,25,13,87.0,Extrême Droite,2002,législative
35,222,Pleine-Fougères,1350,894,431,919,25,14,3.0,Extrême Droite,2002,législative
35,223,Plélan-le-Grand,2368,1622,716,1652,30,0,39.0,Extrême Gauche,2002,législative
35,223,Plélan-le-Grand,2368,1622,716,1652,30,1,30.0,Gauche,2002,législative
35,223,Plélan-le-Grand,2368,1622,716,1652,30,2,446.0,Gauche,2002,législative
35,223,Plélan-le-Grand,2368,1622,716,1652,30,3,48.0,Écologie,2002,législative
35,223,Plélan-le-Grand,2368,1622,716,1652,30,4,15.0,Écologie,2002,législative
35,223,Plélan-le-Grand,2368,1622,716,1652,30,5,12.0,Écologie,2002,législative
35,223,Plélan-le-Grand,2368,1622,716,1652,30,6,4.0,Écologie,2002,législative
35,223,Plélan-le-Grand,2368,1622,716,1652,30,7,27.0,Régionalisme,2002,législative
35,223,Plélan-le-Grand,2368,1622,716,1652,30,8,24.0,Droite,2002,législative
35,223,Plélan-le-Grand,2368,1622,716,1652,30,9,655.0,Droite,2002,législative
35,223,Plélan-le-Grand,2368,1622,716,1652,30,10,164.0,Droite,2002,législative
35,223,Plélan-le-Grand,2368,1622,716,1652,30,11,140.0,Extrême Droite,2002,législative
35,223,Plélan-le-Grand,2368,1622,716,1652,30,12,18.0,Extrême Droite,2002,législative
35,224,Plerguer,1533,933,581,952,19,0,10.0,Extrême Gauche,2002,législative
35,224,Plerguer,1533,933,581,952,19,1,26.0,Extrême Gauche,2002,législative
35,224,Plerguer,1533,933,581,952,19,2,11.0,Extrême Gauche,2002,législative
35,224,Plerguer,1533,933,581,952,19,3,2.0,Gauche,2002,législative
35,224,Plerguer,1533,933,581,952,19,4,237.0,Gauche,2002,législative
35,224,Plerguer,1533,933,581,952,19,5,21.0,Écologie,2002,législative
35,224,Plerguer,1533,933,581,952,19,6,1.0,Gauche,2002,législative
35,224,Plerguer,1533,933,581,952,19,7,7.0,Écologie,2002,législative
35,224,Plerguer,1533,933,581,952,19,8,3.0,Écologie,2002,législative
35,224,Plerguer,1533,933,581,952,19,9,8.0,Régionalisme,2002,législative
35,224,Plerguer,1533,933,581,952,19,10,39.0,Droite,2002,législative
35,224,Plerguer,1533,933,581,952,19,11,2.0,Divers,2002,législative
35,224,Plerguer,1533,933,581,952,19,12,479.0,Droite,2002,législative
35,224,Plerguer,1533,933,581,952,19,13,80.0,Extrême Droite,2002,législative
35,224,Plerguer,1533,933,581,952,19,14,7.0,Extrême Droite,2002,législative
35,225,Plesder,449,280,161,288,8,0,6.0,Extrême Gauche,2002,législative
35,225,Plesder,449,280,161,288,8,1,3.0,Extrême Gauche,2002,législative
35,225,Plesder,449,280,161,288,8,2,0.0,Extrême Gauche,2002,législative
35,225,Plesder,449,280,161,288,8,3,7.0,Gauche,2002,législative
35,225,Plesder,449,280,161,288,8,4,109.0,Gauche,2002,législative
35,225,Plesder,449,280,161,288,8,5,3.0,Écologie,2002,législative
35,225,Plesder,449,280,161,288,8,6,2.0,Gauche,2002,législative
35,225,Plesder,449,280,161,288,8,7,4.0,Écologie,2002,législative
35,225,Plesder,449,280,161,288,8,8,2.0,Écologie,2002,législative
35,225,Plesder,449,280,161,288,8,9,4.0,Régionalisme,2002,législative
35,225,Plesder,449,280,161,288,8,10,7.0,Droite,2002,législative
35,225,Plesder,449,280,161,288,8,11,1.0,Divers,2002,législative
35,225,Plesder,449,280,161,288,8,12,63.0,Centre,2002,législative
35,225,Plesder,449,280,161,288,8,13,47.0,Droite,2002,législative
35,225,Plesder,449,280,161,288,8,14,0.0,Droite,2002,législative
35,225,Plesder,449,280,161,288,8,15,20.0,Extrême Droite,2002,législative
35,225,Plesder,449,280,161,288,8,16,2.0,Extrême Droite,2002,législative
35,226,Pleugueneuc,1058,715,324,734,19,0,26.0,Extrême Gauche,2002,législative
35,226,Pleugueneuc,1058,715,324,734,19,1,13.0,Extrême Gauche,2002,législative
35,226,Pleugueneuc,1058,715,324,734,19,2,5.0,Extrême Gauche,2002,législative
35,226,Pleugueneuc,1058,715,324,734,19,3,15.0,Gauche,2002,législative
35,226,Pleugueneuc,1058,715,324,734,19,4,296.0,Gauche,2002,législative
35,226,Pleugueneuc,1058,715,324,734,19,5,13.0,Écologie,2002,législative
35,226,Pleugueneuc,1058,715,324,734,19,6,3.0,Gauche,2002,législative
35,226,Pleugueneuc,1058,715,324,734,19,7,4.0,Écologie,2002,législative
35,226,Pleugueneuc,1058,715,324,734,19,8,4.0,Écologie,2002,législative
35,226,Pleugueneuc,1058,715,324,734,19,9,7.0,Régionalisme,2002,législative
35,226,Pleugueneuc,1058,715,324,734,19,10,21.0,Droite,2002,législative
35,226,Pleugueneuc,1058,715,324,734,19,11,4.0,Divers,2002,législative
35,226,Pleugueneuc,1058,715,324,734,19,12,136.0,Centre,2002,législative
35,226,Pleugueneuc,1058,715,324,734,19,13,119.0,Droite,2002,législative
35,226,Pleugueneuc,1058,715,324,734,19,14,1.0,Droite,2002,législative
35,226,Pleugueneuc,1058,715,324,734,19,15,46.0,Extrême Droite,2002,législative
35,226,Pleugueneuc,1058,715,324,734,19,16,2.0,Extrême Droite,2002,législative
35,227,Pleumeleuc,1575,1067,488,1087,20,0,14.0,Extrême Gauche,2002,législative
35,227,Pleumeleuc,1575,1067,488,1087,20,1,12.0,Extrême Gauche,2002,législative
35,227,Pleumeleuc,1575,1067,488,1087,20,2,3.0,Extrême Gauche,2002,législative
35,227,Pleumeleuc,1575,1067,488,1087,20,3,17.0,Gauche,2002,législative
35,227,Pleumeleuc,1575,1067,488,1087,20,4,430.0,Gauche,2002,législative
35,227,Pleumeleuc,1575,1067,488,1087,20,5,19.0,Gauche,2002,législative
35,227,Pleumeleuc,1575,1067,488,1087,20,6,27.0,Écologie,2002,législative
35,227,Pleumeleuc,1575,1067,488,1087,20,7,13.0,Gauche,2002,législative
35,227,Pleumeleuc,1575,1067,488,1087,20,8,5.0,Écologie,2002,législative
35,227,Pleumeleuc,1575,1067,488,1087,20,9,10.0,Régionalisme,2002,législative
35,227,Pleumeleuc,1575,1067,488,1087,20,10,9.0,Droite,2002,législative
35,227,Pleumeleuc,1575,1067,488,1087,20,11,452.0,Droite,2002,législative
35,227,Pleumeleuc,1575,1067,488,1087,20,12,47.0,Extrême Droite,2002,législative
35,227,Pleumeleuc,1575,1067,488,1087,20,13,9.0,Extrême Droite,2002,législative
35,228,Pleurtuit,3422,2225,1155,2267,42,0,15.0,Extrême Gauche,2002,législative
35,228,Pleurtuit,3422,2225,1155,2267,42,1,43.0,Extrême Gauche,2002,législative
35,228,Pleurtuit,3422,2225,1155,2267,42,2,4.0,Extrême Gauche,2002,législative
35,228,Pleurtuit,3422,2225,1155,2267,42,3,41.0,Gauche,2002,législative
35,228,Pleurtuit,3422,2225,1155,2267,42,4,622.0,Gauche,2002,législative
35,228,Pleurtuit,3422,2225,1155,2267,42,5,38.0,Écologie,2002,législative
35,228,Pleurtuit,3422,2225,1155,2267,42,6,9.0,Gauche,2002,législative
35,228,Pleurtuit,3422,2225,1155,2267,42,7,37.0,Écologie,2002,législative
35,228,Pleurtuit,3422,2225,1155,2267,42,8,12.0,Écologie,2002,législative
35,228,Pleurtuit,3422,2225,1155,2267,42,9,19.0,Régionalisme,2002,législative
35,228,Pleurtuit,3422,2225,1155,2267,42,10,58.0,Droite,2002,législative
35,228,Pleurtuit,3422,2225,1155,2267,42,11,0.0,Divers,2002,législative
35,228,Pleurtuit,3422,2225,1155,2267,42,12,1123.0,Droite,2002,législative
35,228,Pleurtuit,3422,2225,1155,2267,42,13,186.0,Extrême Droite,2002,législative
35,228,Pleurtuit,3422,2225,1155,2267,42,14,18.0,Extrême Droite,2002,législative
35,229,Pocé-les-Bois,707,488,201,506,18,0,8.0,Extrême Gauche,2002,législative
35,229,Pocé-les-Bois,707,488,201,506,18,1,7.0,Extrême Gauche,2002,législative
35,229,Pocé-les-Bois,707,488,201,506,18,2,1.0,Gauche,2002,législative
35,229,Pocé-les-Bois,707,488,201,506,18,3,70.0,Gauche,2002,législative
35,229,Pocé-les-Bois,707,488,201,506,18,4,6.0,Gauche,2002,législative
35,229,Pocé-les-Bois,707,488,201,506,18,5,23.0,Écologie,2002,législative
35,229,Pocé-les-Bois,707,488,201,506,18,6,2.0,Écologie,2002,législative
35,229,Pocé-les-Bois,707,488,201,506,18,7,6.0,Régionalisme,2002,législative
35,229,Pocé-les-Bois,707,488,201,506,18,8,5.0,Droite,2002,législative
35,229,Pocé-les-Bois,707,488,201,506,18,9,341.0,Droite,2002,législative
35,229,Pocé-les-Bois,707,488,201,506,18,10,4.0,Droite,2002,législative
35,229,Pocé-les-Bois,707,488,201,506,18,11,12.0,Extrême Droite,2002,législative
35,229,Pocé-les-Bois,707,488,201,506,18,12,3.0,Extrême Droite,2002,législative
35,230,Poilley,330,195,132,198,3,0,2.0,Extrême Gauche,2002,législative
35,230,Poilley,330,195,132,198,3,1,0.0,Extrême Gauche,2002,législative
35,230,Poilley,330,195,132,198,3,2,5.0,Gauche,2002,législative
35,230,Poilley,330,195,132,198,3,3,24.0,Gauche,2002,législative
35,230,Poilley,330,195,132,198,3,4,5.0,Écologie,2002,législative
35,230,Poilley,330,195,132,198,3,5,2.0,Écologie,2002,législative
35,230,Poilley,330,195,132,198,3,6,0.0,Régionalisme,2002,législative
35,230,Poilley,330,195,132,198,3,7,2.0,Divers,2002,législative
35,230,Poilley,330,195,132,198,3,8,125.0,Droite,2002,législative
35,230,Poilley,330,195,132,198,3,9,13.0,Droite,2002,législative
35,230,Poilley,330,195,132,198,3,10,16.0,Extrême Droite,2002,législative
35,230,Poilley,330,195,132,198,3,11,1.0,Extrême Droite,2002,législative
35,231,Poligné,621,410,194,427,17,0,4.0,Extrême Gauche,2002,législative
35,231,Poligné,621,410,194,427,17,1,6.0,Gauche,2002,législative
35,231,Poligné,621,410,194,427,17,2,121.0,Gauche,2002,législative
35,231,Poligné,621,410,194,427,17,3,18.0,Écologie,2002,législative
35,231,Poligné,621,410,194,427,17,4,1.0,Écologie,2002,législative
35,231,Poligné,621,410,194,427,17,5,4.0,Écologie,2002,législative
35,231,Poligné,621,410,194,427,17,6,0.0,Écologie,2002,législative
35,231,Poligné,621,410,194,427,17,7,7.0,Régionalisme,2002,législative
35,231,Poligné,621,410,194,427,17,8,4.0,Droite,2002,législative
35,231,Poligné,621,410,194,427,17,9,122.0,Droite,2002,législative
35,231,Poligné,621,410,194,427,17,10,90.0,Droite,2002,législative
35,231,Poligné,621,410,194,427,17,11,29.0,Extrême Droite,2002,législative
35,231,Poligné,621,410,194,427,17,12,4.0,Extrême Droite,2002,législative
35,232,Princé,282,193,80,202,9,0,3.0,Extrême Gauche,2002,législative
35,232,Princé,282,193,80,202,9,1,0.0,Extrême Gauche,2002,législative
35,232,Princé,282,193,80,202,9,2,1.0,Gauche,2002,législative
35,232,Princé,282,193,80,202,9,3,15.0,Gauche,2002,législative
35,232,Princé,282,193,80,202,9,4,6.0,Gauche,2002,législative
35,232,Princé,282,193,80,202,9,5,6.0,Écologie,2002,législative
35,232,Princé,282,193,80,202,9,6,1.0,Écologie,2002,législative
35,232,Princé,282,193,80,202,9,7,1.0,Régionalisme,2002,législative
35,232,Princé,282,193,80,202,9,8,4.0,Droite,2002,législative
35,232,Princé,282,193,80,202,9,9,142.0,Droite,2002,législative
35,232,Princé,282,193,80,202,9,10,1.0,Droite,2002,législative
35,232,Princé,282,193,80,202,9,11,11.0,Extrême Droite,2002,législative
35,232,Princé,282,193,80,202,9,12,2.0,Extrême Droite,2002,législative
35,233,Québriac,868,578,276,592,14,0,8.0,Extrême Gauche,2002,législative
35,233,Québriac,868,578,276,592,14,1,6.0,Extrême Gauche,2002,législative
35,233,Québriac,868,578,276,592,14,2,4.0,Extrême Gauche,2002,législative
35,233,Québriac,868,578,276,592,14,3,7.0,Gauche,2002,législative
35,233,Québriac,868,578,276,592,14,4,216.0,Gauche,2002,législative
35,233,Québriac,868,578,276,592,14,5,24.0,Écologie,2002,législative
35,233,Québriac,868,578,276,592,14,6,3.0,Gauche,2002,législative
35,233,Québriac,868,578,276,592,14,7,12.0,Écologie,2002,législative
35,233,Québriac,868,578,276,592,14,8,3.0,Écologie,2002,législative
35,233,Québriac,868,578,276,592,14,9,4.0,Régionalisme,2002,législative
35,233,Québriac,868,578,276,592,14,10,13.0,Droite,2002,législative
35,233,Québriac,868,578,276,592,14,11,5.0,Divers,2002,législative
35,233,Québriac,868,578,276,592,14,12,126.0,Centre,2002,législative
35,233,Québriac,868,578,276,592,14,13,107.0,Droite,2002,législative
35,233,Québriac,868,578,276,592,14,14,2.0,Droite,2002,législative
35,233,Québriac,868,578,276,592,14,15,31.0,Extrême Droite,2002,législative
35,233,Québriac,868,578,276,592,14,16,7.0,Extrême Droite,2002,législative
35,234,Quédillac,771,521,239,532,11,0,8.0,Extrême Gauche,2002,législative
35,234,Quédillac,771,521,239,532,11,1,2.0,Extrême Gauche,2002,législative
35,234,Quédillac,771,521,239,532,11,2,1.0,Extrême Gauche,2002,législative
35,234,Quédillac,771,521,239,532,11,3,0.0,Gauche,2002,législative
35,234,Quédillac,771,521,239,532,11,4,153.0,Gauche,2002,législative
35,234,Quédillac,771,521,239,532,11,5,5.0,Gauche,2002,législative
35,234,Quédillac,771,521,239,532,11,6,10.0,Écologie,2002,législative
35,234,Quédillac,771,521,239,532,11,7,2.0,Gauche,2002,législative
35,234,Quédillac,771,521,239,532,11,8,2.0,Écologie,2002,législative
35,234,Quédillac,771,521,239,532,11,9,2.0,Régionalisme,2002,législative
35,234,Quédillac,771,521,239,532,11,10,4.0,Droite,2002,législative
35,234,Quédillac,771,521,239,532,11,11,307.0,Droite,2002,législative
35,234,Quédillac,771,521,239,532,11,12,14.0,Extrême Droite,2002,législative
35,234,Quédillac,771,521,239,532,11,13,11.0,Extrême Droite,2002,législative
35,235,Rannée,897,595,291,606,11,0,7.0,Extrême Gauche,2002,législative
35,235,Rannée,897,595,291,606,11,1,5.0,Extrême Gauche,2002,législative
35,235,Rannée,897,595,291,606,11,2,3.0,Gauche,2002,législative
35,235,Rannée,897,595,291,606,11,3,71.0,Gauche,2002,législative
35,235,Rannée,897,595,291,606,11,4,7.0,Gauche,2002,législative
35,235,Rannée,897,595,291,606,11,5,12.0,Écologie,2002,législative
35,235,Rannée,897,595,291,606,11,6,4.0,Écologie,2002,législative
35,235,Rannée,897,595,291,606,11,7,2.0,Régionalisme,2002,législative
35,235,Rannée,897,595,291,606,11,8,18.0,Droite,2002,législative
35,235,Rannée,897,595,291,606,11,9,426.0,Droite,2002,législative
35,235,Rannée,897,595,291,606,11,10,5.0,Droite,2002,législative
35,235,Rannée,897,595,291,606,11,11,31.0,Extrême Droite,2002,législative
35,235,Rannée,897,595,291,606,11,12,4.0,Extrême Droite,2002,législative
35,236,Redon,6294,3920,2331,3963,43,0,41.0,Extrême Gauche,2002,législative
35,236,Redon,6294,3920,2331,3963,43,1,126.0,Gauche,2002,législative
35,236,Redon,6294,3920,2331,3963,43,2,1262.0,Gauche,2002,législative
35,236,Redon,6294,3920,2331,3963,43,3,185.0,Écologie,2002,législative
35,236,Redon,6294,3920,2331,3963,43,4,23.0,Écologie,2002,législative
35,236,Redon,6294,3920,2331,3963,43,5,31.0,Écologie,2002,législative
35,236,Redon,6294,3920,2331,3963,43,6,9.0,Écologie,2002,législative
35,236,Redon,6294,3920,2331,3963,43,7,147.0,Régionalisme,2002,législative
35,236,Redon,6294,3920,2331,3963,43,8,28.0,Droite,2002,législative
35,236,Redon,6294,3920,2331,3963,43,9,1327.0,Droite,2002,législative
35,236,Redon,6294,3920,2331,3963,43,10,526.0,Droite,2002,législative
35,236,Redon,6294,3920,2331,3963,43,11,200.0,Extrême Droite,2002,législative
35,236,Redon,6294,3920,2331,3963,43,12,15.0,Extrême Droite,2002,législative
35,237,Renac,641,408,228,413,5,0,6.0,Extrême Gauche,2002,législative
35,237,Renac,641,408,228,413,5,1,4.0,Gauche,2002,législative
35,237,Renac,641,408,228,413,5,2,92.0,Gauche,2002,législative
35,237,Renac,641,408,228,413,5,3,16.0,Écologie,2002,législative
35,237,Renac,641,408,228,413,5,4,2.0,Écologie,2002,législative
35,237,Renac,641,408,228,413,5,5,6.0,Écologie,2002,législative
35,237,Renac,641,408,228,413,5,6,1.0,Écologie,2002,législative
35,237,Renac,641,408,228,413,5,7,19.0,Régionalisme,2002,législative
35,237,Renac,641,408,228,413,5,8,13.0,Droite,2002,législative
35,237,Renac,641,408,228,413,5,9,154.0,Droite,2002,législative
35,237,Renac,641,408,228,413,5,10,55.0,Droite,2002,législative
35,237,Renac,641,408,228,413,5,11,36.0,Extrême Droite,2002,législative
35,237,Renac,641,408,228,413,5,12,4.0,Extrême Droite,2002,législative
35,238,Rennes,53159,31142,21608,31551,409,0,395.0,Extrême Gauche,2002,législative
35,238,Rennes,53159,31142,21608,31551,409,1,530.0,Extrême Gauche,2002,législative
35,238,Rennes,53159,31142,21608,31551,409,2,88.0,Extrême Gauche,2002,législative
35,238,Rennes,53159,31142,21608,31551,409,3,1039.0,Gauche,2002,législative
35,238,Rennes,53159,31142,21608,31551,409,4,13697.0,Gauche,2002,législative
35,238,Rennes,53159,31142,21608,31551,409,5,881.0,Gauche,2002,législative
35,238,Rennes,53159,31142,21608,31551,409,6,1774.0,Écologie,2002,législative
35,238,Rennes,53159,31142,21608,31551,409,7,239.0,Gauche,2002,législative
35,238,Rennes,53159,31142,21608,31551,409,8,162.0,Écologie,2002,législative
35,238,Rennes,53159,31142,21608,31551,409,9,207.0,Régionalisme,2002,législative
35,238,Rennes,53159,31142,21608,31551,409,10,109.0,Régionalisme,2002,législative
35,238,Rennes,53159,31142,21608,31551,409,11,98.0,Divers,2002,législative
35,238,Rennes,53159,31142,21608,31551,409,12,5273.0,Droite,2002,législative
35,238,Rennes,53159,31142,21608,31551,409,13,2630.0,Centre,2002,législative
35,238,Rennes,53159,31142,21608,31551,409,14,83.0,Droite,2002,législative
35,238,Rennes,53159,31142,21608,31551,409,15,2193.0,Droite,2002,législative
35,238,Rennes,53159,31142,21608,31551,409,16,1492.0,Extrême Droite,2002,législative
35,238,Rennes,53159,31142,21608,31551,409,17,140.0,Extrême Droite,2002,législative
35,238,Rennes,53159,31142,21608,31551,409,18,112.0,Extrême Droite,2002,législative
35,238,Rennes,33617,20887,12524,21093,206,0,234.0,Extrême Gauche,2002,législative
35,238,Rennes,33617,20887,12524,21093,206,1,393.0,Extrême Gauche,2002,législative
35,238,Rennes,33617,20887,12524,21093,206,2,40.0,Extrême Gauche,2002,législative
35,238,Rennes,33617,20887,12524,21093,206,3,292.0,Gauche,2002,législative
35,238,Rennes,33617,20887,12524,21093,206,4,7947.0,Gauche,2002,législative
35,238,Rennes,33617,20887,12524,21093,206,5,1187.0,Écologie,2002,législative
35,238,Rennes,33617,20887,12524,21093,206,6,122.0,Gauche,2002,législative
35,238,Rennes,33617,20887,12524,21093,206,7,174.0,Écologie,2002,législative
35,238,Rennes,33617,20887,12524,21093,206,8,172.0,Écologie,2002,législative
35,238,Rennes,33617,20887,12524,21093,206,9,165.0,Régionalisme,2002,législative
35,238,Rennes,33617,20887,12524,21093,206,10,39.0,Droite,2002,législative
35,238,Rennes,33617,20887,12524,21093,206,11,140.0,Divers,2002,législative
35,238,Rennes,33617,20887,12524,21093,206,12,5701.0,Centre,2002,législative
35,238,Rennes,33617,20887,12524,21093,206,13,3379.0,Droite,2002,législative
35,238,Rennes,33617,20887,12524,21093,206,14,1.0,Droite,2002,législative
35,238,Rennes,33617,20887,12524,21093,206,15,816.0,Extrême Droite,2002,législative
35,238,Rennes,33617,20887,12524,21093,206,16,85.0,Extrême Droite,2002,législative
35,238,Rennes,19379,11546,7703,11676,130,0,156.0,Extrême Gauche,2002,législative
35,238,Rennes,19379,11546,7703,11676,130,1,239.0,Extrême Gauche,2002,législative
35,238,Rennes,19379,11546,7703,11676,130,2,59.0,Extrême Gauche,2002,législative
35,238,Rennes,19379,11546,7703,11676,130,3,282.0,Gauche,2002,législative
35,238,Rennes,19379,11546,7703,11676,130,4,4715.0,Gauche,2002,législative
35,238,Rennes,19379,11546,7703,11676,130,5,334.0,Gauche,2002,législative
35,238,Rennes,19379,11546,7703,11676,130,6,671.0,Écologie,2002,législative
35,238,Rennes,19379,11546,7703,11676,130,7,158.0,Gauche,2002,législative
35,238,Rennes,19379,11546,7703,11676,130,8,90.0,Écologie,2002,législative
35,238,Rennes,19379,11546,7703,11676,130,9,106.0,Régionalisme,2002,législative
35,238,Rennes,19379,11546,7703,11676,130,10,39.0,Droite,2002,législative
35,238,Rennes,19379,11546,7703,11676,130,11,4135.0,Droite,2002,législative
35,238,Rennes,19379,11546,7703,11676,130,12,478.0,Extrême Droite,2002,législative
35,238,Rennes,19379,11546,7703,11676,130,13,84.0,Extrême Droite,2002,législative
35,238,Rennes,9274,5723,3483,5791,68,0,52.0,Extrême Gauche,2002,législative
35,238,Rennes,9274,5723,3483,5791,68,1,108.0,Extrême Gauche,2002,législative
35,238,Rennes,9274,5723,3483,5791,68,2,108.0,Gauche,2002,législative
35,238,Rennes,9274,5723,3483,5791,68,3,2248.0,Gauche,2002,législative
35,238,Rennes,9274,5723,3483,5791,68,4,150.0,Gauche,2002,législative
35,238,Rennes,9274,5723,3483,5791,68,5,390.0,Écologie,2002,législative
35,238,Rennes,9274,5723,3483,5791,68,6,41.0,Écologie,2002,législative
35,238,Rennes,9274,5723,3483,5791,68,7,64.0,Régionalisme,2002,législative
35,238,Rennes,9274,5723,3483,5791,68,8,25.0,Droite,2002,législative
35,238,Rennes,9274,5723,3483,5791,68,9,2252.0,Droite,2002,législative
35,238,Rennes,9274,5723,3483,5791,68,10,74.0,Droite,2002,législative
35,238,Rennes,9274,5723,3483,5791,68,11,177.0,Extrême Droite,2002,législative
35,238,Rennes,9274,5723,3483,5791,68,12,34.0,Extrême Droite,2002,législative
35,239,Retiers,2637,1601,1000,1637,36,0,28.0,Extrême Gauche,2002,législative
35,239,Retiers,2637,1601,1000,1637,36,1,34.0,Extrême Gauche,2002,législative
35,239,Retiers,2637,1601,1000,1637,36,2,39.0,Gauche,2002,législative
35,239,Retiers,2637,1601,1000,1637,36,3,251.0,Gauche,2002,législative
35,239,Retiers,2637,1601,1000,1637,36,4,18.0,Gauche,2002,législative
35,239,Retiers,2637,1601,1000,1637,36,5,46.0,Écologie,2002,législative
35,239,Retiers,2637,1601,1000,1637,36,6,10.0,Écologie,2002,législative
35,239,Retiers,2637,1601,1000,1637,36,7,11.0,Régionalisme,2002,législative
35,239,Retiers,2637,1601,1000,1637,36,8,64.0,Droite,2002,législative
35,239,Retiers,2637,1601,1000,1637,36,9,1011.0,Droite,2002,législative
35,239,Retiers,2637,1601,1000,1637,36,10,11.0,Droite,2002,législative
35,239,Retiers,2637,1601,1000,1637,36,11,66.0,Extrême Droite,2002,législative
35,239,Retiers,2637,1601,1000,1637,36,12,12.0,Extrême Droite,2002,législative
35,240,Le Rheu,4356,2989,1311,3045,56,0,29.0,Extrême Gauche,2002,législative
35,240,Le Rheu,4356,2989,1311,3045,56,1,33.0,Extrême Gauche,2002,législative
35,240,Le Rheu,4356,2989,1311,3045,56,2,12.0,Extrême Gauche,2002,législative
35,240,Le Rheu,4356,2989,1311,3045,56,3,46.0,Gauche,2002,législative
35,240,Le Rheu,4356,2989,1311,3045,56,4,1220.0,Gauche,2002,législative
35,240,Le Rheu,4356,2989,1311,3045,56,5,63.0,Gauche,2002,législative
35,240,Le Rheu,4356,2989,1311,3045,56,6,131.0,Écologie,2002,législative
35,240,Le Rheu,4356,2989,1311,3045,56,7,27.0,Gauche,2002,législative
35,240,Le Rheu,4356,2989,1311,3045,56,8,21.0,Écologie,2002,législative
35,240,Le Rheu,4356,2989,1311,3045,56,9,22.0,Régionalisme,2002,législative
35,240,Le Rheu,4356,2989,1311,3045,56,10,8.0,Droite,2002,législative
35,240,Le Rheu,4356,2989,1311,3045,56,11,1216.0,Droite,2002,législative
35,240,Le Rheu,4356,2989,1311,3045,56,12,132.0,Extrême Droite,2002,législative
35,240,Le Rheu,4356,2989,1311,3045,56,13,29.0,Extrême Droite,2002,législative
35,241,La Richardais,1694,1148,523,1171,23,0,14.0,Extrême Gauche,2002,législative
35,241,La Richardais,1694,1148,523,1171,23,1,17.0,Extrême Gauche,2002,législative
35,241,La Richardais,1694,1148,523,1171,23,2,4.0,Extrême Gauche,2002,législative
35,241,La Richardais,1694,1148,523,1171,23,3,40.0,Gauche,2002,législative
35,241,La Richardais,1694,1148,523,1171,23,4,397.0,Gauche,2002,législative
35,241,La Richardais,1694,1148,523,1171,23,5,29.0,Écologie,2002,législative
35,241,La Richardais,1694,1148,523,1171,23,6,8.0,Gauche,2002,législative
35,241,La Richardais,1694,1148,523,1171,23,7,7.0,Écologie,2002,législative
35,241,La Richardais,1694,1148,523,1171,23,8,11.0,Écologie,2002,législative
35,241,La Richardais,1694,1148,523,1171,23,9,19.0,Régionalisme,2002,législative
35,241,La Richardais,1694,1148,523,1171,23,10,14.0,Droite,2002,législative
35,241,La Richardais,1694,1148,523,1171,23,11,3.0,Divers,2002,législative
35,241,La Richardais,1694,1148,523,1171,23,12,492.0,Droite,2002,législative
35,241,La Richardais,1694,1148,523,1171,23,13,84.0,Extrême Droite,2002,législative
35,241,La Richardais,1694,1148,523,1171,23,14,9.0,Extrême Droite,2002,législative
35,242,Rimou,283,189,88,195,6,0,3.0,Extrême Gauche,2002,législative
35,242,Rimou,283,189,88,195,6,1,4.0,Extrême Gauche,2002,législative
35,242,Rimou,283,189,88,195,6,2,4.0,Gauche,2002,législative
35,242,Rimou,283,189,88,195,6,3,38.0,Gauche,2002,législative
35,242,Rimou,283,189,88,195,6,4,29.0,Écologie,2002,législative
35,242,Rimou,283,189,88,195,6,5,0.0,Écologie,2002,législative
35,242,Rimou,283,189,88,195,6,6,0.0,Régionalisme,2002,législative
35,242,Rimou,283,189,88,195,6,7,0.0,Divers,2002,législative
35,242,Rimou,283,189,88,195,6,8,93.0,Droite,2002,législative
35,242,Rimou,283,189,88,195,6,9,11.0,Droite,2002,législative
35,242,Rimou,283,189,88,195,6,10,7.0,Extrême Droite,2002,législative
35,242,Rimou,283,189,88,195,6,11,0.0,Extrême Droite,2002,législative
35,243,Romagné,1486,931,527,959,28,0,12.0,Extrême Gauche,2002,législative
35,243,Romagné,1486,931,527,959,28,1,24.0,Extrême Gauche,2002,législative
35,243,Romagné,1486,931,527,959,28,2,14.0,Gauche,2002,législative
35,243,Romagné,1486,931,527,959,28,3,70.0,Gauche,2002,législative
35,243,Romagné,1486,931,527,959,28,4,126.0,Écologie,2002,législative
35,243,Romagné,1486,931,527,959,28,5,14.0,Écologie,2002,législative
35,243,Romagné,1486,931,527,959,28,6,9.0,Régionalisme,2002,législative
35,243,Romagné,1486,931,527,959,28,7,18.0,Divers,2002,législative
35,243,Romagné,1486,931,527,959,28,8,544.0,Droite,2002,législative
35,243,Romagné,1486,931,527,959,28,9,36.0,Droite,2002,législative
35,243,Romagné,1486,931,527,959,28,10,54.0,Extrême Droite,2002,législative
35,243,Romagné,1486,931,527,959,28,11,10.0,Extrême Droite,2002,législative
35,244,Romazy,207,130,75,132,2,0,1.0,Extrême Gauche,2002,législative
35,244,Romazy,207,130,75,132,2,1,2.0,Extrême Gauche,2002,législative
35,244,Romazy,207,130,75,132,2,2,2.0,Extrême Gauche,2002,législative
35,244,Romazy,207,130,75,132,2,3,0.0,Gauche,2002,législative
35,244,Romazy,207,130,75,132,2,4,50.0,Gauche,2002,législative
35,244,Romazy,207,130,75,132,2,5,2.0,Écologie,2002,législative
35,244,Romazy,207,130,75,132,2,6,0.0,Gauche,2002,législative
35,244,Romazy,207,130,75,132,2,7,2.0,Écologie,2002,législative
35,244,Romazy,207,130,75,132,2,8,0.0,Écologie,2002,législative
35,244,Romazy,207,130,75,132,2,9,2.0,Régionalisme,2002,législative
35,244,Romazy,207,130,75,132,2,10,1.0,Droite,2002,législative
35,244,Romazy,207,130,75,132,2,11,0.0,Divers,2002,législative
35,244,Romazy,207,130,75,132,2,12,26.0,Centre,2002,législative
35,244,Romazy,207,130,75,132,2,13,30.0,Droite,2002,législative
35,244,Romazy,207,130,75,132,2,14,0.0,Droite,2002,législative
35,244,Romazy,207,130,75,132,2,15,9.0,Extrême Droite,2002,législative
35,244,Romazy,207,130,75,132,2,16,3.0,Extrême Droite,2002,législative
35,245,Romillé,2059,1427,606,1453,26,0,23.0,Extrême Gauche,2002,législative
35,245,Romillé,2059,1427,606,1453,26,1,18.0,Extrême Gauche,2002,législative
35,245,Romillé,2059,1427,606,1453,26,2,2.0,Extrême Gauche,2002,législative
35,245,Romillé,2059,1427,606,1453,26,3,18.0,Gauche,2002,législative
35,245,Romillé,2059,1427,606,1453,26,4,534.0,Gauche,2002,législative
35,245,Romillé,2059,1427,606,1453,26,5,26.0,Gauche,2002,législative
35,245,Romillé,2059,1427,606,1453,26,6,44.0,Écologie,2002,législative
35,245,Romillé,2059,1427,606,1453,26,7,12.0,Gauche,2002,législative
35,245,Romillé,2059,1427,606,1453,26,8,11.0,Écologie,2002,législative
35,245,Romillé,2059,1427,606,1453,26,9,14.0,Régionalisme,2002,législative
35,245,Romillé,2059,1427,606,1453,26,10,15.0,Droite,2002,législative
35,245,Romillé,2059,1427,606,1453,26,11,644.0,Droite,2002,législative
35,245,Romillé,2059,1427,606,1453,26,12,58.0,Extrême Droite,2002,législative
35,245,Romillé,2059,1427,606,1453,26,13,8.0,Extrême Droite,2002,législative
35,246,Roz-Landrieux,850,484,351,499,15,0,16.0,Extrême Gauche,2002,législative
35,246,Roz-Landrieux,850,484,351,499,15,1,6.0,Extrême Gauche,2002,législative
35,246,Roz-Landrieux,850,484,351,499,15,2,1.0,Extrême Gauche,2002,législative
35,246,Roz-Landrieux,850,484,351,499,15,3,6.0,Gauche,2002,législative
35,246,Roz-Landrieux,850,484,351,499,15,4,159.0,Gauche,2002,législative
35,246,Roz-Landrieux,850,484,351,499,15,5,19.0,Écologie,2002,législative
35,246,Roz-Landrieux,850,484,351,499,15,6,1.0,Gauche,2002,législative
35,246,Roz-Landrieux,850,484,351,499,15,7,2.0,Écologie,2002,législative
35,246,Roz-Landrieux,850,484,351,499,15,8,6.0,Écologie,2002,législative
35,246,Roz-Landrieux,850,484,351,499,15,9,3.0,Régionalisme,2002,législative
35,246,Roz-Landrieux,850,484,351,499,15,10,14.0,Droite,2002,législative
35,246,Roz-Landrieux,850,484,351,499,15,11,3.0,Divers,2002,législative
35,246,Roz-Landrieux,850,484,351,499,15,12,215.0,Droite,2002,législative
35,246,Roz-Landrieux,850,484,351,499,15,13,31.0,Extrême Droite,2002,législative
35,246,Roz-Landrieux,850,484,351,499,15,14,2.0,Extrême Droite,2002,législative
35,247,Roz-sur-Couesnon,774,504,257,517,13,0,6.0,Extrême Gauche,2002,législative
35,247,Roz-sur-Couesnon,774,504,257,517,13,1,9.0,Extrême Gauche,2002,législative
35,247,Roz-sur-Couesnon,774,504,257,517,13,2,0.0,Extrême Gauche,2002,législative
35,247,Roz-sur-Couesnon,774,504,257,517,13,3,14.0,Gauche,2002,législative
35,247,Roz-sur-Couesnon,774,504,257,517,13,4,122.0,Gauche,2002,législative
35,247,Roz-sur-Couesnon,774,504,257,517,13,5,10.0,Écologie,2002,législative
35,247,Roz-sur-Couesnon,774,504,257,517,13,6,0.0,Gauche,2002,législative
35,247,Roz-sur-Couesnon,774,504,257,517,13,7,3.0,Écologie,2002,législative
35,247,Roz-sur-Couesnon,774,504,257,517,13,8,4.0,Écologie,2002,législative
35,247,Roz-sur-Couesnon,774,504,257,517,13,9,7.0,Régionalisme,2002,législative
35,247,Roz-sur-Couesnon,774,504,257,517,13,10,62.0,Droite,2002,législative
35,247,Roz-sur-Couesnon,774,504,257,517,13,11,0.0,Divers,2002,législative
35,247,Roz-sur-Couesnon,774,504,257,517,13,12,233.0,Droite,2002,législative
35,247,Roz-sur-Couesnon,774,504,257,517,13,13,31.0,Extrême Droite,2002,législative
35,247,Roz-sur-Couesnon,774,504,257,517,13,14,3.0,Extrême Droite,2002,législative
35,248,Sains,387,239,145,242,3,0,2.0,Extrême Gauche,2002,législative
35,248,Sains,387,239,145,242,3,1,8.0,Extrême Gauche,2002,législative
35,248,Sains,387,239,145,242,3,2,3.0,Extrême Gauche,2002,législative
35,248,Sains,387,239,145,242,3,3,5.0,Gauche,2002,législative
35,248,Sains,387,239,145,242,3,4,89.0,Gauche,2002,législative
35,248,Sains,387,239,145,242,3,5,6.0,Écologie,2002,législative
35,248,Sains,387,239,145,242,3,6,2.0,Gauche,2002,législative
35,248,Sains,387,239,145,242,3,7,1.0,Écologie,2002,législative
35,248,Sains,387,239,145,242,3,8,1.0,Écologie,2002,législative
35,248,Sains,387,239,145,242,3,9,0.0,Régionalisme,2002,législative
35,248,Sains,387,239,145,242,3,10,15.0,Droite,2002,législative
35,248,Sains,387,239,145,242,3,11,0.0,Divers,2002,législative
35,248,Sains,387,239,145,242,3,12,93.0,Droite,2002,législative
35,248,Sains,387,239,145,242,3,13,11.0,Extrême Droite,2002,législative
35,248,Sains,387,239,145,242,3,14,3.0,Extrême Droite,2002,législative
35,249,Sainte-Anne-sur-Vilaine,624,433,177,447,14,0,9.0,Extrême Gauche,2002,législative
35,249,Sainte-Anne-sur-Vilaine,624,433,177,447,14,1,6.0,Gauche,2002,législative
35,249,Sainte-Anne-sur-Vilaine,624,433,177,447,14,2,66.0,Gauche,2002,législative
35,249,Sainte-Anne-sur-Vilaine,624,433,177,447,14,3,15.0,Écologie,2002,législative
35,249,Sainte-Anne-sur-Vilaine,624,433,177,447,14,4,4.0,Écologie,2002,législative
35,249,Sainte-Anne-sur-Vilaine,624,433,177,447,14,5,3.0,Écologie,2002,législative
35,249,Sainte-Anne-sur-Vilaine,624,433,177,447,14,6,0.0,Écologie,2002,législative
35,249,Sainte-Anne-sur-Vilaine,624,433,177,447,14,7,9.0,Régionalisme,2002,législative
35,249,Sainte-Anne-sur-Vilaine,624,433,177,447,14,8,14.0,Droite,2002,législative
35,249,Sainte-Anne-sur-Vilaine,624,433,177,447,14,9,174.0,Droite,2002,législative
35,249,Sainte-Anne-sur-Vilaine,624,433,177,447,14,10,103.0,Droite,2002,législative
35,249,Sainte-Anne-sur-Vilaine,624,433,177,447,14,11,27.0,Extrême Droite,2002,législative
35,249,Sainte-Anne-sur-Vilaine,624,433,177,447,14,12,3.0,Extrême Droite,2002,législative
35,250,Saint-Armel,1057,726,316,741,15,0,16.0,Extrême Gauche,2002,législative
35,250,Saint-Armel,1057,726,316,741,15,1,25.0,Extrême Gauche,2002,législative
35,250,Saint-Armel,1057,726,316,741,15,2,15.0,Gauche,2002,législative
35,250,Saint-Armel,1057,726,316,741,15,3,244.0,Gauche,2002,législative
35,250,Saint-Armel,1057,726,316,741,15,4,16.0,Gauche,2002,législative
35,250,Saint-Armel,1057,726,316,741,15,5,41.0,Écologie,2002,législative
35,250,Saint-Armel,1057,726,316,741,15,6,10.0,Écologie,2002,législative
35,250,Saint-Armel,1057,726,316,741,15,7,15.0,Régionalisme,2002,législative
35,250,Saint-Armel,1057,726,316,741,15,8,7.0,Droite,2002,législative
35,250,Saint-Armel,1057,726,316,741,15,9,301.0,Droite,2002,législative
35,250,Saint-Armel,1057,726,316,741,15,10,8.0,Droite,2002,législative
35,250,Saint-Armel,1057,726,316,741,15,11,23.0,Extrême Droite,2002,législative
35,250,Saint-Armel,1057,726,316,741,15,12,5.0,Extrême Droite,2002,législative
35,251,Saint-Aubin-d'Aubigné,1910,1217,648,1262,45,0,24.0,Extrême Gauche,2002,législative
35,251,Saint-Aubin-d'Aubigné,1910,1217,648,1262,45,1,15.0,Extrême Gauche,2002,législative
35,251,Saint-Aubin-d'Aubigné,1910,1217,648,1262,45,2,11.0,Extrême Gauche,2002,législative
35,251,Saint-Aubin-d'Aubigné,1910,1217,648,1262,45,3,12.0,Gauche,2002,législative
35,251,Saint-Aubin-d'Aubigné,1910,1217,648,1262,45,4,479.0,Gauche,2002,législative
35,251,Saint-Aubin-d'Aubigné,1910,1217,648,1262,45,5,41.0,Écologie,2002,législative
35,251,Saint-Aubin-d'Aubigné,1910,1217,648,1262,45,6,2.0,Gauche,2002,législative
35,251,Saint-Aubin-d'Aubigné,1910,1217,648,1262,45,7,11.0,Écologie,2002,législative
35,251,Saint-Aubin-d'Aubigné,1910,1217,648,1262,45,8,7.0,Écologie,2002,législative
35,251,Saint-Aubin-d'Aubigné,1910,1217,648,1262,45,9,11.0,Régionalisme,2002,législative
35,251,Saint-Aubin-d'Aubigné,1910,1217,648,1262,45,10,17.0,Droite,2002,législative
35,251,Saint-Aubin-d'Aubigné,1910,1217,648,1262,45,11,1.0,Divers,2002,législative
35,251,Saint-Aubin-d'Aubigné,1910,1217,648,1262,45,12,290.0,Centre,2002,législative
35,251,Saint-Aubin-d'Aubigné,1910,1217,648,1262,45,13,228.0,Droite,2002,législative
35,251,Saint-Aubin-d'Aubigné,1910,1217,648,1262,45,14,1.0,Droite,2002,législative
35,251,Saint-Aubin-d'Aubigné,1910,1217,648,1262,45,15,63.0,Extrême Droite,2002,législative
35,251,Saint-Aubin-d'Aubigné,1910,1217,648,1262,45,16,4.0,Extrême Droite,2002,législative
35,252,Saint-Aubin-des-Landes,638,426,205,433,7,0,9.0,Extrême Gauche,2002,législative
35,252,Saint-Aubin-des-Landes,638,426,205,433,7,1,3.0,Extrême Gauche,2002,législative
35,252,Saint-Aubin-des-Landes,638,426,205,433,7,2,3.0,Gauche,2002,législative
35,252,Saint-Aubin-des-Landes,638,426,205,433,7,3,45.0,Gauche,2002,législative
35,252,Saint-Aubin-des-Landes,638,426,205,433,7,4,4.0,Gauche,2002,législative
35,252,Saint-Aubin-des-Landes,638,426,205,433,7,5,31.0,Écologie,2002,législative
35,252,Saint-Aubin-des-Landes,638,426,205,433,7,6,1.0,Écologie,2002,législative
35,252,Saint-Aubin-des-Landes,638,426,205,433,7,7,6.0,Régionalisme,2002,législative
35,252,Saint-Aubin-des-Landes,638,426,205,433,7,8,6.0,Droite,2002,législative
35,252,Saint-Aubin-des-Landes,638,426,205,433,7,9,286.0,Droite,2002,législative
35,252,Saint-Aubin-des-Landes,638,426,205,433,7,10,6.0,Droite,2002,législative
35,252,Saint-Aubin-des-Landes,638,426,205,433,7,11,19.0,Extrême Droite,2002,législative
35,252,Saint-Aubin-des-Landes,638,426,205,433,7,12,7.0,Extrême Droite,2002,législative
35,253,Saint-Aubin-du-Cormier,1771,1209,532,1239,30,0,17.0,Extrême Gauche,2002,législative
35,253,Saint-Aubin-du-Cormier,1771,1209,532,1239,30,1,30.0,Extrême Gauche,2002,législative
35,253,Saint-Aubin-du-Cormier,1771,1209,532,1239,30,2,6.0,Gauche,2002,législative
35,253,Saint-Aubin-du-Cormier,1771,1209,532,1239,30,3,204.0,Gauche,2002,législative
35,253,Saint-Aubin-du-Cormier,1771,1209,532,1239,30,4,161.0,Écologie,2002,législative
35,253,Saint-Aubin-du-Cormier,1771,1209,532,1239,30,5,6.0,Écologie,2002,législative
35,253,Saint-Aubin-du-Cormier,1771,1209,532,1239,30,6,38.0,Régionalisme,2002,législative
35,253,Saint-Aubin-du-Cormier,1771,1209,532,1239,30,7,8.0,Divers,2002,législative
35,253,Saint-Aubin-du-Cormier,1771,1209,532,1239,30,8,390.0,Droite,2002,législative
35,253,Saint-Aubin-du-Cormier,1771,1209,532,1239,30,9,287.0,Droite,2002,législative
35,253,Saint-Aubin-du-Cormier,1771,1209,532,1239,30,10,56.0,Extrême Droite,2002,législative
35,253,Saint-Aubin-du-Cormier,1771,1209,532,1239,30,11,6.0,Extrême Droite,2002,législative
35,254,Saint-Aubin-du-Pavail,420,302,108,312,10,0,5.0,Extrême Gauche,2002,législative
35,254,Saint-Aubin-du-Pavail,420,302,108,312,10,1,4.0,Extrême Gauche,2002,législative
35,254,Saint-Aubin-du-Pavail,420,302,108,312,10,2,8.0,Gauche,2002,législative
35,254,Saint-Aubin-du-Pavail,420,302,108,312,10,3,70.0,Gauche,2002,législative
35,254,Saint-Aubin-du-Pavail,420,302,108,312,10,4,6.0,Gauche,2002,législative
35,254,Saint-Aubin-du-Pavail,420,302,108,312,10,5,13.0,Écologie,2002,législative
35,254,Saint-Aubin-du-Pavail,420,302,108,312,10,6,2.0,Écologie,2002,législative
35,254,Saint-Aubin-du-Pavail,420,302,108,312,10,7,3.0,Régionalisme,2002,législative
35,254,Saint-Aubin-du-Pavail,420,302,108,312,10,8,5.0,Droite,2002,législative
35,254,Saint-Aubin-du-Pavail,420,302,108,312,10,9,164.0,Droite,2002,législative
35,254,Saint-Aubin-du-Pavail,420,302,108,312,10,10,4.0,Droite,2002,législative
35,254,Saint-Aubin-du-Pavail,420,302,108,312,10,11,17.0,Extrême Droite,2002,législative
35,254,Saint-Aubin-du-Pavail,420,302,108,312,10,12,1.0,Extrême Droite,2002,législative
35,255,Saint-Benoît-des-Ondes,705,474,220,485,11,0,10.0,Extrême Gauche,2002,législative
35,255,Saint-Benoît-des-Ondes,705,474,220,485,11,1,8.0,Extrême Gauche,2002,législative
35,255,Saint-Benoît-des-Ondes,705,474,220,485,11,2,2.0,Extrême Gauche,2002,législative
35,255,Saint-Benoît-des-Ondes,705,474,220,485,11,3,9.0,Gauche,2002,législative
35,255,Saint-Benoît-des-Ondes,705,474,220,485,11,4,135.0,Gauche,2002,législative
35,255,Saint-Benoît-des-Ondes,705,474,220,485,11,5,8.0,Écologie,2002,législative
35,255,Saint-Benoît-des-Ondes,705,474,220,485,11,6,5.0,Gauche,2002,législative
35,255,Saint-Benoît-des-Ondes,705,474,220,485,11,7,1.0,Écologie,2002,législative
35,255,Saint-Benoît-des-Ondes,705,474,220,485,11,8,1.0,Écologie,2002,législative
35,255,Saint-Benoît-des-Ondes,705,474,220,485,11,9,10.0,Régionalisme,2002,législative
35,255,Saint-Benoît-des-Ondes,705,474,220,485,11,10,31.0,Droite,2002,législative
35,255,Saint-Benoît-des-Ondes,705,474,220,485,11,11,1.0,Divers,2002,législative
35,255,Saint-Benoît-des-Ondes,705,474,220,485,11,12,205.0,Droite,2002,législative
35,255,Saint-Benoît-des-Ondes,705,474,220,485,11,13,40.0,Extrême Droite,2002,législative
35,255,Saint-Benoît-des-Ondes,705,474,220,485,11,14,8.0,Extrême Droite,2002,législative
35,256,Saint-Briac-sur-Mer,2029,1425,587,1442,17,0,8.0,Extrême Gauche,2002,législative
35,256,Saint-Briac-sur-Mer,2029,1425,587,1442,17,1,22.0,Extrême Gauche,2002,législative
35,256,Saint-Briac-sur-Mer,2029,1425,587,1442,17,2,2.0,Extrême Gauche,2002,législative
35,256,Saint-Briac-sur-Mer,2029,1425,587,1442,17,3,16.0,Gauche,2002,législative
35,256,Saint-Briac-sur-Mer,2029,1425,587,1442,17,4,363.0,Gauche,2002,législative
35,256,Saint-Briac-sur-Mer,2029,1425,587,1442,17,5,25.0,Écologie,2002,législative
35,256,Saint-Briac-sur-Mer,2029,1425,587,1442,17,6,4.0,Gauche,2002,législative
35,256,Saint-Briac-sur-Mer,2029,1425,587,1442,17,7,14.0,Écologie,2002,législative
35,256,Saint-Briac-sur-Mer,2029,1425,587,1442,17,8,29.0,Écologie,2002,législative
35,256,Saint-Briac-sur-Mer,2029,1425,587,1442,17,9,9.0,Régionalisme,2002,législative
35,256,Saint-Briac-sur-Mer,2029,1425,587,1442,17,10,19.0,Droite,2002,législative
35,256,Saint-Briac-sur-Mer,2029,1425,587,1442,17,11,4.0,Divers,2002,législative
35,256,Saint-Briac-sur-Mer,2029,1425,587,1442,17,12,818.0,Droite,2002,législative
35,256,Saint-Briac-sur-Mer,2029,1425,587,1442,17,13,75.0,Extrême Droite,2002,législative
35,256,Saint-Briac-sur-Mer,2029,1425,587,1442,17,14,17.0,Extrême Droite,2002,législative
35,257,Saint-Brice-en-Coglès,1893,1228,616,1277,49,0,23.0,Extrême Gauche,2002,législative
35,257,Saint-Brice-en-Coglès,1893,1228,616,1277,49,1,64.0,Extrême Gauche,2002,législative
35,257,Saint-Brice-en-Coglès,1893,1228,616,1277,49,2,15.0,Gauche,2002,législative
35,257,Saint-Brice-en-Coglès,1893,1228,616,1277,49,3,186.0,Gauche,2002,législative
35,257,Saint-Brice-en-Coglès,1893,1228,616,1277,49,4,182.0,Écologie,2002,législative
35,257,Saint-Brice-en-Coglès,1893,1228,616,1277,49,5,3.0,Écologie,2002,législative
35,257,Saint-Brice-en-Coglès,1893,1228,616,1277,49,6,9.0,Régionalisme,2002,législative
35,257,Saint-Brice-en-Coglès,1893,1228,616,1277,49,7,5.0,Divers,2002,législative
35,257,Saint-Brice-en-Coglès,1893,1228,616,1277,49,8,620.0,Droite,2002,législative
35,257,Saint-Brice-en-Coglès,1893,1228,616,1277,49,9,34.0,Droite,2002,législative
35,257,Saint-Brice-en-Coglès,1893,1228,616,1277,49,10,72.0,Extrême Droite,2002,législative
35,257,Saint-Brice-en-Coglès,1893,1228,616,1277,49,11,15.0,Extrême Droite,2002,législative
35,258,Saint-Brieuc-des-Iffs,228,155,68,160,5,0,1.0,Extrême Gauche,2002,législative
35,258,Saint-Brieuc-des-Iffs,228,155,68,160,5,1,3.0,Extrême Gauche,2002,législative
35,258,Saint-Brieuc-des-Iffs,228,155,68,160,5,2,0.0,Extrême Gauche,2002,législative
35,258,Saint-Brieuc-des-Iffs,228,155,68,160,5,3,1.0,Gauche,2002,législative
35,258,Saint-Brieuc-des-Iffs,228,155,68,160,5,4,46.0,Gauche,2002,législative
35,258,Saint-Brieuc-des-Iffs,228,155,68,160,5,5,2.0,Gauche,2002,législative
35,258,Saint-Brieuc-des-Iffs,228,155,68,160,5,6,14.0,Écologie,2002,législative
35,258,Saint-Brieuc-des-Iffs,228,155,68,160,5,7,0.0,Gauche,2002,législative
35,258,Saint-Brieuc-des-Iffs,228,155,68,160,5,8,0.0,Écologie,2002,législative
35,258,Saint-Brieuc-des-Iffs,228,155,68,160,5,9,2.0,Régionalisme,2002,législative
35,258,Saint-Brieuc-des-Iffs,228,155,68,160,5,10,4.0,Droite,2002,législative
35,258,Saint-Brieuc-des-Iffs,228,155,68,160,5,11,80.0,Droite,2002,législative
35,258,Saint-Brieuc-des-Iffs,228,155,68,160,5,12,2.0,Extrême Droite,2002,législative
35,258,Saint-Brieuc-des-Iffs,228,155,68,160,5,13,0.0,Extrême Droite,2002,législative
35,259,Saint-Broladre,758,505,239,519,14,0,8.0,Extrême Gauche,2002,législative
35,259,Saint-Broladre,758,505,239,519,14,1,7.0,Extrême Gauche,2002,législative
35,259,Saint-Broladre,758,505,239,519,14,2,1.0,Extrême Gauche,2002,législative
35,259,Saint-Broladre,758,505,239,519,14,3,18.0,Gauche,2002,législative
35,259,Saint-Broladre,758,505,239,519,14,4,110.0,Gauche,2002,législative
35,259,Saint-Broladre,758,505,239,519,14,5,10.0,Écologie,2002,législative
35,259,Saint-Broladre,758,505,239,519,14,6,1.0,Gauche,2002,législative
35,259,Saint-Broladre,758,505,239,519,14,7,8.0,Écologie,2002,législative
35,259,Saint-Broladre,758,505,239,519,14,8,5.0,Écologie,2002,législative
35,259,Saint-Broladre,758,505,239,519,14,9,6.0,Régionalisme,2002,législative
35,259,Saint-Broladre,758,505,239,519,14,10,57.0,Droite,2002,législative
35,259,Saint-Broladre,758,505,239,519,14,11,1.0,Divers,2002,législative
35,259,Saint-Broladre,758,505,239,519,14,12,232.0,Droite,2002,législative
35,259,Saint-Broladre,758,505,239,519,14,13,36.0,Extrême Droite,2002,législative
35,259,Saint-Broladre,758,505,239,519,14,14,5.0,Extrême Droite,2002,législative
35,260,Saint-Christophe-des-Bois,369,253,110,259,6,0,6.0,Extrême Gauche,2002,législative
35,260,Saint-Christophe-des-Bois,369,253,110,259,6,1,2.0,Extrême Gauche,2002,législative
35,260,Saint-Christophe-des-Bois,369,253,110,259,6,2,3.0,Gauche,2002,législative
35,260,Saint-Christophe-des-Bois,369,253,110,259,6,3,27.0,Gauche,2002,législative
35,260,Saint-Christophe-des-Bois,369,253,110,259,6,4,4.0,Gauche,2002,législative
35,260,Saint-Christophe-des-Bois,369,253,110,259,6,5,13.0,Écologie,2002,législative
35,260,Saint-Christophe-des-Bois,369,253,110,259,6,6,2.0,Écologie,2002,législative
35,260,Saint-Christophe-des-Bois,369,253,110,259,6,7,5.0,Régionalisme,2002,législative
35,260,Saint-Christophe-des-Bois,369,253,110,259,6,8,4.0,Droite,2002,législative
35,260,Saint-Christophe-des-Bois,369,253,110,259,6,9,168.0,Droite,2002,législative
35,260,Saint-Christophe-des-Bois,369,253,110,259,6,10,2.0,Droite,2002,législative
35,260,Saint-Christophe-des-Bois,369,253,110,259,6,11,12.0,Extrême Droite,2002,législative
35,260,Saint-Christophe-des-Bois,369,253,110,259,6,12,5.0,Extrême Droite,2002,législative
35,261,Saint-Christophe-de-Valains,107,85,19,88,3,0,1.0,Extrême Gauche,2002,législative
35,261,Saint-Christophe-de-Valains,107,85,19,88,3,1,0.0,Extrême Gauche,2002,législative
35,261,Saint-Christophe-de-Valains,107,85,19,88,3,2,0.0,Gauche,2002,législative
35,261,Saint-Christophe-de-Valains,107,85,19,88,3,3,28.0,Gauche,2002,législative
35,261,Saint-Christophe-de-Valains,107,85,19,88,3,4,16.0,Écologie,2002,législative
35,261,Saint-Christophe-de-Valains,107,85,19,88,3,5,1.0,Écologie,2002,législative
35,261,Saint-Christophe-de-Valains,107,85,19,88,3,6,5.0,Régionalisme,2002,législative
35,261,Saint-Christophe-de-Valains,107,85,19,88,3,7,1.0,Divers,2002,législative
35,261,Saint-Christophe-de-Valains,107,85,19,88,3,8,22.0,Droite,2002,législative
35,261,Saint-Christophe-de-Valains,107,85,19,88,3,9,5.0,Droite,2002,législative
35,261,Saint-Christophe-de-Valains,107,85,19,88,3,10,5.0,Extrême Droite,2002,législative
35,261,Saint-Christophe-de-Valains,107,85,19,88,3,11,1.0,Extrême Droite,2002,législative
35,262,Sainte-Colombe,211,124,84,127,3,0,1.0,Extrême Gauche,2002,législative
35,262,Sainte-Colombe,211,124,84,127,3,1,1.0,Extrême Gauche,2002,législative
35,262,Sainte-Colombe,211,124,84,127,3,2,3.0,Gauche,2002,législative
35,262,Sainte-Colombe,211,124,84,127,3,3,11.0,Gauche,2002,législative
35,262,Sainte-Colombe,211,124,84,127,3,4,1.0,Gauche,2002,législative
35,262,Sainte-Colombe,211,124,84,127,3,5,4.0,Écologie,2002,législative
35,262,Sainte-Colombe,211,124,84,127,3,6,1.0,Écologie,2002,législative
35,262,Sainte-Colombe,211,124,84,127,3,7,5.0,Régionalisme,2002,législative
35,262,Sainte-Colombe,211,124,84,127,3,8,10.0,Droite,2002,législative
35,262,Sainte-Colombe,211,124,84,127,3,9,85.0,Droite,2002,législative
35,262,Sainte-Colombe,211,124,84,127,3,10,1.0,Droite,2002,législative
35,262,Sainte-Colombe,211,124,84,127,3,11,0.0,Extrême Droite,2002,législative
35,262,Sainte-Colombe,211,124,84,127,3,12,1.0,Extrême Droite,2002,législative
35,263,Saint-Coulomb,1746,1179,545,1201,22,0,13.0,Extrême Gauche,2002,législative
35,263,Saint-Coulomb,1746,1179,545,1201,22,1,9.0,Extrême Gauche,2002,législative
35,263,Saint-Coulomb,1746,1179,545,1201,22,2,5.0,Extrême Gauche,2002,législative
35,263,Saint-Coulomb,1746,1179,545,1201,22,3,12.0,Gauche,2002,législative
35,263,Saint-Coulomb,1746,1179,545,1201,22,4,263.0,Gauche,2002,législative
35,263,Saint-Coulomb,1746,1179,545,1201,22,5,47.0,Écologie,2002,législative
35,263,Saint-Coulomb,1746,1179,545,1201,22,6,3.0,Gauche,2002,législative
35,263,Saint-Coulomb,1746,1179,545,1201,22,7,7.0,Écologie,2002,législative
35,263,Saint-Coulomb,1746,1179,545,1201,22,8,9.0,Écologie,2002,législative
35,263,Saint-Coulomb,1746,1179,545,1201,22,9,19.0,Régionalisme,2002,législative
35,263,Saint-Coulomb,1746,1179,545,1201,22,10,48.0,Droite,2002,législative
35,263,Saint-Coulomb,1746,1179,545,1201,22,11,1.0,Divers,2002,législative
35,263,Saint-Coulomb,1746,1179,545,1201,22,12,618.0,Droite,2002,législative
35,263,Saint-Coulomb,1746,1179,545,1201,22,13,117.0,Extrême Droite,2002,législative
35,263,Saint-Coulomb,1746,1179,545,1201,22,14,8.0,Extrême Droite,2002,législative
35,264,Saint-Didier,996,627,358,638,11,0,14.0,Extrême Gauche,2002,législative
35,264,Saint-Didier,996,627,358,638,11,1,11.0,Extrême Gauche,2002,législative
35,264,Saint-Didier,996,627,358,638,11,2,6.0,Gauche,2002,législative
35,264,Saint-Didier,996,627,358,638,11,3,82.0,Gauche,2002,législative
35,264,Saint-Didier,996,627,358,638,11,4,11.0,Gauche,2002,législative
35,264,Saint-Didier,996,627,358,638,11,5,32.0,Écologie,2002,législative
35,264,Saint-Didier,996,627,358,638,11,6,4.0,Écologie,2002,législative
35,264,Saint-Didier,996,627,358,638,11,7,6.0,Régionalisme,2002,législative
35,264,Saint-Didier,996,627,358,638,11,8,7.0,Droite,2002,législative
35,264,Saint-Didier,996,627,358,638,11,9,396.0,Droite,2002,législative
35,264,Saint-Didier,996,627,358,638,11,10,9.0,Droite,2002,législative
35,264,Saint-Didier,996,627,358,638,11,11,38.0,Extrême Droite,2002,législative
35,264,Saint-Didier,996,627,358,638,11,12,11.0,Extrême Droite,2002,législative
35,265,Saint-Domineuc,1219,846,353,866,20,0,17.0,Extrême Gauche,2002,législative
35,265,Saint-Domineuc,1219,846,353,866,20,1,15.0,Extrême Gauche,2002,législative
35,265,Saint-Domineuc,1219,846,353,866,20,2,9.0,Extrême Gauche,2002,législative
35,265,Saint-Domineuc,1219,846,353,866,20,3,16.0,Gauche,2002,législative
35,265,Saint-Domineuc,1219,846,353,866,20,4,344.0,Gauche,2002,législative
35,265,Saint-Domineuc,1219,846,353,866,20,5,13.0,Écologie,2002,législative
35,265,Saint-Domineuc,1219,846,353,866,20,6,4.0,Gauche,2002,législative
35,265,Saint-Domineuc,1219,846,353,866,20,7,11.0,Écologie,2002,législative
35,265,Saint-Domineuc,1219,846,353,866,20,8,3.0,Écologie,2002,législative
35,265,Saint-Domineuc,1219,846,353,866,20,9,2.0,Régionalisme,2002,législative
35,265,Saint-Domineuc,1219,846,353,866,20,10,13.0,Droite,2002,législative
35,265,Saint-Domineuc,1219,846,353,866,20,11,2.0,Divers,2002,législative
35,265,Saint-Domineuc,1219,846,353,866,20,12,233.0,Centre,2002,législative
35,265,Saint-Domineuc,1219,846,353,866,20,13,109.0,Droite,2002,législative
35,265,Saint-Domineuc,1219,846,353,866,20,14,2.0,Droite,2002,législative
35,265,Saint-Domineuc,1219,846,353,866,20,15,49.0,Extrême Droite,2002,législative
35,265,Saint-Domineuc,1219,846,353,866,20,16,4.0,Extrême Droite,2002,législative
35,266,Saint-Erblon,1705,1261,438,1267,6,0,28.0,Extrême Gauche,2002,législative
35,266,Saint-Erblon,1705,1261,438,1267,6,1,14.0,Gauche,2002,législative
35,266,Saint-Erblon,1705,1261,438,1267,6,2,369.0,Gauche,2002,législative
35,266,Saint-Erblon,1705,1261,438,1267,6,3,49.0,Écologie,2002,législative
35,266,Saint-Erblon,1705,1261,438,1267,6,4,12.0,Écologie,2002,législative
35,266,Saint-Erblon,1705,1261,438,1267,6,5,10.0,Écologie,2002,législative
35,266,Saint-Erblon,1705,1261,438,1267,6,6,1.0,Écologie,2002,législative
35,266,Saint-Erblon,1705,1261,438,1267,6,7,11.0,Régionalisme,2002,législative
35,266,Saint-Erblon,1705,1261,438,1267,6,8,10.0,Droite,2002,législative
35,266,Saint-Erblon,1705,1261,438,1267,6,9,175.0,Droite,2002,législative
35,266,Saint-Erblon,1705,1261,438,1267,6,10,526.0,Droite,2002,législative
35,266,Saint-Erblon,1705,1261,438,1267,6,11,49.0,Extrême Droite,2002,législative
35,266,Saint-Erblon,1705,1261,438,1267,6,12,7.0,Extrême Droite,2002,législative
35,267,Saint-Etienne-en-Coglès,1166,722,413,753,31,0,15.0,Extrême Gauche,2002,législative
35,267,Saint-Etienne-en-Coglès,1166,722,413,753,31,1,24.0,Extrême Gauche,2002,législative
35,267,Saint-Etienne-en-Coglès,1166,722,413,753,31,2,14.0,Gauche,2002,législative
35,267,Saint-Etienne-en-Coglès,1166,722,413,753,31,3,92.0,Gauche,2002,législative
35,267,Saint-Etienne-en-Coglès,1166,722,413,753,31,4,87.0,Écologie,2002,législative
35,267,Saint-Etienne-en-Coglès,1166,722,413,753,31,5,9.0,Écologie,2002,législative
35,267,Saint-Etienne-en-Coglès,1166,722,413,753,31,6,6.0,Régionalisme,2002,législative
35,267,Saint-Etienne-en-Coglès,1166,722,413,753,31,7,3.0,Divers,2002,législative
35,267,Saint-Etienne-en-Coglès,1166,722,413,753,31,8,397.0,Droite,2002,législative
35,267,Saint-Etienne-en-Coglès,1166,722,413,753,31,9,19.0,Droite,2002,législative
35,267,Saint-Etienne-en-Coglès,1166,722,413,753,31,10,48.0,Extrême Droite,2002,législative
35,267,Saint-Etienne-en-Coglès,1166,722,413,753,31,11,8.0,Extrême Droite,2002,législative
35,268,Saint-Ganton,348,203,140,208,5,0,3.0,Extrême Gauche,2002,législative
35,268,Saint-Ganton,348,203,140,208,5,1,3.0,Gauche,2002,législative
35,268,Saint-Ganton,348,203,140,208,5,2,31.0,Gauche,2002,législative
35,268,Saint-Ganton,348,203,140,208,5,3,12.0,Écologie,2002,législative
35,268,Saint-Ganton,348,203,140,208,5,4,3.0,Écologie,2002,législative
35,268,Saint-Ganton,348,203,140,208,5,5,3.0,Écologie,2002,législative
35,268,Saint-Ganton,348,203,140,208,5,6,0.0,Écologie,2002,législative
35,268,Saint-Ganton,348,203,140,208,5,7,15.0,Régionalisme,2002,législative
35,268,Saint-Ganton,348,203,140,208,5,8,1.0,Droite,2002,législative
35,268,Saint-Ganton,348,203,140,208,5,9,73.0,Droite,2002,législative
35,268,Saint-Ganton,348,203,140,208,5,10,30.0,Droite,2002,législative
35,268,Saint-Ganton,348,203,140,208,5,11,27.0,Extrême Droite,2002,législative
35,268,Saint-Ganton,348,203,140,208,5,12,2.0,Extrême Droite,2002,législative
35,269,Saint-Georges-de-Chesné,322,214,96,226,12,0,1.0,Extrême Gauche,2002,législative
35,269,Saint-Georges-de-Chesné,322,214,96,226,12,1,1.0,Extrême Gauche,2002,législative
35,269,Saint-Georges-de-Chesné,322,214,96,226,12,2,5.0,Gauche,2002,législative
35,269,Saint-Georges-de-Chesné,322,214,96,226,12,3,26.0,Gauche,2002,législative
35,269,Saint-Georges-de-Chesné,322,214,96,226,12,4,21.0,Écologie,2002,législative
35,269,Saint-Georges-de-Chesné,322,214,96,226,12,5,1.0,Écologie,2002,législative
35,269,Saint-Georges-de-Chesné,322,214,96,226,12,6,7.0,Régionalisme,2002,législative
35,269,Saint-Georges-de-Chesné,322,214,96,226,12,7,1.0,Divers,2002,législative
35,269,Saint-Georges-de-Chesné,322,214,96,226,12,8,129.0,Droite,2002,législative
35,269,Saint-Georges-de-Chesné,322,214,96,226,12,9,14.0,Droite,2002,législative
35,269,Saint-Georges-de-Chesné,322,214,96,226,12,10,5.0,Extrême Droite,2002,législative
35,269,Saint-Georges-de-Chesné,322,214,96,226,12,11,3.0,Extrême Droite,2002,législative
35,270,Saint-Georges-de-Gréhaigne,311,226,78,233,7,0,4.0,Extrême Gauche,2002,législative
35,270,Saint-Georges-de-Gréhaigne,311,226,78,233,7,1,3.0,Extrême Gauche,2002,législative
35,270,Saint-Georges-de-Gréhaigne,311,226,78,233,7,2,0.0,Extrême Gauche,2002,législative
35,270,Saint-Georges-de-Gréhaigne,311,226,78,233,7,3,3.0,Gauche,2002,législative
35,270,Saint-Georges-de-Gréhaigne,311,226,78,233,7,4,39.0,Gauche,2002,législative
35,270,Saint-Georges-de-Gréhaigne,311,226,78,233,7,5,2.0,Écologie,2002,législative
35,270,Saint-Georges-de-Gréhaigne,311,226,78,233,7,6,1.0,Gauche,2002,législative
35,270,Saint-Georges-de-Gréhaigne,311,226,78,233,7,7,2.0,Écologie,2002,législative
35,270,Saint-Georges-de-Gréhaigne,311,226,78,233,7,8,0.0,Écologie,2002,législative
35,270,Saint-Georges-de-Gréhaigne,311,226,78,233,7,9,0.0,Régionalisme,2002,législative
35,270,Saint-Georges-de-Gréhaigne,311,226,78,233,7,10,72.0,Droite,2002,législative
35,270,Saint-Georges-de-Gréhaigne,311,226,78,233,7,11,0.0,Divers,2002,législative
35,270,Saint-Georges-de-Gréhaigne,311,226,78,233,7,12,77.0,Droite,2002,législative
35,270,Saint-Georges-de-Gréhaigne,311,226,78,233,7,13,21.0,Extrême Droite,2002,législative
35,270,Saint-Georges-de-Gréhaigne,311,226,78,233,7,14,2.0,Extrême Droite,2002,législative
35,271,Saint-Georges-de-Reintembault,1199,699,469,730,31,0,12.0,Extrême Gauche,2002,législative
35,271,Saint-Georges-de-Reintembault,1199,699,469,730,31,1,14.0,Extrême Gauche,2002,législative
35,271,Saint-Georges-de-Reintembault,1199,699,469,730,31,2,9.0,Gauche,2002,législative
35,271,Saint-Georges-de-Reintembault,1199,699,469,730,31,3,54.0,Gauche,2002,législative
35,271,Saint-Georges-de-Reintembault,1199,699,469,730,31,4,42.0,Écologie,2002,législative
35,271,Saint-Georges-de-Reintembault,1199,699,469,730,31,5,2.0,Écologie,2002,législative
35,271,Saint-Georges-de-Reintembault,1199,699,469,730,31,6,4.0,Régionalisme,2002,législative
35,271,Saint-Georges-de-Reintembault,1199,699,469,730,31,7,1.0,Divers,2002,législative
35,271,Saint-Georges-de-Reintembault,1199,699,469,730,31,8,456.0,Droite,2002,législative
35,271,Saint-Georges-de-Reintembault,1199,699,469,730,31,9,39.0,Droite,2002,législative
35,271,Saint-Georges-de-Reintembault,1199,699,469,730,31,10,60.0,Extrême Droite,2002,législative
35,271,Saint-Georges-de-Reintembault,1199,699,469,730,31,11,6.0,Extrême Droite,2002,législative
35,272,Saint-Germain-du-Pinel,541,342,192,349,7,0,6.0,Extrême Gauche,2002,législative
35,272,Saint-Germain-du-Pinel,541,342,192,349,7,1,4.0,Extrême Gauche,2002,législative
35,272,Saint-Germain-du-Pinel,541,342,192,349,7,2,0.0,Gauche,2002,législative
35,272,Saint-Germain-du-Pinel,541,342,192,349,7,3,24.0,Gauche,2002,législative
35,272,Saint-Germain-du-Pinel,541,342,192,349,7,4,0.0,Gauche,2002,législative
35,272,Saint-Germain-du-Pinel,541,342,192,349,7,5,7.0,Écologie,2002,législative
35,272,Saint-Germain-du-Pinel,541,342,192,349,7,6,1.0,Écologie,2002,législative
35,272,Saint-Germain-du-Pinel,541,342,192,349,7,7,2.0,Régionalisme,2002,législative
35,272,Saint-Germain-du-Pinel,541,342,192,349,7,8,5.0,Droite,2002,législative
35,272,Saint-Germain-du-Pinel,541,342,192,349,7,9,277.0,Droite,2002,législative
35,272,Saint-Germain-du-Pinel,541,342,192,349,7,10,3.0,Droite,2002,législative
35,272,Saint-Germain-du-Pinel,541,342,192,349,7,11,12.0,Extrême Droite,2002,législative
35,272,Saint-Germain-du-Pinel,541,342,192,349,7,12,1.0,Extrême Droite,2002,législative
35,273,Saint-Germain-en-Coglès,1420,944,439,981,37,0,5.0,Extrême Gauche,2002,législative
35,273,Saint-Germain-en-Coglès,1420,944,439,981,37,1,31.0,Extrême Gauche,2002,législative
35,273,Saint-Germain-en-Coglès,1420,944,439,981,37,2,13.0,Gauche,2002,législative
35,273,Saint-Germain-en-Coglès,1420,944,439,981,37,3,85.0,Gauche,2002,législative
35,273,Saint-Germain-en-Coglès,1420,944,439,981,37,4,106.0,Écologie,2002,législative
35,273,Saint-Germain-en-Coglès,1420,944,439,981,37,5,5.0,Écologie,2002,législative
35,273,Saint-Germain-en-Coglès,1420,944,439,981,37,6,9.0,Régionalisme,2002,législative
35,273,Saint-Germain-en-Coglès,1420,944,439,981,37,7,9.0,Divers,2002,législative
35,273,Saint-Germain-en-Coglès,1420,944,439,981,37,8,614.0,Droite,2002,législative
35,273,Saint-Germain-en-Coglès,1420,944,439,981,37,9,29.0,Droite,2002,législative
35,273,Saint-Germain-en-Coglès,1420,944,439,981,37,10,34.0,Extrême Droite,2002,législative
35,273,Saint-Germain-en-Coglès,1420,944,439,981,37,11,4.0,Extrême Droite,2002,législative
35,274,Saint-Germain-sur-Ille,536,351,177,359,8,0,7.0,Extrême Gauche,2002,législative
35,274,Saint-Germain-sur-Ille,536,351,177,359,8,1,9.0,Extrême Gauche,2002,législative
35,274,Saint-Germain-sur-Ille,536,351,177,359,8,2,1.0,Extrême Gauche,2002,législative
35,274,Saint-Germain-sur-Ille,536,351,177,359,8,3,1.0,Gauche,2002,législative
35,274,Saint-Germain-sur-Ille,536,351,177,359,8,4,136.0,Gauche,2002,législative
35,274,Saint-Germain-sur-Ille,536,351,177,359,8,5,24.0,Écologie,2002,législative
35,274,Saint-Germain-sur-Ille,536,351,177,359,8,6,0.0,Gauche,2002,législative
35,274,Saint-Germain-sur-Ille,536,351,177,359,8,7,6.0,Écologie,2002,législative
35,274,Saint-Germain-sur-Ille,536,351,177,359,8,8,2.0,Écologie,2002,législative
35,274,Saint-Germain-sur-Ille,536,351,177,359,8,9,2.0,Régionalisme,2002,législative
35,274,Saint-Germain-sur-Ille,536,351,177,359,8,10,4.0,Droite,2002,législative
35,274,Saint-Germain-sur-Ille,536,351,177,359,8,11,4.0,Divers,2002,législative
35,274,Saint-Germain-sur-Ille,536,351,177,359,8,12,92.0,Centre,2002,législative
35,274,Saint-Germain-sur-Ille,536,351,177,359,8,13,48.0,Droite,2002,législative
35,274,Saint-Germain-sur-Ille,536,351,177,359,8,14,2.0,Droite,2002,législative
35,274,Saint-Germain-sur-Ille,536,351,177,359,8,15,11.0,Extrême Droite,2002,législative
35,274,Saint-Germain-sur-Ille,536,351,177,359,8,16,2.0,Extrême Droite,2002,législative
35,275,Saint-Gilles,2707,1865,811,1896,31,0,15.0,Extrême Gauche,2002,législative
35,275,Saint-Gilles,2707,1865,811,1896,31,1,20.0,Extrême Gauche,2002,législative
35,275,Saint-Gilles,2707,1865,811,1896,31,2,5.0,Extrême Gauche,2002,législative
35,275,Saint-Gilles,2707,1865,811,1896,31,3,26.0,Gauche,2002,législative
35,275,Saint-Gilles,2707,1865,811,1896,31,4,733.0,Gauche,2002,législative
35,275,Saint-Gilles,2707,1865,811,1896,31,5,37.0,Gauche,2002,législative
35,275,Saint-Gilles,2707,1865,811,1896,31,6,59.0,Écologie,2002,législative
35,275,Saint-Gilles,2707,1865,811,1896,31,7,6.0,Gauche,2002,législative
35,275,Saint-Gilles,2707,1865,811,1896,31,8,12.0,Écologie,2002,législative
35,275,Saint-Gilles,2707,1865,811,1896,31,9,14.0,Régionalisme,2002,législative
35,275,Saint-Gilles,2707,1865,811,1896,31,10,7.0,Droite,2002,législative
35,275,Saint-Gilles,2707,1865,811,1896,31,11,857.0,Droite,2002,législative
35,275,Saint-Gilles,2707,1865,811,1896,31,12,70.0,Extrême Droite,2002,législative
35,275,Saint-Gilles,2707,1865,811,1896,31,13,4.0,Extrême Droite,2002,législative
35,276,Saint-Gondran,370,236,126,244,8,0,7.0,Extrême Gauche,2002,législative
35,276,Saint-Gondran,370,236,126,244,8,1,10.0,Extrême Gauche,2002,législative
35,276,Saint-Gondran,370,236,126,244,8,2,2.0,Extrême Gauche,2002,législative
35,276,Saint-Gondran,370,236,126,244,8,3,2.0,Gauche,2002,législative
35,276,Saint-Gondran,370,236,126,244,8,4,93.0,Gauche,2002,législative
35,276,Saint-Gondran,370,236,126,244,8,5,12.0,Écologie,2002,législative
35,276,Saint-Gondran,370,236,126,244,8,6,0.0,Gauche,2002,législative
35,276,Saint-Gondran,370,236,126,244,8,7,3.0,Écologie,2002,législative
35,276,Saint-Gondran,370,236,126,244,8,8,4.0,Écologie,2002,législative
35,276,Saint-Gondran,370,236,126,244,8,9,4.0,Régionalisme,2002,législative
35,276,Saint-Gondran,370,236,126,244,8,10,2.0,Droite,2002,législative
35,276,Saint-Gondran,370,236,126,244,8,11,1.0,Divers,2002,législative
35,276,Saint-Gondran,370,236,126,244,8,12,39.0,Centre,2002,législative
35,276,Saint-Gondran,370,236,126,244,8,13,44.0,Droite,2002,législative
35,276,Saint-Gondran,370,236,126,244,8,14,0.0,Droite,2002,législative
35,276,Saint-Gondran,370,236,126,244,8,15,11.0,Extrême Droite,2002,législative
35,276,Saint-Gondran,370,236,126,244,8,16,2.0,Extrême Droite,2002,législative
35,277,Saint-Gonlay,226,138,85,141,3,0,3.0,Extrême Gauche,2002,législative
35,277,Saint-Gonlay,226,138,85,141,3,1,2.0,Extrême Gauche,2002,législative
35,277,Saint-Gonlay,226,138,85,141,3,2,0.0,Extrême Gauche,2002,législative
35,277,Saint-Gonlay,226,138,85,141,3,3,0.0,Gauche,2002,législative
35,277,Saint-Gonlay,226,138,85,141,3,4,51.0,Gauche,2002,législative
35,277,Saint-Gonlay,226,138,85,141,3,5,2.0,Gauche,2002,législative
35,277,Saint-Gonlay,226,138,85,141,3,6,4.0,Écologie,2002,législative
35,277,Saint-Gonlay,226,138,85,141,3,7,0.0,Gauche,2002,législative
35,277,Saint-Gonlay,226,138,85,141,3,8,0.0,Écologie,2002,législative
35,277,Saint-Gonlay,226,138,85,141,3,9,3.0,Régionalisme,2002,législative
35,277,Saint-Gonlay,226,138,85,141,3,10,3.0,Droite,2002,législative
35,277,Saint-Gonlay,226,138,85,141,3,11,58.0,Droite,2002,législative
35,277,Saint-Gonlay,226,138,85,141,3,12,11.0,Extrême Droite,2002,législative
35,277,Saint-Gonlay,226,138,85,141,3,13,1.0,Extrême Droite,2002,législative
35,278,Saint-Grégoire,5891,4114,1720,4171,57,0,24.0,Extrême Gauche,2002,législative
35,278,Saint-Grégoire,5891,4114,1720,4171,57,1,34.0,Extrême Gauche,2002,législative
35,278,Saint-Grégoire,5891,4114,1720,4171,57,2,5.0,Extrême Gauche,2002,législative
35,278,Saint-Grégoire,5891,4114,1720,4171,57,3,46.0,Gauche,2002,législative
35,278,Saint-Grégoire,5891,4114,1720,4171,57,4,1471.0,Gauche,2002,législative
35,278,Saint-Grégoire,5891,4114,1720,4171,57,5,150.0,Écologie,2002,législative
35,278,Saint-Grégoire,5891,4114,1720,4171,57,6,22.0,Gauche,2002,législative
35,278,Saint-Grégoire,5891,4114,1720,4171,57,7,25.0,Écologie,2002,législative
35,278,Saint-Grégoire,5891,4114,1720,4171,57,8,46.0,Écologie,2002,législative
35,278,Saint-Grégoire,5891,4114,1720,4171,57,9,26.0,Régionalisme,2002,législative
35,278,Saint-Grégoire,5891,4114,1720,4171,57,10,9.0,Droite,2002,législative
35,278,Saint-Grégoire,5891,4114,1720,4171,57,11,10.0,Divers,2002,législative
35,278,Saint-Grégoire,5891,4114,1720,4171,57,12,1298.0,Centre,2002,législative
35,278,Saint-Grégoire,5891,4114,1720,4171,57,13,804.0,Droite,2002,législative
35,278,Saint-Grégoire,5891,4114,1720,4171,57,14,0.0,Droite,2002,législative
35,278,Saint-Grégoire,5891,4114,1720,4171,57,15,119.0,Extrême Droite,2002,législative
35,278,Saint-Grégoire,5891,4114,1720,4171,57,16,25.0,Extrême Droite,2002,législative
35,279,Saint-Guinoux,579,373,196,383,10,0,5.0,Extrême Gauche,2002,législative
35,279,Saint-Guinoux,579,373,196,383,10,1,2.0,Extrême Gauche,2002,législative
35,279,Saint-Guinoux,579,373,196,383,10,2,1.0,Extrême Gauche,2002,législative
35,279,Saint-Guinoux,579,373,196,383,10,3,5.0,Gauche,2002,législative
35,279,Saint-Guinoux,579,373,196,383,10,4,105.0,Gauche,2002,législative
35,279,Saint-Guinoux,579,373,196,383,10,5,8.0,Écologie,2002,législative
35,279,Saint-Guinoux,579,373,196,383,10,6,1.0,Gauche,2002,législative
35,279,Saint-Guinoux,579,373,196,383,10,7,4.0,Écologie,2002,législative
35,279,Saint-Guinoux,579,373,196,383,10,8,5.0,Écologie,2002,législative
35,279,Saint-Guinoux,579,373,196,383,10,9,8.0,Régionalisme,2002,législative
35,279,Saint-Guinoux,579,373,196,383,10,10,19.0,Droite,2002,législative
35,279,Saint-Guinoux,579,373,196,383,10,11,2.0,Divers,2002,législative
35,279,Saint-Guinoux,579,373,196,383,10,12,175.0,Droite,2002,législative
35,279,Saint-Guinoux,579,373,196,383,10,13,26.0,Extrême Droite,2002,législative
35,279,Saint-Guinoux,579,373,196,383,10,14,7.0,Extrême Droite,2002,législative
35,280,Saint-Hilaire-des-Landes,707,463,232,475,12,0,5.0,Extrême Gauche,2002,législative
35,280,Saint-Hilaire-des-Landes,707,463,232,475,12,1,9.0,Extrême Gauche,2002,législative
35,280,Saint-Hilaire-des-Landes,707,463,232,475,12,2,6.0,Gauche,2002,législative
35,280,Saint-Hilaire-des-Landes,707,463,232,475,12,3,109.0,Gauche,2002,législative
35,280,Saint-Hilaire-des-Landes,707,463,232,475,12,4,62.0,Écologie,2002,législative
35,280,Saint-Hilaire-des-Landes,707,463,232,475,12,5,4.0,Écologie,2002,législative
35,280,Saint-Hilaire-des-Landes,707,463,232,475,12,6,7.0,Régionalisme,2002,législative
35,280,Saint-Hilaire-des-Landes,707,463,232,475,12,7,0.0,Divers,2002,législative
35,280,Saint-Hilaire-des-Landes,707,463,232,475,12,8,217.0,Droite,2002,législative
35,280,Saint-Hilaire-des-Landes,707,463,232,475,12,9,11.0,Droite,2002,législative
35,280,Saint-Hilaire-des-Landes,707,463,232,475,12,10,28.0,Extrême Droite,2002,législative
35,280,Saint-Hilaire-des-Landes,707,463,232,475,12,11,5.0,Extrême Droite,2002,législative
35,281,Saint-Jacques-de-la-Lande,5234,3459,1727,3507,48,0,58.0,Extrême Gauche,2002,législative
35,281,Saint-Jacques-de-la-Lande,5234,3459,1727,3507,48,1,62.0,Extrême Gauche,2002,législative
35,281,Saint-Jacques-de-la-Lande,5234,3459,1727,3507,48,2,9.0,Extrême Gauche,2002,législative
35,281,Saint-Jacques-de-la-Lande,5234,3459,1727,3507,48,3,107.0,Gauche,2002,législative
35,281,Saint-Jacques-de-la-Lande,5234,3459,1727,3507,48,4,1454.0,Gauche,2002,législative
35,281,Saint-Jacques-de-la-Lande,5234,3459,1727,3507,48,5,45.0,Gauche,2002,législative
35,281,Saint-Jacques-de-la-Lande,5234,3459,1727,3507,48,6,244.0,Écologie,2002,législative
35,281,Saint-Jacques-de-la-Lande,5234,3459,1727,3507,48,7,20.0,Gauche,2002,législative
35,281,Saint-Jacques-de-la-Lande,5234,3459,1727,3507,48,8,25.0,Écologie,2002,législative
35,281,Saint-Jacques-de-la-Lande,5234,3459,1727,3507,48,9,21.0,Régionalisme,2002,législative
35,281,Saint-Jacques-de-la-Lande,5234,3459,1727,3507,48,10,30.0,Régionalisme,2002,législative
35,281,Saint-Jacques-de-la-Lande,5234,3459,1727,3507,48,11,4.0,Divers,2002,législative
35,281,Saint-Jacques-de-la-Lande,5234,3459,1727,3507,48,12,743.0,Droite,2002,législative
35,281,Saint-Jacques-de-la-Lande,5234,3459,1727,3507,48,13,198.0,Centre,2002,législative
35,281,Saint-Jacques-de-la-Lande,5234,3459,1727,3507,48,14,16.0,Droite,2002,législative
35,281,Saint-Jacques-de-la-Lande,5234,3459,1727,3507,48,15,260.0,Droite,2002,législative
35,281,Saint-Jacques-de-la-Lande,5234,3459,1727,3507,48,16,138.0,Extrême Droite,2002,législative
35,281,Saint-Jacques-de-la-Lande,5234,3459,1727,3507,48,17,15.0,Extrême Droite,2002,législative
35,281,Saint-Jacques-de-la-Lande,5234,3459,1727,3507,48,18,10.0,Extrême Droite,2002,législative
35,282,Saint-Jean-sur-Couesnon,683,468,204,479,11,0,2.0,Extrême Gauche,2002,législative
35,282,Saint-Jean-sur-Couesnon,683,468,204,479,11,1,6.0,Extrême Gauche,2002,législative
35,282,Saint-Jean-sur-Couesnon,683,468,204,479,11,2,7.0,Gauche,2002,législative
35,282,Saint-Jean-sur-Couesnon,683,468,204,479,11,3,93.0,Gauche,2002,législative
35,282,Saint-Jean-sur-Couesnon,683,468,204,479,11,4,34.0,Écologie,2002,législative
35,282,Saint-Jean-sur-Couesnon,683,468,204,479,11,5,0.0,Écologie,2002,législative
35,282,Saint-Jean-sur-Couesnon,683,468,204,479,11,6,11.0,Régionalisme,2002,législative
35,282,Saint-Jean-sur-Couesnon,683,468,204,479,11,7,1.0,Divers,2002,législative
35,282,Saint-Jean-sur-Couesnon,683,468,204,479,11,8,223.0,Droite,2002,législative
35,282,Saint-Jean-sur-Couesnon,683,468,204,479,11,9,60.0,Droite,2002,législative
35,282,Saint-Jean-sur-Couesnon,683,468,204,479,11,10,28.0,Extrême Droite,2002,législative
35,282,Saint-Jean-sur-Couesnon,683,468,204,479,11,11,3.0,Extrême Droite,2002,législative
35,283,Saint-Jean-sur-Vilaine,639,426,202,437,11,0,9.0,Extrême Gauche,2002,législative
35,283,Saint-Jean-sur-Vilaine,639,426,202,437,11,1,10.0,Extrême Gauche,2002,législative
35,283,Saint-Jean-sur-Vilaine,639,426,202,437,11,2,3.0,Gauche,2002,législative
35,283,Saint-Jean-sur-Vilaine,639,426,202,437,11,3,66.0,Gauche,2002,législative
35,283,Saint-Jean-sur-Vilaine,639,426,202,437,11,4,9.0,Gauche,2002,législative
35,283,Saint-Jean-sur-Vilaine,639,426,202,437,11,5,16.0,Écologie,2002,législative
35,283,Saint-Jean-sur-Vilaine,639,426,202,437,11,6,2.0,Écologie,2002,législative
35,283,Saint-Jean-sur-Vilaine,639,426,202,437,11,7,5.0,Régionalisme,2002,législative
35,283,Saint-Jean-sur-Vilaine,639,426,202,437,11,8,2.0,Droite,2002,législative
35,283,Saint-Jean-sur-Vilaine,639,426,202,437,11,9,276.0,Droite,2002,législative
35,283,Saint-Jean-sur-Vilaine,639,426,202,437,11,10,6.0,Droite,2002,législative
35,283,Saint-Jean-sur-Vilaine,639,426,202,437,11,11,17.0,Extrême Droite,2002,législative
35,283,Saint-Jean-sur-Vilaine,639,426,202,437,11,12,5.0,Extrême Droite,2002,législative
35,284,Saint-Jouan-des-Guérets,1932,1216,689,1243,27,0,16.0,Extrême Gauche,2002,législative
35,284,Saint-Jouan-des-Guérets,1932,1216,689,1243,27,1,24.0,Extrême Gauche,2002,législative
35,284,Saint-Jouan-des-Guérets,1932,1216,689,1243,27,2,4.0,Extrême Gauche,2002,législative
35,284,Saint-Jouan-des-Guérets,1932,1216,689,1243,27,3,19.0,Gauche,2002,législative
35,284,Saint-Jouan-des-Guérets,1932,1216,689,1243,27,4,377.0,Gauche,2002,législative
35,284,Saint-Jouan-des-Guérets,1932,1216,689,1243,27,5,44.0,Écologie,2002,législative
35,284,Saint-Jouan-des-Guérets,1932,1216,689,1243,27,6,6.0,Gauche,2002,législative
35,284,Saint-Jouan-des-Guérets,1932,1216,689,1243,27,7,5.0,Écologie,2002,législative
35,284,Saint-Jouan-des-Guérets,1932,1216,689,1243,27,8,13.0,Écologie,2002,législative
35,284,Saint-Jouan-des-Guérets,1932,1216,689,1243,27,9,27.0,Régionalisme,2002,législative
35,284,Saint-Jouan-des-Guérets,1932,1216,689,1243,27,10,34.0,Droite,2002,législative
35,284,Saint-Jouan-des-Guérets,1932,1216,689,1243,27,11,3.0,Divers,2002,législative
35,284,Saint-Jouan-des-Guérets,1932,1216,689,1243,27,12,552.0,Droite,2002,législative
35,284,Saint-Jouan-des-Guérets,1932,1216,689,1243,27,13,79.0,Extrême Droite,2002,législative
35,284,Saint-Jouan-des-Guérets,1932,1216,689,1243,27,14,13.0,Extrême Droite,2002,législative
35,285,Saint-Just,845,479,356,489,10,0,4.0,Extrême Gauche,2002,législative
35,285,Saint-Just,845,479,356,489,10,1,2.0,Gauche,2002,législative
35,285,Saint-Just,845,479,356,489,10,2,121.0,Gauche,2002,législative
35,285,Saint-Just,845,479,356,489,10,3,27.0,Écologie,2002,législative
35,285,Saint-Just,845,479,356,489,10,4,9.0,Écologie,2002,législative
35,285,Saint-Just,845,479,356,489,10,5,1.0,Écologie,2002,législative
35,285,Saint-Just,845,479,356,489,10,6,1.0,Écologie,2002,législative
35,285,Saint-Just,845,479,356,489,10,7,19.0,Régionalisme,2002,législative
35,285,Saint-Just,845,479,356,489,10,8,13.0,Droite,2002,législative
35,285,Saint-Just,845,479,356,489,10,9,172.0,Droite,2002,législative
35,285,Saint-Just,845,479,356,489,10,10,79.0,Droite,2002,législative
35,285,Saint-Just,845,479,356,489,10,11,28.0,Extrême Droite,2002,législative
35,285,Saint-Just,845,479,356,489,10,12,3.0,Extrême Droite,2002,législative
35,286,Saint-Léger-des-Prés,199,148,45,154,6,0,3.0,Extrême Gauche,2002,législative
35,286,Saint-Léger-des-Prés,199,148,45,154,6,1,0.0,Extrême Gauche,2002,législative
35,286,Saint-Léger-des-Prés,199,148,45,154,6,2,0.0,Extrême Gauche,2002,législative
35,286,Saint-Léger-des-Prés,199,148,45,154,6,3,1.0,Gauche,2002,législative
35,286,Saint-Léger-des-Prés,199,148,45,154,6,4,64.0,Gauche,2002,législative
35,286,Saint-Léger-des-Prés,199,148,45,154,6,5,5.0,Écologie,2002,législative
35,286,Saint-Léger-des-Prés,199,148,45,154,6,6,0.0,Gauche,2002,législative
35,286,Saint-Léger-des-Prés,199,148,45,154,6,7,4.0,Écologie,2002,législative
35,286,Saint-Léger-des-Prés,199,148,45,154,6,8,0.0,Écologie,2002,législative
35,286,Saint-Léger-des-Prés,199,148,45,154,6,9,0.0,Régionalisme,2002,législative
35,286,Saint-Léger-des-Prés,199,148,45,154,6,10,7.0,Droite,2002,législative
35,286,Saint-Léger-des-Prés,199,148,45,154,6,11,1.0,Divers,2002,législative
35,286,Saint-Léger-des-Prés,199,148,45,154,6,12,10.0,Centre,2002,législative
35,286,Saint-Léger-des-Prés,199,148,45,154,6,13,44.0,Droite,2002,législative
35,286,Saint-Léger-des-Prés,199,148,45,154,6,14,0.0,Droite,2002,législative
35,286,Saint-Léger-des-Prés,199,148,45,154,6,15,8.0,Extrême Droite,2002,législative
35,286,Saint-Léger-des-Prés,199,148,45,154,6,16,1.0,Extrême Droite,2002,législative
35,287,Saint-Lunaire,1890,1240,631,1259,19,0,13.0,Extrême Gauche,2002,législative
35,287,Saint-Lunaire,1890,1240,631,1259,19,1,24.0,Extrême Gauche,2002,législative
35,287,Saint-Lunaire,1890,1240,631,1259,19,2,5.0,Extrême Gauche,2002,législative
35,287,Saint-Lunaire,1890,1240,631,1259,19,3,26.0,Gauche,2002,législative
35,287,Saint-Lunaire,1890,1240,631,1259,19,4,311.0,Gauche,2002,législative
35,287,Saint-Lunaire,1890,1240,631,1259,19,5,33.0,Écologie,2002,législative
35,287,Saint-Lunaire,1890,1240,631,1259,19,6,12.0,Gauche,2002,législative
35,287,Saint-Lunaire,1890,1240,631,1259,19,7,15.0,Écologie,2002,législative
35,287,Saint-Lunaire,1890,1240,631,1259,19,8,17.0,Écologie,2002,législative
35,287,Saint-Lunaire,1890,1240,631,1259,19,9,6.0,Régionalisme,2002,législative
35,287,Saint-Lunaire,1890,1240,631,1259,19,10,13.0,Droite,2002,législative
35,287,Saint-Lunaire,1890,1240,631,1259,19,11,7.0,Divers,2002,législative
35,287,Saint-Lunaire,1890,1240,631,1259,19,12,665.0,Droite,2002,législative
35,287,Saint-Lunaire,1890,1240,631,1259,19,13,80.0,Extrême Droite,2002,législative
35,287,Saint-Lunaire,1890,1240,631,1259,19,14,13.0,Extrême Droite,2002,législative
35,288,Saint-Malo,36629,23560,12722,23907,347,0,219.0,Extrême Gauche,2002,législative
35,288,Saint-Malo,36629,23560,12722,23907,347,1,474.0,Extrême Gauche,2002,législative
35,288,Saint-Malo,36629,23560,12722,23907,347,2,135.0,Extrême Gauche,2002,législative
35,288,Saint-Malo,36629,23560,12722,23907,347,3,398.0,Gauche,2002,législative
35,288,Saint-Malo,36629,23560,12722,23907,347,4,6194.0,Gauche,2002,législative
35,288,Saint-Malo,36629,23560,12722,23907,347,5,869.0,Écologie,2002,législative
35,288,Saint-Malo,36629,23560,12722,23907,347,6,155.0,Gauche,2002,législative
35,288,Saint-Malo,36629,23560,12722,23907,347,7,184.0,Écologie,2002,législative
35,288,Saint-Malo,36629,23560,12722,23907,347,8,160.0,Écologie,2002,législative
35,288,Saint-Malo,36629,23560,12722,23907,347,9,404.0,Régionalisme,2002,législative
35,288,Saint-Malo,36629,23560,12722,23907,347,10,179.0,Droite,2002,législative
35,288,Saint-Malo,36629,23560,12722,23907,347,11,70.0,Divers,2002,législative
35,288,Saint-Malo,36629,23560,12722,23907,347,12,12628.0,Droite,2002,législative
35,288,Saint-Malo,36629,23560,12722,23907,347,13,1343.0,Extrême Droite,2002,législative
35,288,Saint-Malo,36629,23560,12722,23907,347,14,148.0,Extrême Droite,2002,législative
35,289,Saint-Malo-de-Phily,521,354,160,361,7,0,6.0,Extrême Gauche,2002,législative
35,289,Saint-Malo-de-Phily,521,354,160,361,7,1,8.0,Gauche,2002,législative
35,289,Saint-Malo-de-Phily,521,354,160,361,7,2,70.0,Gauche,2002,législative
35,289,Saint-Malo-de-Phily,521,354,160,361,7,3,11.0,Écologie,2002,législative
35,289,Saint-Malo-de-Phily,521,354,160,361,7,4,9.0,Écologie,2002,législative
35,289,Saint-Malo-de-Phily,521,354,160,361,7,5,3.0,Écologie,2002,législative
35,289,Saint-Malo-de-Phily,521,354,160,361,7,6,1.0,Écologie,2002,législative
35,289,Saint-Malo-de-Phily,521,354,160,361,7,7,5.0,Régionalisme,2002,législative
35,289,Saint-Malo-de-Phily,521,354,160,361,7,8,8.0,Droite,2002,législative
35,289,Saint-Malo-de-Phily,521,354,160,361,7,9,130.0,Droite,2002,législative
35,289,Saint-Malo-de-Phily,521,354,160,361,7,10,74.0,Droite,2002,législative
35,289,Saint-Malo-de-Phily,521,354,160,361,7,11,19.0,Extrême Droite,2002,législative
35,289,Saint-Malo-de-Phily,521,354,160,361,7,12,10.0,Extrême Droite,2002,législative
35,290,Saint-Malon-sur-Mel,372,237,132,240,3,0,1.0,Extrême Gauche,2002,législative
35,290,Saint-Malon-sur-Mel,372,237,132,240,3,1,3.0,Extrême Gauche,2002,législative
35,290,Saint-Malon-sur-Mel,372,237,132,240,3,2,1.0,Extrême Gauche,2002,législative
35,290,Saint-Malon-sur-Mel,372,237,132,240,3,3,3.0,Gauche,2002,législative
35,290,Saint-Malon-sur-Mel,372,237,132,240,3,4,75.0,Gauche,2002,législative
35,290,Saint-Malon-sur-Mel,372,237,132,240,3,5,1.0,Gauche,2002,législative
35,290,Saint-Malon-sur-Mel,372,237,132,240,3,6,5.0,Écologie,2002,législative
35,290,Saint-Malon-sur-Mel,372,237,132,240,3,7,2.0,Gauche,2002,législative
35,290,Saint-Malon-sur-Mel,372,237,132,240,3,8,2.0,Écologie,2002,législative
35,290,Saint-Malon-sur-Mel,372,237,132,240,3,9,0.0,Régionalisme,2002,législative
35,290,Saint-Malon-sur-Mel,372,237,132,240,3,10,11.0,Droite,2002,législative
35,290,Saint-Malon-sur-Mel,372,237,132,240,3,11,113.0,Droite,2002,législative
35,290,Saint-Malon-sur-Mel,372,237,132,240,3,12,20.0,Extrême Droite,2002,législative
35,290,Saint-Malon-sur-Mel,372,237,132,240,3,13,0.0,Extrême Droite,2002,législative
35,291,Saint-Marcan,336,245,88,248,3,0,3.0,Extrême Gauche,2002,législative
35,291,Saint-Marcan,336,245,88,248,3,1,1.0,Extrême Gauche,2002,législative
35,291,Saint-Marcan,336,245,88,248,3,2,1.0,Extrême Gauche,2002,législative
35,291,Saint-Marcan,336,245,88,248,3,3,9.0,Gauche,2002,législative
35,291,Saint-Marcan,336,245,88,248,3,4,62.0,Gauche,2002,législative
35,291,Saint-Marcan,336,245,88,248,3,5,6.0,Écologie,2002,législative
35,291,Saint-Marcan,336,245,88,248,3,6,0.0,Gauche,2002,législative
35,291,Saint-Marcan,336,245,88,248,3,7,0.0,Écologie,2002,législative
35,291,Saint-Marcan,336,245,88,248,3,8,2.0,Écologie,2002,législative
35,291,Saint-Marcan,336,245,88,248,3,9,1.0,Régionalisme,2002,législative
35,291,Saint-Marcan,336,245,88,248,3,10,26.0,Droite,2002,législative
35,291,Saint-Marcan,336,245,88,248,3,11,0.0,Divers,2002,législative
35,291,Saint-Marcan,336,245,88,248,3,12,104.0,Droite,2002,législative
35,291,Saint-Marcan,336,245,88,248,3,13,26.0,Extrême Droite,2002,législative
35,291,Saint-Marcan,336,245,88,248,3,14,4.0,Extrême Droite,2002,législative
35,292,Saint-Marc-le-Blanc,897,603,283,614,11,0,8.0,Extrême Gauche,2002,législative
35,292,Saint-Marc-le-Blanc,897,603,283,614,11,1,12.0,Extrême Gauche,2002,législative
35,292,Saint-Marc-le-Blanc,897,603,283,614,11,2,19.0,Gauche,2002,législative
35,292,Saint-Marc-le-Blanc,897,603,283,614,11,3,125.0,Gauche,2002,législative
35,292,Saint-Marc-le-Blanc,897,603,283,614,11,4,64.0,Écologie,2002,législative
35,292,Saint-Marc-le-Blanc,897,603,283,614,11,5,1.0,Écologie,2002,législative
35,292,Saint-Marc-le-Blanc,897,603,283,614,11,6,11.0,Régionalisme,2002,législative
35,292,Saint-Marc-le-Blanc,897,603,283,614,11,7,2.0,Divers,2002,législative
35,292,Saint-Marc-le-Blanc,897,603,283,614,11,8,303.0,Droite,2002,législative
35,292,Saint-Marc-le-Blanc,897,603,283,614,11,9,19.0,Droite,2002,législative
35,292,Saint-Marc-le-Blanc,897,603,283,614,11,10,36.0,Extrême Droite,2002,législative
35,292,Saint-Marc-le-Blanc,897,603,283,614,11,11,3.0,Extrême Droite,2002,législative
35,293,Saint-Marc-sur-Couesnon,354,257,88,266,9,0,0.0,Extrême Gauche,2002,législative
35,293,Saint-Marc-sur-Couesnon,354,257,88,266,9,1,7.0,Extrême Gauche,2002,législative
35,293,Saint-Marc-sur-Couesnon,354,257,88,266,9,2,2.0,Gauche,2002,législative
35,293,Saint-Marc-sur-Couesnon,354,257,88,266,9,3,46.0,Gauche,2002,législative
35,293,Saint-Marc-sur-Couesnon,354,257,88,266,9,4,25.0,Écologie,2002,législative
35,293,Saint-Marc-sur-Couesnon,354,257,88,266,9,5,2.0,Écologie,2002,législative
35,293,Saint-Marc-sur-Couesnon,354,257,88,266,9,6,16.0,Régionalisme,2002,législative
35,293,Saint-Marc-sur-Couesnon,354,257,88,266,9,7,0.0,Divers,2002,législative
35,293,Saint-Marc-sur-Couesnon,354,257,88,266,9,8,108.0,Droite,2002,législative
35,293,Saint-Marc-sur-Couesnon,354,257,88,266,9,9,28.0,Droite,2002,législative
35,293,Saint-Marc-sur-Couesnon,354,257,88,266,9,10,18.0,Extrême Droite,2002,législative
35,293,Saint-Marc-sur-Couesnon,354,257,88,266,9,11,5.0,Extrême Droite,2002,législative
35,294,Sainte-Marie,1450,880,560,890,10,0,22.0,Extrême Gauche,2002,législative
35,294,Sainte-Marie,1450,880,560,890,10,1,10.0,Gauche,2002,législative
35,294,Sainte-Marie,1450,880,560,890,10,2,251.0,Gauche,2002,législative
35,294,Sainte-Marie,1450,880,560,890,10,3,29.0,Écologie,2002,législative
35,294,Sainte-Marie,1450,880,560,890,10,4,5.0,Écologie,2002,législative
35,294,Sainte-Marie,1450,880,560,890,10,5,3.0,Écologie,2002,législative
35,294,Sainte-Marie,1450,880,560,890,10,6,3.0,Écologie,2002,législative
35,294,Sainte-Marie,1450,880,560,890,10,7,28.0,Régionalisme,2002,législative
35,294,Sainte-Marie,1450,880,560,890,10,8,32.0,Droite,2002,législative
35,294,Sainte-Marie,1450,880,560,890,10,9,324.0,Droite,2002,législative
35,294,Sainte-Marie,1450,880,560,890,10,10,98.0,Droite,2002,législative
35,294,Sainte-Marie,1450,880,560,890,10,11,68.0,Extrême Droite,2002,législative
35,294,Sainte-Marie,1450,880,560,890,10,12,7.0,Extrême Droite,2002,législative
35,295,Saint-Maugan,283,182,97,186,4,0,0.0,Extrême Gauche,2002,législative
35,295,Saint-Maugan,283,182,97,186,4,1,0.0,Extrême Gauche,2002,législative
35,295,Saint-Maugan,283,182,97,186,4,2,2.0,Extrême Gauche,2002,législative
35,295,Saint-Maugan,283,182,97,186,4,3,2.0,Gauche,2002,législative
35,295,Saint-Maugan,283,182,97,186,4,4,72.0,Gauche,2002,législative
35,295,Saint-Maugan,283,182,97,186,4,5,6.0,Gauche,2002,législative
35,295,Saint-Maugan,283,182,97,186,4,6,6.0,Écologie,2002,législative
35,295,Saint-Maugan,283,182,97,186,4,7,3.0,Gauche,2002,législative
35,295,Saint-Maugan,283,182,97,186,4,8,2.0,Écologie,2002,législative
35,295,Saint-Maugan,283,182,97,186,4,9,3.0,Régionalisme,2002,législative
35,295,Saint-Maugan,283,182,97,186,4,10,1.0,Droite,2002,législative
35,295,Saint-Maugan,283,182,97,186,4,11,75.0,Droite,2002,législative
35,295,Saint-Maugan,283,182,97,186,4,12,9.0,Extrême Droite,2002,législative
35,295,Saint-Maugan,283,182,97,186,4,13,1.0,Extrême Droite,2002,législative
35,296,Saint-Médard-sur-Ille,867,532,316,551,19,0,2.0,Extrême Gauche,2002,législative
35,296,Saint-Médard-sur-Ille,867,532,316,551,19,1,12.0,Extrême Gauche,2002,législative
35,296,Saint-Médard-sur-Ille,867,532,316,551,19,2,4.0,Extrême Gauche,2002,législative
35,296,Saint-Médard-sur-Ille,867,532,316,551,19,3,8.0,Gauche,2002,législative
35,296,Saint-Médard-sur-Ille,867,532,316,551,19,4,233.0,Gauche,2002,législative
35,296,Saint-Médard-sur-Ille,867,532,316,551,19,5,36.0,Écologie,2002,législative
35,296,Saint-Médard-sur-Ille,867,532,316,551,19,6,2.0,Gauche,2002,législative
35,296,Saint-Médard-sur-Ille,867,532,316,551,19,7,12.0,Écologie,2002,législative
35,296,Saint-Médard-sur-Ille,867,532,316,551,19,8,1.0,Écologie,2002,législative
35,296,Saint-Médard-sur-Ille,867,532,316,551,19,9,8.0,Régionalisme,2002,législative
35,296,Saint-Médard-sur-Ille,867,532,316,551,19,10,11.0,Droite,2002,législative
35,296,Saint-Médard-sur-Ille,867,532,316,551,19,11,4.0,Divers,2002,législative
35,296,Saint-Médard-sur-Ille,867,532,316,551,19,12,102.0,Centre,2002,législative
35,296,Saint-Médard-sur-Ille,867,532,316,551,19,13,65.0,Droite,2002,législative
35,296,Saint-Médard-sur-Ille,867,532,316,551,19,14,0.0,Droite,2002,législative
35,296,Saint-Médard-sur-Ille,867,532,316,551,19,15,28.0,Extrême Droite,2002,législative
35,296,Saint-Médard-sur-Ille,867,532,316,551,19,16,4.0,Extrême Droite,2002,législative
35,297,Saint-Méen-le-Grand,2573,1743,801,1772,29,0,20.0,Extrême Gauche,2002,législative
35,297,Saint-Méen-le-Grand,2573,1743,801,1772,29,1,11.0,Extrême Gauche,2002,législative
35,297,Saint-Méen-le-Grand,2573,1743,801,1772,29,2,3.0,Extrême Gauche,2002,législative
35,297,Saint-Méen-le-Grand,2573,1743,801,1772,29,3,13.0,Gauche,2002,législative
35,297,Saint-Méen-le-Grand,2573,1743,801,1772,29,4,515.0,Gauche,2002,législative
35,297,Saint-Méen-le-Grand,2573,1743,801,1772,29,5,18.0,Gauche,2002,législative
35,297,Saint-Méen-le-Grand,2573,1743,801,1772,29,6,34.0,Écologie,2002,législative
35,297,Saint-Méen-le-Grand,2573,1743,801,1772,29,7,4.0,Gauche,2002,législative
35,297,Saint-Méen-le-Grand,2573,1743,801,1772,29,8,6.0,Écologie,2002,législative
35,297,Saint-Méen-le-Grand,2573,1743,801,1772,29,9,12.0,Régionalisme,2002,législative
35,297,Saint-Méen-le-Grand,2573,1743,801,1772,29,10,13.0,Droite,2002,législative
35,297,Saint-Méen-le-Grand,2573,1743,801,1772,29,11,996.0,Droite,2002,législative
35,297,Saint-Méen-le-Grand,2573,1743,801,1772,29,12,89.0,Extrême Droite,2002,législative
35,297,Saint-Méen-le-Grand,2573,1743,801,1772,29,13,9.0,Extrême Droite,2002,législative
35,299,Saint-Méloir-des-Ondes,2355,1473,861,1494,21,0,11.0,Extrême Gauche,2002,législative
35,299,Saint-Méloir-des-Ondes,2355,1473,861,1494,21,1,20.0,Extrême Gauche,2002,législative
35,299,Saint-Méloir-des-Ondes,2355,1473,861,1494,21,2,5.0,Extrême Gauche,2002,législative
35,299,Saint-Méloir-des-Ondes,2355,1473,861,1494,21,3,19.0,Gauche,2002,législative
35,299,Saint-Méloir-des-Ondes,2355,1473,861,1494,21,4,368.0,Gauche,2002,législative
35,299,Saint-Méloir-des-Ondes,2355,1473,861,1494,21,5,46.0,Écologie,2002,législative
35,299,Saint-Méloir-des-Ondes,2355,1473,861,1494,21,6,6.0,Gauche,2002,législative
35,299,Saint-Méloir-des-Ondes,2355,1473,861,1494,21,7,13.0,Écologie,2002,législative
35,299,Saint-Méloir-des-Ondes,2355,1473,861,1494,21,8,14.0,Écologie,2002,législative
35,299,Saint-Méloir-des-Ondes,2355,1473,861,1494,21,9,26.0,Régionalisme,2002,législative
35,299,Saint-Méloir-des-Ondes,2355,1473,861,1494,21,10,85.0,Droite,2002,législative
35,299,Saint-Méloir-des-Ondes,2355,1473,861,1494,21,11,7.0,Divers,2002,législative
35,299,Saint-Méloir-des-Ondes,2355,1473,861,1494,21,12,726.0,Droite,2002,législative
35,299,Saint-Méloir-des-Ondes,2355,1473,861,1494,21,13,114.0,Extrême Droite,2002,législative
35,299,Saint-Méloir-des-Ondes,2355,1473,861,1494,21,14,13.0,Extrême Droite,2002,législative
35,300,Saint-M'Hervé,925,558,340,585,27,0,13.0,Extrême Gauche,2002,législative
35,300,Saint-M'Hervé,925,558,340,585,27,1,3.0,Extrême Gauche,2002,législative
35,300,Saint-M'Hervé,925,558,340,585,27,2,2.0,Gauche,2002,législative
35,300,Saint-M'Hervé,925,558,340,585,27,3,60.0,Gauche,2002,législative
35,300,Saint-M'Hervé,925,558,340,585,27,4,4.0,Gauche,2002,législative
35,300,Saint-M'Hervé,925,558,340,585,27,5,14.0,Écologie,2002,législative
35,300,Saint-M'Hervé,925,558,340,585,27,6,3.0,Écologie,2002,législative
35,300,Saint-M'Hervé,925,558,340,585,27,7,7.0,Régionalisme,2002,législative
35,300,Saint-M'Hervé,925,558,340,585,27,8,11.0,Droite,2002,législative
35,300,Saint-M'Hervé,925,558,340,585,27,9,393.0,Droite,2002,législative
35,300,Saint-M'Hervé,925,558,340,585,27,10,5.0,Droite,2002,législative
35,300,Saint-M'Hervé,925,558,340,585,27,11,33.0,Extrême Droite,2002,législative
35,300,Saint-M'Hervé,925,558,340,585,27,12,10.0,Extrême Droite,2002,législative
35,301,Saint-M'Hervon,242,144,95,147,3,0,1.0,Extrême Gauche,2002,législative
35,301,Saint-M'Hervon,242,144,95,147,3,1,0.0,Extrême Gauche,2002,législative
35,301,Saint-M'Hervon,242,144,95,147,3,2,0.0,Extrême Gauche,2002,législative
35,301,Saint-M'Hervon,242,144,95,147,3,3,3.0,Gauche,2002,législative
35,301,Saint-M'Hervon,242,144,95,147,3,4,59.0,Gauche,2002,législative
35,301,Saint-M'Hervon,242,144,95,147,3,5,0.0,Gauche,2002,législative
35,301,Saint-M'Hervon,242,144,95,147,3,6,1.0,Écologie,2002,législative
35,301,Saint-M'Hervon,242,144,95,147,3,7,0.0,Gauche,2002,législative
35,301,Saint-M'Hervon,242,144,95,147,3,8,0.0,Écologie,2002,législative
35,301,Saint-M'Hervon,242,144,95,147,3,9,0.0,Régionalisme,2002,législative
35,301,Saint-M'Hervon,242,144,95,147,3,10,5.0,Droite,2002,législative
35,301,Saint-M'Hervon,242,144,95,147,3,11,64.0,Droite,2002,législative
35,301,Saint-M'Hervon,242,144,95,147,3,12,11.0,Extrême Droite,2002,législative
35,301,Saint-M'Hervon,242,144,95,147,3,13,0.0,Extrême Droite,2002,législative
35,302,Saint-Onen-la-Chapelle,692,451,230,462,11,0,5.0,Extrême Gauche,2002,législative
35,302,Saint-Onen-la-Chapelle,692,451,230,462,11,1,2.0,Extrême Gauche,2002,législative
35,302,Saint-Onen-la-Chapelle,692,451,230,462,11,2,5.0,Extrême Gauche,2002,législative
35,302,Saint-Onen-la-Chapelle,692,451,230,462,11,3,2.0,Gauche,2002,législative
35,302,Saint-Onen-la-Chapelle,692,451,230,462,11,4,121.0,Gauche,2002,législative
35,302,Saint-Onen-la-Chapelle,692,451,230,462,11,5,3.0,Gauche,2002,législative
35,302,Saint-Onen-la-Chapelle,692,451,230,462,11,6,10.0,Écologie,2002,législative
35,302,Saint-Onen-la-Chapelle,692,451,230,462,11,7,0.0,Gauche,2002,législative
35,302,Saint-Onen-la-Chapelle,692,451,230,462,11,8,1.0,Écologie,2002,législative
35,302,Saint-Onen-la-Chapelle,692,451,230,462,11,9,1.0,Régionalisme,2002,législative
35,302,Saint-Onen-la-Chapelle,692,451,230,462,11,10,5.0,Droite,2002,législative
35,302,Saint-Onen-la-Chapelle,692,451,230,462,11,11,263.0,Droite,2002,législative
35,302,Saint-Onen-la-Chapelle,692,451,230,462,11,12,29.0,Extrême Droite,2002,législative
35,302,Saint-Onen-la-Chapelle,692,451,230,462,11,13,4.0,Extrême Droite,2002,législative
35,303,Saint-Ouen-la-Rouërie,618,403,204,414,11,0,9.0,Extrême Gauche,2002,législative
35,303,Saint-Ouen-la-Rouërie,618,403,204,414,11,1,3.0,Extrême Gauche,2002,législative
35,303,Saint-Ouen-la-Rouërie,618,403,204,414,11,2,6.0,Gauche,2002,législative
35,303,Saint-Ouen-la-Rouërie,618,403,204,414,11,3,52.0,Gauche,2002,législative
35,303,Saint-Ouen-la-Rouërie,618,403,204,414,11,4,38.0,Écologie,2002,législative
35,303,Saint-Ouen-la-Rouërie,618,403,204,414,11,5,2.0,Écologie,2002,législative
35,303,Saint-Ouen-la-Rouërie,618,403,204,414,11,6,7.0,Régionalisme,2002,législative
35,303,Saint-Ouen-la-Rouërie,618,403,204,414,11,7,2.0,Divers,2002,législative
35,303,Saint-Ouen-la-Rouërie,618,403,204,414,11,8,250.0,Droite,2002,législative
35,303,Saint-Ouen-la-Rouërie,618,403,204,414,11,9,8.0,Droite,2002,législative
35,303,Saint-Ouen-la-Rouërie,618,403,204,414,11,10,22.0,Extrême Droite,2002,législative
35,303,Saint-Ouen-la-Rouërie,618,403,204,414,11,11,4.0,Extrême Droite,2002,législative
35,304,Saint-Ouen-des-Alleux,779,564,203,576,12,0,6.0,Extrême Gauche,2002,législative
35,304,Saint-Ouen-des-Alleux,779,564,203,576,12,1,3.0,Extrême Gauche,2002,législative
35,304,Saint-Ouen-des-Alleux,779,564,203,576,12,2,7.0,Gauche,2002,législative
35,304,Saint-Ouen-des-Alleux,779,564,203,576,12,3,280.0,Gauche,2002,législative
35,304,Saint-Ouen-des-Alleux,779,564,203,576,12,4,39.0,Écologie,2002,législative
35,304,Saint-Ouen-des-Alleux,779,564,203,576,12,5,3.0,Écologie,2002,législative
35,304,Saint-Ouen-des-Alleux,779,564,203,576,12,6,10.0,Régionalisme,2002,législative
35,304,Saint-Ouen-des-Alleux,779,564,203,576,12,7,4.0,Divers,2002,législative
35,304,Saint-Ouen-des-Alleux,779,564,203,576,12,8,154.0,Droite,2002,législative
35,304,Saint-Ouen-des-Alleux,779,564,203,576,12,9,22.0,Droite,2002,législative
35,304,Saint-Ouen-des-Alleux,779,564,203,576,12,10,27.0,Extrême Droite,2002,législative
35,304,Saint-Ouen-des-Alleux,779,564,203,576,12,11,9.0,Extrême Droite,2002,législative
35,305,Saint-Péran,188,140,48,140,0,0,1.0,Extrême Gauche,2002,législative
35,305,Saint-Péran,188,140,48,140,0,1,2.0,Gauche,2002,législative
35,305,Saint-Péran,188,140,48,140,0,2,33.0,Gauche,2002,législative
35,305,Saint-Péran,188,140,48,140,0,3,5.0,Écologie,2002,législative
35,305,Saint-Péran,188,140,48,140,0,4,1.0,Écologie,2002,législative
35,305,Saint-Péran,188,140,48,140,0,5,1.0,Écologie,2002,législative
35,305,Saint-Péran,188,140,48,140,0,6,0.0,Écologie,2002,législative
35,305,Saint-Péran,188,140,48,140,0,7,5.0,Régionalisme,2002,législative
35,305,Saint-Péran,188,140,48,140,0,8,14.0,Droite,2002,législative
35,305,Saint-Péran,188,140,48,140,0,9,54.0,Droite,2002,législative
35,305,Saint-Péran,188,140,48,140,0,10,11.0,Droite,2002,législative
35,305,Saint-Péran,188,140,48,140,0,11,13.0,Extrême Droite,2002,législative
35,305,Saint-Péran,188,140,48,140,0,12,0.0,Extrême Droite,2002,législative
35,306,Saint-Père,1367,889,454,913,24,0,10.0,Extrême Gauche,2002,législative
35,306,Saint-Père,1367,889,454,913,24,1,8.0,Extrême Gauche,2002,législative
35,306,Saint-Père,1367,889,454,913,24,2,9.0,Extrême Gauche,2002,législative
35,306,Saint-Père,1367,889,454,913,24,3,6.0,Gauche,2002,législative
35,306,Saint-Père,1367,889,454,913,24,4,231.0,Gauche,2002,législative
35,306,Saint-Père,1367,889,454,913,24,5,23.0,Écologie,2002,législative
35,306,Saint-Père,1367,889,454,913,24,6,5.0,Gauche,2002,législative
35,306,Saint-Père,1367,889,454,913,24,7,10.0,Écologie,2002,législative
35,306,Saint-Père,1367,889,454,913,24,8,6.0,Écologie,2002,législative
35,306,Saint-Père,1367,889,454,913,24,9,12.0,Régionalisme,2002,législative
35,306,Saint-Père,1367,889,454,913,24,10,29.0,Droite,2002,législative
35,306,Saint-Père,1367,889,454,913,24,11,2.0,Divers,2002,législative
35,306,Saint-Père,1367,889,454,913,24,12,439.0,Droite,2002,législative
35,306,Saint-Père,1367,889,454,913,24,13,90.0,Extrême Droite,2002,législative
35,306,Saint-Père,1367,889,454,913,24,14,9.0,Extrême Droite,2002,législative
35,307,Saint-Pern,582,443,133,449,6,0,8.0,Extrême Gauche,2002,législative
35,307,Saint-Pern,582,443,133,449,6,1,8.0,Extrême Gauche,2002,législative
35,307,Saint-Pern,582,443,133,449,6,2,1.0,Extrême Gauche,2002,législative
35,307,Saint-Pern,582,443,133,449,6,3,11.0,Gauche,2002,législative
35,307,Saint-Pern,582,443,133,449,6,4,156.0,Gauche,2002,législative
35,307,Saint-Pern,582,443,133,449,6,5,2.0,Gauche,2002,législative
35,307,Saint-Pern,582,443,133,449,6,6,19.0,Écologie,2002,législative
35,307,Saint-Pern,582,443,133,449,6,7,0.0,Gauche,2002,législative
35,307,Saint-Pern,582,443,133,449,6,8,1.0,Écologie,2002,législative
35,307,Saint-Pern,582,443,133,449,6,9,0.0,Régionalisme,2002,législative
35,307,Saint-Pern,582,443,133,449,6,10,5.0,Droite,2002,législative
35,307,Saint-Pern,582,443,133,449,6,11,208.0,Droite,2002,législative
35,307,Saint-Pern,582,443,133,449,6,12,24.0,Extrême Droite,2002,législative
35,307,Saint-Pern,582,443,133,449,6,13,0.0,Extrême Droite,2002,législative
35,308,Saint-Pierre-de-Plesguen,1561,1059,478,1083,24,0,25.0,Extrême Gauche,2002,législative
35,308,Saint-Pierre-de-Plesguen,1561,1059,478,1083,24,1,27.0,Extrême Gauche,2002,législative
35,308,Saint-Pierre-de-Plesguen,1561,1059,478,1083,24,2,5.0,Extrême Gauche,2002,législative
35,308,Saint-Pierre-de-Plesguen,1561,1059,478,1083,24,3,11.0,Gauche,2002,législative
35,308,Saint-Pierre-de-Plesguen,1561,1059,478,1083,24,4,343.0,Gauche,2002,législative
35,308,Saint-Pierre-de-Plesguen,1561,1059,478,1083,24,5,27.0,Écologie,2002,législative
35,308,Saint-Pierre-de-Plesguen,1561,1059,478,1083,24,6,3.0,Gauche,2002,législative
35,308,Saint-Pierre-de-Plesguen,1561,1059,478,1083,24,7,13.0,Écologie,2002,législative
35,308,Saint-Pierre-de-Plesguen,1561,1059,478,1083,24,8,21.0,Écologie,2002,législative
35,308,Saint-Pierre-de-Plesguen,1561,1059,478,1083,24,9,15.0,Régionalisme,2002,législative
35,308,Saint-Pierre-de-Plesguen,1561,1059,478,1083,24,10,29.0,Droite,2002,législative
35,308,Saint-Pierre-de-Plesguen,1561,1059,478,1083,24,11,2.0,Divers,2002,législative
35,308,Saint-Pierre-de-Plesguen,1561,1059,478,1083,24,12,145.0,Centre,2002,législative
35,308,Saint-Pierre-de-Plesguen,1561,1059,478,1083,24,13,314.0,Droite,2002,législative
35,308,Saint-Pierre-de-Plesguen,1561,1059,478,1083,24,14,5.0,Droite,2002,législative
35,308,Saint-Pierre-de-Plesguen,1561,1059,478,1083,24,15,63.0,Extrême Droite,2002,législative
35,308,Saint-Pierre-de-Plesguen,1561,1059,478,1083,24,16,11.0,Extrême Droite,2002,législative
35,309,Saint-Rémy-du-Plain,443,282,153,290,8,0,9.0,Extrême Gauche,2002,législative
35,309,Saint-Rémy-du-Plain,443,282,153,290,8,1,3.0,Extrême Gauche,2002,législative
35,309,Saint-Rémy-du-Plain,443,282,153,290,8,2,7.0,Gauche,2002,législative
35,309,Saint-Rémy-du-Plain,443,282,153,290,8,3,37.0,Gauche,2002,législative
35,309,Saint-Rémy-du-Plain,443,282,153,290,8,4,32.0,Écologie,2002,législative
35,309,Saint-Rémy-du-Plain,443,282,153,290,8,5,0.0,Écologie,2002,législative
35,309,Saint-Rémy-du-Plain,443,282,153,290,8,6,3.0,Régionalisme,2002,législative
35,309,Saint-Rémy-du-Plain,443,282,153,290,8,7,2.0,Divers,2002,législative
35,309,Saint-Rémy-du-Plain,443,282,153,290,8,8,156.0,Droite,2002,législative
35,309,Saint-Rémy-du-Plain,443,282,153,290,8,9,7.0,Droite,2002,législative
35,309,Saint-Rémy-du-Plain,443,282,153,290,8,10,20.0,Extrême Droite,2002,législative
35,309,Saint-Rémy-du-Plain,443,282,153,290,8,11,6.0,Extrême Droite,2002,législative
35,310,Saint-Sauveur-des-Landes,752,516,218,534,18,0,2.0,Extrême Gauche,2002,législative
35,310,Saint-Sauveur-des-Landes,752,516,218,534,18,1,15.0,Extrême Gauche,2002,législative
35,310,Saint-Sauveur-des-Landes,752,516,218,534,18,2,9.0,Gauche,2002,législative
35,310,Saint-Sauveur-des-Landes,752,516,218,534,18,3,52.0,Gauche,2002,législative
35,310,Saint-Sauveur-des-Landes,752,516,218,534,18,4,63.0,Écologie,2002,législative
35,310,Saint-Sauveur-des-Landes,752,516,218,534,18,5,3.0,Écologie,2002,législative
35,310,Saint-Sauveur-des-Landes,752,516,218,534,18,6,13.0,Régionalisme,2002,législative
35,310,Saint-Sauveur-des-Landes,752,516,218,534,18,7,5.0,Divers,2002,législative
35,310,Saint-Sauveur-des-Landes,752,516,218,534,18,8,295.0,Droite,2002,législative
35,310,Saint-Sauveur-des-Landes,752,516,218,534,18,9,28.0,Droite,2002,législative
35,310,Saint-Sauveur-des-Landes,752,516,218,534,18,10,29.0,Extrême Droite,2002,législative
35,310,Saint-Sauveur-des-Landes,752,516,218,534,18,11,2.0,Extrême Droite,2002,législative
35,311,Saint-Séglin,366,266,92,274,8,0,7.0,Extrême Gauche,2002,législative
35,311,Saint-Séglin,366,266,92,274,8,1,3.0,Gauche,2002,législative
35,311,Saint-Séglin,366,266,92,274,8,2,39.0,Gauche,2002,législative
35,311,Saint-Séglin,366,266,92,274,8,3,6.0,Écologie,2002,législative
35,311,Saint-Séglin,366,266,92,274,8,4,6.0,Écologie,2002,législative
35,311,Saint-Séglin,366,266,92,274,8,5,3.0,Écologie,2002,législative
35,311,Saint-Séglin,366,266,92,274,8,6,0.0,Écologie,2002,législative
35,311,Saint-Séglin,366,266,92,274,8,7,13.0,Régionalisme,2002,législative
35,311,Saint-Séglin,366,266,92,274,8,8,1.0,Droite,2002,législative
35,311,Saint-Séglin,366,266,92,274,8,9,99.0,Droite,2002,législative
35,311,Saint-Séglin,366,266,92,274,8,10,59.0,Droite,2002,législative
35,311,Saint-Séglin,366,266,92,274,8,11,30.0,Extrême Droite,2002,législative
35,311,Saint-Séglin,366,266,92,274,8,12,0.0,Extrême Droite,2002,législative
35,312,Saint-Senoux,940,584,343,597,13,0,23.0,Extrême Gauche,2002,législative
35,312,Saint-Senoux,940,584,343,597,13,1,18.0,Gauche,2002,législative
35,312,Saint-Senoux,940,584,343,597,13,2,195.0,Gauche,2002,législative
35,312,Saint-Senoux,940,584,343,597,13,3,47.0,Écologie,2002,législative
35,312,Saint-Senoux,940,584,343,597,13,4,7.0,Écologie,2002,législative
35,312,Saint-Senoux,940,584,343,597,13,5,8.0,Écologie,2002,législative
35,312,Saint-Senoux,940,584,343,597,13,6,15.0,Écologie,2002,législative
35,312,Saint-Senoux,940,584,343,597,13,7,16.0,Régionalisme,2002,législative
35,312,Saint-Senoux,940,584,343,597,13,8,15.0,Droite,2002,législative
35,312,Saint-Senoux,940,584,343,597,13,9,136.0,Droite,2002,législative
35,312,Saint-Senoux,940,584,343,597,13,10,68.0,Droite,2002,législative
35,312,Saint-Senoux,940,584,343,597,13,11,33.0,Extrême Droite,2002,législative
35,312,Saint-Senoux,940,584,343,597,13,12,3.0,Extrême Droite,2002,législative
35,314,Saint-Suliac,754,507,245,509,2,0,4.0,Extrême Gauche,2002,législative
35,314,Saint-Suliac,754,507,245,509,2,1,5.0,Extrême Gauche,2002,législative
35,314,Saint-Suliac,754,507,245,509,2,2,1.0,Extrême Gauche,2002,législative
35,314,Saint-Suliac,754,507,245,509,2,3,4.0,Gauche,2002,législative
35,314,Saint-Suliac,754,507,245,509,2,4,166.0,Gauche,2002,législative
35,314,Saint-Suliac,754,507,245,509,2,5,13.0,Écologie,2002,législative
35,314,Saint-Suliac,754,507,245,509,2,6,2.0,Gauche,2002,législative
35,314,Saint-Suliac,754,507,245,509,2,7,2.0,Écologie,2002,législative
35,314,Saint-Suliac,754,507,245,509,2,8,2.0,Écologie,2002,législative
35,314,Saint-Suliac,754,507,245,509,2,9,9.0,Régionalisme,2002,législative
35,314,Saint-Suliac,754,507,245,509,2,10,26.0,Droite,2002,législative
35,314,Saint-Suliac,754,507,245,509,2,11,1.0,Divers,2002,législative
35,314,Saint-Suliac,754,507,245,509,2,12,248.0,Droite,2002,législative
35,314,Saint-Suliac,754,507,245,509,2,13,18.0,Extrême Droite,2002,législative
35,314,Saint-Suliac,754,507,245,509,2,14,6.0,Extrême Droite,2002,législative
35,315,Saint-Sulpice-la-Forêt,883,617,258,625,8,0,18.0,Extrême Gauche,2002,législative
35,315,Saint-Sulpice-la-Forêt,883,617,258,625,8,1,25.0,Extrême Gauche,2002,législative
35,315,Saint-Sulpice-la-Forêt,883,617,258,625,8,2,15.0,Gauche,2002,législative
35,315,Saint-Sulpice-la-Forêt,883,617,258,625,8,3,63.0,Gauche,2002,législative
35,315,Saint-Sulpice-la-Forêt,883,617,258,625,8,4,222.0,Écologie,2002,législative
35,315,Saint-Sulpice-la-Forêt,883,617,258,625,8,5,18.0,Écologie,2002,législative
35,315,Saint-Sulpice-la-Forêt,883,617,258,625,8,6,7.0,Régionalisme,2002,législative
35,315,Saint-Sulpice-la-Forêt,883,617,258,625,8,7,6.0,Divers,2002,législative
35,315,Saint-Sulpice-la-Forêt,883,617,258,625,8,8,174.0,Droite,2002,législative
35,315,Saint-Sulpice-la-Forêt,883,617,258,625,8,9,35.0,Droite,2002,législative
35,315,Saint-Sulpice-la-Forêt,883,617,258,625,8,10,27.0,Extrême Droite,2002,législative
35,315,Saint-Sulpice-la-Forêt,883,617,258,625,8,11,7.0,Extrême Droite,2002,législative
35,316,Saint-Sulpice-des-Landes,452,269,176,276,7,0,4.0,Extrême Gauche,2002,législative
35,316,Saint-Sulpice-des-Landes,452,269,176,276,7,1,7.0,Gauche,2002,législative
35,316,Saint-Sulpice-des-Landes,452,269,176,276,7,2,50.0,Gauche,2002,législative
35,316,Saint-Sulpice-des-Landes,452,269,176,276,7,3,2.0,Écologie,2002,législative
35,316,Saint-Sulpice-des-Landes,452,269,176,276,7,4,3.0,Écologie,2002,législative
35,316,Saint-Sulpice-des-Landes,452,269,176,276,7,5,4.0,Écologie,2002,législative
35,316,Saint-Sulpice-des-Landes,452,269,176,276,7,6,2.0,Écologie,2002,législative
35,316,Saint-Sulpice-des-Landes,452,269,176,276,7,7,7.0,Régionalisme,2002,législative
35,316,Saint-Sulpice-des-Landes,452,269,176,276,7,8,9.0,Droite,2002,législative
35,316,Saint-Sulpice-des-Landes,452,269,176,276,7,9,102.0,Droite,2002,législative
35,316,Saint-Sulpice-des-Landes,452,269,176,276,7,10,52.0,Droite,2002,législative
35,316,Saint-Sulpice-des-Landes,452,269,176,276,7,11,24.0,Extrême Droite,2002,législative
35,316,Saint-Sulpice-des-Landes,452,269,176,276,7,12,3.0,Extrême Droite,2002,législative
35,318,Saint-Thual,377,262,111,266,4,0,5.0,Extrême Gauche,2002,législative
35,318,Saint-Thual,377,262,111,266,4,1,0.0,Extrême Gauche,2002,législative
35,318,Saint-Thual,377,262,111,266,4,2,0.0,Extrême Gauche,2002,législative
35,318,Saint-Thual,377,262,111,266,4,3,0.0,Gauche,2002,législative
35,318,Saint-Thual,377,262,111,266,4,4,77.0,Gauche,2002,législative
35,318,Saint-Thual,377,262,111,266,4,5,4.0,Écologie,2002,législative
35,318,Saint-Thual,377,262,111,266,4,6,0.0,Gauche,2002,législative
35,318,Saint-Thual,377,262,111,266,4,7,7.0,Écologie,2002,législative
35,318,Saint-Thual,377,262,111,266,4,8,2.0,Écologie,2002,législative
35,318,Saint-Thual,377,262,111,266,4,9,3.0,Régionalisme,2002,législative
35,318,Saint-Thual,377,262,111,266,4,10,2.0,Droite,2002,législative
35,318,Saint-Thual,377,262,111,266,4,11,0.0,Divers,2002,législative
35,318,Saint-Thual,377,262,111,266,4,12,55.0,Centre,2002,législative
35,318,Saint-Thual,377,262,111,266,4,13,52.0,Droite,2002,législative
35,318,Saint-Thual,377,262,111,266,4,14,4.0,Droite,2002,législative
35,318,Saint-Thual,377,262,111,266,4,15,47.0,Extrême Droite,2002,législative
35,318,Saint-Thual,377,262,111,266,4,16,4.0,Extrême Droite,2002,législative
35,319,Saint-Thurial,1085,748,322,763,15,0,20.0,Extrême Gauche,2002,législative
35,319,Saint-Thurial,1085,748,322,763,15,1,16.0,Gauche,2002,législative
35,319,Saint-Thurial,1085,748,322,763,15,2,181.0,Gauche,2002,législative
35,319,Saint-Thurial,1085,748,322,763,15,3,43.0,Écologie,2002,législative
35,319,Saint-Thurial,1085,748,322,763,15,4,7.0,Écologie,2002,législative
35,319,Saint-Thurial,1085,748,322,763,15,5,10.0,Écologie,2002,législative
35,319,Saint-Thurial,1085,748,322,763,15,6,3.0,Écologie,2002,législative
35,319,Saint-Thurial,1085,748,322,763,15,7,8.0,Régionalisme,2002,législative
35,319,Saint-Thurial,1085,748,322,763,15,8,20.0,Droite,2002,législative
35,319,Saint-Thurial,1085,748,322,763,15,9,264.0,Droite,2002,législative
35,319,Saint-Thurial,1085,748,322,763,15,10,118.0,Droite,2002,législative
35,319,Saint-Thurial,1085,748,322,763,15,11,47.0,Extrême Droite,2002,législative
35,319,Saint-Thurial,1085,748,322,763,15,12,11.0,Extrême Droite,2002,législative
35,320,Saint-Uniac,266,183,82,184,1,0,2.0,Extrême Gauche,2002,législative
35,320,Saint-Uniac,266,183,82,184,1,1,0.0,Extrême Gauche,2002,législative
35,320,Saint-Uniac,266,183,82,184,1,2,1.0,Extrême Gauche,2002,législative
35,320,Saint-Uniac,266,183,82,184,1,3,1.0,Gauche,2002,législative
35,320,Saint-Uniac,266,183,82,184,1,4,57.0,Gauche,2002,législative
35,320,Saint-Uniac,266,183,82,184,1,5,1.0,Gauche,2002,législative
35,320,Saint-Uniac,266,183,82,184,1,6,7.0,Écologie,2002,législative
35,320,Saint-Uniac,266,183,82,184,1,7,2.0,Gauche,2002,législative
35,320,Saint-Uniac,266,183,82,184,1,8,2.0,Écologie,2002,législative
35,320,Saint-Uniac,266,183,82,184,1,9,1.0,Régionalisme,2002,législative
35,320,Saint-Uniac,266,183,82,184,1,10,3.0,Droite,2002,législative
35,320,Saint-Uniac,266,183,82,184,1,11,92.0,Droite,2002,législative
35,320,Saint-Uniac,266,183,82,184,1,12,10.0,Extrême Droite,2002,législative
35,320,Saint-Uniac,266,183,82,184,1,13,4.0,Extrême Droite,2002,législative
35,321,Saulnières,462,278,163,299,21,0,12.0,Extrême Gauche,2002,législative
35,321,Saulnières,462,278,163,299,21,1,8.0,Gauche,2002,législative
35,321,Saulnières,462,278,163,299,21,2,65.0,Gauche,2002,législative
35,321,Saulnières,462,278,163,299,21,3,5.0,Écologie,2002,législative
35,321,Saulnières,462,278,163,299,21,4,3.0,Écologie,2002,législative
35,321,Saulnières,462,278,163,299,21,5,4.0,Écologie,2002,législative
35,321,Saulnières,462,278,163,299,21,6,0.0,Écologie,2002,législative
35,321,Saulnières,462,278,163,299,21,7,2.0,Régionalisme,2002,législative
35,321,Saulnières,462,278,163,299,21,8,10.0,Droite,2002,législative
35,321,Saulnières,462,278,163,299,21,9,87.0,Droite,2002,législative
35,321,Saulnières,462,278,163,299,21,10,48.0,Droite,2002,législative
35,321,Saulnières,462,278,163,299,21,11,32.0,Extrême Droite,2002,législative
35,321,Saulnières,462,278,163,299,21,12,2.0,Extrême Droite,2002,législative
35,322,Le Sel-de-Bretagne,405,261,137,268,7,0,3.0,Extrême Gauche,2002,législative
35,322,Le Sel-de-Bretagne,405,261,137,268,7,1,4.0,Gauche,2002,législative
35,322,Le Sel-de-Bretagne,405,261,137,268,7,2,78.0,Gauche,2002,législative
35,322,Le Sel-de-Bretagne,405,261,137,268,7,3,22.0,Écologie,2002,législative
35,322,Le Sel-de-Bretagne,405,261,137,268,7,4,6.0,Écologie,2002,législative
35,322,Le Sel-de-Bretagne,405,261,137,268,7,5,4.0,Écologie,2002,législative
35,322,Le Sel-de-Bretagne,405,261,137,268,7,6,0.0,Écologie,2002,législative
35,322,Le Sel-de-Bretagne,405,261,137,268,7,7,15.0,Régionalisme,2002,législative
35,322,Le Sel-de-Bretagne,405,261,137,268,7,8,1.0,Droite,2002,législative
35,322,Le Sel-de-Bretagne,405,261,137,268,7,9,61.0,Droite,2002,législative
35,322,Le Sel-de-Bretagne,405,261,137,268,7,10,40.0,Droite,2002,législative
35,322,Le Sel-de-Bretagne,405,261,137,268,7,11,22.0,Extrême Droite,2002,législative
35,322,Le Sel-de-Bretagne,405,261,137,268,7,12,5.0,Extrême Droite,2002,législative
35,323,La Selle-en-Coglès,365,241,111,254,13,0,3.0,Extrême Gauche,2002,législative
35,323,La Selle-en-Coglès,365,241,111,254,13,1,13.0,Extrême Gauche,2002,législative
35,323,La Selle-en-Coglès,365,241,111,254,13,2,2.0,Gauche,2002,législative
35,323,La Selle-en-Coglès,365,241,111,254,13,3,34.0,Gauche,2002,législative
35,323,La Selle-en-Coglès,365,241,111,254,13,4,18.0,Écologie,2002,législative
35,323,La Selle-en-Coglès,365,241,111,254,13,5,1.0,Écologie,2002,législative
35,323,La Selle-en-Coglès,365,241,111,254,13,6,1.0,Régionalisme,2002,législative
35,323,La Selle-en-Coglès,365,241,111,254,13,7,0.0,Divers,2002,législative
35,323,La Selle-en-Coglès,365,241,111,254,13,8,144.0,Droite,2002,législative
35,323,La Selle-en-Coglès,365,241,111,254,13,9,7.0,Droite,2002,législative
35,323,La Selle-en-Coglès,365,241,111,254,13,10,17.0,Extrême Droite,2002,législative
35,323,La Selle-en-Coglès,365,241,111,254,13,11,1.0,Extrême Droite,2002,législative
35,324,La Selle-en-Luitré,353,275,68,285,10,0,5.0,Extrême Gauche,2002,législative
35,324,La Selle-en-Luitré,353,275,68,285,10,1,5.0,Extrême Gauche,2002,législative
35,324,La Selle-en-Luitré,353,275,68,285,10,2,8.0,Gauche,2002,législative
35,324,La Selle-en-Luitré,353,275,68,285,10,3,11.0,Gauche,2002,législative
35,324,La Selle-en-Luitré,353,275,68,285,10,4,29.0,Écologie,2002,législative
35,324,La Selle-en-Luitré,353,275,68,285,10,5,3.0,Écologie,2002,législative
35,324,La Selle-en-Luitré,353,275,68,285,10,6,0.0,Régionalisme,2002,législative
35,324,La Selle-en-Luitré,353,275,68,285,10,7,2.0,Divers,2002,législative
35,324,La Selle-en-Luitré,353,275,68,285,10,8,166.0,Droite,2002,législative
35,324,La Selle-en-Luitré,353,275,68,285,10,9,20.0,Droite,2002,législative
35,324,La Selle-en-Luitré,353,275,68,285,10,10,23.0,Extrême Droite,2002,législative
35,324,La Selle-en-Luitré,353,275,68,285,10,11,3.0,Extrême Droite,2002,législative
35,325,La Selle-Guerchaise,90,71,17,73,2,0,5.0,Extrême Gauche,2002,législative
35,325,La Selle-Guerchaise,90,71,17,73,2,1,0.0,Extrême Gauche,2002,législative
35,325,La Selle-Guerchaise,90,71,17,73,2,2,2.0,Gauche,2002,législative
35,325,La Selle-Guerchaise,90,71,17,73,2,3,4.0,Gauche,2002,législative
35,325,La Selle-Guerchaise,90,71,17,73,2,4,0.0,Gauche,2002,législative
35,325,La Selle-Guerchaise,90,71,17,73,2,5,1.0,Écologie,2002,législative
35,325,La Selle-Guerchaise,90,71,17,73,2,6,0.0,Écologie,2002,législative
35,325,La Selle-Guerchaise,90,71,17,73,2,7,0.0,Régionalisme,2002,législative
35,325,La Selle-Guerchaise,90,71,17,73,2,8,1.0,Droite,2002,législative
35,325,La Selle-Guerchaise,90,71,17,73,2,9,47.0,Droite,2002,législative
35,325,La Selle-Guerchaise,90,71,17,73,2,10,0.0,Droite,2002,législative
35,325,La Selle-Guerchaise,90,71,17,73,2,11,10.0,Extrême Droite,2002,législative
35,325,La Selle-Guerchaise,90,71,17,73,2,12,1.0,Extrême Droite,2002,législative
35,326,Sens-de-Bretagne,1145,664,455,690,26,0,24.0,Extrême Gauche,2002,législative
35,326,Sens-de-Bretagne,1145,664,455,690,26,1,9.0,Extrême Gauche,2002,législative
35,326,Sens-de-Bretagne,1145,664,455,690,26,2,6.0,Extrême Gauche,2002,législative
35,326,Sens-de-Bretagne,1145,664,455,690,26,3,12.0,Gauche,2002,législative
35,326,Sens-de-Bretagne,1145,664,455,690,26,4,195.0,Gauche,2002,législative
35,326,Sens-de-Bretagne,1145,664,455,690,26,5,11.0,Écologie,2002,législative
35,326,Sens-de-Bretagne,1145,664,455,690,26,6,2.0,Gauche,2002,législative
35,326,Sens-de-Bretagne,1145,664,455,690,26,7,2.0,Écologie,2002,législative
35,326,Sens-de-Bretagne,1145,664,455,690,26,8,7.0,Écologie,2002,législative
35,326,Sens-de-Bretagne,1145,664,455,690,26,9,7.0,Régionalisme,2002,législative
35,326,Sens-de-Bretagne,1145,664,455,690,26,10,15.0,Droite,2002,législative
35,326,Sens-de-Bretagne,1145,664,455,690,26,11,2.0,Divers,2002,législative
35,326,Sens-de-Bretagne,1145,664,455,690,26,12,114.0,Centre,2002,législative
35,326,Sens-de-Bretagne,1145,664,455,690,26,13,198.0,Droite,2002,législative
35,326,Sens-de-Bretagne,1145,664,455,690,26,14,0.0,Droite,2002,législative
35,326,Sens-de-Bretagne,1145,664,455,690,26,15,53.0,Extrême Droite,2002,législative
35,326,Sens-de-Bretagne,1145,664,455,690,26,16,7.0,Extrême Droite,2002,législative
35,327,Servon-sur-Vilaine,2325,1493,801,1524,31,0,19.0,Extrême Gauche,2002,législative
35,327,Servon-sur-Vilaine,2325,1493,801,1524,31,1,37.0,Extrême Gauche,2002,législative
35,327,Servon-sur-Vilaine,2325,1493,801,1524,31,2,27.0,Gauche,2002,législative
35,327,Servon-sur-Vilaine,2325,1493,801,1524,31,3,395.0,Gauche,2002,législative
35,327,Servon-sur-Vilaine,2325,1493,801,1524,31,4,41.0,Gauche,2002,législative
35,327,Servon-sur-Vilaine,2325,1493,801,1524,31,5,91.0,Écologie,2002,législative
35,327,Servon-sur-Vilaine,2325,1493,801,1524,31,6,15.0,Écologie,2002,législative
35,327,Servon-sur-Vilaine,2325,1493,801,1524,31,7,15.0,Régionalisme,2002,législative
35,327,Servon-sur-Vilaine,2325,1493,801,1524,31,8,10.0,Droite,2002,législative
35,327,Servon-sur-Vilaine,2325,1493,801,1524,31,9,749.0,Droite,2002,législative
35,327,Servon-sur-Vilaine,2325,1493,801,1524,31,10,10.0,Droite,2002,législative
35,327,Servon-sur-Vilaine,2325,1493,801,1524,31,11,78.0,Extrême Droite,2002,législative
35,327,Servon-sur-Vilaine,2325,1493,801,1524,31,12,6.0,Extrême Droite,2002,législative
35,328,Sixt-sur-Aff,1478,877,589,889,12,0,20.0,Extrême Gauche,2002,législative
35,328,Sixt-sur-Aff,1478,877,589,889,12,1,7.0,Gauche,2002,législative
35,328,Sixt-sur-Aff,1478,877,589,889,12,2,174.0,Gauche,2002,législative
35,328,Sixt-sur-Aff,1478,877,589,889,12,3,14.0,Écologie,2002,législative
35,328,Sixt-sur-Aff,1478,877,589,889,12,4,7.0,Écologie,2002,législative
35,328,Sixt-sur-Aff,1478,877,589,889,12,5,5.0,Écologie,2002,législative
35,328,Sixt-sur-Aff,1478,877,589,889,12,6,8.0,Écologie,2002,législative
35,328,Sixt-sur-Aff,1478,877,589,889,12,7,23.0,Régionalisme,2002,législative
35,328,Sixt-sur-Aff,1478,877,589,889,12,8,23.0,Droite,2002,législative
35,328,Sixt-sur-Aff,1478,877,589,889,12,9,370.0,Droite,2002,législative
35,328,Sixt-sur-Aff,1478,877,589,889,12,10,129.0,Droite,2002,législative
35,328,Sixt-sur-Aff,1478,877,589,889,12,11,79.0,Extrême Droite,2002,législative
35,328,Sixt-sur-Aff,1478,877,589,889,12,12,18.0,Extrême Droite,2002,législative
35,329,Sougéal,478,308,157,321,13,0,1.0,Extrême Gauche,2002,législative
35,329,Sougéal,478,308,157,321,13,1,7.0,Extrême Gauche,2002,législative
35,329,Sougéal,478,308,157,321,13,2,2.0,Extrême Gauche,2002,législative
35,329,Sougéal,478,308,157,321,13,3,1.0,Gauche,2002,législative
35,329,Sougéal,478,308,157,321,13,4,59.0,Gauche,2002,législative
35,329,Sougéal,478,308,157,321,13,5,6.0,Écologie,2002,législative
35,329,Sougéal,478,308,157,321,13,6,0.0,Gauche,2002,législative
35,329,Sougéal,478,308,157,321,13,7,2.0,Écologie,2002,législative
35,329,Sougéal,478,308,157,321,13,8,2.0,Écologie,2002,législative
35,329,Sougéal,478,308,157,321,13,9,4.0,Régionalisme,2002,législative
35,329,Sougéal,478,308,157,321,13,10,27.0,Droite,2002,législative
35,329,Sougéal,478,308,157,321,13,11,2.0,Divers,2002,législative
35,329,Sougéal,478,308,157,321,13,12,162.0,Droite,2002,législative
35,329,Sougéal,478,308,157,321,13,13,25.0,Extrême Droite,2002,législative
35,329,Sougéal,478,308,157,321,13,14,8.0,Extrême Droite,2002,législative
35,330,Taillis,609,427,172,437,10,0,4.0,Extrême Gauche,2002,législative
35,330,Taillis,609,427,172,437,10,1,9.0,Extrême Gauche,2002,législative
35,330,Taillis,609,427,172,437,10,2,1.0,Gauche,2002,législative
35,330,Taillis,609,427,172,437,10,3,58.0,Gauche,2002,législative
35,330,Taillis,609,427,172,437,10,4,8.0,Gauche,2002,législative
35,330,Taillis,609,427,172,437,10,5,18.0,Écologie,2002,législative
35,330,Taillis,609,427,172,437,10,6,4.0,Écologie,2002,législative
35,330,Taillis,609,427,172,437,10,7,5.0,Régionalisme,2002,législative
35,330,Taillis,609,427,172,437,10,8,16.0,Droite,2002,législative
35,330,Taillis,609,427,172,437,10,9,275.0,Droite,2002,législative
35,330,Taillis,609,427,172,437,10,10,8.0,Droite,2002,législative
35,330,Taillis,609,427,172,437,10,11,16.0,Extrême Droite,2002,législative
35,330,Taillis,609,427,172,437,10,12,5.0,Extrême Droite,2002,législative
35,331,Talensac,1698,1079,607,1091,12,0,18.0,Extrême Gauche,2002,législative
35,331,Talensac,1698,1079,607,1091,12,1,11.0,Extrême Gauche,2002,législative
35,331,Talensac,1698,1079,607,1091,12,2,9.0,Extrême Gauche,2002,législative
35,331,Talensac,1698,1079,607,1091,12,3,24.0,Gauche,2002,législative
35,331,Talensac,1698,1079,607,1091,12,4,456.0,Gauche,2002,législative
35,331,Talensac,1698,1079,607,1091,12,5,31.0,Gauche,2002,législative
35,331,Talensac,1698,1079,607,1091,12,6,55.0,Écologie,2002,législative
35,331,Talensac,1698,1079,607,1091,12,7,5.0,Gauche,2002,législative
35,331,Talensac,1698,1079,607,1091,12,8,4.0,Écologie,2002,législative
35,331,Talensac,1698,1079,607,1091,12,9,18.0,Régionalisme,2002,législative
35,331,Talensac,1698,1079,607,1091,12,10,38.0,Droite,2002,législative
35,331,Talensac,1698,1079,607,1091,12,11,343.0,Droite,2002,législative
35,331,Talensac,1698,1079,607,1091,12,12,59.0,Extrême Droite,2002,législative
35,331,Talensac,1698,1079,607,1091,12,13,8.0,Extrême Droite,2002,législative
35,332,Teillay,642,374,265,377,3,0,17.0,Extrême Gauche,2002,législative
35,332,Teillay,642,374,265,377,3,1,10.0,Gauche,2002,législative
35,332,Teillay,642,374,265,377,3,2,90.0,Gauche,2002,législative
35,332,Teillay,642,374,265,377,3,3,9.0,Écologie,2002,législative
35,332,Teillay,642,374,265,377,3,4,5.0,Écologie,2002,législative
35,332,Teillay,642,374,265,377,3,5,0.0,Écologie,2002,législative
35,332,Teillay,642,374,265,377,3,6,0.0,Écologie,2002,législative
35,332,Teillay,642,374,265,377,3,7,3.0,Régionalisme,2002,législative
35,332,Teillay,642,374,265,377,3,8,11.0,Droite,2002,législative
35,332,Teillay,642,374,265,377,3,9,138.0,Droite,2002,législative
35,332,Teillay,642,374,265,377,3,10,50.0,Droite,2002,législative
35,332,Teillay,642,374,265,377,3,11,37.0,Extrême Droite,2002,législative
35,332,Teillay,642,374,265,377,3,12,4.0,Extrême Droite,2002,législative
35,333,Le Theil-de-Bretagne,826,527,283,543,16,0,12.0,Extrême Gauche,2002,législative
35,333,Le Theil-de-Bretagne,826,527,283,543,16,1,5.0,Extrême Gauche,2002,législative
35,333,Le Theil-de-Bretagne,826,527,283,543,16,2,8.0,Gauche,2002,législative
35,333,Le Theil-de-Bretagne,826,527,283,543,16,3,103.0,Gauche,2002,législative
35,333,Le Theil-de-Bretagne,826,527,283,543,16,4,6.0,Gauche,2002,législative
35,333,Le Theil-de-Bretagne,826,527,283,543,16,5,20.0,Écologie,2002,législative
35,333,Le Theil-de-Bretagne,826,527,283,543,16,6,3.0,Écologie,2002,législative
35,333,Le Theil-de-Bretagne,826,527,283,543,16,7,1.0,Régionalisme,2002,législative
35,333,Le Theil-de-Bretagne,826,527,283,543,16,8,24.0,Droite,2002,législative
35,333,Le Theil-de-Bretagne,826,527,283,543,16,9,306.0,Droite,2002,législative
35,333,Le Theil-de-Bretagne,826,527,283,543,16,10,8.0,Droite,2002,législative
35,333,Le Theil-de-Bretagne,826,527,283,543,16,11,27.0,Extrême Droite,2002,législative
35,333,Le Theil-de-Bretagne,826,527,283,543,16,12,4.0,Extrême Droite,2002,législative
35,334,Thorigné-Fouillard,4752,3286,1405,3347,61,0,31.0,Extrême Gauche,2002,législative
35,334,Thorigné-Fouillard,4752,3286,1405,3347,61,1,87.0,Extrême Gauche,2002,législative
35,334,Thorigné-Fouillard,4752,3286,1405,3347,61,2,47.0,Gauche,2002,législative
35,334,Thorigné-Fouillard,4752,3286,1405,3347,61,3,99.0,Gauche,2002,législative
35,334,Thorigné-Fouillard,4752,3286,1405,3347,61,4,1419.0,Écologie,2002,législative
35,334,Thorigné-Fouillard,4752,3286,1405,3347,61,5,26.0,Écologie,2002,législative
35,334,Thorigné-Fouillard,4752,3286,1405,3347,61,6,44.0,Régionalisme,2002,législative
35,334,Thorigné-Fouillard,4752,3286,1405,3347,61,7,23.0,Divers,2002,législative
35,334,Thorigné-Fouillard,4752,3286,1405,3347,61,8,1179.0,Droite,2002,législative
35,334,Thorigné-Fouillard,4752,3286,1405,3347,61,9,197.0,Droite,2002,législative
35,334,Thorigné-Fouillard,4752,3286,1405,3347,61,10,118.0,Extrême Droite,2002,législative
35,334,Thorigné-Fouillard,4752,3286,1405,3347,61,11,16.0,Extrême Droite,2002,législative
35,335,Thourie,453,266,182,271,5,0,8.0,Extrême Gauche,2002,législative
35,335,Thourie,453,266,182,271,5,1,4.0,Extrême Gauche,2002,législative
35,335,Thourie,453,266,182,271,5,2,1.0,Gauche,2002,législative
35,335,Thourie,453,266,182,271,5,3,47.0,Gauche,2002,législative
35,335,Thourie,453,266,182,271,5,4,8.0,Gauche,2002,législative
35,335,Thourie,453,266,182,271,5,5,13.0,Écologie,2002,législative
35,335,Thourie,453,266,182,271,5,6,1.0,Écologie,2002,législative
35,335,Thourie,453,266,182,271,5,7,2.0,Régionalisme,2002,législative
35,335,Thourie,453,266,182,271,5,8,3.0,Droite,2002,législative
35,335,Thourie,453,266,182,271,5,9,145.0,Droite,2002,législative
35,335,Thourie,453,266,182,271,5,10,3.0,Droite,2002,législative
35,335,Thourie,453,266,182,271,5,11,30.0,Extrême Droite,2002,législative
35,335,Thourie,453,266,182,271,5,12,1.0,Extrême Droite,2002,législative
35,336,Le Tiercent,142,95,46,96,1,0,2.0,Extrême Gauche,2002,législative
35,336,Le Tiercent,142,95,46,96,1,1,4.0,Extrême Gauche,2002,législative
35,336,Le Tiercent,142,95,46,96,1,2,5.0,Gauche,2002,législative
35,336,Le Tiercent,142,95,46,96,1,3,22.0,Gauche,2002,législative
35,336,Le Tiercent,142,95,46,96,1,4,7.0,Écologie,2002,législative
35,336,Le Tiercent,142,95,46,96,1,5,0.0,Écologie,2002,législative
35,336,Le Tiercent,142,95,46,96,1,6,4.0,Régionalisme,2002,législative
35,336,Le Tiercent,142,95,46,96,1,7,0.0,Divers,2002,législative
35,336,Le Tiercent,142,95,46,96,1,8,42.0,Droite,2002,législative
35,336,Le Tiercent,142,95,46,96,1,9,2.0,Droite,2002,législative
35,336,Le Tiercent,142,95,46,96,1,10,6.0,Extrême Droite,2002,législative
35,336,Le Tiercent,142,95,46,96,1,11,1.0,Extrême Droite,2002,législative
35,337,Tinténiac,1898,1283,582,1316,33,0,16.0,Extrême Gauche,2002,législative
35,337,Tinténiac,1898,1283,582,1316,33,1,19.0,Extrême Gauche,2002,législative
35,337,Tinténiac,1898,1283,582,1316,33,2,5.0,Extrême Gauche,2002,législative
35,337,Tinténiac,1898,1283,582,1316,33,3,8.0,Gauche,2002,législative
35,337,Tinténiac,1898,1283,582,1316,33,4,406.0,Gauche,2002,législative
35,337,Tinténiac,1898,1283,582,1316,33,5,31.0,Écologie,2002,législative
35,337,Tinténiac,1898,1283,582,1316,33,6,1.0,Gauche,2002,législative
35,337,Tinténiac,1898,1283,582,1316,33,7,16.0,Écologie,2002,législative
35,337,Tinténiac,1898,1283,582,1316,33,8,23.0,Écologie,2002,législative
35,337,Tinténiac,1898,1283,582,1316,33,9,6.0,Régionalisme,2002,législative
35,337,Tinténiac,1898,1283,582,1316,33,10,17.0,Droite,2002,législative
35,337,Tinténiac,1898,1283,582,1316,33,11,5.0,Divers,2002,législative
35,337,Tinténiac,1898,1283,582,1316,33,12,398.0,Centre,2002,législative
35,337,Tinténiac,1898,1283,582,1316,33,13,245.0,Droite,2002,législative
35,337,Tinténiac,1898,1283,582,1316,33,14,4.0,Droite,2002,législative
35,337,Tinténiac,1898,1283,582,1316,33,15,76.0,Extrême Droite,2002,législative
35,337,Tinténiac,1898,1283,582,1316,33,16,7.0,Extrême Droite,2002,législative
35,338,Torcé,696,470,214,482,12,0,6.0,Extrême Gauche,2002,législative
35,338,Torcé,696,470,214,482,12,1,6.0,Extrême Gauche,2002,législative
35,338,Torcé,696,470,214,482,12,2,2.0,Gauche,2002,législative
35,338,Torcé,696,470,214,482,12,3,50.0,Gauche,2002,législative
35,338,Torcé,696,470,214,482,12,4,6.0,Gauche,2002,législative
35,338,Torcé,696,470,214,482,12,5,24.0,Écologie,2002,législative
35,338,Torcé,696,470,214,482,12,6,6.0,Écologie,2002,législative
35,338,Torcé,696,470,214,482,12,7,7.0,Régionalisme,2002,législative
35,338,Torcé,696,470,214,482,12,8,3.0,Droite,2002,législative
35,338,Torcé,696,470,214,482,12,9,324.0,Droite,2002,législative
35,338,Torcé,696,470,214,482,12,10,4.0,Droite,2002,législative
35,338,Torcé,696,470,214,482,12,11,28.0,Extrême Droite,2002,législative
35,338,Torcé,696,470,214,482,12,12,4.0,Extrême Droite,2002,législative
35,339,Trans-la-Forêt,474,322,149,325,3,0,7.0,Extrême Gauche,2002,législative
35,339,Trans-la-Forêt,474,322,149,325,3,1,3.0,Extrême Gauche,2002,législative
35,339,Trans-la-Forêt,474,322,149,325,3,2,2.0,Extrême Gauche,2002,législative
35,339,Trans-la-Forêt,474,322,149,325,3,3,4.0,Gauche,2002,législative
35,339,Trans-la-Forêt,474,322,149,325,3,4,96.0,Gauche,2002,législative
35,339,Trans-la-Forêt,474,322,149,325,3,5,7.0,Écologie,2002,législative
35,339,Trans-la-Forêt,474,322,149,325,3,6,0.0,Gauche,2002,législative
35,339,Trans-la-Forêt,474,322,149,325,3,7,0.0,Écologie,2002,législative
35,339,Trans-la-Forêt,474,322,149,325,3,8,2.0,Écologie,2002,législative
35,339,Trans-la-Forêt,474,322,149,325,3,9,2.0,Régionalisme,2002,législative
35,339,Trans-la-Forêt,474,322,149,325,3,10,32.0,Droite,2002,législative
35,339,Trans-la-Forêt,474,322,149,325,3,11,0.0,Divers,2002,législative
35,339,Trans-la-Forêt,474,322,149,325,3,12,148.0,Droite,2002,législative
35,339,Trans-la-Forêt,474,322,149,325,3,13,17.0,Extrême Droite,2002,législative
35,339,Trans-la-Forêt,474,322,149,325,3,14,2.0,Extrême Droite,2002,législative
35,340,Treffendel,715,471,230,485,14,0,5.0,Extrême Gauche,2002,législative
35,340,Treffendel,715,471,230,485,14,1,8.0,Gauche,2002,législative
35,340,Treffendel,715,471,230,485,14,2,98.0,Gauche,2002,législative
35,340,Treffendel,715,471,230,485,14,3,20.0,Écologie,2002,législative
35,340,Treffendel,715,471,230,485,14,4,5.0,Écologie,2002,législative
35,340,Treffendel,715,471,230,485,14,5,4.0,Écologie,2002,législative
35,340,Treffendel,715,471,230,485,14,6,1.0,Écologie,2002,législative
35,340,Treffendel,715,471,230,485,14,7,8.0,Régionalisme,2002,législative
35,340,Treffendel,715,471,230,485,14,8,14.0,Droite,2002,législative
35,340,Treffendel,715,471,230,485,14,9,199.0,Droite,2002,législative
35,340,Treffendel,715,471,230,485,14,10,71.0,Droite,2002,législative
35,340,Treffendel,715,471,230,485,14,11,32.0,Extrême Droite,2002,législative
35,340,Treffendel,715,471,230,485,14,12,6.0,Extrême Droite,2002,législative
35,341,Tremblay,1055,661,369,686,25,0,6.0,Extrême Gauche,2002,législative
35,341,Tremblay,1055,661,369,686,25,1,16.0,Extrême Gauche,2002,législative
35,341,Tremblay,1055,661,369,686,25,2,13.0,Gauche,2002,législative
35,341,Tremblay,1055,661,369,686,25,3,108.0,Gauche,2002,législative
35,341,Tremblay,1055,661,369,686,25,4,70.0,Écologie,2002,législative
35,341,Tremblay,1055,661,369,686,25,5,4.0,Écologie,2002,législative
35,341,Tremblay,1055,661,369,686,25,6,7.0,Régionalisme,2002,législative
35,341,Tremblay,1055,661,369,686,25,7,6.0,Divers,2002,législative
35,341,Tremblay,1055,661,369,686,25,8,359.0,Droite,2002,législative
35,341,Tremblay,1055,661,369,686,25,9,30.0,Droite,2002,législative
35,341,Tremblay,1055,661,369,686,25,10,37.0,Extrême Droite,2002,législative
35,341,Tremblay,1055,661,369,686,25,11,5.0,Extrême Droite,2002,législative
35,342,Trémeheuc,257,176,74,183,7,0,3.0,Extrême Gauche,2002,législative
35,342,Trémeheuc,257,176,74,183,7,1,2.0,Extrême Gauche,2002,législative
35,342,Trémeheuc,257,176,74,183,7,2,0.0,Extrême Gauche,2002,législative
35,342,Trémeheuc,257,176,74,183,7,3,5.0,Gauche,2002,législative
35,342,Trémeheuc,257,176,74,183,7,4,90.0,Gauche,2002,législative
35,342,Trémeheuc,257,176,74,183,7,5,2.0,Écologie,2002,législative
35,342,Trémeheuc,257,176,74,183,7,6,1.0,Gauche,2002,législative
35,342,Trémeheuc,257,176,74,183,7,7,0.0,Écologie,2002,législative
35,342,Trémeheuc,257,176,74,183,7,8,0.0,Écologie,2002,législative
35,342,Trémeheuc,257,176,74,183,7,9,2.0,Régionalisme,2002,législative
35,342,Trémeheuc,257,176,74,183,7,10,0.0,Droite,2002,législative
35,342,Trémeheuc,257,176,74,183,7,11,0.0,Divers,2002,législative
35,342,Trémeheuc,257,176,74,183,7,12,20.0,Centre,2002,législative
35,342,Trémeheuc,257,176,74,183,7,13,30.0,Droite,2002,législative
35,342,Trémeheuc,257,176,74,183,7,14,0.0,Droite,2002,législative
35,342,Trémeheuc,257,176,74,183,7,15,15.0,Extrême Droite,2002,législative
35,342,Trémeheuc,257,176,74,183,7,16,6.0,Extrême Droite,2002,législative
35,343,Tresboeuf,680,433,231,449,16,0,13.0,Extrême Gauche,2002,législative
35,343,Tresboeuf,680,433,231,449,16,1,8.0,Gauche,2002,législative
35,343,Tresboeuf,680,433,231,449,16,2,78.0,Gauche,2002,législative
35,343,Tresboeuf,680,433,231,449,16,3,16.0,Écologie,2002,législative
35,343,Tresboeuf,680,433,231,449,16,4,4.0,Écologie,2002,législative
35,343,Tresboeuf,680,433,231,449,16,5,2.0,Écologie,2002,législative
35,343,Tresboeuf,680,433,231,449,16,6,1.0,Écologie,2002,législative
35,343,Tresboeuf,680,433,231,449,16,7,9.0,Régionalisme,2002,législative
35,343,Tresboeuf,680,433,231,449,16,8,12.0,Droite,2002,législative
35,343,Tresboeuf,680,433,231,449,16,9,163.0,Droite,2002,législative
35,343,Tresboeuf,680,433,231,449,16,10,73.0,Droite,2002,législative
35,343,Tresboeuf,680,433,231,449,16,11,51.0,Extrême Droite,2002,législative
35,343,Tresboeuf,680,433,231,449,16,12,3.0,Extrême Droite,2002,législative
35,344,Tressé,180,134,46,134,0,0,6.0,Extrême Gauche,2002,législative
35,344,Tressé,180,134,46,134,0,1,3.0,Extrême Gauche,2002,législative
35,344,Tressé,180,134,46,134,0,2,0.0,Extrême Gauche,2002,législative
35,344,Tressé,180,134,46,134,0,3,2.0,Gauche,2002,législative
35,344,Tressé,180,134,46,134,0,4,27.0,Gauche,2002,législative
35,344,Tressé,180,134,46,134,0,5,0.0,Écologie,2002,législative
35,344,Tressé,180,134,46,134,0,6,1.0,Gauche,2002,législative
35,344,Tressé,180,134,46,134,0,7,1.0,Écologie,2002,législative
35,344,Tressé,180,134,46,134,0,8,5.0,Écologie,2002,législative
35,344,Tressé,180,134,46,134,0,9,0.0,Régionalisme,2002,législative
35,344,Tressé,180,134,46,134,0,10,18.0,Droite,2002,législative
35,344,Tressé,180,134,46,134,0,11,2.0,Divers,2002,législative
35,344,Tressé,180,134,46,134,0,12,15.0,Centre,2002,législative
35,344,Tressé,180,134,46,134,0,13,33.0,Droite,2002,législative
35,344,Tressé,180,134,46,134,0,14,1.0,Droite,2002,législative
35,344,Tressé,180,134,46,134,0,15,19.0,Extrême Droite,2002,législative
35,344,Tressé,180,134,46,134,0,16,1.0,Extrême Droite,2002,législative
35,345,Trévérien,432,307,115,317,10,0,7.0,Extrême Gauche,2002,législative
35,345,Trévérien,432,307,115,317,10,1,16.0,Extrême Gauche,2002,législative
35,345,Trévérien,432,307,115,317,10,2,2.0,Extrême Gauche,2002,législative
35,345,Trévérien,432,307,115,317,10,3,8.0,Gauche,2002,législative
35,345,Trévérien,432,307,115,317,10,4,113.0,Gauche,2002,législative
35,345,Trévérien,432,307,115,317,10,5,3.0,Écologie,2002,législative
35,345,Trévérien,432,307,115,317,10,6,0.0,Gauche,2002,législative
35,345,Trévérien,432,307,115,317,10,7,3.0,Écologie,2002,législative
35,345,Trévérien,432,307,115,317,10,8,0.0,Écologie,2002,législative
35,345,Trévérien,432,307,115,317,10,9,0.0,Régionalisme,2002,législative
35,345,Trévérien,432,307,115,317,10,10,2.0,Droite,2002,législative
35,345,Trévérien,432,307,115,317,10,11,0.0,Divers,2002,législative
35,345,Trévérien,432,307,115,317,10,12,47.0,Centre,2002,législative
35,345,Trévérien,432,307,115,317,10,13,79.0,Droite,2002,législative
35,345,Trévérien,432,307,115,317,10,14,0.0,Droite,2002,législative
35,345,Trévérien,432,307,115,317,10,15,25.0,Extrême Droite,2002,législative
35,345,Trévérien,432,307,115,317,10,16,2.0,Extrême Droite,2002,législative
35,346,Trimer,98,63,31,67,4,0,1.0,Extrême Gauche,2002,législative
35,346,Trimer,98,63,31,67,4,1,0.0,Extrême Gauche,2002,législative
35,346,Trimer,98,63,31,67,4,2,0.0,Extrême Gauche,2002,législative
35,346,Trimer,98,63,31,67,4,3,2.0,Gauche,2002,législative
35,346,Trimer,98,63,31,67,4,4,17.0,Gauche,2002,législative
35,346,Trimer,98,63,31,67,4,5,0.0,Écologie,2002,législative
35,346,Trimer,98,63,31,67,4,6,0.0,Gauche,2002,législative
35,346,Trimer,98,63,31,67,4,7,0.0,Écologie,2002,législative
35,346,Trimer,98,63,31,67,4,8,0.0,Écologie,2002,législative
35,346,Trimer,98,63,31,67,4,9,1.0,Régionalisme,2002,législative
35,346,Trimer,98,63,31,67,4,10,3.0,Droite,2002,législative
35,346,Trimer,98,63,31,67,4,11,0.0,Divers,2002,législative
35,346,Trimer,98,63,31,67,4,12,13.0,Centre,2002,législative
35,346,Trimer,98,63,31,67,4,13,17.0,Droite,2002,législative
35,346,Trimer,98,63,31,67,4,14,0.0,Droite,2002,législative
35,346,Trimer,98,63,31,67,4,15,8.0,Extrême Droite,2002,législative
35,346,Trimer,98,63,31,67,4,16,1.0,Extrême Droite,2002,législative
35,347,Val-d'Izé,1496,1029,438,1058,29,0,21.0,Extrême Gauche,2002,législative
35,347,Val-d'Izé,1496,1029,438,1058,29,1,2.0,Extrême Gauche,2002,législative
35,347,Val-d'Izé,1496,1029,438,1058,29,2,2.0,Gauche,2002,législative
35,347,Val-d'Izé,1496,1029,438,1058,29,3,113.0,Gauche,2002,législative
35,347,Val-d'Izé,1496,1029,438,1058,29,4,7.0,Gauche,2002,législative
35,347,Val-d'Izé,1496,1029,438,1058,29,5,28.0,Écologie,2002,législative
35,347,Val-d'Izé,1496,1029,438,1058,29,6,3.0,Écologie,2002,législative
35,347,Val-d'Izé,1496,1029,438,1058,29,7,9.0,Régionalisme,2002,législative
35,347,Val-d'Izé,1496,1029,438,1058,29,8,17.0,Droite,2002,législative
35,347,Val-d'Izé,1496,1029,438,1058,29,9,737.0,Droite,2002,législative
35,347,Val-d'Izé,1496,1029,438,1058,29,10,6.0,Droite,2002,législative
35,347,Val-d'Izé,1496,1029,438,1058,29,11,70.0,Extrême Droite,2002,législative
35,347,Val-d'Izé,1496,1029,438,1058,29,12,14.0,Extrême Droite,2002,législative
35,348,Vendel,277,190,82,195,5,0,1.0,Extrême Gauche,2002,législative
35,348,Vendel,277,190,82,195,5,1,3.0,Extrême Gauche,2002,législative
35,348,Vendel,277,190,82,195,5,2,0.0,Gauche,2002,législative
35,348,Vendel,277,190,82,195,5,3,22.0,Gauche,2002,législative
35,348,Vendel,277,190,82,195,5,4,10.0,Écologie,2002,législative
35,348,Vendel,277,190,82,195,5,5,1.0,Écologie,2002,législative
35,348,Vendel,277,190,82,195,5,6,6.0,Régionalisme,2002,législative
35,348,Vendel,277,190,82,195,5,7,0.0,Divers,2002,législative
35,348,Vendel,277,190,82,195,5,8,124.0,Droite,2002,législative
35,348,Vendel,277,190,82,195,5,9,16.0,Droite,2002,législative
35,348,Vendel,277,190,82,195,5,10,7.0,Extrême Droite,2002,législative
35,348,Vendel,277,190,82,195,5,11,0.0,Extrême Droite,2002,législative
35,350,Vergéal,447,275,164,283,8,0,5.0,Extrême Gauche,2002,législative
35,350,Vergéal,447,275,164,283,8,1,7.0,Extrême Gauche,2002,législative
35,350,Vergéal,447,275,164,283,8,2,2.0,Gauche,2002,législative
35,350,Vergéal,447,275,164,283,8,3,34.0,Gauche,2002,législative
35,350,Vergéal,447,275,164,283,8,4,4.0,Gauche,2002,législative
35,350,Vergéal,447,275,164,283,8,5,5.0,Écologie,2002,législative
35,350,Vergéal,447,275,164,283,8,6,1.0,Écologie,2002,législative
35,350,Vergéal,447,275,164,283,8,7,5.0,Régionalisme,2002,législative
35,350,Vergéal,447,275,164,283,8,8,7.0,Droite,2002,législative
35,350,Vergéal,447,275,164,283,8,9,187.0,Droite,2002,législative
35,350,Vergéal,447,275,164,283,8,10,6.0,Droite,2002,législative
35,350,Vergéal,447,275,164,283,8,11,11.0,Extrême Droite,2002,législative
35,350,Vergéal,447,275,164,283,8,12,1.0,Extrême Droite,2002,législative
35,351,Le Verger,776,537,235,541,4,0,13.0,Extrême Gauche,2002,législative
35,351,Le Verger,776,537,235,541,4,1,5.0,Extrême Gauche,2002,législative
35,351,Le Verger,776,537,235,541,4,2,5.0,Extrême Gauche,2002,législative
35,351,Le Verger,776,537,235,541,4,3,11.0,Gauche,2002,législative
35,351,Le Verger,776,537,235,541,4,4,248.0,Gauche,2002,législative
35,351,Le Verger,776,537,235,541,4,5,8.0,Gauche,2002,législative
35,351,Le Verger,776,537,235,541,4,6,21.0,Écologie,2002,législative
35,351,Le Verger,776,537,235,541,4,7,5.0,Gauche,2002,législative
35,351,Le Verger,776,537,235,541,4,8,4.0,Écologie,2002,législative
35,351,Le Verger,776,537,235,541,4,9,4.0,Régionalisme,2002,législative
35,351,Le Verger,776,537,235,541,4,10,2.0,Droite,2002,législative
35,351,Le Verger,776,537,235,541,4,11,173.0,Droite,2002,législative
35,351,Le Verger,776,537,235,541,4,12,30.0,Extrême Droite,2002,législative
35,351,Le Verger,776,537,235,541,4,13,8.0,Extrême Droite,2002,législative
35,352,Vern-sur-Seiche,5534,3595,1853,3681,86,0,55.0,Extrême Gauche,2002,législative
35,352,Vern-sur-Seiche,5534,3595,1853,3681,86,1,45.0,Extrême Gauche,2002,législative
35,352,Vern-sur-Seiche,5534,3595,1853,3681,86,2,7.0,Extrême Gauche,2002,législative
35,352,Vern-sur-Seiche,5534,3595,1853,3681,86,3,52.0,Gauche,2002,législative
35,352,Vern-sur-Seiche,5534,3595,1853,3681,86,4,1544.0,Gauche,2002,législative
35,352,Vern-sur-Seiche,5534,3595,1853,3681,86,5,82.0,Gauche,2002,législative
35,352,Vern-sur-Seiche,5534,3595,1853,3681,86,6,166.0,Écologie,2002,législative
35,352,Vern-sur-Seiche,5534,3595,1853,3681,86,7,18.0,Gauche,2002,législative
35,352,Vern-sur-Seiche,5534,3595,1853,3681,86,8,27.0,Écologie,2002,législative
35,352,Vern-sur-Seiche,5534,3595,1853,3681,86,9,13.0,Régionalisme,2002,législative
35,352,Vern-sur-Seiche,5534,3595,1853,3681,86,10,26.0,Régionalisme,2002,législative
35,352,Vern-sur-Seiche,5534,3595,1853,3681,86,11,31.0,Divers,2002,législative
35,352,Vern-sur-Seiche,5534,3595,1853,3681,86,12,652.0,Droite,2002,législative
35,352,Vern-sur-Seiche,5534,3595,1853,3681,86,13,320.0,Centre,2002,législative
35,352,Vern-sur-Seiche,5534,3595,1853,3681,86,14,15.0,Droite,2002,législative
35,352,Vern-sur-Seiche,5534,3595,1853,3681,86,15,340.0,Droite,2002,législative
35,352,Vern-sur-Seiche,5534,3595,1853,3681,86,16,165.0,Extrême Droite,2002,législative
35,352,Vern-sur-Seiche,5534,3595,1853,3681,86,17,27.0,Extrême Droite,2002,législative
35,352,Vern-sur-Seiche,5534,3595,1853,3681,86,18,10.0,Extrême Droite,2002,législative
35,353,Vezin-le-Coquet,3093,2133,918,2175,42,0,18.0,Extrême Gauche,2002,législative
35,353,Vezin-le-Coquet,3093,2133,918,2175,42,1,25.0,Extrême Gauche,2002,législative
35,353,Vezin-le-Coquet,3093,2133,918,2175,42,2,3.0,Extrême Gauche,2002,législative
35,353,Vezin-le-Coquet,3093,2133,918,2175,42,3,45.0,Gauche,2002,législative
35,353,Vezin-le-Coquet,3093,2133,918,2175,42,4,816.0,Gauche,2002,législative
35,353,Vezin-le-Coquet,3093,2133,918,2175,42,5,38.0,Gauche,2002,législative
35,353,Vezin-le-Coquet,3093,2133,918,2175,42,6,114.0,Écologie,2002,législative
35,353,Vezin-le-Coquet,3093,2133,918,2175,42,7,16.0,Gauche,2002,législative
35,353,Vezin-le-Coquet,3093,2133,918,2175,42,8,7.0,Écologie,2002,législative
35,353,Vezin-le-Coquet,3093,2133,918,2175,42,9,10.0,Régionalisme,2002,législative
35,353,Vezin-le-Coquet,3093,2133,918,2175,42,10,9.0,Régionalisme,2002,législative
35,353,Vezin-le-Coquet,3093,2133,918,2175,42,11,7.0,Divers,2002,législative
35,353,Vezin-le-Coquet,3093,2133,918,2175,42,12,403.0,Droite,2002,législative
35,353,Vezin-le-Coquet,3093,2133,918,2175,42,13,226.0,Centre,2002,législative
35,353,Vezin-le-Coquet,3093,2133,918,2175,42,14,5.0,Droite,2002,législative
35,353,Vezin-le-Coquet,3093,2133,918,2175,42,15,310.0,Droite,2002,législative
35,353,Vezin-le-Coquet,3093,2133,918,2175,42,16,71.0,Extrême Droite,2002,législative
35,353,Vezin-le-Coquet,3093,2133,918,2175,42,17,5.0,Extrême Droite,2002,législative
35,353,Vezin-le-Coquet,3093,2133,918,2175,42,18,5.0,Extrême Droite,2002,législative
35,354,Vieux-Viel,234,149,80,154,5,0,3.0,Extrême Gauche,2002,législative
35,354,Vieux-Viel,234,149,80,154,5,1,8.0,Extrême Gauche,2002,législative
35,354,Vieux-Viel,234,149,80,154,5,2,1.0,Extrême Gauche,2002,législative
35,354,Vieux-Viel,234,149,80,154,5,3,2.0,Gauche,2002,législative
35,354,Vieux-Viel,234,149,80,154,5,4,31.0,Gauche,2002,législative
35,354,Vieux-Viel,234,149,80,154,5,5,1.0,Écologie,2002,législative
35,354,Vieux-Viel,234,149,80,154,5,6,1.0,Gauche,2002,législative
35,354,Vieux-Viel,234,149,80,154,5,7,0.0,Écologie,2002,législative
35,354,Vieux-Viel,234,149,80,154,5,8,0.0,Écologie,2002,législative
35,354,Vieux-Viel,234,149,80,154,5,9,3.0,Régionalisme,2002,législative
35,354,Vieux-Viel,234,149,80,154,5,10,16.0,Droite,2002,législative
35,354,Vieux-Viel,234,149,80,154,5,11,0.0,Divers,2002,législative
35,354,Vieux-Viel,234,149,80,154,5,12,75.0,Droite,2002,législative
35,354,Vieux-Viel,234,149,80,154,5,13,7.0,Extrême Droite,2002,législative
35,354,Vieux-Viel,234,149,80,154,5,14,1.0,Extrême Droite,2002,législative
35,355,Vieux-Vy-sur-Couesnon,732,410,302,430,20,0,9.0,Extrême Gauche,2002,législative
35,355,Vieux-Vy-sur-Couesnon,732,410,302,430,20,1,5.0,Extrême Gauche,2002,législative
35,355,Vieux-Vy-sur-Couesnon,732,410,302,430,20,2,0.0,Extrême Gauche,2002,législative
35,355,Vieux-Vy-sur-Couesnon,732,410,302,430,20,3,4.0,Gauche,2002,législative
35,355,Vieux-Vy-sur-Couesnon,732,410,302,430,20,4,166.0,Gauche,2002,législative
35,355,Vieux-Vy-sur-Couesnon,732,410,302,430,20,5,11.0,Écologie,2002,législative
35,355,Vieux-Vy-sur-Couesnon,732,410,302,430,20,6,0.0,Gauche,2002,législative
35,355,Vieux-Vy-sur-Couesnon,732,410,302,430,20,7,2.0,Écologie,2002,législative
35,355,Vieux-Vy-sur-Couesnon,732,410,302,430,20,8,2.0,Écologie,2002,législative
35,355,Vieux-Vy-sur-Couesnon,732,410,302,430,20,9,5.0,Régionalisme,2002,législative
35,355,Vieux-Vy-sur-Couesnon,732,410,302,430,20,10,6.0,Droite,2002,législative
35,355,Vieux-Vy-sur-Couesnon,732,410,302,430,20,11,1.0,Divers,2002,législative
35,355,Vieux-Vy-sur-Couesnon,732,410,302,430,20,12,79.0,Centre,2002,législative
35,355,Vieux-Vy-sur-Couesnon,732,410,302,430,20,13,90.0,Droite,2002,législative
35,355,Vieux-Vy-sur-Couesnon,732,410,302,430,20,14,0.0,Droite,2002,législative
35,355,Vieux-Vy-sur-Couesnon,732,410,302,430,20,15,28.0,Extrême Droite,2002,législative
35,355,Vieux-Vy-sur-Couesnon,732,410,302,430,20,16,2.0,Extrême Droite,2002,législative
35,356,Vignoc,845,573,260,585,12,0,2.0,Extrême Gauche,2002,législative
35,356,Vignoc,845,573,260,585,12,1,19.0,Extrême Gauche,2002,législative
35,356,Vignoc,845,573,260,585,12,2,3.0,Extrême Gauche,2002,législative
35,356,Vignoc,845,573,260,585,12,3,7.0,Gauche,2002,législative
35,356,Vignoc,845,573,260,585,12,4,233.0,Gauche,2002,législative
35,356,Vignoc,845,573,260,585,12,5,20.0,Écologie,2002,législative
35,356,Vignoc,845,573,260,585,12,6,2.0,Gauche,2002,législative
35,356,Vignoc,845,573,260,585,12,7,5.0,Écologie,2002,législative
35,356,Vignoc,845,573,260,585,12,8,7.0,Écologie,2002,législative
35,356,Vignoc,845,573,260,585,12,9,8.0,Régionalisme,2002,législative
35,356,Vignoc,845,573,260,585,12,10,8.0,Droite,2002,législative
35,356,Vignoc,845,573,260,585,12,11,0.0,Divers,2002,législative
35,356,Vignoc,845,573,260,585,12,12,164.0,Centre,2002,législative
35,356,Vignoc,845,573,260,585,12,13,77.0,Droite,2002,législative
35,356,Vignoc,845,573,260,585,12,14,0.0,Droite,2002,législative
35,356,Vignoc,845,573,260,585,12,15,12.0,Extrême Droite,2002,législative
35,356,Vignoc,845,573,260,585,12,16,6.0,Extrême Droite,2002,législative
35,357,Villamée,277,201,75,202,1,0,2.0,Extrême Gauche,2002,législative
35,357,Villamée,277,201,75,202,1,1,3.0,Extrême Gauche,2002,législative
35,357,Villamée,277,201,75,202,1,2,1.0,Gauche,2002,législative
35,357,Villamée,277,201,75,202,1,3,23.0,Gauche,2002,législative
35,357,Villamée,277,201,75,202,1,4,23.0,Écologie,2002,législative
35,357,Villamée,277,201,75,202,1,5,1.0,Écologie,2002,législative
35,357,Villamée,277,201,75,202,1,6,1.0,Régionalisme,2002,législative
35,357,Villamée,277,201,75,202,1,7,4.0,Divers,2002,législative
35,357,Villamée,277,201,75,202,1,8,118.0,Droite,2002,législative
35,357,Villamée,277,201,75,202,1,9,8.0,Droite,2002,législative
35,357,Villamée,277,201,75,202,1,10,14.0,Extrême Droite,2002,législative
35,357,Villamée,277,201,75,202,1,11,3.0,Extrême Droite,2002,législative
35,358,La Ville-ès-Nonais,579,387,186,393,6,0,6.0,Extrême Gauche,2002,législative
35,358,La Ville-ès-Nonais,579,387,186,393,6,1,5.0,Extrême Gauche,2002,législative
35,358,La Ville-ès-Nonais,579,387,186,393,6,2,1.0,Extrême Gauche,2002,législative
35,358,La Ville-ès-Nonais,579,387,186,393,6,3,6.0,Gauche,2002,législative
35,358,La Ville-ès-Nonais,579,387,186,393,6,4,108.0,Gauche,2002,législative
35,358,La Ville-ès-Nonais,579,387,186,393,6,5,20.0,Écologie,2002,législative
35,358,La Ville-ès-Nonais,579,387,186,393,6,6,1.0,Gauche,2002,législative
35,358,La Ville-ès-Nonais,579,387,186,393,6,7,0.0,Écologie,2002,législative
35,358,La Ville-ès-Nonais,579,387,186,393,6,8,1.0,Écologie,2002,législative
35,358,La Ville-ès-Nonais,579,387,186,393,6,9,4.0,Régionalisme,2002,législative
35,358,La Ville-ès-Nonais,579,387,186,393,6,10,5.0,Droite,2002,législative
35,358,La Ville-ès-Nonais,579,387,186,393,6,11,0.0,Divers,2002,législative
35,358,La Ville-ès-Nonais,579,387,186,393,6,12,191.0,Droite,2002,législative
35,358,La Ville-ès-Nonais,579,387,186,393,6,13,31.0,Extrême Droite,2002,législative
35,358,La Ville-ès-Nonais,579,387,186,393,6,14,8.0,Extrême Droite,2002,législative
35,359,Visseiche,535,328,200,335,7,0,6.0,Extrême Gauche,2002,législative
35,359,Visseiche,535,328,200,335,7,1,9.0,Extrême Gauche,2002,législative
35,359,Visseiche,535,328,200,335,7,2,1.0,Gauche,2002,législative
35,359,Visseiche,535,328,200,335,7,3,37.0,Gauche,2002,législative
35,359,Visseiche,535,328,200,335,7,4,3.0,Gauche,2002,législative
35,359,Visseiche,535,328,200,335,7,5,10.0,Écologie,2002,législative
35,359,Visseiche,535,328,200,335,7,6,2.0,Écologie,2002,législative
35,359,Visseiche,535,328,200,335,7,7,2.0,Régionalisme,2002,législative
35,359,Visseiche,535,328,200,335,7,8,2.0,Droite,2002,législative
35,359,Visseiche,535,328,200,335,7,9,235.0,Droite,2002,législative
35,359,Visseiche,535,328,200,335,7,10,5.0,Droite,2002,législative
35,359,Visseiche,535,328,200,335,7,11,12.0,Extrême Droite,2002,législative
35,359,Visseiche,535,328,200,335,7,12,4.0,Extrême Droite,2002,législative
35,360,Vitré,11127,7203,3835,7292,89,0,103.0,Extrême Gauche,2002,législative
35,360,Vitré,11127,7203,3835,7292,89,1,63.0,Extrême Gauche,2002,législative
35,360,Vitré,11127,7203,3835,7292,89,2,33.0,Gauche,2002,législative
35,360,Vitré,11127,7203,3835,7292,89,3,1399.0,Gauche,2002,législative
35,360,Vitré,11127,7203,3835,7292,89,4,146.0,Gauche,2002,législative
35,360,Vitré,11127,7203,3835,7292,89,5,309.0,Écologie,2002,législative
35,360,Vitré,11127,7203,3835,7292,89,6,33.0,Écologie,2002,législative
35,360,Vitré,11127,7203,3835,7292,89,7,50.0,Régionalisme,2002,législative
35,360,Vitré,11127,7203,3835,7292,89,8,28.0,Droite,2002,législative
35,360,Vitré,11127,7203,3835,7292,89,9,4687.0,Droite,2002,législative
35,360,Vitré,11127,7203,3835,7292,89,10,87.0,Droite,2002,législative
35,360,Vitré,11127,7203,3835,7292,89,11,225.0,Extrême Droite,2002,législative
35,360,Vitré,11127,7203,3835,7292,89,12,40.0,Extrême Droite,2002,législative
35,361,Le Vivier-sur-Mer,769,480,279,490,10,0,1.0,Extrême Gauche,2002,législative
35,361,Le Vivier-sur-Mer,769,480,279,490,10,1,3.0,Extrême Gauche,2002,législative
35,361,Le Vivier-sur-Mer,769,480,279,490,10,2,1.0,Extrême Gauche,2002,législative
35,361,Le Vivier-sur-Mer,769,480,279,490,10,3,13.0,Gauche,2002,législative
35,361,Le Vivier-sur-Mer,769,480,279,490,10,4,104.0,Gauche,2002,législative
35,361,Le Vivier-sur-Mer,769,480,279,490,10,5,13.0,Écologie,2002,législative
35,361,Le Vivier-sur-Mer,769,480,279,490,10,6,0.0,Gauche,2002,législative
35,361,Le Vivier-sur-Mer,769,480,279,490,10,7,6.0,Écologie,2002,législative
35,361,Le Vivier-sur-Mer,769,480,279,490,10,8,1.0,Écologie,2002,législative
35,361,Le Vivier-sur-Mer,769,480,279,490,10,9,3.0,Régionalisme,2002,législative
35,361,Le Vivier-sur-Mer,769,480,279,490,10,10,30.0,Droite,2002,législative
35,361,Le Vivier-sur-Mer,769,480,279,490,10,11,4.0,Divers,2002,législative
35,361,Le Vivier-sur-Mer,769,480,279,490,10,12,255.0,Droite,2002,législative
35,361,Le Vivier-sur-Mer,769,480,279,490,10,13,41.0,Extrême Droite,2002,législative
35,361,Le Vivier-sur-Mer,769,480,279,490,10,14,5.0,Extrême Droite,2002,législative
35,362,Le Tronchet,608,415,182,426,11,0,4.0,Extrême Gauche,2002,législative
35,362,Le Tronchet,608,415,182,426,11,1,14.0,Extrême Gauche,2002,législative
35,362,Le Tronchet,608,415,182,426,11,2,0.0,Extrême Gauche,2002,législative
35,362,Le Tronchet,608,415,182,426,11,3,11.0,Gauche,2002,législative
35,362,Le Tronchet,608,415,182,426,11,4,141.0,Gauche,2002,législative
35,362,Le Tronchet,608,415,182,426,11,5,14.0,Écologie,2002,législative
35,362,Le Tronchet,608,415,182,426,11,6,1.0,Gauche,2002,législative
35,362,Le Tronchet,608,415,182,426,11,7,2.0,Écologie,2002,législative
35,362,Le Tronchet,608,415,182,426,11,8,0.0,Écologie,2002,législative
35,362,Le Tronchet,608,415,182,426,11,9,3.0,Régionalisme,2002,législative
35,362,Le Tronchet,608,415,182,426,11,10,14.0,Droite,2002,législative
35,362,Le Tronchet,608,415,182,426,11,11,1.0,Divers,2002,législative
35,362,Le Tronchet,608,415,182,426,11,12,174.0,Droite,2002,législative
35,362,Le Tronchet,608,415,182,426,11,13,35.0,Extrême Droite,2002,législative
35,362,Le Tronchet,608,415,182,426,11,14,1.0,Extrême Droite,2002,législative
35,363,Pont-Péan,2336,1516,786,1550,34,0,37.0,Extrême Gauche,2002,législative
35,363,Pont-Péan,2336,1516,786,1550,34,1,56.0,Gauche,2002,législative
35,363,Pont-Péan,2336,1516,786,1550,34,2,525.0,Gauche,2002,législative
35,363,Pont-Péan,2336,1516,786,1550,34,3,64.0,Écologie,2002,législative
35,363,Pont-Péan,2336,1516,786,1550,34,4,11.0,Écologie,2002,législative
35,363,Pont-Péan,2336,1516,786,1550,34,5,16.0,Écologie,2002,législative
35,363,Pont-Péan,2336,1516,786,1550,34,6,4.0,Écologie,2002,législative
35,363,Pont-Péan,2336,1516,786,1550,34,7,18.0,Régionalisme,2002,législative
35,363,Pont-Péan,2336,1516,786,1550,34,8,12.0,Droite,2002,législative
35,363,Pont-Péan,2336,1516,786,1550,34,9,384.0,Droite,2002,législative
35,363,Pont-Péan,2336,1516,786,1550,34,10,308.0,Droite,2002,législative
35,363,Pont-Péan,2336,1516,786,1550,34,11,69.0,Extrême Droite,2002,législative
35,363,Pont-Péan,2336,1516,786,1550,34,12,12.0,Extrême Droite,2002,législative
