id_dept,id_commune,nom_commune,nb_inscrits,nb_exprimes,nb_abs,nb_votants,nb_blancs_nuls,candidat_id,cand_voix,cand_orientation,années,type_election
35,1,Acigné,4388,2925,1422,2966,41,0,26.0,Extrême Gauche,2007,présidentielle
35,1,Acigné,4388,2925,1422,2966,41,1,36.0,Extrême Gauche,2007,présidentielle
35,1,Acigné,4388,2925,1422,2966,41,2,68.0,Gauche,2007,présidentielle
35,1,Acigné,4388,2925,1422,2966,41,3,1062.0,Gauche,2007,présidentielle
35,1,Acigné,4388,2925,1422,2966,41,4,146.0,Régionalisme,2007,présidentielle
35,1,Acigné,4388,2925,1422,2966,41,5,21.0,Régionalisme,2007,présidentielle
35,1,Acigné,4388,2925,1422,2966,41,6,35.0,Divers,2007,présidentielle
35,1,Acigné,4388,2925,1422,2966,41,7,424.0,Centre,2007,présidentielle
35,1,Acigné,4388,2925,1422,2966,41,8,1046.0,Droite,2007,présidentielle
35,1,Acigné,4388,2925,1422,2966,41,9,17.0,Droite,2007,présidentielle
35,1,Acigné,4388,2925,1422,2966,41,10,44.0,Extrême Droite,2007,présidentielle
35,2,Amanlis,1164,730,425,739,9,0,14.0,Extrême Gauche,2007,présidentielle
35,2,Amanlis,1164,730,425,739,9,1,15.0,Extrême Gauche,2007,présidentielle
35,2,Amanlis,1164,730,425,739,9,2,7.0,Gauche,2007,présidentielle
35,2,Amanlis,1164,730,425,739,9,3,177.0,Gauche,2007,présidentielle
35,2,Amanlis,1164,730,425,739,9,4,23.0,Régionalisme,2007,présidentielle
35,2,Amanlis,1164,730,425,739,9,5,12.0,Régionalisme,2007,présidentielle
35,2,Amanlis,1164,730,425,739,9,6,4.0,Divers,2007,présidentielle
35,2,Amanlis,1164,730,425,739,9,7,80.0,Centre,2007,présidentielle
35,2,Amanlis,1164,730,425,739,9,8,374.0,Droite,2007,présidentielle
35,2,Amanlis,1164,730,425,739,9,9,10.0,Droite,2007,présidentielle
35,2,Amanlis,1164,730,425,739,9,10,14.0,Extrême Droite,2007,présidentielle
35,3,Andouillé-Neuville,464,313,143,321,8,0,6.0,Extrême Gauche,2007,présidentielle
35,3,Andouillé-Neuville,464,313,143,321,8,1,0.0,Extrême Gauche,2007,présidentielle
35,3,Andouillé-Neuville,464,313,143,321,8,2,7.0,Extrême Gauche,2007,présidentielle
35,3,Andouillé-Neuville,464,313,143,321,8,3,8.0,Gauche,2007,présidentielle
35,3,Andouillé-Neuville,464,313,143,321,8,4,111.0,Gauche,2007,présidentielle
35,3,Andouillé-Neuville,464,313,143,321,8,5,18.0,Écologie,2007,présidentielle
35,3,Andouillé-Neuville,464,313,143,321,8,6,4.0,Divers,2007,présidentielle
35,3,Andouillé-Neuville,464,313,143,321,8,7,1.0,Divers,2007,présidentielle
35,3,Andouillé-Neuville,464,313,143,321,8,8,17.0,Centre,2007,présidentielle
35,3,Andouillé-Neuville,464,313,143,321,8,9,134.0,Droite,2007,présidentielle
35,3,Andouillé-Neuville,464,313,143,321,8,10,3.0,Droite,2007,présidentielle
35,3,Andouillé-Neuville,464,313,143,321,8,11,0.0,Droite,2007,présidentielle
35,3,Andouillé-Neuville,464,313,143,321,8,12,4.0,Extrême Droite,2007,présidentielle
35,4,Antrain,1022,599,408,614,15,0,9.0,Extrême Gauche,2007,présidentielle
35,4,Antrain,1022,599,408,614,15,1,27.0,Extrême Gauche,2007,présidentielle
35,4,Antrain,1022,599,408,614,15,2,15.0,Gauche,2007,présidentielle
35,4,Antrain,1022,599,408,614,15,3,72.0,Gauche,2007,présidentielle
35,4,Antrain,1022,599,408,614,15,4,80.0,Écologie,2007,présidentielle
35,4,Antrain,1022,599,408,614,15,5,4.0,Écologie,2007,présidentielle
35,4,Antrain,1022,599,408,614,15,6,7.0,Divers,2007,présidentielle
35,4,Antrain,1022,599,408,614,15,7,83.0,Centre,2007,présidentielle
35,4,Antrain,1022,599,408,614,15,8,272.0,Droite,2007,présidentielle
35,4,Antrain,1022,599,408,614,15,9,6.0,Droite,2007,présidentielle
35,4,Antrain,1022,599,408,614,15,10,10.0,Droite,2007,présidentielle
35,4,Antrain,1022,599,408,614,15,11,14.0,Extrême Droite,2007,présidentielle
35,5,Arbrissel,180,108,70,110,2,0,2.0,Extrême Gauche,2007,présidentielle
35,5,Arbrissel,180,108,70,110,2,1,0.0,Extrême Gauche,2007,présidentielle
35,5,Arbrissel,180,108,70,110,2,2,0.0,Gauche,2007,présidentielle
35,5,Arbrissel,180,108,70,110,2,3,8.0,Gauche,2007,présidentielle
35,5,Arbrissel,180,108,70,110,2,4,1.0,Régionalisme,2007,présidentielle
35,5,Arbrissel,180,108,70,110,2,5,2.0,Régionalisme,2007,présidentielle
35,5,Arbrissel,180,108,70,110,2,6,4.0,Divers,2007,présidentielle
35,5,Arbrissel,180,108,70,110,2,7,18.0,Centre,2007,présidentielle
35,5,Arbrissel,180,108,70,110,2,8,70.0,Droite,2007,présidentielle
35,5,Arbrissel,180,108,70,110,2,9,1.0,Droite,2007,présidentielle
35,5,Arbrissel,180,108,70,110,2,10,2.0,Extrême Droite,2007,présidentielle
35,6,Argentré-du-Plessis,3057,1933,1088,1969,36,0,13.0,Extrême Gauche,2007,présidentielle
35,6,Argentré-du-Plessis,3057,1933,1088,1969,36,1,14.0,Extrême Gauche,2007,présidentielle
35,6,Argentré-du-Plessis,3057,1933,1088,1969,36,2,10.0,Gauche,2007,présidentielle
35,6,Argentré-du-Plessis,3057,1933,1088,1969,36,3,307.0,Gauche,2007,présidentielle
35,6,Argentré-du-Plessis,3057,1933,1088,1969,36,4,71.0,Régionalisme,2007,présidentielle
35,6,Argentré-du-Plessis,3057,1933,1088,1969,36,5,13.0,Régionalisme,2007,présidentielle
35,6,Argentré-du-Plessis,3057,1933,1088,1969,36,6,22.0,Divers,2007,présidentielle
35,6,Argentré-du-Plessis,3057,1933,1088,1969,36,7,294.0,Centre,2007,présidentielle
35,6,Argentré-du-Plessis,3057,1933,1088,1969,36,8,1140.0,Droite,2007,présidentielle
35,6,Argentré-du-Plessis,3057,1933,1088,1969,36,9,23.0,Droite,2007,présidentielle
35,6,Argentré-du-Plessis,3057,1933,1088,1969,36,10,26.0,Extrême Droite,2007,présidentielle
35,7,Aubigné,236,170,62,174,4,0,3.0,Extrême Gauche,2007,présidentielle
35,7,Aubigné,236,170,62,174,4,1,0.0,Extrême Gauche,2007,présidentielle
35,7,Aubigné,236,170,62,174,4,2,11.0,Extrême Gauche,2007,présidentielle
35,7,Aubigné,236,170,62,174,4,3,6.0,Gauche,2007,présidentielle
35,7,Aubigné,236,170,62,174,4,4,60.0,Gauche,2007,présidentielle
35,7,Aubigné,236,170,62,174,4,5,4.0,Écologie,2007,présidentielle
35,7,Aubigné,236,170,62,174,4,6,1.0,Divers,2007,présidentielle
35,7,Aubigné,236,170,62,174,4,7,2.0,Divers,2007,présidentielle
35,7,Aubigné,236,170,62,174,4,8,15.0,Centre,2007,présidentielle
35,7,Aubigné,236,170,62,174,4,9,58.0,Droite,2007,présidentielle
35,7,Aubigné,236,170,62,174,4,10,2.0,Droite,2007,présidentielle
35,7,Aubigné,236,170,62,174,4,11,0.0,Droite,2007,présidentielle
35,7,Aubigné,236,170,62,174,4,12,8.0,Extrême Droite,2007,présidentielle
35,8,Availles-sur-Seiche,399,219,171,228,9,0,8.0,Extrême Gauche,2007,présidentielle
35,8,Availles-sur-Seiche,399,219,171,228,9,1,1.0,Extrême Gauche,2007,présidentielle
35,8,Availles-sur-Seiche,399,219,171,228,9,2,0.0,Gauche,2007,présidentielle
35,8,Availles-sur-Seiche,399,219,171,228,9,3,36.0,Gauche,2007,présidentielle
35,8,Availles-sur-Seiche,399,219,171,228,9,4,6.0,Régionalisme,2007,présidentielle
35,8,Availles-sur-Seiche,399,219,171,228,9,5,0.0,Régionalisme,2007,présidentielle
35,8,Availles-sur-Seiche,399,219,171,228,9,6,2.0,Divers,2007,présidentielle
35,8,Availles-sur-Seiche,399,219,171,228,9,7,22.0,Centre,2007,présidentielle
35,8,Availles-sur-Seiche,399,219,171,228,9,8,136.0,Droite,2007,présidentielle
35,8,Availles-sur-Seiche,399,219,171,228,9,9,3.0,Droite,2007,présidentielle
35,8,Availles-sur-Seiche,399,219,171,228,9,10,5.0,Extrême Droite,2007,présidentielle
35,9,Baguer-Morvan,1135,692,430,705,13,0,1.0,Extrême Gauche,2007,présidentielle
35,9,Baguer-Morvan,1135,692,430,705,13,1,5.0,Extrême Gauche,2007,présidentielle
35,9,Baguer-Morvan,1135,692,430,705,13,2,17.0,Extrême Gauche,2007,présidentielle
35,9,Baguer-Morvan,1135,692,430,705,13,3,17.0,Gauche,2007,présidentielle
35,9,Baguer-Morvan,1135,692,430,705,13,4,170.0,Gauche,2007,présidentielle
35,9,Baguer-Morvan,1135,692,430,705,13,5,23.0,Régionalisme,2007,présidentielle
35,9,Baguer-Morvan,1135,692,430,705,13,6,8.0,Droite,2007,présidentielle
35,9,Baguer-Morvan,1135,692,430,705,13,7,4.0,Divers,2007,présidentielle
35,9,Baguer-Morvan,1135,692,430,705,13,8,84.0,Centre,2007,présidentielle
35,9,Baguer-Morvan,1135,692,430,705,13,9,350.0,Droite,2007,présidentielle
35,9,Baguer-Morvan,1135,692,430,705,13,10,4.0,Droite,2007,présidentielle
35,9,Baguer-Morvan,1135,692,430,705,13,11,8.0,Extrême Droite,2007,présidentielle
35,9,Baguer-Morvan,1135,692,430,705,13,12,1.0,Extrême Droite,2007,présidentielle
35,10,Baguer-Pican,847,539,295,552,13,0,5.0,Extrême Gauche,2007,présidentielle
35,10,Baguer-Pican,847,539,295,552,13,1,6.0,Extrême Gauche,2007,présidentielle
35,10,Baguer-Pican,847,539,295,552,13,2,13.0,Extrême Gauche,2007,présidentielle
35,10,Baguer-Pican,847,539,295,552,13,3,13.0,Gauche,2007,présidentielle
35,10,Baguer-Pican,847,539,295,552,13,4,198.0,Gauche,2007,présidentielle
35,10,Baguer-Pican,847,539,295,552,13,5,12.0,Régionalisme,2007,présidentielle
35,10,Baguer-Pican,847,539,295,552,13,6,19.0,Droite,2007,présidentielle
35,10,Baguer-Pican,847,539,295,552,13,7,1.0,Divers,2007,présidentielle
35,10,Baguer-Pican,847,539,295,552,13,8,29.0,Centre,2007,présidentielle
35,10,Baguer-Pican,847,539,295,552,13,9,226.0,Droite,2007,présidentielle
35,10,Baguer-Pican,847,539,295,552,13,10,7.0,Droite,2007,présidentielle
35,10,Baguer-Pican,847,539,295,552,13,11,6.0,Extrême Droite,2007,présidentielle
35,10,Baguer-Pican,847,539,295,552,13,12,4.0,Extrême Droite,2007,présidentielle
35,11,Baillé,240,146,89,151,5,0,1.0,Extrême Gauche,2007,présidentielle
35,11,Baillé,240,146,89,151,5,1,7.0,Extrême Gauche,2007,présidentielle
35,11,Baillé,240,146,89,151,5,2,9.0,Gauche,2007,présidentielle
35,11,Baillé,240,146,89,151,5,3,38.0,Gauche,2007,présidentielle
35,11,Baillé,240,146,89,151,5,4,13.0,Écologie,2007,présidentielle
35,11,Baillé,240,146,89,151,5,5,2.0,Écologie,2007,présidentielle
35,11,Baillé,240,146,89,151,5,6,0.0,Divers,2007,présidentielle
35,11,Baillé,240,146,89,151,5,7,19.0,Centre,2007,présidentielle
35,11,Baillé,240,146,89,151,5,8,51.0,Droite,2007,présidentielle
35,11,Baillé,240,146,89,151,5,9,1.0,Droite,2007,présidentielle
35,11,Baillé,240,146,89,151,5,10,2.0,Droite,2007,présidentielle
35,11,Baillé,240,146,89,151,5,11,3.0,Extrême Droite,2007,présidentielle
35,12,Bain-de-Bretagne,4772,2623,2088,2684,61,0,23.0,Extrême Gauche,2007,présidentielle
35,12,Bain-de-Bretagne,4772,2623,2088,2684,61,1,82.0,Extrême Gauche,2007,présidentielle
35,12,Bain-de-Bretagne,4772,2623,2088,2684,61,2,30.0,Gauche,2007,présidentielle
35,12,Bain-de-Bretagne,4772,2623,2088,2684,61,3,703.0,Gauche,2007,présidentielle
35,12,Bain-de-Bretagne,4772,2623,2088,2684,61,4,50.0,Gauche,2007,présidentielle
35,12,Bain-de-Bretagne,4772,2623,2088,2684,61,5,110.0,Écologie,2007,présidentielle
35,12,Bain-de-Bretagne,4772,2623,2088,2684,61,6,20.0,Régionalisme,2007,présidentielle
35,12,Bain-de-Bretagne,4772,2623,2088,2684,61,7,28.0,Droite,2007,présidentielle
35,12,Bain-de-Bretagne,4772,2623,2088,2684,61,8,22.0,Divers,2007,présidentielle
35,12,Bain-de-Bretagne,4772,2623,2088,2684,61,9,329.0,Centre,2007,présidentielle
35,12,Bain-de-Bretagne,4772,2623,2088,2684,61,10,1106.0,Droite,2007,présidentielle
35,12,Bain-de-Bretagne,4772,2623,2088,2684,61,11,41.0,Droite,2007,présidentielle
35,12,Bain-de-Bretagne,4772,2623,2088,2684,61,12,79.0,Extrême Droite,2007,présidentielle
35,13,Bains-sur-Oust,2589,1582,980,1609,27,0,8.0,Extrême Gauche,2007,présidentielle
35,13,Bains-sur-Oust,2589,1582,980,1609,27,1,35.0,Extrême Gauche,2007,présidentielle
35,13,Bains-sur-Oust,2589,1582,980,1609,27,2,14.0,Gauche,2007,présidentielle
35,13,Bains-sur-Oust,2589,1582,980,1609,27,3,544.0,Gauche,2007,présidentielle
35,13,Bains-sur-Oust,2589,1582,980,1609,27,4,14.0,Gauche,2007,présidentielle
35,13,Bains-sur-Oust,2589,1582,980,1609,27,5,37.0,Écologie,2007,présidentielle
35,13,Bains-sur-Oust,2589,1582,980,1609,27,6,35.0,Régionalisme,2007,présidentielle
35,13,Bains-sur-Oust,2589,1582,980,1609,27,7,14.0,Droite,2007,présidentielle
35,13,Bains-sur-Oust,2589,1582,980,1609,27,8,16.0,Divers,2007,présidentielle
35,13,Bains-sur-Oust,2589,1582,980,1609,27,9,234.0,Centre,2007,présidentielle
35,13,Bains-sur-Oust,2589,1582,980,1609,27,10,592.0,Droite,2007,présidentielle
35,13,Bains-sur-Oust,2589,1582,980,1609,27,11,16.0,Droite,2007,présidentielle
35,13,Bains-sur-Oust,2589,1582,980,1609,27,12,23.0,Extrême Droite,2007,présidentielle
35,14,Bais,1486,879,601,885,6,0,21.0,Extrême Gauche,2007,présidentielle
35,14,Bais,1486,879,601,885,6,1,2.0,Extrême Gauche,2007,présidentielle
35,14,Bais,1486,879,601,885,6,2,5.0,Gauche,2007,présidentielle
35,14,Bais,1486,879,601,885,6,3,98.0,Gauche,2007,présidentielle
35,14,Bais,1486,879,601,885,6,4,16.0,Régionalisme,2007,présidentielle
35,14,Bais,1486,879,601,885,6,5,7.0,Régionalisme,2007,présidentielle
35,14,Bais,1486,879,601,885,6,6,7.0,Divers,2007,présidentielle
35,14,Bais,1486,879,601,885,6,7,72.0,Centre,2007,présidentielle
35,14,Bais,1486,879,601,885,6,8,624.0,Droite,2007,présidentielle
35,14,Bais,1486,879,601,885,6,9,8.0,Droite,2007,présidentielle
35,14,Bais,1486,879,601,885,6,10,19.0,Extrême Droite,2007,présidentielle
35,15,Balazé,1590,959,616,974,15,0,8.0,Extrême Gauche,2007,présidentielle
35,15,Balazé,1590,959,616,974,15,1,6.0,Extrême Gauche,2007,présidentielle
35,15,Balazé,1590,959,616,974,15,2,12.0,Gauche,2007,présidentielle
35,15,Balazé,1590,959,616,974,15,3,76.0,Gauche,2007,présidentielle
35,15,Balazé,1590,959,616,974,15,4,35.0,Régionalisme,2007,présidentielle
35,15,Balazé,1590,959,616,974,15,5,10.0,Régionalisme,2007,présidentielle
35,15,Balazé,1590,959,616,974,15,6,6.0,Divers,2007,présidentielle
35,15,Balazé,1590,959,616,974,15,7,121.0,Centre,2007,présidentielle
35,15,Balazé,1590,959,616,974,15,8,670.0,Droite,2007,présidentielle
35,15,Balazé,1590,959,616,974,15,9,8.0,Droite,2007,présidentielle
35,15,Balazé,1590,959,616,974,15,10,7.0,Extrême Droite,2007,présidentielle
35,16,Baulon,1306,789,495,811,22,0,11.0,Extrême Gauche,2007,présidentielle
35,16,Baulon,1306,789,495,811,22,1,29.0,Extrême Gauche,2007,présidentielle
35,16,Baulon,1306,789,495,811,22,2,10.0,Gauche,2007,présidentielle
35,16,Baulon,1306,789,495,811,22,3,212.0,Gauche,2007,présidentielle
35,16,Baulon,1306,789,495,811,22,4,18.0,Gauche,2007,présidentielle
35,16,Baulon,1306,789,495,811,22,5,27.0,Écologie,2007,présidentielle
35,16,Baulon,1306,789,495,811,22,6,5.0,Régionalisme,2007,présidentielle
35,16,Baulon,1306,789,495,811,22,7,28.0,Droite,2007,présidentielle
35,16,Baulon,1306,789,495,811,22,8,11.0,Divers,2007,présidentielle
35,16,Baulon,1306,789,495,811,22,9,75.0,Centre,2007,présidentielle
35,16,Baulon,1306,789,495,811,22,10,289.0,Droite,2007,présidentielle
35,16,Baulon,1306,789,495,811,22,11,13.0,Droite,2007,présidentielle
35,16,Baulon,1306,789,495,811,22,12,61.0,Extrême Droite,2007,présidentielle
35,17,La Baussaine,431,257,167,264,7,0,2.0,Extrême Gauche,2007,présidentielle
35,17,La Baussaine,431,257,167,264,7,1,1.0,Extrême Gauche,2007,présidentielle
35,17,La Baussaine,431,257,167,264,7,2,13.0,Extrême Gauche,2007,présidentielle
35,17,La Baussaine,431,257,167,264,7,3,2.0,Gauche,2007,présidentielle
35,17,La Baussaine,431,257,167,264,7,4,100.0,Gauche,2007,présidentielle
35,17,La Baussaine,431,257,167,264,7,5,14.0,Écologie,2007,présidentielle
35,17,La Baussaine,431,257,167,264,7,6,2.0,Divers,2007,présidentielle
35,17,La Baussaine,431,257,167,264,7,7,0.0,Divers,2007,présidentielle
35,17,La Baussaine,431,257,167,264,7,8,15.0,Centre,2007,présidentielle
35,17,La Baussaine,431,257,167,264,7,9,99.0,Droite,2007,présidentielle
35,17,La Baussaine,431,257,167,264,7,10,2.0,Droite,2007,présidentielle
35,17,La Baussaine,431,257,167,264,7,11,1.0,Droite,2007,présidentielle
35,17,La Baussaine,431,257,167,264,7,12,6.0,Extrême Droite,2007,présidentielle
35,18,La Bazouge-du-Désert,799,502,283,516,14,0,4.0,Extrême Gauche,2007,présidentielle
35,18,La Bazouge-du-Désert,799,502,283,516,14,1,9.0,Extrême Gauche,2007,présidentielle
35,18,La Bazouge-du-Désert,799,502,283,516,14,2,9.0,Gauche,2007,présidentielle
35,18,La Bazouge-du-Désert,799,502,283,516,14,3,10.0,Gauche,2007,présidentielle
35,18,La Bazouge-du-Désert,799,502,283,516,14,4,43.0,Écologie,2007,présidentielle
35,18,La Bazouge-du-Désert,799,502,283,516,14,5,2.0,Écologie,2007,présidentielle
35,18,La Bazouge-du-Désert,799,502,283,516,14,6,5.0,Divers,2007,présidentielle
35,18,La Bazouge-du-Désert,799,502,283,516,14,7,130.0,Centre,2007,présidentielle
35,18,La Bazouge-du-Désert,799,502,283,516,14,8,273.0,Droite,2007,présidentielle
35,18,La Bazouge-du-Désert,799,502,283,516,14,9,1.0,Droite,2007,présidentielle
35,18,La Bazouge-du-Désert,799,502,283,516,14,10,3.0,Droite,2007,présidentielle
35,18,La Bazouge-du-Désert,799,502,283,516,14,11,13.0,Extrême Droite,2007,présidentielle
35,19,Bazouges-la-Pérouse,1439,917,480,959,42,0,16.0,Extrême Gauche,2007,présidentielle
35,19,Bazouges-la-Pérouse,1439,917,480,959,42,1,27.0,Extrême Gauche,2007,présidentielle
35,19,Bazouges-la-Pérouse,1439,917,480,959,42,2,19.0,Gauche,2007,présidentielle
35,19,Bazouges-la-Pérouse,1439,917,480,959,42,3,129.0,Gauche,2007,présidentielle
35,19,Bazouges-la-Pérouse,1439,917,480,959,42,4,131.0,Écologie,2007,présidentielle
35,19,Bazouges-la-Pérouse,1439,917,480,959,42,5,11.0,Écologie,2007,présidentielle
35,19,Bazouges-la-Pérouse,1439,917,480,959,42,6,6.0,Divers,2007,présidentielle
35,19,Bazouges-la-Pérouse,1439,917,480,959,42,7,125.0,Centre,2007,présidentielle
35,19,Bazouges-la-Pérouse,1439,917,480,959,42,8,416.0,Droite,2007,présidentielle
35,19,Bazouges-la-Pérouse,1439,917,480,959,42,9,10.0,Droite,2007,présidentielle
35,19,Bazouges-la-Pérouse,1439,917,480,959,42,10,7.0,Droite,2007,présidentielle
35,19,Bazouges-la-Pérouse,1439,917,480,959,42,11,20.0,Extrême Droite,2007,présidentielle
35,21,Beaucé,941,622,305,636,14,0,11.0,Extrême Gauche,2007,présidentielle
35,21,Beaucé,941,622,305,636,14,1,9.0,Extrême Gauche,2007,présidentielle
35,21,Beaucé,941,622,305,636,14,2,20.0,Gauche,2007,présidentielle
35,21,Beaucé,941,622,305,636,14,3,35.0,Gauche,2007,présidentielle
35,21,Beaucé,941,622,305,636,14,4,115.0,Écologie,2007,présidentielle
35,21,Beaucé,941,622,305,636,14,5,8.0,Écologie,2007,présidentielle
35,21,Beaucé,941,622,305,636,14,6,2.0,Divers,2007,présidentielle
35,21,Beaucé,941,622,305,636,14,7,138.0,Centre,2007,présidentielle
35,21,Beaucé,941,622,305,636,14,8,258.0,Droite,2007,présidentielle
35,21,Beaucé,941,622,305,636,14,9,6.0,Droite,2007,présidentielle
35,21,Beaucé,941,622,305,636,14,10,5.0,Droite,2007,présidentielle
35,21,Beaucé,941,622,305,636,14,11,15.0,Extrême Droite,2007,présidentielle
35,22,Bécherel,466,304,156,310,6,0,3.0,Extrême Gauche,2007,présidentielle
35,22,Bécherel,466,304,156,310,6,1,0.0,Extrême Gauche,2007,présidentielle
35,22,Bécherel,466,304,156,310,6,2,10.0,Extrême Gauche,2007,présidentielle
35,22,Bécherel,466,304,156,310,6,3,3.0,Gauche,2007,présidentielle
35,22,Bécherel,466,304,156,310,6,4,36.0,Gauche,2007,présidentielle
35,22,Bécherel,466,304,156,310,6,5,53.0,Gauche,2007,présidentielle
35,22,Bécherel,466,304,156,310,6,6,25.0,Écologie,2007,présidentielle
35,22,Bécherel,466,304,156,310,6,7,2.0,Écologie,2007,présidentielle
35,22,Bécherel,466,304,156,310,6,8,6.0,Divers,2007,présidentielle
35,22,Bécherel,466,304,156,310,6,9,19.0,Centre,2007,présidentielle
35,22,Bécherel,466,304,156,310,6,10,129.0,Droite,2007,présidentielle
35,22,Bécherel,466,304,156,310,6,11,12.0,Droite,2007,présidentielle
35,22,Bécherel,466,304,156,310,6,12,6.0,Extrême Droite,2007,présidentielle
35,23,Bédée,2850,1743,1071,1779,36,0,22.0,Extrême Gauche,2007,présidentielle
35,23,Bédée,2850,1743,1071,1779,36,1,7.0,Extrême Gauche,2007,présidentielle
35,23,Bédée,2850,1743,1071,1779,36,2,40.0,Extrême Gauche,2007,présidentielle
35,23,Bédée,2850,1743,1071,1779,36,3,16.0,Gauche,2007,présidentielle
35,23,Bédée,2850,1743,1071,1779,36,4,215.0,Gauche,2007,présidentielle
35,23,Bédée,2850,1743,1071,1779,36,5,395.0,Gauche,2007,présidentielle
35,23,Bédée,2850,1743,1071,1779,36,6,66.0,Écologie,2007,présidentielle
35,23,Bédée,2850,1743,1071,1779,36,7,18.0,Écologie,2007,présidentielle
35,23,Bédée,2850,1743,1071,1779,36,8,10.0,Divers,2007,présidentielle
35,23,Bédée,2850,1743,1071,1779,36,9,132.0,Centre,2007,présidentielle
35,23,Bédée,2850,1743,1071,1779,36,10,776.0,Droite,2007,présidentielle
35,23,Bédée,2850,1743,1071,1779,36,11,17.0,Droite,2007,présidentielle
35,23,Bédée,2850,1743,1071,1779,36,12,29.0,Extrême Droite,2007,présidentielle
35,24,Betton,7189,4862,2283,4906,44,0,31.0,Extrême Gauche,2007,présidentielle
35,24,Betton,7189,4862,2283,4906,44,1,7.0,Extrême Gauche,2007,présidentielle
35,24,Betton,7189,4862,2283,4906,44,2,145.0,Extrême Gauche,2007,présidentielle
35,24,Betton,7189,4862,2283,4906,44,3,69.0,Gauche,2007,présidentielle
35,24,Betton,7189,4862,2283,4906,44,4,2127.0,Gauche,2007,présidentielle
35,24,Betton,7189,4862,2283,4906,44,5,238.0,Écologie,2007,présidentielle
35,24,Betton,7189,4862,2283,4906,44,6,56.0,Divers,2007,présidentielle
35,24,Betton,7189,4862,2283,4906,44,7,4.0,Divers,2007,présidentielle
35,24,Betton,7189,4862,2283,4906,44,8,570.0,Centre,2007,présidentielle
35,24,Betton,7189,4862,2283,4906,44,9,1500.0,Droite,2007,présidentielle
35,24,Betton,7189,4862,2283,4906,44,10,54.0,Droite,2007,présidentielle
35,24,Betton,7189,4862,2283,4906,44,11,17.0,Droite,2007,présidentielle
35,24,Betton,7189,4862,2283,4906,44,12,44.0,Extrême Droite,2007,présidentielle
35,25,Billé,751,467,262,489,22,0,3.0,Extrême Gauche,2007,présidentielle
35,25,Billé,751,467,262,489,22,1,11.0,Extrême Gauche,2007,présidentielle
35,25,Billé,751,467,262,489,22,2,13.0,Gauche,2007,présidentielle
35,25,Billé,751,467,262,489,22,3,19.0,Gauche,2007,présidentielle
35,25,Billé,751,467,262,489,22,4,59.0,Écologie,2007,présidentielle
35,25,Billé,751,467,262,489,22,5,7.0,Écologie,2007,présidentielle
35,25,Billé,751,467,262,489,22,6,4.0,Divers,2007,présidentielle
35,25,Billé,751,467,262,489,22,7,140.0,Centre,2007,présidentielle
35,25,Billé,751,467,262,489,22,8,193.0,Droite,2007,présidentielle
35,25,Billé,751,467,262,489,22,9,4.0,Droite,2007,présidentielle
35,25,Billé,751,467,262,489,22,10,8.0,Droite,2007,présidentielle
35,25,Billé,751,467,262,489,22,11,6.0,Extrême Droite,2007,présidentielle
35,26,Bléruais,71,44,27,44,0,0,0.0,Extrême Gauche,2007,présidentielle
35,26,Bléruais,71,44,27,44,0,1,0.0,Extrême Gauche,2007,présidentielle
35,26,Bléruais,71,44,27,44,0,2,0.0,Extrême Gauche,2007,présidentielle
35,26,Bléruais,71,44,27,44,0,3,0.0,Gauche,2007,présidentielle
35,26,Bléruais,71,44,27,44,0,4,2.0,Gauche,2007,présidentielle
35,26,Bléruais,71,44,27,44,0,5,12.0,Gauche,2007,présidentielle
35,26,Bléruais,71,44,27,44,0,6,0.0,Écologie,2007,présidentielle
35,26,Bléruais,71,44,27,44,0,7,1.0,Écologie,2007,présidentielle
35,26,Bléruais,71,44,27,44,0,8,1.0,Divers,2007,présidentielle
35,26,Bléruais,71,44,27,44,0,9,4.0,Centre,2007,présidentielle
35,26,Bléruais,71,44,27,44,0,10,22.0,Droite,2007,présidentielle
35,26,Bléruais,71,44,27,44,0,11,0.0,Droite,2007,présidentielle
35,26,Bléruais,71,44,27,44,0,12,2.0,Extrême Droite,2007,présidentielle
35,27,Boisgervilly,1053,668,375,678,10,0,4.0,Extrême Gauche,2007,présidentielle
35,27,Boisgervilly,1053,668,375,678,10,1,3.0,Extrême Gauche,2007,présidentielle
35,27,Boisgervilly,1053,668,375,678,10,2,11.0,Extrême Gauche,2007,présidentielle
35,27,Boisgervilly,1053,668,375,678,10,3,4.0,Gauche,2007,présidentielle
35,27,Boisgervilly,1053,668,375,678,10,4,53.0,Gauche,2007,présidentielle
35,27,Boisgervilly,1053,668,375,678,10,5,238.0,Gauche,2007,présidentielle
35,27,Boisgervilly,1053,668,375,678,10,6,13.0,Écologie,2007,présidentielle
35,27,Boisgervilly,1053,668,375,678,10,7,6.0,Écologie,2007,présidentielle
35,27,Boisgervilly,1053,668,375,678,10,8,3.0,Divers,2007,présidentielle
35,27,Boisgervilly,1053,668,375,678,10,9,32.0,Centre,2007,présidentielle
35,27,Boisgervilly,1053,668,375,678,10,10,274.0,Droite,2007,présidentielle
35,27,Boisgervilly,1053,668,375,678,10,11,8.0,Droite,2007,présidentielle
35,27,Boisgervilly,1053,668,375,678,10,12,19.0,Extrême Droite,2007,présidentielle
35,28,Boistrudan,440,285,149,291,6,0,8.0,Extrême Gauche,2007,présidentielle
35,28,Boistrudan,440,285,149,291,6,1,3.0,Extrême Gauche,2007,présidentielle
35,28,Boistrudan,440,285,149,291,6,2,1.0,Gauche,2007,présidentielle
35,28,Boistrudan,440,285,149,291,6,3,56.0,Gauche,2007,présidentielle
35,28,Boistrudan,440,285,149,291,6,4,12.0,Régionalisme,2007,présidentielle
35,28,Boistrudan,440,285,149,291,6,5,2.0,Régionalisme,2007,présidentielle
35,28,Boistrudan,440,285,149,291,6,6,9.0,Divers,2007,présidentielle
35,28,Boistrudan,440,285,149,291,6,7,31.0,Centre,2007,présidentielle
35,28,Boistrudan,440,285,149,291,6,8,151.0,Droite,2007,présidentielle
35,28,Boistrudan,440,285,149,291,6,9,1.0,Droite,2007,présidentielle
35,28,Boistrudan,440,285,149,291,6,10,11.0,Extrême Droite,2007,présidentielle
35,29,Bonnemain,970,604,347,623,19,0,6.0,Extrême Gauche,2007,présidentielle
35,29,Bonnemain,970,604,347,623,19,1,4.0,Extrême Gauche,2007,présidentielle
35,29,Bonnemain,970,604,347,623,19,2,19.0,Extrême Gauche,2007,présidentielle
35,29,Bonnemain,970,604,347,623,19,3,9.0,Gauche,2007,présidentielle
35,29,Bonnemain,970,604,347,623,19,4,203.0,Gauche,2007,présidentielle
35,29,Bonnemain,970,604,347,623,19,5,17.0,Écologie,2007,présidentielle
35,29,Bonnemain,970,604,347,623,19,6,5.0,Divers,2007,présidentielle
35,29,Bonnemain,970,604,347,623,19,7,1.0,Divers,2007,présidentielle
35,29,Bonnemain,970,604,347,623,19,8,34.0,Centre,2007,présidentielle
35,29,Bonnemain,970,604,347,623,19,9,286.0,Droite,2007,présidentielle
35,29,Bonnemain,970,604,347,623,19,10,2.0,Droite,2007,présidentielle
35,29,Bonnemain,970,604,347,623,19,11,1.0,Droite,2007,présidentielle
35,29,Bonnemain,970,604,347,623,19,12,17.0,Extrême Droite,2007,présidentielle
35,30,La Bosse-de-Bretagne,385,227,150,235,8,0,7.0,Extrême Gauche,2007,présidentielle
35,30,La Bosse-de-Bretagne,385,227,150,235,8,1,4.0,Extrême Gauche,2007,présidentielle
35,30,La Bosse-de-Bretagne,385,227,150,235,8,2,0.0,Gauche,2007,présidentielle
35,30,La Bosse-de-Bretagne,385,227,150,235,8,3,59.0,Gauche,2007,présidentielle
35,30,La Bosse-de-Bretagne,385,227,150,235,8,4,5.0,Gauche,2007,présidentielle
35,30,La Bosse-de-Bretagne,385,227,150,235,8,5,9.0,Écologie,2007,présidentielle
35,30,La Bosse-de-Bretagne,385,227,150,235,8,6,0.0,Régionalisme,2007,présidentielle
35,30,La Bosse-de-Bretagne,385,227,150,235,8,7,7.0,Droite,2007,présidentielle
35,30,La Bosse-de-Bretagne,385,227,150,235,8,8,1.0,Divers,2007,présidentielle
35,30,La Bosse-de-Bretagne,385,227,150,235,8,9,20.0,Centre,2007,présidentielle
35,30,La Bosse-de-Bretagne,385,227,150,235,8,10,109.0,Droite,2007,présidentielle
35,30,La Bosse-de-Bretagne,385,227,150,235,8,11,1.0,Droite,2007,présidentielle
35,30,La Bosse-de-Bretagne,385,227,150,235,8,12,5.0,Extrême Droite,2007,présidentielle
35,31,La Bouëxière,2634,1588,1022,1612,24,0,19.0,Extrême Gauche,2007,présidentielle
35,31,La Bouëxière,2634,1588,1022,1612,24,1,60.0,Extrême Gauche,2007,présidentielle
35,31,La Bouëxière,2634,1588,1022,1612,24,2,39.0,Gauche,2007,présidentielle
35,31,La Bouëxière,2634,1588,1022,1612,24,3,199.0,Gauche,2007,présidentielle
35,31,La Bouëxière,2634,1588,1022,1612,24,4,336.0,Écologie,2007,présidentielle
35,31,La Bouëxière,2634,1588,1022,1612,24,5,48.0,Écologie,2007,présidentielle
35,31,La Bouëxière,2634,1588,1022,1612,24,6,29.0,Divers,2007,présidentielle
35,31,La Bouëxière,2634,1588,1022,1612,24,7,186.0,Centre,2007,présidentielle
35,31,La Bouëxière,2634,1588,1022,1612,24,8,602.0,Droite,2007,présidentielle
35,31,La Bouëxière,2634,1588,1022,1612,24,9,23.0,Droite,2007,présidentielle
35,31,La Bouëxière,2634,1588,1022,1612,24,10,9.0,Droite,2007,présidentielle
35,31,La Bouëxière,2634,1588,1022,1612,24,11,38.0,Extrême Droite,2007,présidentielle
35,32,Bourgbarré,2101,1243,823,1278,35,0,19.0,Extrême Gauche,2007,présidentielle
35,32,Bourgbarré,2101,1243,823,1278,35,1,29.0,Extrême Gauche,2007,présidentielle
35,32,Bourgbarré,2101,1243,823,1278,35,2,18.0,Gauche,2007,présidentielle
35,32,Bourgbarré,2101,1243,823,1278,35,3,407.0,Gauche,2007,présidentielle
35,32,Bourgbarré,2101,1243,823,1278,35,4,16.0,Gauche,2007,présidentielle
35,32,Bourgbarré,2101,1243,823,1278,35,5,78.0,Écologie,2007,présidentielle
35,32,Bourgbarré,2101,1243,823,1278,35,6,14.0,Régionalisme,2007,présidentielle
35,32,Bourgbarré,2101,1243,823,1278,35,7,11.0,Droite,2007,présidentielle
35,32,Bourgbarré,2101,1243,823,1278,35,8,19.0,Divers,2007,présidentielle
35,32,Bourgbarré,2101,1243,823,1278,35,9,144.0,Centre,2007,présidentielle
35,32,Bourgbarré,2101,1243,823,1278,35,10,446.0,Droite,2007,présidentielle
35,32,Bourgbarré,2101,1243,823,1278,35,11,16.0,Droite,2007,présidentielle
35,32,Bourgbarré,2101,1243,823,1278,35,12,26.0,Extrême Droite,2007,présidentielle
35,33,Bourg-des-Comptes,1596,1047,525,1071,24,0,14.0,Extrême Gauche,2007,présidentielle
35,33,Bourg-des-Comptes,1596,1047,525,1071,24,1,42.0,Extrême Gauche,2007,présidentielle
35,33,Bourg-des-Comptes,1596,1047,525,1071,24,2,14.0,Gauche,2007,présidentielle
35,33,Bourg-des-Comptes,1596,1047,525,1071,24,3,358.0,Gauche,2007,présidentielle
35,33,Bourg-des-Comptes,1596,1047,525,1071,24,4,15.0,Gauche,2007,présidentielle
35,33,Bourg-des-Comptes,1596,1047,525,1071,24,5,54.0,Écologie,2007,présidentielle
35,33,Bourg-des-Comptes,1596,1047,525,1071,24,6,10.0,Régionalisme,2007,présidentielle
35,33,Bourg-des-Comptes,1596,1047,525,1071,24,7,10.0,Droite,2007,présidentielle
35,33,Bourg-des-Comptes,1596,1047,525,1071,24,8,9.0,Divers,2007,présidentielle
35,33,Bourg-des-Comptes,1596,1047,525,1071,24,9,94.0,Centre,2007,présidentielle
35,33,Bourg-des-Comptes,1596,1047,525,1071,24,10,393.0,Droite,2007,présidentielle
35,33,Bourg-des-Comptes,1596,1047,525,1071,24,11,12.0,Droite,2007,présidentielle
35,33,Bourg-des-Comptes,1596,1047,525,1071,24,12,22.0,Extrême Droite,2007,présidentielle
35,34,La Boussac,836,527,298,538,11,0,3.0,Extrême Gauche,2007,présidentielle
35,34,La Boussac,836,527,298,538,11,1,7.0,Extrême Gauche,2007,présidentielle
35,34,La Boussac,836,527,298,538,11,2,11.0,Extrême Gauche,2007,présidentielle
35,34,La Boussac,836,527,298,538,11,3,14.0,Gauche,2007,présidentielle
35,34,La Boussac,836,527,298,538,11,4,149.0,Gauche,2007,présidentielle
35,34,La Boussac,836,527,298,538,11,5,12.0,Régionalisme,2007,présidentielle
35,34,La Boussac,836,527,298,538,11,6,11.0,Droite,2007,présidentielle
35,34,La Boussac,836,527,298,538,11,7,7.0,Divers,2007,présidentielle
35,34,La Boussac,836,527,298,538,11,8,48.0,Centre,2007,présidentielle
35,34,La Boussac,836,527,298,538,11,9,248.0,Droite,2007,présidentielle
35,34,La Boussac,836,527,298,538,11,10,2.0,Droite,2007,présidentielle
35,34,La Boussac,836,527,298,538,11,11,11.0,Extrême Droite,2007,présidentielle
35,34,La Boussac,836,527,298,538,11,12,4.0,Extrême Droite,2007,présidentielle
35,35,Bovel,384,230,152,232,2,0,5.0,Extrême Gauche,2007,présidentielle
35,35,Bovel,384,230,152,232,2,1,9.0,Extrême Gauche,2007,présidentielle
35,35,Bovel,384,230,152,232,2,2,4.0,Gauche,2007,présidentielle
35,35,Bovel,384,230,152,232,2,3,53.0,Gauche,2007,présidentielle
35,35,Bovel,384,230,152,232,2,4,5.0,Gauche,2007,présidentielle
35,35,Bovel,384,230,152,232,2,5,15.0,Écologie,2007,présidentielle
35,35,Bovel,384,230,152,232,2,6,2.0,Régionalisme,2007,présidentielle
35,35,Bovel,384,230,152,232,2,7,6.0,Droite,2007,présidentielle
35,35,Bovel,384,230,152,232,2,8,7.0,Divers,2007,présidentielle
35,35,Bovel,384,230,152,232,2,9,15.0,Centre,2007,présidentielle
35,35,Bovel,384,230,152,232,2,10,94.0,Droite,2007,présidentielle
35,35,Bovel,384,230,152,232,2,11,2.0,Droite,2007,présidentielle
35,35,Bovel,384,230,152,232,2,12,13.0,Extrême Droite,2007,présidentielle
35,37,Bréal-sous-Montfort,3336,2090,1207,2129,39,0,23.0,Extrême Gauche,2007,présidentielle
35,37,Bréal-sous-Montfort,3336,2090,1207,2129,39,1,67.0,Extrême Gauche,2007,présidentielle
35,37,Bréal-sous-Montfort,3336,2090,1207,2129,39,2,18.0,Gauche,2007,présidentielle
35,37,Bréal-sous-Montfort,3336,2090,1207,2129,39,3,708.0,Gauche,2007,présidentielle
35,37,Bréal-sous-Montfort,3336,2090,1207,2129,39,4,31.0,Gauche,2007,présidentielle
35,37,Bréal-sous-Montfort,3336,2090,1207,2129,39,5,63.0,Écologie,2007,présidentielle
35,37,Bréal-sous-Montfort,3336,2090,1207,2129,39,6,23.0,Régionalisme,2007,présidentielle
35,37,Bréal-sous-Montfort,3336,2090,1207,2129,39,7,16.0,Droite,2007,présidentielle
35,37,Bréal-sous-Montfort,3336,2090,1207,2129,39,8,21.0,Divers,2007,présidentielle
35,37,Bréal-sous-Montfort,3336,2090,1207,2129,39,9,231.0,Centre,2007,présidentielle
35,37,Bréal-sous-Montfort,3336,2090,1207,2129,39,10,808.0,Droite,2007,présidentielle
35,37,Bréal-sous-Montfort,3336,2090,1207,2129,39,11,29.0,Droite,2007,présidentielle
35,37,Bréal-sous-Montfort,3336,2090,1207,2129,39,12,52.0,Extrême Droite,2007,présidentielle
35,38,Bréal-sous-Vitré,438,238,191,247,9,0,6.0,Extrême Gauche,2007,présidentielle
35,38,Bréal-sous-Vitré,438,238,191,247,9,1,1.0,Extrême Gauche,2007,présidentielle
35,38,Bréal-sous-Vitré,438,238,191,247,9,2,3.0,Gauche,2007,présidentielle
35,38,Bréal-sous-Vitré,438,238,191,247,9,3,29.0,Gauche,2007,présidentielle
35,38,Bréal-sous-Vitré,438,238,191,247,9,4,16.0,Régionalisme,2007,présidentielle
35,38,Bréal-sous-Vitré,438,238,191,247,9,5,1.0,Régionalisme,2007,présidentielle
35,38,Bréal-sous-Vitré,438,238,191,247,9,6,2.0,Divers,2007,présidentielle
35,38,Bréal-sous-Vitré,438,238,191,247,9,7,33.0,Centre,2007,présidentielle
35,38,Bréal-sous-Vitré,438,238,191,247,9,8,130.0,Droite,2007,présidentielle
35,38,Bréal-sous-Vitré,438,238,191,247,9,9,3.0,Droite,2007,présidentielle
35,38,Bréal-sous-Vitré,438,238,191,247,9,10,14.0,Extrême Droite,2007,présidentielle
35,39,Brécé,1243,792,432,811,19,0,9.0,Extrême Gauche,2007,présidentielle
35,39,Brécé,1243,792,432,811,19,1,11.0,Extrême Gauche,2007,présidentielle
35,39,Brécé,1243,792,432,811,19,2,3.0,Gauche,2007,présidentielle
35,39,Brécé,1243,792,432,811,19,3,249.0,Gauche,2007,présidentielle
35,39,Brécé,1243,792,432,811,19,4,33.0,Régionalisme,2007,présidentielle
35,39,Brécé,1243,792,432,811,19,5,9.0,Régionalisme,2007,présidentielle
35,39,Brécé,1243,792,432,811,19,6,14.0,Divers,2007,présidentielle
35,39,Brécé,1243,792,432,811,19,7,105.0,Centre,2007,présidentielle
35,39,Brécé,1243,792,432,811,19,8,340.0,Droite,2007,présidentielle
35,39,Brécé,1243,792,432,811,19,9,10.0,Droite,2007,présidentielle
35,39,Brécé,1243,792,432,811,19,10,9.0,Extrême Droite,2007,présidentielle
35,40,Breteil,2466,1505,938,1528,23,0,11.0,Extrême Gauche,2007,présidentielle
35,40,Breteil,2466,1505,938,1528,23,1,2.0,Extrême Gauche,2007,présidentielle
35,40,Breteil,2466,1505,938,1528,23,2,43.0,Extrême Gauche,2007,présidentielle
35,40,Breteil,2466,1505,938,1528,23,3,10.0,Gauche,2007,présidentielle
35,40,Breteil,2466,1505,938,1528,23,4,222.0,Gauche,2007,présidentielle
35,40,Breteil,2466,1505,938,1528,23,5,460.0,Gauche,2007,présidentielle
35,40,Breteil,2466,1505,938,1528,23,6,71.0,Écologie,2007,présidentielle
35,40,Breteil,2466,1505,938,1528,23,7,20.0,Écologie,2007,présidentielle
35,40,Breteil,2466,1505,938,1528,23,8,16.0,Divers,2007,présidentielle
35,40,Breteil,2466,1505,938,1528,23,9,127.0,Centre,2007,présidentielle
35,40,Breteil,2466,1505,938,1528,23,10,482.0,Droite,2007,présidentielle
35,40,Breteil,2466,1505,938,1528,23,11,20.0,Droite,2007,présidentielle
35,40,Breteil,2466,1505,938,1528,23,12,21.0,Extrême Droite,2007,présidentielle
35,41,Brie,591,375,211,380,5,0,7.0,Extrême Gauche,2007,présidentielle
35,41,Brie,591,375,211,380,5,1,3.0,Extrême Gauche,2007,présidentielle
35,41,Brie,591,375,211,380,5,2,3.0,Gauche,2007,présidentielle
35,41,Brie,591,375,211,380,5,3,106.0,Gauche,2007,présidentielle
35,41,Brie,591,375,211,380,5,4,16.0,Régionalisme,2007,présidentielle
35,41,Brie,591,375,211,380,5,5,4.0,Régionalisme,2007,présidentielle
35,41,Brie,591,375,211,380,5,6,3.0,Divers,2007,présidentielle
35,41,Brie,591,375,211,380,5,7,37.0,Centre,2007,présidentielle
35,41,Brie,591,375,211,380,5,8,183.0,Droite,2007,présidentielle
35,41,Brie,591,375,211,380,5,9,3.0,Droite,2007,présidentielle
35,41,Brie,591,375,211,380,5,10,10.0,Extrême Droite,2007,présidentielle
35,42,Brielles,504,331,169,335,4,0,2.0,Extrême Gauche,2007,présidentielle
35,42,Brielles,504,331,169,335,4,1,0.0,Extrême Gauche,2007,présidentielle
35,42,Brielles,504,331,169,335,4,2,0.0,Gauche,2007,présidentielle
35,42,Brielles,504,331,169,335,4,3,35.0,Gauche,2007,présidentielle
35,42,Brielles,504,331,169,335,4,4,17.0,Régionalisme,2007,présidentielle
35,42,Brielles,504,331,169,335,4,5,4.0,Régionalisme,2007,présidentielle
35,42,Brielles,504,331,169,335,4,6,0.0,Divers,2007,présidentielle
35,42,Brielles,504,331,169,335,4,7,29.0,Centre,2007,présidentielle
35,42,Brielles,504,331,169,335,4,8,233.0,Droite,2007,présidentielle
35,42,Brielles,504,331,169,335,4,9,2.0,Droite,2007,présidentielle
35,42,Brielles,504,331,169,335,4,10,9.0,Extrême Droite,2007,présidentielle
35,44,Broualan,240,154,86,154,0,0,1.0,Extrême Gauche,2007,présidentielle
35,44,Broualan,240,154,86,154,0,1,1.0,Extrême Gauche,2007,présidentielle
35,44,Broualan,240,154,86,154,0,2,5.0,Extrême Gauche,2007,présidentielle
35,44,Broualan,240,154,86,154,0,3,3.0,Gauche,2007,présidentielle
35,44,Broualan,240,154,86,154,0,4,46.0,Gauche,2007,présidentielle
35,44,Broualan,240,154,86,154,0,5,5.0,Régionalisme,2007,présidentielle
35,44,Broualan,240,154,86,154,0,6,3.0,Droite,2007,présidentielle
35,44,Broualan,240,154,86,154,0,7,2.0,Divers,2007,présidentielle
35,44,Broualan,240,154,86,154,0,8,8.0,Centre,2007,présidentielle
35,44,Broualan,240,154,86,154,0,9,78.0,Droite,2007,présidentielle
35,44,Broualan,240,154,86,154,0,10,0.0,Droite,2007,présidentielle
35,44,Broualan,240,154,86,154,0,11,2.0,Extrême Droite,2007,présidentielle
35,44,Broualan,240,154,86,154,0,12,0.0,Extrême Droite,2007,présidentielle
35,45,Bruc-sur-Aff,680,397,269,411,14,0,6.0,Extrême Gauche,2007,présidentielle
35,45,Bruc-sur-Aff,680,397,269,411,14,1,7.0,Extrême Gauche,2007,présidentielle
35,45,Bruc-sur-Aff,680,397,269,411,14,2,3.0,Gauche,2007,présidentielle
35,45,Bruc-sur-Aff,680,397,269,411,14,3,83.0,Gauche,2007,présidentielle
35,45,Bruc-sur-Aff,680,397,269,411,14,4,5.0,Gauche,2007,présidentielle
35,45,Bruc-sur-Aff,680,397,269,411,14,5,6.0,Écologie,2007,présidentielle
35,45,Bruc-sur-Aff,680,397,269,411,14,6,5.0,Régionalisme,2007,présidentielle
35,45,Bruc-sur-Aff,680,397,269,411,14,7,2.0,Droite,2007,présidentielle
35,45,Bruc-sur-Aff,680,397,269,411,14,8,2.0,Divers,2007,présidentielle
35,45,Bruc-sur-Aff,680,397,269,411,14,9,39.0,Centre,2007,présidentielle
35,45,Bruc-sur-Aff,680,397,269,411,14,10,219.0,Droite,2007,présidentielle
35,45,Bruc-sur-Aff,680,397,269,411,14,11,5.0,Droite,2007,présidentielle
35,45,Bruc-sur-Aff,680,397,269,411,14,12,15.0,Extrême Droite,2007,présidentielle
35,46,Les Brulais,360,221,134,226,5,0,2.0,Extrême Gauche,2007,présidentielle
35,46,Les Brulais,360,221,134,226,5,1,3.0,Extrême Gauche,2007,présidentielle
35,46,Les Brulais,360,221,134,226,5,2,4.0,Gauche,2007,présidentielle
35,46,Les Brulais,360,221,134,226,5,3,58.0,Gauche,2007,présidentielle
35,46,Les Brulais,360,221,134,226,5,4,0.0,Gauche,2007,présidentielle
35,46,Les Brulais,360,221,134,226,5,5,4.0,Écologie,2007,présidentielle
35,46,Les Brulais,360,221,134,226,5,6,7.0,Régionalisme,2007,présidentielle
35,46,Les Brulais,360,221,134,226,5,7,6.0,Droite,2007,présidentielle
35,46,Les Brulais,360,221,134,226,5,8,2.0,Divers,2007,présidentielle
35,46,Les Brulais,360,221,134,226,5,9,29.0,Centre,2007,présidentielle
35,46,Les Brulais,360,221,134,226,5,10,96.0,Droite,2007,présidentielle
35,46,Les Brulais,360,221,134,226,5,11,5.0,Droite,2007,présidentielle
35,46,Les Brulais,360,221,134,226,5,12,5.0,Extrême Droite,2007,présidentielle
35,47,Bruz,10099,6485,3541,6558,73,0,40.0,Extrême Gauche,2007,présidentielle
35,47,Bruz,10099,6485,3541,6558,73,1,148.0,Extrême Gauche,2007,présidentielle
35,47,Bruz,10099,6485,3541,6558,73,2,70.0,Gauche,2007,présidentielle
35,47,Bruz,10099,6485,3541,6558,73,3,1942.0,Gauche,2007,présidentielle
35,47,Bruz,10099,6485,3541,6558,73,4,80.0,Gauche,2007,présidentielle
35,47,Bruz,10099,6485,3541,6558,73,5,280.0,Écologie,2007,présidentielle
35,47,Bruz,10099,6485,3541,6558,73,6,44.0,Régionalisme,2007,présidentielle
35,47,Bruz,10099,6485,3541,6558,73,7,34.0,Droite,2007,présidentielle
35,47,Bruz,10099,6485,3541,6558,73,8,68.0,Divers,2007,présidentielle
35,47,Bruz,10099,6485,3541,6558,73,9,1239.0,Centre,2007,présidentielle
35,47,Bruz,10099,6485,3541,6558,73,10,2362.0,Droite,2007,présidentielle
35,47,Bruz,10099,6485,3541,6558,73,11,50.0,Droite,2007,présidentielle
35,47,Bruz,10099,6485,3541,6558,73,12,128.0,Extrême Droite,2007,présidentielle
35,48,Campel,404,282,113,291,9,0,4.0,Extrême Gauche,2007,présidentielle
35,48,Campel,404,282,113,291,9,1,11.0,Extrême Gauche,2007,présidentielle
35,48,Campel,404,282,113,291,9,2,6.0,Gauche,2007,présidentielle
35,48,Campel,404,282,113,291,9,3,91.0,Gauche,2007,présidentielle
35,48,Campel,404,282,113,291,9,4,7.0,Gauche,2007,présidentielle
35,48,Campel,404,282,113,291,9,5,9.0,Écologie,2007,présidentielle
35,48,Campel,404,282,113,291,9,6,4.0,Régionalisme,2007,présidentielle
35,48,Campel,404,282,113,291,9,7,5.0,Droite,2007,présidentielle
35,48,Campel,404,282,113,291,9,8,1.0,Divers,2007,présidentielle
35,48,Campel,404,282,113,291,9,9,20.0,Centre,2007,présidentielle
35,48,Campel,404,282,113,291,9,10,110.0,Droite,2007,présidentielle
35,48,Campel,404,282,113,291,9,11,3.0,Droite,2007,présidentielle
35,48,Campel,404,282,113,291,9,12,11.0,Extrême Droite,2007,présidentielle
35,49,Cancale,4632,2696,1889,2743,47,0,6.0,Extrême Gauche,2007,présidentielle
35,49,Cancale,4632,2696,1889,2743,47,1,15.0,Extrême Gauche,2007,présidentielle
35,49,Cancale,4632,2696,1889,2743,47,2,53.0,Extrême Gauche,2007,présidentielle
35,49,Cancale,4632,2696,1889,2743,47,3,27.0,Gauche,2007,présidentielle
35,49,Cancale,4632,2696,1889,2743,47,4,520.0,Gauche,2007,présidentielle
35,49,Cancale,4632,2696,1889,2743,47,5,73.0,Régionalisme,2007,présidentielle
35,49,Cancale,4632,2696,1889,2743,47,6,29.0,Droite,2007,présidentielle
35,49,Cancale,4632,2696,1889,2743,47,7,14.0,Divers,2007,présidentielle
35,49,Cancale,4632,2696,1889,2743,47,8,362.0,Centre,2007,présidentielle
35,49,Cancale,4632,2696,1889,2743,47,9,1488.0,Droite,2007,présidentielle
35,49,Cancale,4632,2696,1889,2743,47,10,33.0,Droite,2007,présidentielle
35,49,Cancale,4632,2696,1889,2743,47,11,68.0,Extrême Droite,2007,présidentielle
35,49,Cancale,4632,2696,1889,2743,47,12,8.0,Extrême Droite,2007,présidentielle
35,50,Cardroc,344,240,101,243,3,0,2.0,Extrême Gauche,2007,présidentielle
35,50,Cardroc,344,240,101,243,3,1,0.0,Extrême Gauche,2007,présidentielle
35,50,Cardroc,344,240,101,243,3,2,10.0,Extrême Gauche,2007,présidentielle
35,50,Cardroc,344,240,101,243,3,3,1.0,Gauche,2007,présidentielle
35,50,Cardroc,344,240,101,243,3,4,31.0,Gauche,2007,présidentielle
35,50,Cardroc,344,240,101,243,3,5,62.0,Gauche,2007,présidentielle
35,50,Cardroc,344,240,101,243,3,6,10.0,Écologie,2007,présidentielle
35,50,Cardroc,344,240,101,243,3,7,2.0,Écologie,2007,présidentielle
35,50,Cardroc,344,240,101,243,3,8,2.0,Divers,2007,présidentielle
35,50,Cardroc,344,240,101,243,3,9,18.0,Centre,2007,présidentielle
35,50,Cardroc,344,240,101,243,3,10,97.0,Droite,2007,présidentielle
35,50,Cardroc,344,240,101,243,3,11,2.0,Droite,2007,présidentielle
35,50,Cardroc,344,240,101,243,3,12,3.0,Extrême Droite,2007,présidentielle
35,51,Cesson-Sévigné,11714,8126,3513,8201,75,0,55.0,Extrême Gauche,2007,présidentielle
35,51,Cesson-Sévigné,11714,8126,3513,8201,75,1,119.0,Extrême Gauche,2007,présidentielle
35,51,Cesson-Sévigné,11714,8126,3513,8201,75,2,108.0,Gauche,2007,présidentielle
35,51,Cesson-Sévigné,11714,8126,3513,8201,75,3,2512.0,Gauche,2007,présidentielle
35,51,Cesson-Sévigné,11714,8126,3513,8201,75,4,220.0,Régionalisme,2007,présidentielle
35,51,Cesson-Sévigné,11714,8126,3513,8201,75,5,40.0,Régionalisme,2007,présidentielle
35,51,Cesson-Sévigné,11714,8126,3513,8201,75,6,74.0,Divers,2007,présidentielle
35,51,Cesson-Sévigné,11714,8126,3513,8201,75,7,1159.0,Centre,2007,présidentielle
35,51,Cesson-Sévigné,11714,8126,3513,8201,75,8,3647.0,Droite,2007,présidentielle
35,51,Cesson-Sévigné,11714,8126,3513,8201,75,9,105.0,Droite,2007,présidentielle
35,51,Cesson-Sévigné,11714,8126,3513,8201,75,10,87.0,Extrême Droite,2007,présidentielle
35,52,Champeaux,388,265,118,270,5,0,3.0,Extrême Gauche,2007,présidentielle
35,52,Champeaux,388,265,118,270,5,1,1.0,Extrême Gauche,2007,présidentielle
35,52,Champeaux,388,265,118,270,5,2,1.0,Gauche,2007,présidentielle
35,52,Champeaux,388,265,118,270,5,3,45.0,Gauche,2007,présidentielle
35,52,Champeaux,388,265,118,270,5,4,5.0,Régionalisme,2007,présidentielle
35,52,Champeaux,388,265,118,270,5,5,2.0,Régionalisme,2007,présidentielle
35,52,Champeaux,388,265,118,270,5,6,0.0,Divers,2007,présidentielle
35,52,Champeaux,388,265,118,270,5,7,23.0,Centre,2007,présidentielle
35,52,Champeaux,388,265,118,270,5,8,174.0,Droite,2007,présidentielle
35,52,Champeaux,388,265,118,270,5,9,4.0,Droite,2007,présidentielle
35,52,Champeaux,388,265,118,270,5,10,7.0,Extrême Droite,2007,présidentielle
35,53,Chancé,182,129,50,132,3,0,1.0,Extrême Gauche,2007,présidentielle
35,53,Chancé,182,129,50,132,3,1,1.0,Extrême Gauche,2007,présidentielle
35,53,Chancé,182,129,50,132,3,2,1.0,Gauche,2007,présidentielle
35,53,Chancé,182,129,50,132,3,3,20.0,Gauche,2007,présidentielle
35,53,Chancé,182,129,50,132,3,4,4.0,Régionalisme,2007,présidentielle
35,53,Chancé,182,129,50,132,3,5,1.0,Régionalisme,2007,présidentielle
35,53,Chancé,182,129,50,132,3,6,1.0,Divers,2007,présidentielle
35,53,Chancé,182,129,50,132,3,7,10.0,Centre,2007,présidentielle
35,53,Chancé,182,129,50,132,3,8,88.0,Droite,2007,présidentielle
35,53,Chancé,182,129,50,132,3,9,0.0,Droite,2007,présidentielle
35,53,Chancé,182,129,50,132,3,10,2.0,Extrême Droite,2007,présidentielle
35,54,Chanteloup,998,597,384,614,17,0,10.0,Extrême Gauche,2007,présidentielle
35,54,Chanteloup,998,597,384,614,17,1,26.0,Extrême Gauche,2007,présidentielle
35,54,Chanteloup,998,597,384,614,17,2,4.0,Gauche,2007,présidentielle
35,54,Chanteloup,998,597,384,614,17,3,184.0,Gauche,2007,présidentielle
35,54,Chanteloup,998,597,384,614,17,4,11.0,Gauche,2007,présidentielle
35,54,Chanteloup,998,597,384,614,17,5,37.0,Écologie,2007,présidentielle
35,54,Chanteloup,998,597,384,614,17,6,12.0,Régionalisme,2007,présidentielle
35,54,Chanteloup,998,597,384,614,17,7,4.0,Droite,2007,présidentielle
35,54,Chanteloup,998,597,384,614,17,8,14.0,Divers,2007,présidentielle
35,54,Chanteloup,998,597,384,614,17,9,68.0,Centre,2007,présidentielle
35,54,Chanteloup,998,597,384,614,17,10,193.0,Droite,2007,présidentielle
35,54,Chanteloup,998,597,384,614,17,11,10.0,Droite,2007,présidentielle
35,54,Chanteloup,998,597,384,614,17,12,24.0,Extrême Droite,2007,présidentielle
35,55,Chantepie,5533,3519,1935,3598,79,0,37.0,Extrême Gauche,2007,présidentielle
35,55,Chantepie,5533,3519,1935,3598,79,1,13.0,Extrême Gauche,2007,présidentielle
35,55,Chantepie,5533,3519,1935,3598,79,2,37.0,Extrême Gauche,2007,présidentielle
35,55,Chantepie,5533,3519,1935,3598,79,3,65.0,Gauche,2007,présidentielle
35,55,Chantepie,5533,3519,1935,3598,79,4,1448.0,Gauche,2007,présidentielle
35,55,Chantepie,5533,3519,1935,3598,79,5,171.0,Écologie,2007,présidentielle
35,55,Chantepie,5533,3519,1935,3598,79,6,34.0,Écologie,2007,présidentielle
35,55,Chantepie,5533,3519,1935,3598,79,7,21.0,Régionalisme,2007,présidentielle
35,55,Chantepie,5533,3519,1935,3598,79,8,24.0,Divers,2007,présidentielle
35,55,Chantepie,5533,3519,1935,3598,79,9,2.0,Divers,2007,présidentielle
35,55,Chantepie,5533,3519,1935,3598,79,10,507.0,Centre,2007,présidentielle
35,55,Chantepie,5533,3519,1935,3598,79,11,829.0,Droite,2007,présidentielle
35,55,Chantepie,5533,3519,1935,3598,79,12,284.0,Droite,2007,présidentielle
35,55,Chantepie,5533,3519,1935,3598,79,13,47.0,Extrême Droite,2007,présidentielle
35,56,La Chapelle-aux-Filtzméens,433,282,143,290,8,0,7.0,Extrême Gauche,2007,présidentielle
35,56,La Chapelle-aux-Filtzméens,433,282,143,290,8,1,1.0,Extrême Gauche,2007,présidentielle
35,56,La Chapelle-aux-Filtzméens,433,282,143,290,8,2,10.0,Extrême Gauche,2007,présidentielle
35,56,La Chapelle-aux-Filtzméens,433,282,143,290,8,3,6.0,Gauche,2007,présidentielle
35,56,La Chapelle-aux-Filtzméens,433,282,143,290,8,4,116.0,Gauche,2007,présidentielle
35,56,La Chapelle-aux-Filtzméens,433,282,143,290,8,5,11.0,Écologie,2007,présidentielle
35,56,La Chapelle-aux-Filtzméens,433,282,143,290,8,6,1.0,Divers,2007,présidentielle
35,56,La Chapelle-aux-Filtzméens,433,282,143,290,8,7,0.0,Divers,2007,présidentielle
35,56,La Chapelle-aux-Filtzméens,433,282,143,290,8,8,26.0,Centre,2007,présidentielle
35,56,La Chapelle-aux-Filtzméens,433,282,143,290,8,9,96.0,Droite,2007,présidentielle
35,56,La Chapelle-aux-Filtzméens,433,282,143,290,8,10,5.0,Droite,2007,présidentielle
35,56,La Chapelle-aux-Filtzméens,433,282,143,290,8,11,0.0,Droite,2007,présidentielle
35,56,La Chapelle-aux-Filtzméens,433,282,143,290,8,12,3.0,Extrême Droite,2007,présidentielle
35,57,La Chapelle-Bouëxic,721,454,258,463,9,0,10.0,Extrême Gauche,2007,présidentielle
35,57,La Chapelle-Bouëxic,721,454,258,463,9,1,8.0,Extrême Gauche,2007,présidentielle
35,57,La Chapelle-Bouëxic,721,454,258,463,9,2,11.0,Gauche,2007,présidentielle
35,57,La Chapelle-Bouëxic,721,454,258,463,9,3,157.0,Gauche,2007,présidentielle
35,57,La Chapelle-Bouëxic,721,454,258,463,9,4,9.0,Gauche,2007,présidentielle
35,57,La Chapelle-Bouëxic,721,454,258,463,9,5,13.0,Écologie,2007,présidentielle
35,57,La Chapelle-Bouëxic,721,454,258,463,9,6,11.0,Régionalisme,2007,présidentielle
35,57,La Chapelle-Bouëxic,721,454,258,463,9,7,8.0,Droite,2007,présidentielle
35,57,La Chapelle-Bouëxic,721,454,258,463,9,8,5.0,Divers,2007,présidentielle
35,57,La Chapelle-Bouëxic,721,454,258,463,9,9,44.0,Centre,2007,présidentielle
35,57,La Chapelle-Bouëxic,721,454,258,463,9,10,155.0,Droite,2007,présidentielle
35,57,La Chapelle-Bouëxic,721,454,258,463,9,11,4.0,Droite,2007,présidentielle
35,57,La Chapelle-Bouëxic,721,454,258,463,9,12,19.0,Extrême Droite,2007,présidentielle
35,58,La Chapelle-Chaussée,722,445,269,453,8,0,6.0,Extrême Gauche,2007,présidentielle
35,58,La Chapelle-Chaussée,722,445,269,453,8,1,1.0,Extrême Gauche,2007,présidentielle
35,58,La Chapelle-Chaussée,722,445,269,453,8,2,18.0,Extrême Gauche,2007,présidentielle
35,58,La Chapelle-Chaussée,722,445,269,453,8,3,1.0,Gauche,2007,présidentielle
35,58,La Chapelle-Chaussée,722,445,269,453,8,4,43.0,Gauche,2007,présidentielle
35,58,La Chapelle-Chaussée,722,445,269,453,8,5,106.0,Gauche,2007,présidentielle
35,58,La Chapelle-Chaussée,722,445,269,453,8,6,16.0,Écologie,2007,présidentielle
35,58,La Chapelle-Chaussée,722,445,269,453,8,7,6.0,Écologie,2007,présidentielle
35,58,La Chapelle-Chaussée,722,445,269,453,8,8,5.0,Divers,2007,présidentielle
35,58,La Chapelle-Chaussée,722,445,269,453,8,9,45.0,Centre,2007,présidentielle
35,58,La Chapelle-Chaussée,722,445,269,453,8,10,189.0,Droite,2007,présidentielle
35,58,La Chapelle-Chaussée,722,445,269,453,8,11,2.0,Droite,2007,présidentielle
35,58,La Chapelle-Chaussée,722,445,269,453,8,12,7.0,Extrême Droite,2007,présidentielle
35,59,La Chapelle-des-Fougeretz,2633,1825,782,1851,26,0,5.0,Extrême Gauche,2007,présidentielle
35,59,La Chapelle-des-Fougeretz,2633,1825,782,1851,26,1,4.0,Extrême Gauche,2007,présidentielle
35,59,La Chapelle-des-Fougeretz,2633,1825,782,1851,26,2,30.0,Extrême Gauche,2007,présidentielle
35,59,La Chapelle-des-Fougeretz,2633,1825,782,1851,26,3,27.0,Gauche,2007,présidentielle
35,59,La Chapelle-des-Fougeretz,2633,1825,782,1851,26,4,918.0,Gauche,2007,présidentielle
35,59,La Chapelle-des-Fougeretz,2633,1825,782,1851,26,5,60.0,Écologie,2007,présidentielle
35,59,La Chapelle-des-Fougeretz,2633,1825,782,1851,26,6,13.0,Divers,2007,présidentielle
35,59,La Chapelle-des-Fougeretz,2633,1825,782,1851,26,7,3.0,Divers,2007,présidentielle
35,59,La Chapelle-des-Fougeretz,2633,1825,782,1851,26,8,173.0,Centre,2007,présidentielle
35,59,La Chapelle-des-Fougeretz,2633,1825,782,1851,26,9,568.0,Droite,2007,présidentielle
35,59,La Chapelle-des-Fougeretz,2633,1825,782,1851,26,10,16.0,Droite,2007,présidentielle
35,59,La Chapelle-des-Fougeretz,2633,1825,782,1851,26,11,2.0,Droite,2007,présidentielle
35,59,La Chapelle-des-Fougeretz,2633,1825,782,1851,26,12,6.0,Extrême Droite,2007,présidentielle
35,60,La Chapelle-du-Lou,409,254,153,256,2,0,2.0,Extrême Gauche,2007,présidentielle
35,60,La Chapelle-du-Lou,409,254,153,256,2,1,2.0,Extrême Gauche,2007,présidentielle
35,60,La Chapelle-du-Lou,409,254,153,256,2,2,8.0,Extrême Gauche,2007,présidentielle
35,60,La Chapelle-du-Lou,409,254,153,256,2,3,2.0,Gauche,2007,présidentielle
35,60,La Chapelle-du-Lou,409,254,153,256,2,4,18.0,Gauche,2007,présidentielle
35,60,La Chapelle-du-Lou,409,254,153,256,2,5,52.0,Gauche,2007,présidentielle
35,60,La Chapelle-du-Lou,409,254,153,256,2,6,11.0,Écologie,2007,présidentielle
35,60,La Chapelle-du-Lou,409,254,153,256,2,7,1.0,Écologie,2007,présidentielle
35,60,La Chapelle-du-Lou,409,254,153,256,2,8,0.0,Divers,2007,présidentielle
35,60,La Chapelle-du-Lou,409,254,153,256,2,9,32.0,Centre,2007,présidentielle
35,60,La Chapelle-du-Lou,409,254,153,256,2,10,121.0,Droite,2007,présidentielle
35,60,La Chapelle-du-Lou,409,254,153,256,2,11,3.0,Droite,2007,présidentielle
35,60,La Chapelle-du-Lou,409,254,153,256,2,12,2.0,Extrême Droite,2007,présidentielle
35,61,La Chapelle-Erbrée,431,268,156,275,7,0,8.0,Extrême Gauche,2007,présidentielle
35,61,La Chapelle-Erbrée,431,268,156,275,7,1,1.0,Extrême Gauche,2007,présidentielle
35,61,La Chapelle-Erbrée,431,268,156,275,7,2,1.0,Gauche,2007,présidentielle
35,61,La Chapelle-Erbrée,431,268,156,275,7,3,26.0,Gauche,2007,présidentielle
35,61,La Chapelle-Erbrée,431,268,156,275,7,4,6.0,Régionalisme,2007,présidentielle
35,61,La Chapelle-Erbrée,431,268,156,275,7,5,5.0,Régionalisme,2007,présidentielle
35,61,La Chapelle-Erbrée,431,268,156,275,7,6,1.0,Divers,2007,présidentielle
35,61,La Chapelle-Erbrée,431,268,156,275,7,7,25.0,Centre,2007,présidentielle
35,61,La Chapelle-Erbrée,431,268,156,275,7,8,188.0,Droite,2007,présidentielle
35,61,La Chapelle-Erbrée,431,268,156,275,7,9,3.0,Droite,2007,présidentielle
35,61,La Chapelle-Erbrée,431,268,156,275,7,10,4.0,Extrême Droite,2007,présidentielle
35,62,La Chapelle-Janson,1014,639,355,659,20,0,2.0,Extrême Gauche,2007,présidentielle
35,62,La Chapelle-Janson,1014,639,355,659,20,1,20.0,Extrême Gauche,2007,présidentielle
35,62,La Chapelle-Janson,1014,639,355,659,20,2,7.0,Gauche,2007,présidentielle
35,62,La Chapelle-Janson,1014,639,355,659,20,3,27.0,Gauche,2007,présidentielle
35,62,La Chapelle-Janson,1014,639,355,659,20,4,69.0,Écologie,2007,présidentielle
35,62,La Chapelle-Janson,1014,639,355,659,20,5,9.0,Écologie,2007,présidentielle
35,62,La Chapelle-Janson,1014,639,355,659,20,6,10.0,Divers,2007,présidentielle
35,62,La Chapelle-Janson,1014,639,355,659,20,7,165.0,Centre,2007,présidentielle
35,62,La Chapelle-Janson,1014,639,355,659,20,8,307.0,Droite,2007,présidentielle
35,62,La Chapelle-Janson,1014,639,355,659,20,9,8.0,Droite,2007,présidentielle
35,62,La Chapelle-Janson,1014,639,355,659,20,10,8.0,Droite,2007,présidentielle
35,62,La Chapelle-Janson,1014,639,355,659,20,11,7.0,Extrême Droite,2007,présidentielle
35,63,La Chapelle-Saint-Aubert,299,191,105,194,3,0,0.0,Extrême Gauche,2007,présidentielle
35,63,La Chapelle-Saint-Aubert,299,191,105,194,3,1,1.0,Extrême Gauche,2007,présidentielle
35,63,La Chapelle-Saint-Aubert,299,191,105,194,3,2,2.0,Gauche,2007,présidentielle
35,63,La Chapelle-Saint-Aubert,299,191,105,194,3,3,23.0,Gauche,2007,présidentielle
35,63,La Chapelle-Saint-Aubert,299,191,105,194,3,4,26.0,Écologie,2007,présidentielle
35,63,La Chapelle-Saint-Aubert,299,191,105,194,3,5,4.0,Écologie,2007,présidentielle
35,63,La Chapelle-Saint-Aubert,299,191,105,194,3,6,1.0,Divers,2007,présidentielle
35,63,La Chapelle-Saint-Aubert,299,191,105,194,3,7,68.0,Centre,2007,présidentielle
35,63,La Chapelle-Saint-Aubert,299,191,105,194,3,8,53.0,Droite,2007,présidentielle
35,63,La Chapelle-Saint-Aubert,299,191,105,194,3,9,4.0,Droite,2007,présidentielle
35,63,La Chapelle-Saint-Aubert,299,191,105,194,3,10,3.0,Droite,2007,présidentielle
35,63,La Chapelle-Saint-Aubert,299,191,105,194,3,11,6.0,Extrême Droite,2007,présidentielle
35,64,La Chapelle-de-Brain,796,467,319,477,10,0,3.0,Extrême Gauche,2007,présidentielle
35,64,La Chapelle-de-Brain,796,467,319,477,10,1,15.0,Extrême Gauche,2007,présidentielle
35,64,La Chapelle-de-Brain,796,467,319,477,10,2,6.0,Gauche,2007,présidentielle
35,64,La Chapelle-de-Brain,796,467,319,477,10,3,139.0,Gauche,2007,présidentielle
35,64,La Chapelle-de-Brain,796,467,319,477,10,4,3.0,Gauche,2007,présidentielle
35,64,La Chapelle-de-Brain,796,467,319,477,10,5,17.0,Écologie,2007,présidentielle
35,64,La Chapelle-de-Brain,796,467,319,477,10,6,18.0,Régionalisme,2007,présidentielle
35,64,La Chapelle-de-Brain,796,467,319,477,10,7,15.0,Droite,2007,présidentielle
35,64,La Chapelle-de-Brain,796,467,319,477,10,8,8.0,Divers,2007,présidentielle
35,64,La Chapelle-de-Brain,796,467,319,477,10,9,65.0,Centre,2007,présidentielle
35,64,La Chapelle-de-Brain,796,467,319,477,10,10,154.0,Droite,2007,présidentielle
35,64,La Chapelle-de-Brain,796,467,319,477,10,11,11.0,Droite,2007,présidentielle
35,64,La Chapelle-de-Brain,796,467,319,477,10,12,13.0,Extrême Droite,2007,présidentielle
35,65,La Chapelle-Thouarault,1608,1009,577,1031,22,0,7.0,Extrême Gauche,2007,présidentielle
35,65,La Chapelle-Thouarault,1608,1009,577,1031,22,1,5.0,Extrême Gauche,2007,présidentielle
35,65,La Chapelle-Thouarault,1608,1009,577,1031,22,2,25.0,Extrême Gauche,2007,présidentielle
35,65,La Chapelle-Thouarault,1608,1009,577,1031,22,3,17.0,Gauche,2007,présidentielle
35,65,La Chapelle-Thouarault,1608,1009,577,1031,22,4,95.0,Gauche,2007,présidentielle
35,65,La Chapelle-Thouarault,1608,1009,577,1031,22,5,335.0,Gauche,2007,présidentielle
35,65,La Chapelle-Thouarault,1608,1009,577,1031,22,6,39.0,Écologie,2007,présidentielle
35,65,La Chapelle-Thouarault,1608,1009,577,1031,22,7,15.0,Écologie,2007,présidentielle
35,65,La Chapelle-Thouarault,1608,1009,577,1031,22,8,5.0,Divers,2007,présidentielle
35,65,La Chapelle-Thouarault,1608,1009,577,1031,22,9,88.0,Centre,2007,présidentielle
35,65,La Chapelle-Thouarault,1608,1009,577,1031,22,10,348.0,Droite,2007,présidentielle
35,65,La Chapelle-Thouarault,1608,1009,577,1031,22,11,8.0,Droite,2007,présidentielle
35,65,La Chapelle-Thouarault,1608,1009,577,1031,22,12,22.0,Extrême Droite,2007,présidentielle
35,66,Chartres-de-Bretagne,5572,3288,2227,3345,57,0,34.0,Extrême Gauche,2007,présidentielle
35,66,Chartres-de-Bretagne,5572,3288,2227,3345,57,1,87.0,Extrême Gauche,2007,présidentielle
35,66,Chartres-de-Bretagne,5572,3288,2227,3345,57,2,25.0,Gauche,2007,présidentielle
35,66,Chartres-de-Bretagne,5572,3288,2227,3345,57,3,1244.0,Gauche,2007,présidentielle
35,66,Chartres-de-Bretagne,5572,3288,2227,3345,57,4,36.0,Gauche,2007,présidentielle
35,66,Chartres-de-Bretagne,5572,3288,2227,3345,57,5,176.0,Écologie,2007,présidentielle
35,66,Chartres-de-Bretagne,5572,3288,2227,3345,57,6,28.0,Régionalisme,2007,présidentielle
35,66,Chartres-de-Bretagne,5572,3288,2227,3345,57,7,15.0,Droite,2007,présidentielle
35,66,Chartres-de-Bretagne,5572,3288,2227,3345,57,8,25.0,Divers,2007,présidentielle
35,66,Chartres-de-Bretagne,5572,3288,2227,3345,57,9,380.0,Centre,2007,présidentielle
35,66,Chartres-de-Bretagne,5572,3288,2227,3345,57,10,1158.0,Droite,2007,présidentielle
35,66,Chartres-de-Bretagne,5572,3288,2227,3345,57,11,33.0,Droite,2007,présidentielle
35,66,Chartres-de-Bretagne,5572,3288,2227,3345,57,12,47.0,Extrême Droite,2007,présidentielle
35,67,Chasné-sur-Illet,879,571,299,580,9,0,10.0,Extrême Gauche,2007,présidentielle
35,67,Chasné-sur-Illet,879,571,299,580,9,1,34.0,Extrême Gauche,2007,présidentielle
35,67,Chasné-sur-Illet,879,571,299,580,9,2,20.0,Gauche,2007,présidentielle
35,67,Chasné-sur-Illet,879,571,299,580,9,3,62.0,Gauche,2007,présidentielle
35,67,Chasné-sur-Illet,879,571,299,580,9,4,168.0,Écologie,2007,présidentielle
35,67,Chasné-sur-Illet,879,571,299,580,9,5,15.0,Écologie,2007,présidentielle
35,67,Chasné-sur-Illet,879,571,299,580,9,6,5.0,Divers,2007,présidentielle
35,67,Chasné-sur-Illet,879,571,299,580,9,7,67.0,Centre,2007,présidentielle
35,67,Chasné-sur-Illet,879,571,299,580,9,8,178.0,Droite,2007,présidentielle
35,67,Chasné-sur-Illet,879,571,299,580,9,9,4.0,Droite,2007,présidentielle
35,67,Chasné-sur-Illet,879,571,299,580,9,10,3.0,Droite,2007,présidentielle
35,67,Chasné-sur-Illet,879,571,299,580,9,11,5.0,Extrême Droite,2007,présidentielle
35,68,Châteaubourg,3865,2429,1384,2481,52,0,28.0,Extrême Gauche,2007,présidentielle
35,68,Châteaubourg,3865,2429,1384,2481,52,1,21.0,Extrême Gauche,2007,présidentielle
35,68,Châteaubourg,3865,2429,1384,2481,52,2,19.0,Gauche,2007,présidentielle
35,68,Châteaubourg,3865,2429,1384,2481,52,3,612.0,Gauche,2007,présidentielle
35,68,Châteaubourg,3865,2429,1384,2481,52,4,74.0,Régionalisme,2007,présidentielle
35,68,Châteaubourg,3865,2429,1384,2481,52,5,22.0,Régionalisme,2007,présidentielle
35,68,Châteaubourg,3865,2429,1384,2481,52,6,37.0,Divers,2007,présidentielle
35,68,Châteaubourg,3865,2429,1384,2481,52,7,420.0,Centre,2007,présidentielle
35,68,Châteaubourg,3865,2429,1384,2481,52,8,1155.0,Droite,2007,présidentielle
35,68,Châteaubourg,3865,2429,1384,2481,52,9,18.0,Droite,2007,présidentielle
35,68,Châteaubourg,3865,2429,1384,2481,52,10,23.0,Extrême Droite,2007,présidentielle
35,69,Châteaugiron,4683,2997,1642,3041,44,0,33.0,Extrême Gauche,2007,présidentielle
35,69,Châteaugiron,4683,2997,1642,3041,44,1,31.0,Extrême Gauche,2007,présidentielle
35,69,Châteaugiron,4683,2997,1642,3041,44,2,46.0,Gauche,2007,présidentielle
35,69,Châteaugiron,4683,2997,1642,3041,44,3,774.0,Gauche,2007,présidentielle
35,69,Châteaugiron,4683,2997,1642,3041,44,4,113.0,Régionalisme,2007,présidentielle
35,69,Châteaugiron,4683,2997,1642,3041,44,5,20.0,Régionalisme,2007,présidentielle
35,69,Châteaugiron,4683,2997,1642,3041,44,6,25.0,Divers,2007,présidentielle
35,69,Châteaugiron,4683,2997,1642,3041,44,7,375.0,Centre,2007,présidentielle
35,69,Châteaugiron,4683,2997,1642,3041,44,8,1538.0,Droite,2007,présidentielle
35,69,Châteaugiron,4683,2997,1642,3041,44,9,17.0,Droite,2007,présidentielle
35,69,Châteaugiron,4683,2997,1642,3041,44,10,25.0,Extrême Droite,2007,présidentielle
35,70,Châteauneuf-d'Ille-et-Vilaine,623,390,230,393,3,0,1.0,Extrême Gauche,2007,présidentielle
35,70,Châteauneuf-d'Ille-et-Vilaine,623,390,230,393,3,1,3.0,Extrême Gauche,2007,présidentielle
35,70,Châteauneuf-d'Ille-et-Vilaine,623,390,230,393,3,2,16.0,Extrême Gauche,2007,présidentielle
35,70,Châteauneuf-d'Ille-et-Vilaine,623,390,230,393,3,3,3.0,Gauche,2007,présidentielle
35,70,Châteauneuf-d'Ille-et-Vilaine,623,390,230,393,3,4,75.0,Gauche,2007,présidentielle
35,70,Châteauneuf-d'Ille-et-Vilaine,623,390,230,393,3,5,9.0,Régionalisme,2007,présidentielle
35,70,Châteauneuf-d'Ille-et-Vilaine,623,390,230,393,3,6,4.0,Droite,2007,présidentielle
35,70,Châteauneuf-d'Ille-et-Vilaine,623,390,230,393,3,7,1.0,Divers,2007,présidentielle
35,70,Châteauneuf-d'Ille-et-Vilaine,623,390,230,393,3,8,114.0,Centre,2007,présidentielle
35,70,Châteauneuf-d'Ille-et-Vilaine,623,390,230,393,3,9,141.0,Droite,2007,présidentielle
35,70,Châteauneuf-d'Ille-et-Vilaine,623,390,230,393,3,10,5.0,Droite,2007,présidentielle
35,70,Châteauneuf-d'Ille-et-Vilaine,623,390,230,393,3,11,16.0,Extrême Droite,2007,présidentielle
35,70,Châteauneuf-d'Ille-et-Vilaine,623,390,230,393,3,12,2.0,Extrême Droite,2007,présidentielle
35,71,Le Châtellier,314,223,87,227,4,0,1.0,Extrême Gauche,2007,présidentielle
35,71,Le Châtellier,314,223,87,227,4,1,5.0,Extrême Gauche,2007,présidentielle
35,71,Le Châtellier,314,223,87,227,4,2,3.0,Gauche,2007,présidentielle
35,71,Le Châtellier,314,223,87,227,4,3,10.0,Gauche,2007,présidentielle
35,71,Le Châtellier,314,223,87,227,4,4,42.0,Écologie,2007,présidentielle
35,71,Le Châtellier,314,223,87,227,4,5,2.0,Écologie,2007,présidentielle
35,71,Le Châtellier,314,223,87,227,4,6,1.0,Divers,2007,présidentielle
35,71,Le Châtellier,314,223,87,227,4,7,73.0,Centre,2007,présidentielle
35,71,Le Châtellier,314,223,87,227,4,8,77.0,Droite,2007,présidentielle
35,71,Le Châtellier,314,223,87,227,4,9,6.0,Droite,2007,présidentielle
35,71,Le Châtellier,314,223,87,227,4,10,1.0,Droite,2007,présidentielle
35,71,Le Châtellier,314,223,87,227,4,11,2.0,Extrême Droite,2007,présidentielle
35,72,Châtillon-en-Vendelais,1241,733,488,753,20,0,9.0,Extrême Gauche,2007,présidentielle
35,72,Châtillon-en-Vendelais,1241,733,488,753,20,1,3.0,Extrême Gauche,2007,présidentielle
35,72,Châtillon-en-Vendelais,1241,733,488,753,20,2,16.0,Gauche,2007,présidentielle
35,72,Châtillon-en-Vendelais,1241,733,488,753,20,3,112.0,Gauche,2007,présidentielle
35,72,Châtillon-en-Vendelais,1241,733,488,753,20,4,12.0,Régionalisme,2007,présidentielle
35,72,Châtillon-en-Vendelais,1241,733,488,753,20,5,8.0,Régionalisme,2007,présidentielle
35,72,Châtillon-en-Vendelais,1241,733,488,753,20,6,8.0,Divers,2007,présidentielle
35,72,Châtillon-en-Vendelais,1241,733,488,753,20,7,78.0,Centre,2007,présidentielle
35,72,Châtillon-en-Vendelais,1241,733,488,753,20,8,465.0,Droite,2007,présidentielle
35,72,Châtillon-en-Vendelais,1241,733,488,753,20,9,5.0,Droite,2007,présidentielle
35,72,Châtillon-en-Vendelais,1241,733,488,753,20,10,17.0,Extrême Droite,2007,présidentielle
35,75,Chauvigné,500,334,153,347,13,0,3.0,Extrême Gauche,2007,présidentielle
35,75,Chauvigné,500,334,153,347,13,1,17.0,Extrême Gauche,2007,présidentielle
35,75,Chauvigné,500,334,153,347,13,2,4.0,Gauche,2007,présidentielle
35,75,Chauvigné,500,334,153,347,13,3,69.0,Gauche,2007,présidentielle
35,75,Chauvigné,500,334,153,347,13,4,39.0,Écologie,2007,présidentielle
35,75,Chauvigné,500,334,153,347,13,5,8.0,Écologie,2007,présidentielle
35,75,Chauvigné,500,334,153,347,13,6,3.0,Divers,2007,présidentielle
35,75,Chauvigné,500,334,153,347,13,7,51.0,Centre,2007,présidentielle
35,75,Chauvigné,500,334,153,347,13,8,131.0,Droite,2007,présidentielle
35,75,Chauvigné,500,334,153,347,13,9,3.0,Droite,2007,présidentielle
35,75,Chauvigné,500,334,153,347,13,10,0.0,Droite,2007,présidentielle
35,75,Chauvigné,500,334,153,347,13,11,6.0,Extrême Droite,2007,présidentielle
35,76,Chavagne,2917,1898,991,1926,28,0,11.0,Extrême Gauche,2007,présidentielle
35,76,Chavagne,2917,1898,991,1926,28,1,5.0,Extrême Gauche,2007,présidentielle
35,76,Chavagne,2917,1898,991,1926,28,2,55.0,Extrême Gauche,2007,présidentielle
35,76,Chavagne,2917,1898,991,1926,28,3,30.0,Gauche,2007,présidentielle
35,76,Chavagne,2917,1898,991,1926,28,4,262.0,Gauche,2007,présidentielle
35,76,Chavagne,2917,1898,991,1926,28,5,477.0,Gauche,2007,présidentielle
35,76,Chavagne,2917,1898,991,1926,28,6,63.0,Écologie,2007,présidentielle
35,76,Chavagne,2917,1898,991,1926,28,7,17.0,Écologie,2007,présidentielle
35,76,Chavagne,2917,1898,991,1926,28,8,5.0,Divers,2007,présidentielle
35,76,Chavagne,2917,1898,991,1926,28,9,198.0,Centre,2007,présidentielle
35,76,Chavagne,2917,1898,991,1926,28,10,714.0,Droite,2007,présidentielle
35,76,Chavagne,2917,1898,991,1926,28,11,22.0,Droite,2007,présidentielle
35,76,Chavagne,2917,1898,991,1926,28,12,39.0,Extrême Droite,2007,présidentielle
35,77,Chelun,208,128,80,128,0,0,1.0,Extrême Gauche,2007,présidentielle
35,77,Chelun,208,128,80,128,0,1,1.0,Extrême Gauche,2007,présidentielle
35,77,Chelun,208,128,80,128,0,2,0.0,Gauche,2007,présidentielle
35,77,Chelun,208,128,80,128,0,3,12.0,Gauche,2007,présidentielle
35,77,Chelun,208,128,80,128,0,4,4.0,Régionalisme,2007,présidentielle
35,77,Chelun,208,128,80,128,0,5,0.0,Régionalisme,2007,présidentielle
35,77,Chelun,208,128,80,128,0,6,0.0,Divers,2007,présidentielle
35,77,Chelun,208,128,80,128,0,7,17.0,Centre,2007,présidentielle
35,77,Chelun,208,128,80,128,0,8,89.0,Droite,2007,présidentielle
35,77,Chelun,208,128,80,128,0,9,1.0,Droite,2007,présidentielle
35,77,Chelun,208,128,80,128,0,10,3.0,Extrême Droite,2007,présidentielle
35,78,Cherrueix,902,631,265,637,6,0,1.0,Extrême Gauche,2007,présidentielle
35,78,Cherrueix,902,631,265,637,6,1,2.0,Extrême Gauche,2007,présidentielle
35,78,Cherrueix,902,631,265,637,6,2,8.0,Extrême Gauche,2007,présidentielle
35,78,Cherrueix,902,631,265,637,6,3,5.0,Gauche,2007,présidentielle
35,78,Cherrueix,902,631,265,637,6,4,165.0,Gauche,2007,présidentielle
35,78,Cherrueix,902,631,265,637,6,5,11.0,Régionalisme,2007,présidentielle
35,78,Cherrueix,902,631,265,637,6,6,13.0,Droite,2007,présidentielle
35,78,Cherrueix,902,631,265,637,6,7,2.0,Divers,2007,présidentielle
35,78,Cherrueix,902,631,265,637,6,8,36.0,Centre,2007,présidentielle
35,78,Cherrueix,902,631,265,637,6,9,367.0,Droite,2007,présidentielle
35,78,Cherrueix,902,631,265,637,6,10,4.0,Droite,2007,présidentielle
35,78,Cherrueix,902,631,265,637,6,11,15.0,Extrême Droite,2007,présidentielle
35,78,Cherrueix,902,631,265,637,6,12,2.0,Extrême Droite,2007,présidentielle
35,79,Chevaigné,1389,971,408,981,10,0,15.0,Extrême Gauche,2007,présidentielle
35,79,Chevaigné,1389,971,408,981,10,1,2.0,Extrême Gauche,2007,présidentielle
35,79,Chevaigné,1389,971,408,981,10,2,46.0,Extrême Gauche,2007,présidentielle
35,79,Chevaigné,1389,971,408,981,10,3,23.0,Gauche,2007,présidentielle
35,79,Chevaigné,1389,971,408,981,10,4,370.0,Gauche,2007,présidentielle
35,79,Chevaigné,1389,971,408,981,10,5,36.0,Écologie,2007,présidentielle
35,79,Chevaigné,1389,971,408,981,10,6,6.0,Divers,2007,présidentielle
35,79,Chevaigné,1389,971,408,981,10,7,0.0,Divers,2007,présidentielle
35,79,Chevaigné,1389,971,408,981,10,8,114.0,Centre,2007,présidentielle
35,79,Chevaigné,1389,971,408,981,10,9,338.0,Droite,2007,présidentielle
35,79,Chevaigné,1389,971,408,981,10,10,8.0,Droite,2007,présidentielle
35,79,Chevaigné,1389,971,408,981,10,11,4.0,Droite,2007,présidentielle
35,79,Chevaigné,1389,971,408,981,10,12,9.0,Extrême Droite,2007,présidentielle
35,80,Cintré,1348,917,414,934,17,0,8.0,Extrême Gauche,2007,présidentielle
35,80,Cintré,1348,917,414,934,17,1,2.0,Extrême Gauche,2007,présidentielle
35,80,Cintré,1348,917,414,934,17,2,22.0,Extrême Gauche,2007,présidentielle
35,80,Cintré,1348,917,414,934,17,3,12.0,Gauche,2007,présidentielle
35,80,Cintré,1348,917,414,934,17,4,123.0,Gauche,2007,présidentielle
35,80,Cintré,1348,917,414,934,17,5,228.0,Gauche,2007,présidentielle
35,80,Cintré,1348,917,414,934,17,6,61.0,Écologie,2007,présidentielle
35,80,Cintré,1348,917,414,934,17,7,10.0,Écologie,2007,présidentielle
35,80,Cintré,1348,917,414,934,17,8,7.0,Divers,2007,présidentielle
35,80,Cintré,1348,917,414,934,17,9,129.0,Centre,2007,présidentielle
35,80,Cintré,1348,917,414,934,17,10,299.0,Droite,2007,présidentielle
35,80,Cintré,1348,917,414,934,17,11,9.0,Droite,2007,présidentielle
35,80,Cintré,1348,917,414,934,17,12,7.0,Extrême Droite,2007,présidentielle
35,81,Clayes,469,321,143,326,5,0,6.0,Extrême Gauche,2007,présidentielle
35,81,Clayes,469,321,143,326,5,1,0.0,Extrême Gauche,2007,présidentielle
35,81,Clayes,469,321,143,326,5,2,5.0,Extrême Gauche,2007,présidentielle
35,81,Clayes,469,321,143,326,5,3,6.0,Gauche,2007,présidentielle
35,81,Clayes,469,321,143,326,5,4,35.0,Gauche,2007,présidentielle
35,81,Clayes,469,321,143,326,5,5,93.0,Gauche,2007,présidentielle
35,81,Clayes,469,321,143,326,5,6,19.0,Écologie,2007,présidentielle
35,81,Clayes,469,321,143,326,5,7,2.0,Écologie,2007,présidentielle
35,81,Clayes,469,321,143,326,5,8,5.0,Divers,2007,présidentielle
35,81,Clayes,469,321,143,326,5,9,27.0,Centre,2007,présidentielle
35,81,Clayes,469,321,143,326,5,10,112.0,Droite,2007,présidentielle
35,81,Clayes,469,321,143,326,5,11,2.0,Droite,2007,présidentielle
35,81,Clayes,469,321,143,326,5,12,9.0,Extrême Droite,2007,présidentielle
35,82,Coësmes,930,537,388,542,5,0,6.0,Extrême Gauche,2007,présidentielle
35,82,Coësmes,930,537,388,542,5,1,3.0,Extrême Gauche,2007,présidentielle
35,82,Coësmes,930,537,388,542,5,2,10.0,Gauche,2007,présidentielle
35,82,Coësmes,930,537,388,542,5,3,118.0,Gauche,2007,présidentielle
35,82,Coësmes,930,537,388,542,5,4,11.0,Régionalisme,2007,présidentielle
35,82,Coësmes,930,537,388,542,5,5,4.0,Régionalisme,2007,présidentielle
35,82,Coësmes,930,537,388,542,5,6,6.0,Divers,2007,présidentielle
35,82,Coësmes,930,537,388,542,5,7,53.0,Centre,2007,présidentielle
35,82,Coësmes,930,537,388,542,5,8,303.0,Droite,2007,présidentielle
35,82,Coësmes,930,537,388,542,5,9,9.0,Droite,2007,présidentielle
35,82,Coësmes,930,537,388,542,5,10,14.0,Extrême Droite,2007,présidentielle
35,83,Coglès,517,335,173,344,9,0,6.0,Extrême Gauche,2007,présidentielle
35,83,Coglès,517,335,173,344,9,1,10.0,Extrême Gauche,2007,présidentielle
35,83,Coglès,517,335,173,344,9,2,2.0,Gauche,2007,présidentielle
35,83,Coglès,517,335,173,344,9,3,42.0,Gauche,2007,présidentielle
35,83,Coglès,517,335,173,344,9,4,54.0,Écologie,2007,présidentielle
35,83,Coglès,517,335,173,344,9,5,5.0,Écologie,2007,présidentielle
35,83,Coglès,517,335,173,344,9,6,4.0,Divers,2007,présidentielle
35,83,Coglès,517,335,173,344,9,7,52.0,Centre,2007,présidentielle
35,83,Coglès,517,335,173,344,9,8,139.0,Droite,2007,présidentielle
35,83,Coglès,517,335,173,344,9,9,5.0,Droite,2007,présidentielle
35,83,Coglès,517,335,173,344,9,10,4.0,Droite,2007,présidentielle
35,83,Coglès,517,335,173,344,9,11,12.0,Extrême Droite,2007,présidentielle
35,84,Comblessac,478,318,155,323,5,0,1.0,Extrême Gauche,2007,présidentielle
35,84,Comblessac,478,318,155,323,5,1,16.0,Extrême Gauche,2007,présidentielle
35,84,Comblessac,478,318,155,323,5,2,2.0,Gauche,2007,présidentielle
35,84,Comblessac,478,318,155,323,5,3,63.0,Gauche,2007,présidentielle
35,84,Comblessac,478,318,155,323,5,4,3.0,Gauche,2007,présidentielle
35,84,Comblessac,478,318,155,323,5,5,6.0,Écologie,2007,présidentielle
35,84,Comblessac,478,318,155,323,5,6,4.0,Régionalisme,2007,présidentielle
35,84,Comblessac,478,318,155,323,5,7,4.0,Droite,2007,présidentielle
35,84,Comblessac,478,318,155,323,5,8,1.0,Divers,2007,présidentielle
35,84,Comblessac,478,318,155,323,5,9,22.0,Centre,2007,présidentielle
35,84,Comblessac,478,318,155,323,5,10,170.0,Droite,2007,présidentielle
35,84,Comblessac,478,318,155,323,5,11,5.0,Droite,2007,présidentielle
35,84,Comblessac,478,318,155,323,5,12,21.0,Extrême Droite,2007,présidentielle
35,85,Combourg,4103,2567,1503,2600,33,0,14.0,Extrême Gauche,2007,présidentielle
35,85,Combourg,4103,2567,1503,2600,33,1,7.0,Extrême Gauche,2007,présidentielle
35,85,Combourg,4103,2567,1503,2600,33,2,45.0,Extrême Gauche,2007,présidentielle
35,85,Combourg,4103,2567,1503,2600,33,3,28.0,Gauche,2007,présidentielle
35,85,Combourg,4103,2567,1503,2600,33,4,871.0,Gauche,2007,présidentielle
35,85,Combourg,4103,2567,1503,2600,33,5,78.0,Écologie,2007,présidentielle
35,85,Combourg,4103,2567,1503,2600,33,6,26.0,Divers,2007,présidentielle
35,85,Combourg,4103,2567,1503,2600,33,7,7.0,Divers,2007,présidentielle
35,85,Combourg,4103,2567,1503,2600,33,8,197.0,Centre,2007,présidentielle
35,85,Combourg,4103,2567,1503,2600,33,9,1208.0,Droite,2007,présidentielle
35,85,Combourg,4103,2567,1503,2600,33,10,26.0,Droite,2007,présidentielle
35,85,Combourg,4103,2567,1503,2600,33,11,5.0,Droite,2007,présidentielle
35,85,Combourg,4103,2567,1503,2600,33,12,55.0,Extrême Droite,2007,présidentielle
35,86,Combourtillé,403,258,131,272,14,0,3.0,Extrême Gauche,2007,présidentielle
35,86,Combourtillé,403,258,131,272,14,1,7.0,Extrême Gauche,2007,présidentielle
35,86,Combourtillé,403,258,131,272,14,2,9.0,Gauche,2007,présidentielle
35,86,Combourtillé,403,258,131,272,14,3,15.0,Gauche,2007,présidentielle
35,86,Combourtillé,403,258,131,272,14,4,21.0,Écologie,2007,présidentielle
35,86,Combourtillé,403,258,131,272,14,5,5.0,Écologie,2007,présidentielle
35,86,Combourtillé,403,258,131,272,14,6,1.0,Divers,2007,présidentielle
35,86,Combourtillé,403,258,131,272,14,7,88.0,Centre,2007,présidentielle
35,86,Combourtillé,403,258,131,272,14,8,99.0,Droite,2007,présidentielle
35,86,Combourtillé,403,258,131,272,14,9,1.0,Droite,2007,présidentielle
35,86,Combourtillé,403,258,131,272,14,10,1.0,Droite,2007,présidentielle
35,86,Combourtillé,403,258,131,272,14,11,8.0,Extrême Droite,2007,présidentielle
35,87,Cornillé,547,312,220,327,15,0,5.0,Extrême Gauche,2007,présidentielle
35,87,Cornillé,547,312,220,327,15,1,2.0,Extrême Gauche,2007,présidentielle
35,87,Cornillé,547,312,220,327,15,2,0.0,Gauche,2007,présidentielle
35,87,Cornillé,547,312,220,327,15,3,36.0,Gauche,2007,présidentielle
35,87,Cornillé,547,312,220,327,15,4,11.0,Régionalisme,2007,présidentielle
35,87,Cornillé,547,312,220,327,15,5,3.0,Régionalisme,2007,présidentielle
35,87,Cornillé,547,312,220,327,15,6,5.0,Divers,2007,présidentielle
35,87,Cornillé,547,312,220,327,15,7,35.0,Centre,2007,présidentielle
35,87,Cornillé,547,312,220,327,15,8,206.0,Droite,2007,présidentielle
35,87,Cornillé,547,312,220,327,15,9,1.0,Droite,2007,présidentielle
35,87,Cornillé,547,312,220,327,15,10,8.0,Extrême Droite,2007,présidentielle
35,88,Corps-Nuds,2025,1281,725,1300,19,0,20.0,Extrême Gauche,2007,présidentielle
35,88,Corps-Nuds,2025,1281,725,1300,19,1,16.0,Extrême Gauche,2007,présidentielle
35,88,Corps-Nuds,2025,1281,725,1300,19,2,29.0,Gauche,2007,présidentielle
35,88,Corps-Nuds,2025,1281,725,1300,19,3,402.0,Gauche,2007,présidentielle
35,88,Corps-Nuds,2025,1281,725,1300,19,4,66.0,Régionalisme,2007,présidentielle
35,88,Corps-Nuds,2025,1281,725,1300,19,5,18.0,Régionalisme,2007,présidentielle
35,88,Corps-Nuds,2025,1281,725,1300,19,6,14.0,Divers,2007,présidentielle
35,88,Corps-Nuds,2025,1281,725,1300,19,7,171.0,Centre,2007,présidentielle
35,88,Corps-Nuds,2025,1281,725,1300,19,8,505.0,Droite,2007,présidentielle
35,88,Corps-Nuds,2025,1281,725,1300,19,9,18.0,Droite,2007,présidentielle
35,88,Corps-Nuds,2025,1281,725,1300,19,10,22.0,Extrême Droite,2007,présidentielle
35,89,La Couyère,332,195,132,200,5,0,3.0,Extrême Gauche,2007,présidentielle
35,89,La Couyère,332,195,132,200,5,1,10.0,Extrême Gauche,2007,présidentielle
35,89,La Couyère,332,195,132,200,5,2,2.0,Gauche,2007,présidentielle
35,89,La Couyère,332,195,132,200,5,3,46.0,Gauche,2007,présidentielle
35,89,La Couyère,332,195,132,200,5,4,5.0,Gauche,2007,présidentielle
35,89,La Couyère,332,195,132,200,5,5,15.0,Écologie,2007,présidentielle
35,89,La Couyère,332,195,132,200,5,6,2.0,Régionalisme,2007,présidentielle
35,89,La Couyère,332,195,132,200,5,7,6.0,Droite,2007,présidentielle
35,89,La Couyère,332,195,132,200,5,8,3.0,Divers,2007,présidentielle
35,89,La Couyère,332,195,132,200,5,9,21.0,Centre,2007,présidentielle
35,89,La Couyère,332,195,132,200,5,10,69.0,Droite,2007,présidentielle
35,89,La Couyère,332,195,132,200,5,11,5.0,Droite,2007,présidentielle
35,89,La Couyère,332,195,132,200,5,12,8.0,Extrême Droite,2007,présidentielle
35,90,Crévin,1625,972,631,994,22,0,16.0,Extrême Gauche,2007,présidentielle
35,90,Crévin,1625,972,631,994,22,1,38.0,Extrême Gauche,2007,présidentielle
35,90,Crévin,1625,972,631,994,22,2,10.0,Gauche,2007,présidentielle
35,90,Crévin,1625,972,631,994,22,3,300.0,Gauche,2007,présidentielle
35,90,Crévin,1625,972,631,994,22,4,19.0,Gauche,2007,présidentielle
35,90,Crévin,1625,972,631,994,22,5,38.0,Écologie,2007,présidentielle
35,90,Crévin,1625,972,631,994,22,6,14.0,Régionalisme,2007,présidentielle
35,90,Crévin,1625,972,631,994,22,7,6.0,Droite,2007,présidentielle
35,90,Crévin,1625,972,631,994,22,8,8.0,Divers,2007,présidentielle
35,90,Crévin,1625,972,631,994,22,9,130.0,Centre,2007,présidentielle
35,90,Crévin,1625,972,631,994,22,10,341.0,Droite,2007,présidentielle
35,90,Crévin,1625,972,631,994,22,11,19.0,Droite,2007,présidentielle
35,90,Crévin,1625,972,631,994,22,12,33.0,Extrême Droite,2007,présidentielle
35,91,Le Crouais,337,234,100,237,3,0,2.0,Extrême Gauche,2007,présidentielle
35,91,Le Crouais,337,234,100,237,3,1,1.0,Extrême Gauche,2007,présidentielle
35,91,Le Crouais,337,234,100,237,3,2,3.0,Extrême Gauche,2007,présidentielle
35,91,Le Crouais,337,234,100,237,3,3,2.0,Gauche,2007,présidentielle
35,91,Le Crouais,337,234,100,237,3,4,10.0,Gauche,2007,présidentielle
35,91,Le Crouais,337,234,100,237,3,5,78.0,Gauche,2007,présidentielle
35,91,Le Crouais,337,234,100,237,3,6,5.0,Écologie,2007,présidentielle
35,91,Le Crouais,337,234,100,237,3,7,4.0,Écologie,2007,présidentielle
35,91,Le Crouais,337,234,100,237,3,8,5.0,Divers,2007,présidentielle
35,91,Le Crouais,337,234,100,237,3,9,20.0,Centre,2007,présidentielle
35,91,Le Crouais,337,234,100,237,3,10,91.0,Droite,2007,présidentielle
35,91,Le Crouais,337,234,100,237,3,11,4.0,Droite,2007,présidentielle
35,91,Le Crouais,337,234,100,237,3,12,9.0,Extrême Droite,2007,présidentielle
35,92,Cuguen,569,373,188,381,8,0,8.0,Extrême Gauche,2007,présidentielle
35,92,Cuguen,569,373,188,381,8,1,1.0,Extrême Gauche,2007,présidentielle
35,92,Cuguen,569,373,188,381,8,2,11.0,Extrême Gauche,2007,présidentielle
35,92,Cuguen,569,373,188,381,8,3,4.0,Gauche,2007,présidentielle
35,92,Cuguen,569,373,188,381,8,4,158.0,Gauche,2007,présidentielle
35,92,Cuguen,569,373,188,381,8,5,10.0,Écologie,2007,présidentielle
35,92,Cuguen,569,373,188,381,8,6,2.0,Divers,2007,présidentielle
35,92,Cuguen,569,373,188,381,8,7,1.0,Divers,2007,présidentielle
35,92,Cuguen,569,373,188,381,8,8,15.0,Centre,2007,présidentielle
35,92,Cuguen,569,373,188,381,8,9,140.0,Droite,2007,présidentielle
35,92,Cuguen,569,373,188,381,8,10,8.0,Droite,2007,présidentielle
35,92,Cuguen,569,373,188,381,8,11,2.0,Droite,2007,présidentielle
35,92,Cuguen,569,373,188,381,8,12,13.0,Extrême Droite,2007,présidentielle
35,93,Dinard,8696,5445,3188,5508,63,0,12.0,Extrême Gauche,2007,présidentielle
35,93,Dinard,8696,5445,3188,5508,63,1,40.0,Extrême Gauche,2007,présidentielle
35,93,Dinard,8696,5445,3188,5508,63,2,106.0,Extrême Gauche,2007,présidentielle
35,93,Dinard,8696,5445,3188,5508,63,3,82.0,Gauche,2007,présidentielle
35,93,Dinard,8696,5445,3188,5508,63,4,1216.0,Gauche,2007,présidentielle
35,93,Dinard,8696,5445,3188,5508,63,5,133.0,Régionalisme,2007,présidentielle
35,93,Dinard,8696,5445,3188,5508,63,6,24.0,Droite,2007,présidentielle
35,93,Dinard,8696,5445,3188,5508,63,7,18.0,Divers,2007,présidentielle
35,93,Dinard,8696,5445,3188,5508,63,8,594.0,Centre,2007,présidentielle
35,93,Dinard,8696,5445,3188,5508,63,9,2944.0,Droite,2007,présidentielle
35,93,Dinard,8696,5445,3188,5508,63,10,102.0,Droite,2007,présidentielle
35,93,Dinard,8696,5445,3188,5508,63,11,162.0,Extrême Droite,2007,présidentielle
35,93,Dinard,8696,5445,3188,5508,63,12,12.0,Extrême Droite,2007,présidentielle
35,94,Dingé,1105,771,321,784,13,0,5.0,Extrême Gauche,2007,présidentielle
35,94,Dingé,1105,771,321,784,13,1,4.0,Extrême Gauche,2007,présidentielle
35,94,Dingé,1105,771,321,784,13,2,22.0,Extrême Gauche,2007,présidentielle
35,94,Dingé,1105,771,321,784,13,3,5.0,Gauche,2007,présidentielle
35,94,Dingé,1105,771,321,784,13,4,355.0,Gauche,2007,présidentielle
35,94,Dingé,1105,771,321,784,13,5,27.0,Écologie,2007,présidentielle
35,94,Dingé,1105,771,321,784,13,6,13.0,Divers,2007,présidentielle
35,94,Dingé,1105,771,321,784,13,7,2.0,Divers,2007,présidentielle
35,94,Dingé,1105,771,321,784,13,8,51.0,Centre,2007,présidentielle
35,94,Dingé,1105,771,321,784,13,9,259.0,Droite,2007,présidentielle
35,94,Dingé,1105,771,321,784,13,10,5.0,Droite,2007,présidentielle
35,94,Dingé,1105,771,321,784,13,11,4.0,Droite,2007,présidentielle
35,94,Dingé,1105,771,321,784,13,12,19.0,Extrême Droite,2007,présidentielle
35,95,Dol-de-Bretagne,3568,2143,1395,2173,30,0,7.0,Extrême Gauche,2007,présidentielle
35,95,Dol-de-Bretagne,3568,2143,1395,2173,30,1,19.0,Extrême Gauche,2007,présidentielle
35,95,Dol-de-Bretagne,3568,2143,1395,2173,30,2,58.0,Extrême Gauche,2007,présidentielle
35,95,Dol-de-Bretagne,3568,2143,1395,2173,30,3,40.0,Gauche,2007,présidentielle
35,95,Dol-de-Bretagne,3568,2143,1395,2173,30,4,639.0,Gauche,2007,présidentielle
35,95,Dol-de-Bretagne,3568,2143,1395,2173,30,5,50.0,Régionalisme,2007,présidentielle
35,95,Dol-de-Bretagne,3568,2143,1395,2173,30,6,24.0,Droite,2007,présidentielle
35,95,Dol-de-Bretagne,3568,2143,1395,2173,30,7,9.0,Divers,2007,présidentielle
35,95,Dol-de-Bretagne,3568,2143,1395,2173,30,8,227.0,Centre,2007,présidentielle
35,95,Dol-de-Bretagne,3568,2143,1395,2173,30,9,988.0,Droite,2007,présidentielle
35,95,Dol-de-Bretagne,3568,2143,1395,2173,30,10,29.0,Droite,2007,présidentielle
35,95,Dol-de-Bretagne,3568,2143,1395,2173,30,11,46.0,Extrême Droite,2007,présidentielle
35,95,Dol-de-Bretagne,3568,2143,1395,2173,30,12,7.0,Extrême Droite,2007,présidentielle
35,96,Domagné,1429,882,535,894,12,0,8.0,Extrême Gauche,2007,présidentielle
35,96,Domagné,1429,882,535,894,12,1,5.0,Extrême Gauche,2007,présidentielle
35,96,Domagné,1429,882,535,894,12,2,8.0,Gauche,2007,présidentielle
35,96,Domagné,1429,882,535,894,12,3,156.0,Gauche,2007,présidentielle
35,96,Domagné,1429,882,535,894,12,4,45.0,Régionalisme,2007,présidentielle
35,96,Domagné,1429,882,535,894,12,5,7.0,Régionalisme,2007,présidentielle
35,96,Domagné,1429,882,535,894,12,6,9.0,Divers,2007,présidentielle
35,96,Domagné,1429,882,535,894,12,7,124.0,Centre,2007,présidentielle
35,96,Domagné,1429,882,535,894,12,8,492.0,Droite,2007,présidentielle
35,96,Domagné,1429,882,535,894,12,9,12.0,Droite,2007,présidentielle
35,96,Domagné,1429,882,535,894,12,10,16.0,Extrême Droite,2007,présidentielle
35,97,Domalain,1240,752,479,761,9,0,15.0,Extrême Gauche,2007,présidentielle
35,97,Domalain,1240,752,479,761,9,1,4.0,Extrême Gauche,2007,présidentielle
35,97,Domalain,1240,752,479,761,9,2,3.0,Gauche,2007,présidentielle
35,97,Domalain,1240,752,479,761,9,3,91.0,Gauche,2007,présidentielle
35,97,Domalain,1240,752,479,761,9,4,24.0,Régionalisme,2007,présidentielle
35,97,Domalain,1240,752,479,761,9,5,1.0,Régionalisme,2007,présidentielle
35,97,Domalain,1240,752,479,761,9,6,1.0,Divers,2007,présidentielle
35,97,Domalain,1240,752,479,761,9,7,97.0,Centre,2007,présidentielle
35,97,Domalain,1240,752,479,761,9,8,501.0,Droite,2007,présidentielle
35,97,Domalain,1240,752,479,761,9,9,3.0,Droite,2007,présidentielle
35,97,Domalain,1240,752,479,761,9,10,12.0,Extrême Droite,2007,présidentielle
35,98,La Dominelais,831,481,333,498,17,0,5.0,Extrême Gauche,2007,présidentielle
35,98,La Dominelais,831,481,333,498,17,1,13.0,Extrême Gauche,2007,présidentielle
35,98,La Dominelais,831,481,333,498,17,2,1.0,Gauche,2007,présidentielle
35,98,La Dominelais,831,481,333,498,17,3,125.0,Gauche,2007,présidentielle
35,98,La Dominelais,831,481,333,498,17,4,6.0,Gauche,2007,présidentielle
35,98,La Dominelais,831,481,333,498,17,5,6.0,Écologie,2007,présidentielle
35,98,La Dominelais,831,481,333,498,17,6,7.0,Régionalisme,2007,présidentielle
35,98,La Dominelais,831,481,333,498,17,7,19.0,Droite,2007,présidentielle
35,98,La Dominelais,831,481,333,498,17,8,3.0,Divers,2007,présidentielle
35,98,La Dominelais,831,481,333,498,17,9,34.0,Centre,2007,présidentielle
35,98,La Dominelais,831,481,333,498,17,10,228.0,Droite,2007,présidentielle
35,98,La Dominelais,831,481,333,498,17,11,10.0,Droite,2007,présidentielle
35,98,La Dominelais,831,481,333,498,17,12,24.0,Extrême Droite,2007,présidentielle
35,99,Domloup,1876,1218,647,1229,11,0,3.0,Extrême Gauche,2007,présidentielle
35,99,Domloup,1876,1218,647,1229,11,1,15.0,Extrême Gauche,2007,présidentielle
35,99,Domloup,1876,1218,647,1229,11,2,18.0,Gauche,2007,présidentielle
35,99,Domloup,1876,1218,647,1229,11,3,397.0,Gauche,2007,présidentielle
35,99,Domloup,1876,1218,647,1229,11,4,47.0,Régionalisme,2007,présidentielle
35,99,Domloup,1876,1218,647,1229,11,5,9.0,Régionalisme,2007,présidentielle
35,99,Domloup,1876,1218,647,1229,11,6,8.0,Divers,2007,présidentielle
35,99,Domloup,1876,1218,647,1229,11,7,132.0,Centre,2007,présidentielle
35,99,Domloup,1876,1218,647,1229,11,8,558.0,Droite,2007,présidentielle
35,99,Domloup,1876,1218,647,1229,11,9,13.0,Droite,2007,présidentielle
35,99,Domloup,1876,1218,647,1229,11,10,18.0,Extrême Droite,2007,présidentielle
35,100,Dompierre-du-Chemin,386,237,141,245,8,0,4.0,Extrême Gauche,2007,présidentielle
35,100,Dompierre-du-Chemin,386,237,141,245,8,1,7.0,Extrême Gauche,2007,présidentielle
35,100,Dompierre-du-Chemin,386,237,141,245,8,2,19.0,Gauche,2007,présidentielle
35,100,Dompierre-du-Chemin,386,237,141,245,8,3,19.0,Gauche,2007,présidentielle
35,100,Dompierre-du-Chemin,386,237,141,245,8,4,28.0,Écologie,2007,présidentielle
35,100,Dompierre-du-Chemin,386,237,141,245,8,5,7.0,Écologie,2007,présidentielle
35,100,Dompierre-du-Chemin,386,237,141,245,8,6,3.0,Divers,2007,présidentielle
35,100,Dompierre-du-Chemin,386,237,141,245,8,7,67.0,Centre,2007,présidentielle
35,100,Dompierre-du-Chemin,386,237,141,245,8,8,76.0,Droite,2007,présidentielle
35,100,Dompierre-du-Chemin,386,237,141,245,8,9,0.0,Droite,2007,présidentielle
35,100,Dompierre-du-Chemin,386,237,141,245,8,10,2.0,Droite,2007,présidentielle
35,100,Dompierre-du-Chemin,386,237,141,245,8,11,5.0,Extrême Droite,2007,présidentielle
35,101,Dourdain,647,393,227,420,27,0,5.0,Extrême Gauche,2007,présidentielle
35,101,Dourdain,647,393,227,420,27,1,22.0,Extrême Gauche,2007,présidentielle
35,101,Dourdain,647,393,227,420,27,2,14.0,Gauche,2007,présidentielle
35,101,Dourdain,647,393,227,420,27,3,76.0,Gauche,2007,présidentielle
35,101,Dourdain,647,393,227,420,27,4,67.0,Écologie,2007,présidentielle
35,101,Dourdain,647,393,227,420,27,5,10.0,Écologie,2007,présidentielle
35,101,Dourdain,647,393,227,420,27,6,2.0,Divers,2007,présidentielle
35,101,Dourdain,647,393,227,420,27,7,56.0,Centre,2007,présidentielle
35,101,Dourdain,647,393,227,420,27,8,119.0,Droite,2007,présidentielle
35,101,Dourdain,647,393,227,420,27,9,6.0,Droite,2007,présidentielle
35,101,Dourdain,647,393,227,420,27,10,4.0,Droite,2007,présidentielle
35,101,Dourdain,647,393,227,420,27,11,12.0,Extrême Droite,2007,présidentielle
35,102,Drouges,329,189,132,197,8,0,9.0,Extrême Gauche,2007,présidentielle
35,102,Drouges,329,189,132,197,8,1,1.0,Extrême Gauche,2007,présidentielle
35,102,Drouges,329,189,132,197,8,2,1.0,Gauche,2007,présidentielle
35,102,Drouges,329,189,132,197,8,3,24.0,Gauche,2007,présidentielle
35,102,Drouges,329,189,132,197,8,4,5.0,Régionalisme,2007,présidentielle
35,102,Drouges,329,189,132,197,8,5,1.0,Régionalisme,2007,présidentielle
35,102,Drouges,329,189,132,197,8,6,0.0,Divers,2007,présidentielle
35,102,Drouges,329,189,132,197,8,7,8.0,Centre,2007,présidentielle
35,102,Drouges,329,189,132,197,8,8,137.0,Droite,2007,présidentielle
35,102,Drouges,329,189,132,197,8,9,1.0,Droite,2007,présidentielle
35,102,Drouges,329,189,132,197,8,10,2.0,Extrême Droite,2007,présidentielle
35,103,Eancé,266,192,73,193,1,0,0.0,Extrême Gauche,2007,présidentielle
35,103,Eancé,266,192,73,193,1,1,1.0,Extrême Gauche,2007,présidentielle
35,103,Eancé,266,192,73,193,1,2,0.0,Gauche,2007,présidentielle
35,103,Eancé,266,192,73,193,1,3,24.0,Gauche,2007,présidentielle
35,103,Eancé,266,192,73,193,1,4,2.0,Régionalisme,2007,présidentielle
35,103,Eancé,266,192,73,193,1,5,1.0,Régionalisme,2007,présidentielle
35,103,Eancé,266,192,73,193,1,6,0.0,Divers,2007,présidentielle
35,103,Eancé,266,192,73,193,1,7,55.0,Centre,2007,présidentielle
35,103,Eancé,266,192,73,193,1,8,102.0,Droite,2007,présidentielle
35,103,Eancé,266,192,73,193,1,9,0.0,Droite,2007,présidentielle
35,103,Eancé,266,192,73,193,1,10,7.0,Extrême Droite,2007,présidentielle
35,104,Epiniac,945,619,302,643,24,0,2.0,Extrême Gauche,2007,présidentielle
35,104,Epiniac,945,619,302,643,24,1,8.0,Extrême Gauche,2007,présidentielle
35,104,Epiniac,945,619,302,643,24,2,11.0,Extrême Gauche,2007,présidentielle
35,104,Epiniac,945,619,302,643,24,3,11.0,Gauche,2007,présidentielle
35,104,Epiniac,945,619,302,643,24,4,148.0,Gauche,2007,présidentielle
35,104,Epiniac,945,619,302,643,24,5,18.0,Régionalisme,2007,présidentielle
35,104,Epiniac,945,619,302,643,24,6,41.0,Droite,2007,présidentielle
35,104,Epiniac,945,619,302,643,24,7,5.0,Divers,2007,présidentielle
35,104,Epiniac,945,619,302,643,24,8,66.0,Centre,2007,présidentielle
35,104,Epiniac,945,619,302,643,24,9,286.0,Droite,2007,présidentielle
35,104,Epiniac,945,619,302,643,24,10,5.0,Droite,2007,présidentielle
35,104,Epiniac,945,619,302,643,24,11,16.0,Extrême Droite,2007,présidentielle
35,104,Epiniac,945,619,302,643,24,12,2.0,Extrême Droite,2007,présidentielle
35,105,Erbrée,1361,805,543,818,13,0,3.0,Extrême Gauche,2007,présidentielle
35,105,Erbrée,1361,805,543,818,13,1,11.0,Extrême Gauche,2007,présidentielle
35,105,Erbrée,1361,805,543,818,13,2,6.0,Gauche,2007,présidentielle
35,105,Erbrée,1361,805,543,818,13,3,89.0,Gauche,2007,présidentielle
35,105,Erbrée,1361,805,543,818,13,4,23.0,Régionalisme,2007,présidentielle
35,105,Erbrée,1361,805,543,818,13,5,4.0,Régionalisme,2007,présidentielle
35,105,Erbrée,1361,805,543,818,13,6,8.0,Divers,2007,présidentielle
35,105,Erbrée,1361,805,543,818,13,7,97.0,Centre,2007,présidentielle
35,105,Erbrée,1361,805,543,818,13,8,528.0,Droite,2007,présidentielle
35,105,Erbrée,1361,805,543,818,13,9,10.0,Droite,2007,présidentielle
35,105,Erbrée,1361,805,543,818,13,10,26.0,Extrême Droite,2007,présidentielle
35,106,Ercé-en-Lamée,1029,570,440,589,19,0,13.0,Extrême Gauche,2007,présidentielle
35,106,Ercé-en-Lamée,1029,570,440,589,19,1,8.0,Extrême Gauche,2007,présidentielle
35,106,Ercé-en-Lamée,1029,570,440,589,19,2,13.0,Gauche,2007,présidentielle
35,106,Ercé-en-Lamée,1029,570,440,589,19,3,164.0,Gauche,2007,présidentielle
35,106,Ercé-en-Lamée,1029,570,440,589,19,4,5.0,Gauche,2007,présidentielle
35,106,Ercé-en-Lamée,1029,570,440,589,19,5,26.0,Écologie,2007,présidentielle
35,106,Ercé-en-Lamée,1029,570,440,589,19,6,12.0,Régionalisme,2007,présidentielle
35,106,Ercé-en-Lamée,1029,570,440,589,19,7,14.0,Droite,2007,présidentielle
35,106,Ercé-en-Lamée,1029,570,440,589,19,8,8.0,Divers,2007,présidentielle
35,106,Ercé-en-Lamée,1029,570,440,589,19,9,52.0,Centre,2007,présidentielle
35,106,Ercé-en-Lamée,1029,570,440,589,19,10,226.0,Droite,2007,présidentielle
35,106,Ercé-en-Lamée,1029,570,440,589,19,11,15.0,Droite,2007,présidentielle
35,106,Ercé-en-Lamée,1029,570,440,589,19,12,14.0,Extrême Droite,2007,présidentielle
35,107,Ercé-près-Liffré,1224,781,423,801,20,0,9.0,Extrême Gauche,2007,présidentielle
35,107,Ercé-près-Liffré,1224,781,423,801,20,1,43.0,Extrême Gauche,2007,présidentielle
35,107,Ercé-près-Liffré,1224,781,423,801,20,2,22.0,Gauche,2007,présidentielle
35,107,Ercé-près-Liffré,1224,781,423,801,20,3,81.0,Gauche,2007,présidentielle
35,107,Ercé-près-Liffré,1224,781,423,801,20,4,199.0,Écologie,2007,présidentielle
35,107,Ercé-près-Liffré,1224,781,423,801,20,5,26.0,Écologie,2007,présidentielle
35,107,Ercé-près-Liffré,1224,781,423,801,20,6,15.0,Divers,2007,présidentielle
35,107,Ercé-près-Liffré,1224,781,423,801,20,7,72.0,Centre,2007,présidentielle
35,107,Ercé-près-Liffré,1224,781,423,801,20,8,295.0,Droite,2007,présidentielle
35,107,Ercé-près-Liffré,1224,781,423,801,20,9,5.0,Droite,2007,présidentielle
35,107,Ercé-près-Liffré,1224,781,423,801,20,10,2.0,Droite,2007,présidentielle
35,107,Ercé-près-Liffré,1224,781,423,801,20,11,12.0,Extrême Droite,2007,présidentielle
35,108,Essé,742,393,344,398,5,0,2.0,Extrême Gauche,2007,présidentielle
35,108,Essé,742,393,344,398,5,1,3.0,Extrême Gauche,2007,présidentielle
35,108,Essé,742,393,344,398,5,2,4.0,Gauche,2007,présidentielle
35,108,Essé,742,393,344,398,5,3,65.0,Gauche,2007,présidentielle
35,108,Essé,742,393,344,398,5,4,18.0,Régionalisme,2007,présidentielle
35,108,Essé,742,393,344,398,5,5,6.0,Régionalisme,2007,présidentielle
35,108,Essé,742,393,344,398,5,6,1.0,Divers,2007,présidentielle
35,108,Essé,742,393,344,398,5,7,51.0,Centre,2007,présidentielle
35,108,Essé,742,393,344,398,5,8,237.0,Droite,2007,présidentielle
35,108,Essé,742,393,344,398,5,9,1.0,Droite,2007,présidentielle
35,108,Essé,742,393,344,398,5,10,5.0,Extrême Droite,2007,présidentielle
35,109,Etrelles,1656,1064,575,1081,17,0,17.0,Extrême Gauche,2007,présidentielle
35,109,Etrelles,1656,1064,575,1081,17,1,11.0,Extrême Gauche,2007,présidentielle
35,109,Etrelles,1656,1064,575,1081,17,2,3.0,Gauche,2007,présidentielle
35,109,Etrelles,1656,1064,575,1081,17,3,141.0,Gauche,2007,présidentielle
35,109,Etrelles,1656,1064,575,1081,17,4,31.0,Régionalisme,2007,présidentielle
35,109,Etrelles,1656,1064,575,1081,17,5,13.0,Régionalisme,2007,présidentielle
35,109,Etrelles,1656,1064,575,1081,17,6,10.0,Divers,2007,présidentielle
35,109,Etrelles,1656,1064,575,1081,17,7,158.0,Centre,2007,présidentielle
35,109,Etrelles,1656,1064,575,1081,17,8,656.0,Droite,2007,présidentielle
35,109,Etrelles,1656,1064,575,1081,17,9,7.0,Droite,2007,présidentielle
35,109,Etrelles,1656,1064,575,1081,17,10,17.0,Extrême Droite,2007,présidentielle
35,110,Feins,616,405,206,410,5,0,4.0,Extrême Gauche,2007,présidentielle
35,110,Feins,616,405,206,410,5,1,1.0,Extrême Gauche,2007,présidentielle
35,110,Feins,616,405,206,410,5,2,24.0,Extrême Gauche,2007,présidentielle
35,110,Feins,616,405,206,410,5,3,8.0,Gauche,2007,présidentielle
35,110,Feins,616,405,206,410,5,4,161.0,Gauche,2007,présidentielle
35,110,Feins,616,405,206,410,5,5,24.0,Écologie,2007,présidentielle
35,110,Feins,616,405,206,410,5,6,6.0,Divers,2007,présidentielle
35,110,Feins,616,405,206,410,5,7,2.0,Divers,2007,présidentielle
35,110,Feins,616,405,206,410,5,8,25.0,Centre,2007,présidentielle
35,110,Feins,616,405,206,410,5,9,142.0,Droite,2007,présidentielle
35,110,Feins,616,405,206,410,5,10,0.0,Droite,2007,présidentielle
35,110,Feins,616,405,206,410,5,11,1.0,Droite,2007,présidentielle
35,110,Feins,616,405,206,410,5,12,7.0,Extrême Droite,2007,présidentielle
35,111,Le Ferré,466,300,151,315,15,0,8.0,Extrême Gauche,2007,présidentielle
35,111,Le Ferré,466,300,151,315,15,1,7.0,Extrême Gauche,2007,présidentielle
35,111,Le Ferré,466,300,151,315,15,2,5.0,Gauche,2007,présidentielle
35,111,Le Ferré,466,300,151,315,15,3,18.0,Gauche,2007,présidentielle
35,111,Le Ferré,466,300,151,315,15,4,27.0,Écologie,2007,présidentielle
35,111,Le Ferré,466,300,151,315,15,5,1.0,Écologie,2007,présidentielle
35,111,Le Ferré,466,300,151,315,15,6,3.0,Divers,2007,présidentielle
35,111,Le Ferré,466,300,151,315,15,7,117.0,Centre,2007,présidentielle
35,111,Le Ferré,466,300,151,315,15,8,96.0,Droite,2007,présidentielle
35,111,Le Ferré,466,300,151,315,15,9,4.0,Droite,2007,présidentielle
35,111,Le Ferré,466,300,151,315,15,10,1.0,Droite,2007,présidentielle
35,111,Le Ferré,466,300,151,315,15,11,13.0,Extrême Droite,2007,présidentielle
35,112,Fleurigné,781,506,252,529,23,0,8.0,Extrême Gauche,2007,présidentielle
35,112,Fleurigné,781,506,252,529,23,1,12.0,Extrême Gauche,2007,présidentielle
35,112,Fleurigné,781,506,252,529,23,2,11.0,Gauche,2007,présidentielle
35,112,Fleurigné,781,506,252,529,23,3,19.0,Gauche,2007,présidentielle
35,112,Fleurigné,781,506,252,529,23,4,58.0,Écologie,2007,présidentielle
35,112,Fleurigné,781,506,252,529,23,5,5.0,Écologie,2007,présidentielle
35,112,Fleurigné,781,506,252,529,23,6,1.0,Divers,2007,présidentielle
35,112,Fleurigné,781,506,252,529,23,7,154.0,Centre,2007,présidentielle
35,112,Fleurigné,781,506,252,529,23,8,215.0,Droite,2007,présidentielle
35,112,Fleurigné,781,506,252,529,23,9,7.0,Droite,2007,présidentielle
35,112,Fleurigné,781,506,252,529,23,10,2.0,Droite,2007,présidentielle
35,112,Fleurigné,781,506,252,529,23,11,14.0,Extrême Droite,2007,présidentielle
35,113,La Fontenelle,421,261,151,270,9,0,9.0,Extrême Gauche,2007,présidentielle
35,113,La Fontenelle,421,261,151,270,9,1,18.0,Extrême Gauche,2007,présidentielle
35,113,La Fontenelle,421,261,151,270,9,2,13.0,Gauche,2007,présidentielle
35,113,La Fontenelle,421,261,151,270,9,3,33.0,Gauche,2007,présidentielle
35,113,La Fontenelle,421,261,151,270,9,4,36.0,Écologie,2007,présidentielle
35,113,La Fontenelle,421,261,151,270,9,5,5.0,Écologie,2007,présidentielle
35,113,La Fontenelle,421,261,151,270,9,6,3.0,Divers,2007,présidentielle
35,113,La Fontenelle,421,261,151,270,9,7,20.0,Centre,2007,présidentielle
35,113,La Fontenelle,421,261,151,270,9,8,116.0,Droite,2007,présidentielle
35,113,La Fontenelle,421,261,151,270,9,9,1.0,Droite,2007,présidentielle
35,113,La Fontenelle,421,261,151,270,9,10,1.0,Droite,2007,présidentielle
35,113,La Fontenelle,421,261,151,270,9,11,6.0,Extrême Droite,2007,présidentielle
35,114,Forges-la-Forêt,211,124,85,126,2,0,3.0,Extrême Gauche,2007,présidentielle
35,114,Forges-la-Forêt,211,124,85,126,2,1,2.0,Extrême Gauche,2007,présidentielle
35,114,Forges-la-Forêt,211,124,85,126,2,2,0.0,Gauche,2007,présidentielle
35,114,Forges-la-Forêt,211,124,85,126,2,3,16.0,Gauche,2007,présidentielle
35,114,Forges-la-Forêt,211,124,85,126,2,4,2.0,Régionalisme,2007,présidentielle
35,114,Forges-la-Forêt,211,124,85,126,2,5,4.0,Régionalisme,2007,présidentielle
35,114,Forges-la-Forêt,211,124,85,126,2,6,0.0,Divers,2007,présidentielle
35,114,Forges-la-Forêt,211,124,85,126,2,7,22.0,Centre,2007,présidentielle
35,114,Forges-la-Forêt,211,124,85,126,2,8,71.0,Droite,2007,présidentielle
35,114,Forges-la-Forêt,211,124,85,126,2,9,0.0,Droite,2007,présidentielle
35,114,Forges-la-Forêt,211,124,85,126,2,10,4.0,Extrême Droite,2007,présidentielle
35,115,Fougères,15741,8832,6716,9025,193,0,92.0,Extrême Gauche,2007,présidentielle
35,115,Fougères,15741,8832,6716,9025,193,1,346.0,Extrême Gauche,2007,présidentielle
35,115,Fougères,15741,8832,6716,9025,193,2,409.0,Gauche,2007,présidentielle
35,115,Fougères,15741,8832,6716,9025,193,3,511.0,Gauche,2007,présidentielle
35,115,Fougères,15741,8832,6716,9025,193,4,2096.0,Écologie,2007,présidentielle
35,115,Fougères,15741,8832,6716,9025,193,5,121.0,Écologie,2007,présidentielle
35,115,Fougères,15741,8832,6716,9025,193,6,74.0,Divers,2007,présidentielle
35,115,Fougères,15741,8832,6716,9025,193,7,1711.0,Centre,2007,présidentielle
35,115,Fougères,15741,8832,6716,9025,193,8,3145.0,Droite,2007,présidentielle
35,115,Fougères,15741,8832,6716,9025,193,9,53.0,Droite,2007,présidentielle
35,115,Fougères,15741,8832,6716,9025,193,10,103.0,Droite,2007,présidentielle
35,115,Fougères,15741,8832,6716,9025,193,11,171.0,Extrême Droite,2007,présidentielle
35,116,La Fresnais,1542,949,580,962,13,0,1.0,Extrême Gauche,2007,présidentielle
35,116,La Fresnais,1542,949,580,962,13,1,4.0,Extrême Gauche,2007,présidentielle
35,116,La Fresnais,1542,949,580,962,13,2,17.0,Extrême Gauche,2007,présidentielle
35,116,La Fresnais,1542,949,580,962,13,3,13.0,Gauche,2007,présidentielle
35,116,La Fresnais,1542,949,580,962,13,4,243.0,Gauche,2007,présidentielle
35,116,La Fresnais,1542,949,580,962,13,5,28.0,Régionalisme,2007,présidentielle
35,116,La Fresnais,1542,949,580,962,13,6,26.0,Droite,2007,présidentielle
35,116,La Fresnais,1542,949,580,962,13,7,8.0,Divers,2007,présidentielle
35,116,La Fresnais,1542,949,580,962,13,8,186.0,Centre,2007,présidentielle
35,116,La Fresnais,1542,949,580,962,13,9,396.0,Droite,2007,présidentielle
35,116,La Fresnais,1542,949,580,962,13,10,9.0,Droite,2007,présidentielle
35,116,La Fresnais,1542,949,580,962,13,11,16.0,Extrême Droite,2007,présidentielle
35,116,La Fresnais,1542,949,580,962,13,12,2.0,Extrême Droite,2007,présidentielle
35,117,Gaël,1194,721,458,736,15,0,9.0,Extrême Gauche,2007,présidentielle
35,117,Gaël,1194,721,458,736,15,1,3.0,Extrême Gauche,2007,présidentielle
35,117,Gaël,1194,721,458,736,15,2,19.0,Extrême Gauche,2007,présidentielle
35,117,Gaël,1194,721,458,736,15,3,4.0,Gauche,2007,présidentielle
35,117,Gaël,1194,721,458,736,15,4,63.0,Gauche,2007,présidentielle
35,117,Gaël,1194,721,458,736,15,5,126.0,Gauche,2007,présidentielle
35,117,Gaël,1194,721,458,736,15,6,20.0,Écologie,2007,présidentielle
35,117,Gaël,1194,721,458,736,15,7,8.0,Écologie,2007,présidentielle
35,117,Gaël,1194,721,458,736,15,8,1.0,Divers,2007,présidentielle
35,117,Gaël,1194,721,458,736,15,9,54.0,Centre,2007,présidentielle
35,117,Gaël,1194,721,458,736,15,10,380.0,Droite,2007,présidentielle
35,117,Gaël,1194,721,458,736,15,11,10.0,Droite,2007,présidentielle
35,117,Gaël,1194,721,458,736,15,12,24.0,Extrême Droite,2007,présidentielle
35,118,Gahard,819,490,312,507,17,0,7.0,Extrême Gauche,2007,présidentielle
35,118,Gahard,819,490,312,507,17,1,1.0,Extrême Gauche,2007,présidentielle
35,118,Gahard,819,490,312,507,17,2,14.0,Extrême Gauche,2007,présidentielle
35,118,Gahard,819,490,312,507,17,3,14.0,Gauche,2007,présidentielle
35,118,Gahard,819,490,312,507,17,4,203.0,Gauche,2007,présidentielle
35,118,Gahard,819,490,312,507,17,5,24.0,Écologie,2007,présidentielle
35,118,Gahard,819,490,312,507,17,6,3.0,Divers,2007,présidentielle
35,118,Gahard,819,490,312,507,17,7,0.0,Divers,2007,présidentielle
35,118,Gahard,819,490,312,507,17,8,31.0,Centre,2007,présidentielle
35,118,Gahard,819,490,312,507,17,9,172.0,Droite,2007,présidentielle
35,118,Gahard,819,490,312,507,17,10,7.0,Droite,2007,présidentielle
35,118,Gahard,819,490,312,507,17,11,4.0,Droite,2007,présidentielle
35,118,Gahard,819,490,312,507,17,12,10.0,Extrême Droite,2007,présidentielle
35,119,Gennes-sur-Seiche,584,338,242,342,4,0,4.0,Extrême Gauche,2007,présidentielle
35,119,Gennes-sur-Seiche,584,338,242,342,4,1,2.0,Extrême Gauche,2007,présidentielle
35,119,Gennes-sur-Seiche,584,338,242,342,4,2,2.0,Gauche,2007,présidentielle
35,119,Gennes-sur-Seiche,584,338,242,342,4,3,38.0,Gauche,2007,présidentielle
35,119,Gennes-sur-Seiche,584,338,242,342,4,4,7.0,Régionalisme,2007,présidentielle
35,119,Gennes-sur-Seiche,584,338,242,342,4,5,1.0,Régionalisme,2007,présidentielle
35,119,Gennes-sur-Seiche,584,338,242,342,4,6,0.0,Divers,2007,présidentielle
35,119,Gennes-sur-Seiche,584,338,242,342,4,7,34.0,Centre,2007,présidentielle
35,119,Gennes-sur-Seiche,584,338,242,342,4,8,246.0,Droite,2007,présidentielle
35,119,Gennes-sur-Seiche,584,338,242,342,4,9,2.0,Droite,2007,présidentielle
35,119,Gennes-sur-Seiche,584,338,242,342,4,10,2.0,Extrême Droite,2007,présidentielle
35,120,Gévezé,2667,1704,939,1728,24,0,27.0,Extrême Gauche,2007,présidentielle
35,120,Gévezé,2667,1704,939,1728,24,1,3.0,Extrême Gauche,2007,présidentielle
35,120,Gévezé,2667,1704,939,1728,24,2,43.0,Extrême Gauche,2007,présidentielle
35,120,Gévezé,2667,1704,939,1728,24,3,23.0,Gauche,2007,présidentielle
35,120,Gévezé,2667,1704,939,1728,24,4,254.0,Gauche,2007,présidentielle
35,120,Gévezé,2667,1704,939,1728,24,5,339.0,Gauche,2007,présidentielle
35,120,Gévezé,2667,1704,939,1728,24,6,52.0,Écologie,2007,présidentielle
35,120,Gévezé,2667,1704,939,1728,24,7,14.0,Écologie,2007,présidentielle
35,120,Gévezé,2667,1704,939,1728,24,8,6.0,Divers,2007,présidentielle
35,120,Gévezé,2667,1704,939,1728,24,9,146.0,Centre,2007,présidentielle
35,120,Gévezé,2667,1704,939,1728,24,10,756.0,Droite,2007,présidentielle
35,120,Gévezé,2667,1704,939,1728,24,11,17.0,Droite,2007,présidentielle
35,120,Gévezé,2667,1704,939,1728,24,12,24.0,Extrême Droite,2007,présidentielle
35,121,Gosné,1193,705,477,716,11,0,7.0,Extrême Gauche,2007,présidentielle
35,121,Gosné,1193,705,477,716,11,1,11.0,Extrême Gauche,2007,présidentielle
35,121,Gosné,1193,705,477,716,11,2,7.0,Gauche,2007,présidentielle
35,121,Gosné,1193,705,477,716,11,3,160.0,Gauche,2007,présidentielle
35,121,Gosné,1193,705,477,716,11,4,110.0,Écologie,2007,présidentielle
35,121,Gosné,1193,705,477,716,11,5,12.0,Écologie,2007,présidentielle
35,121,Gosné,1193,705,477,716,11,6,7.0,Divers,2007,présidentielle
35,121,Gosné,1193,705,477,716,11,7,66.0,Centre,2007,présidentielle
35,121,Gosné,1193,705,477,716,11,8,291.0,Droite,2007,présidentielle
35,121,Gosné,1193,705,477,716,11,9,10.0,Droite,2007,présidentielle
35,121,Gosné,1193,705,477,716,11,10,10.0,Droite,2007,présidentielle
35,121,Gosné,1193,705,477,716,11,11,14.0,Extrême Droite,2007,présidentielle
35,122,La Gouesnière,1091,684,391,700,16,0,1.0,Extrême Gauche,2007,présidentielle
35,122,La Gouesnière,1091,684,391,700,16,1,8.0,Extrême Gauche,2007,présidentielle
35,122,La Gouesnière,1091,684,391,700,16,2,4.0,Extrême Gauche,2007,présidentielle
35,122,La Gouesnière,1091,684,391,700,16,3,4.0,Gauche,2007,présidentielle
35,122,La Gouesnière,1091,684,391,700,16,4,194.0,Gauche,2007,présidentielle
35,122,La Gouesnière,1091,684,391,700,16,5,25.0,Régionalisme,2007,présidentielle
35,122,La Gouesnière,1091,684,391,700,16,6,9.0,Droite,2007,présidentielle
35,122,La Gouesnière,1091,684,391,700,16,7,3.0,Divers,2007,présidentielle
35,122,La Gouesnière,1091,684,391,700,16,8,148.0,Centre,2007,présidentielle
35,122,La Gouesnière,1091,684,391,700,16,9,263.0,Droite,2007,présidentielle
35,122,La Gouesnière,1091,684,391,700,16,10,6.0,Droite,2007,présidentielle
35,122,La Gouesnière,1091,684,391,700,16,11,18.0,Extrême Droite,2007,présidentielle
35,122,La Gouesnière,1091,684,391,700,16,12,1.0,Extrême Droite,2007,présidentielle
35,123,Goven,2821,1597,1190,1631,34,0,20.0,Extrême Gauche,2007,présidentielle
35,123,Goven,2821,1597,1190,1631,34,1,64.0,Extrême Gauche,2007,présidentielle
35,123,Goven,2821,1597,1190,1631,34,2,15.0,Gauche,2007,présidentielle
35,123,Goven,2821,1597,1190,1631,34,3,513.0,Gauche,2007,présidentielle
35,123,Goven,2821,1597,1190,1631,34,4,27.0,Gauche,2007,présidentielle
35,123,Goven,2821,1597,1190,1631,34,5,73.0,Écologie,2007,présidentielle
35,123,Goven,2821,1597,1190,1631,34,6,22.0,Régionalisme,2007,présidentielle
35,123,Goven,2821,1597,1190,1631,34,7,23.0,Droite,2007,présidentielle
35,123,Goven,2821,1597,1190,1631,34,8,20.0,Divers,2007,présidentielle
35,123,Goven,2821,1597,1190,1631,34,9,193.0,Centre,2007,présidentielle
35,123,Goven,2821,1597,1190,1631,34,10,551.0,Droite,2007,présidentielle
35,123,Goven,2821,1597,1190,1631,34,11,16.0,Droite,2007,présidentielle
35,123,Goven,2821,1597,1190,1631,34,12,60.0,Extrême Droite,2007,présidentielle
35,124,Grand-Fougeray,1623,948,659,964,16,0,11.0,Extrême Gauche,2007,présidentielle
35,124,Grand-Fougeray,1623,948,659,964,16,1,24.0,Extrême Gauche,2007,présidentielle
35,124,Grand-Fougeray,1623,948,659,964,16,2,15.0,Gauche,2007,présidentielle
35,124,Grand-Fougeray,1623,948,659,964,16,3,205.0,Gauche,2007,présidentielle
35,124,Grand-Fougeray,1623,948,659,964,16,4,13.0,Gauche,2007,présidentielle
35,124,Grand-Fougeray,1623,948,659,964,16,5,18.0,Écologie,2007,présidentielle
35,124,Grand-Fougeray,1623,948,659,964,16,6,21.0,Régionalisme,2007,présidentielle
35,124,Grand-Fougeray,1623,948,659,964,16,7,21.0,Droite,2007,présidentielle
35,124,Grand-Fougeray,1623,948,659,964,16,8,6.0,Divers,2007,présidentielle
35,124,Grand-Fougeray,1623,948,659,964,16,9,130.0,Centre,2007,présidentielle
35,124,Grand-Fougeray,1623,948,659,964,16,10,431.0,Droite,2007,présidentielle
35,124,Grand-Fougeray,1623,948,659,964,16,11,17.0,Droite,2007,présidentielle
35,124,Grand-Fougeray,1623,948,659,964,16,12,36.0,Extrême Droite,2007,présidentielle
35,125,La Guerche-de-Bretagne,3075,1899,1147,1928,29,0,20.0,Extrême Gauche,2007,présidentielle
35,125,La Guerche-de-Bretagne,3075,1899,1147,1928,29,1,8.0,Extrême Gauche,2007,présidentielle
35,125,La Guerche-de-Bretagne,3075,1899,1147,1928,29,2,2.0,Gauche,2007,présidentielle
35,125,La Guerche-de-Bretagne,3075,1899,1147,1928,29,3,312.0,Gauche,2007,présidentielle
35,125,La Guerche-de-Bretagne,3075,1899,1147,1928,29,4,28.0,Régionalisme,2007,présidentielle
35,125,La Guerche-de-Bretagne,3075,1899,1147,1928,29,5,10.0,Régionalisme,2007,présidentielle
35,125,La Guerche-de-Bretagne,3075,1899,1147,1928,29,6,14.0,Divers,2007,présidentielle
35,125,La Guerche-de-Bretagne,3075,1899,1147,1928,29,7,221.0,Centre,2007,présidentielle
35,125,La Guerche-de-Bretagne,3075,1899,1147,1928,29,8,1240.0,Droite,2007,présidentielle
35,125,La Guerche-de-Bretagne,3075,1899,1147,1928,29,9,17.0,Droite,2007,présidentielle
35,125,La Guerche-de-Bretagne,3075,1899,1147,1928,29,10,27.0,Extrême Droite,2007,présidentielle
35,126,Guichen,5138,3146,1937,3201,55,0,35.0,Extrême Gauche,2007,présidentielle
35,126,Guichen,5138,3146,1937,3201,55,1,108.0,Extrême Gauche,2007,présidentielle
35,126,Guichen,5138,3146,1937,3201,55,2,60.0,Gauche,2007,présidentielle
35,126,Guichen,5138,3146,1937,3201,55,3,1134.0,Gauche,2007,présidentielle
35,126,Guichen,5138,3146,1937,3201,55,4,39.0,Gauche,2007,présidentielle
35,126,Guichen,5138,3146,1937,3201,55,5,136.0,Écologie,2007,présidentielle
35,126,Guichen,5138,3146,1937,3201,55,6,18.0,Régionalisme,2007,présidentielle
35,126,Guichen,5138,3146,1937,3201,55,7,37.0,Droite,2007,présidentielle
35,126,Guichen,5138,3146,1937,3201,55,8,32.0,Divers,2007,présidentielle
35,126,Guichen,5138,3146,1937,3201,55,9,382.0,Centre,2007,présidentielle
35,126,Guichen,5138,3146,1937,3201,55,10,1054.0,Droite,2007,présidentielle
35,126,Guichen,5138,3146,1937,3201,55,11,36.0,Droite,2007,présidentielle
35,126,Guichen,5138,3146,1937,3201,55,12,75.0,Extrême Droite,2007,présidentielle
35,127,Guignen,2169,1268,866,1303,35,0,27.0,Extrême Gauche,2007,présidentielle
35,127,Guignen,2169,1268,866,1303,35,1,49.0,Extrême Gauche,2007,présidentielle
35,127,Guignen,2169,1268,866,1303,35,2,13.0,Gauche,2007,présidentielle
35,127,Guignen,2169,1268,866,1303,35,3,458.0,Gauche,2007,présidentielle
35,127,Guignen,2169,1268,866,1303,35,4,10.0,Gauche,2007,présidentielle
35,127,Guignen,2169,1268,866,1303,35,5,59.0,Écologie,2007,présidentielle
35,127,Guignen,2169,1268,866,1303,35,6,13.0,Régionalisme,2007,présidentielle
35,127,Guignen,2169,1268,866,1303,35,7,20.0,Droite,2007,présidentielle
35,127,Guignen,2169,1268,866,1303,35,8,11.0,Divers,2007,présidentielle
35,127,Guignen,2169,1268,866,1303,35,9,121.0,Centre,2007,présidentielle
35,127,Guignen,2169,1268,866,1303,35,10,432.0,Droite,2007,présidentielle
35,127,Guignen,2169,1268,866,1303,35,11,24.0,Droite,2007,présidentielle
35,127,Guignen,2169,1268,866,1303,35,12,31.0,Extrême Droite,2007,présidentielle
35,128,Guipel,1190,746,433,757,11,0,7.0,Extrême Gauche,2007,présidentielle
35,128,Guipel,1190,746,433,757,11,1,5.0,Extrême Gauche,2007,présidentielle
35,128,Guipel,1190,746,433,757,11,2,32.0,Extrême Gauche,2007,présidentielle
35,128,Guipel,1190,746,433,757,11,3,9.0,Gauche,2007,présidentielle
35,128,Guipel,1190,746,433,757,11,4,251.0,Gauche,2007,présidentielle
35,128,Guipel,1190,746,433,757,11,5,44.0,Écologie,2007,présidentielle
35,128,Guipel,1190,746,433,757,11,6,5.0,Divers,2007,présidentielle
35,128,Guipel,1190,746,433,757,11,7,0.0,Divers,2007,présidentielle
35,128,Guipel,1190,746,433,757,11,8,63.0,Centre,2007,présidentielle
35,128,Guipel,1190,746,433,757,11,9,309.0,Droite,2007,présidentielle
35,128,Guipel,1190,746,433,757,11,10,7.0,Droite,2007,présidentielle
35,128,Guipel,1190,746,433,757,11,11,4.0,Droite,2007,présidentielle
35,128,Guipel,1190,746,433,757,11,12,10.0,Extrême Droite,2007,présidentielle
35,129,Guipry,2452,1409,1026,1426,17,0,28.0,Extrême Gauche,2007,présidentielle
35,129,Guipry,2452,1409,1026,1426,17,1,37.0,Extrême Gauche,2007,présidentielle
35,129,Guipry,2452,1409,1026,1426,17,2,12.0,Gauche,2007,présidentielle
35,129,Guipry,2452,1409,1026,1426,17,3,437.0,Gauche,2007,présidentielle
35,129,Guipry,2452,1409,1026,1426,17,4,23.0,Gauche,2007,présidentielle
35,129,Guipry,2452,1409,1026,1426,17,5,36.0,Écologie,2007,présidentielle
35,129,Guipry,2452,1409,1026,1426,17,6,24.0,Régionalisme,2007,présidentielle
35,129,Guipry,2452,1409,1026,1426,17,7,29.0,Droite,2007,présidentielle
35,129,Guipry,2452,1409,1026,1426,17,8,11.0,Divers,2007,présidentielle
35,129,Guipry,2452,1409,1026,1426,17,9,105.0,Centre,2007,présidentielle
35,129,Guipry,2452,1409,1026,1426,17,10,596.0,Droite,2007,présidentielle
35,129,Guipry,2452,1409,1026,1426,17,11,19.0,Droite,2007,présidentielle
35,129,Guipry,2452,1409,1026,1426,17,12,52.0,Extrême Droite,2007,présidentielle
35,130,Hédé,1617,1071,529,1088,17,0,8.0,Extrême Gauche,2007,présidentielle
35,130,Hédé,1617,1071,529,1088,17,1,4.0,Extrême Gauche,2007,présidentielle
35,130,Hédé,1617,1071,529,1088,17,2,26.0,Extrême Gauche,2007,présidentielle
35,130,Hédé,1617,1071,529,1088,17,3,17.0,Gauche,2007,présidentielle
35,130,Hédé,1617,1071,529,1088,17,4,377.0,Gauche,2007,présidentielle
35,130,Hédé,1617,1071,529,1088,17,5,51.0,Écologie,2007,présidentielle
35,130,Hédé,1617,1071,529,1088,17,6,9.0,Divers,2007,présidentielle
35,130,Hédé,1617,1071,529,1088,17,7,0.0,Divers,2007,présidentielle
35,130,Hédé,1617,1071,529,1088,17,8,107.0,Centre,2007,présidentielle
35,130,Hédé,1617,1071,529,1088,17,9,440.0,Droite,2007,présidentielle
35,130,Hédé,1617,1071,529,1088,17,10,14.0,Droite,2007,présidentielle
35,130,Hédé,1617,1071,529,1088,17,11,2.0,Droite,2007,présidentielle
35,130,Hédé,1617,1071,529,1088,17,12,16.0,Extrême Droite,2007,présidentielle
35,131,L'Hermitage,2848,1808,1008,1840,32,0,18.0,Extrême Gauche,2007,présidentielle
35,131,L'Hermitage,2848,1808,1008,1840,32,1,2.0,Extrême Gauche,2007,présidentielle
35,131,L'Hermitage,2848,1808,1008,1840,32,2,44.0,Extrême Gauche,2007,présidentielle
35,131,L'Hermitage,2848,1808,1008,1840,32,3,15.0,Gauche,2007,présidentielle
35,131,L'Hermitage,2848,1808,1008,1840,32,4,314.0,Gauche,2007,présidentielle
35,131,L'Hermitage,2848,1808,1008,1840,32,5,468.0,Gauche,2007,présidentielle
35,131,L'Hermitage,2848,1808,1008,1840,32,6,63.0,Écologie,2007,présidentielle
35,131,L'Hermitage,2848,1808,1008,1840,32,7,11.0,Écologie,2007,présidentielle
35,131,L'Hermitage,2848,1808,1008,1840,32,8,14.0,Divers,2007,présidentielle
35,131,L'Hermitage,2848,1808,1008,1840,32,9,161.0,Centre,2007,présidentielle
35,131,L'Hermitage,2848,1808,1008,1840,32,10,651.0,Droite,2007,présidentielle
35,131,L'Hermitage,2848,1808,1008,1840,32,11,23.0,Droite,2007,présidentielle
35,131,L'Hermitage,2848,1808,1008,1840,32,12,24.0,Extrême Droite,2007,présidentielle
35,132,Hirel,1022,661,348,674,13,0,1.0,Extrême Gauche,2007,présidentielle
35,132,Hirel,1022,661,348,674,13,1,12.0,Extrême Gauche,2007,présidentielle
35,132,Hirel,1022,661,348,674,13,2,9.0,Extrême Gauche,2007,présidentielle
35,132,Hirel,1022,661,348,674,13,3,7.0,Gauche,2007,présidentielle
35,132,Hirel,1022,661,348,674,13,4,187.0,Gauche,2007,présidentielle
35,132,Hirel,1022,661,348,674,13,5,25.0,Régionalisme,2007,présidentielle
35,132,Hirel,1022,661,348,674,13,6,10.0,Droite,2007,présidentielle
35,132,Hirel,1022,661,348,674,13,7,1.0,Divers,2007,présidentielle
35,132,Hirel,1022,661,348,674,13,8,72.0,Centre,2007,présidentielle
35,132,Hirel,1022,661,348,674,13,9,304.0,Droite,2007,présidentielle
35,132,Hirel,1022,661,348,674,13,10,6.0,Droite,2007,présidentielle
35,132,Hirel,1022,661,348,674,13,11,24.0,Extrême Droite,2007,présidentielle
35,132,Hirel,1022,661,348,674,13,12,3.0,Extrême Droite,2007,présidentielle
35,133,Iffendic,2761,1731,996,1765,34,0,10.0,Extrême Gauche,2007,présidentielle
35,133,Iffendic,2761,1731,996,1765,34,1,4.0,Extrême Gauche,2007,présidentielle
35,133,Iffendic,2761,1731,996,1765,34,2,43.0,Extrême Gauche,2007,présidentielle
35,133,Iffendic,2761,1731,996,1765,34,3,15.0,Gauche,2007,présidentielle
35,133,Iffendic,2761,1731,996,1765,34,4,165.0,Gauche,2007,présidentielle
35,133,Iffendic,2761,1731,996,1765,34,5,490.0,Gauche,2007,présidentielle
35,133,Iffendic,2761,1731,996,1765,34,6,53.0,Écologie,2007,présidentielle
35,133,Iffendic,2761,1731,996,1765,34,7,22.0,Écologie,2007,présidentielle
35,133,Iffendic,2761,1731,996,1765,34,8,12.0,Divers,2007,présidentielle
35,133,Iffendic,2761,1731,996,1765,34,9,120.0,Centre,2007,présidentielle
35,133,Iffendic,2761,1731,996,1765,34,10,749.0,Droite,2007,présidentielle
35,133,Iffendic,2761,1731,996,1765,34,11,22.0,Droite,2007,présidentielle
35,133,Iffendic,2761,1731,996,1765,34,12,26.0,Extrême Droite,2007,présidentielle
35,134,Les Iffs,198,155,42,156,1,0,0.0,Extrême Gauche,2007,présidentielle
35,134,Les Iffs,198,155,42,156,1,1,0.0,Extrême Gauche,2007,présidentielle
35,134,Les Iffs,198,155,42,156,1,2,5.0,Extrême Gauche,2007,présidentielle
35,134,Les Iffs,198,155,42,156,1,3,0.0,Gauche,2007,présidentielle
35,134,Les Iffs,198,155,42,156,1,4,10.0,Gauche,2007,présidentielle
35,134,Les Iffs,198,155,42,156,1,5,28.0,Gauche,2007,présidentielle
35,134,Les Iffs,198,155,42,156,1,6,2.0,Écologie,2007,présidentielle
35,134,Les Iffs,198,155,42,156,1,7,3.0,Écologie,2007,présidentielle
35,134,Les Iffs,198,155,42,156,1,8,2.0,Divers,2007,présidentielle
35,134,Les Iffs,198,155,42,156,1,9,13.0,Centre,2007,présidentielle
35,134,Les Iffs,198,155,42,156,1,10,84.0,Droite,2007,présidentielle
35,134,Les Iffs,198,155,42,156,1,11,5.0,Droite,2007,présidentielle
35,134,Les Iffs,198,155,42,156,1,12,3.0,Extrême Droite,2007,présidentielle
35,135,Irodouër,1359,859,473,886,27,0,11.0,Extrême Gauche,2007,présidentielle
35,135,Irodouër,1359,859,473,886,27,1,1.0,Extrême Gauche,2007,présidentielle
35,135,Irodouër,1359,859,473,886,27,2,21.0,Extrême Gauche,2007,présidentielle
35,135,Irodouër,1359,859,473,886,27,3,4.0,Gauche,2007,présidentielle
35,135,Irodouër,1359,859,473,886,27,4,94.0,Gauche,2007,présidentielle
35,135,Irodouër,1359,859,473,886,27,5,165.0,Gauche,2007,présidentielle
35,135,Irodouër,1359,859,473,886,27,6,29.0,Écologie,2007,présidentielle
35,135,Irodouër,1359,859,473,886,27,7,9.0,Écologie,2007,présidentielle
35,135,Irodouër,1359,859,473,886,27,8,5.0,Divers,2007,présidentielle
35,135,Irodouër,1359,859,473,886,27,9,60.0,Centre,2007,présidentielle
35,135,Irodouër,1359,859,473,886,27,10,433.0,Droite,2007,présidentielle
35,135,Irodouër,1359,859,473,886,27,11,8.0,Droite,2007,présidentielle
35,135,Irodouër,1359,859,473,886,27,12,19.0,Extrême Droite,2007,présidentielle
35,136,Janzé,5219,3185,1956,3263,78,0,34.0,Extrême Gauche,2007,présidentielle
35,136,Janzé,5219,3185,1956,3263,78,1,23.0,Extrême Gauche,2007,présidentielle
35,136,Janzé,5219,3185,1956,3263,78,2,32.0,Gauche,2007,présidentielle
35,136,Janzé,5219,3185,1956,3263,78,3,799.0,Gauche,2007,présidentielle
35,136,Janzé,5219,3185,1956,3263,78,4,85.0,Régionalisme,2007,présidentielle
35,136,Janzé,5219,3185,1956,3263,78,5,46.0,Régionalisme,2007,présidentielle
35,136,Janzé,5219,3185,1956,3263,78,6,26.0,Divers,2007,présidentielle
35,136,Janzé,5219,3185,1956,3263,78,7,340.0,Centre,2007,présidentielle
35,136,Janzé,5219,3185,1956,3263,78,8,1700.0,Droite,2007,présidentielle
35,136,Janzé,5219,3185,1956,3263,78,9,36.0,Droite,2007,présidentielle
35,136,Janzé,5219,3185,1956,3263,78,10,64.0,Extrême Droite,2007,présidentielle
35,137,Javené,1249,798,429,820,22,0,9.0,Extrême Gauche,2007,présidentielle
35,137,Javené,1249,798,429,820,22,1,25.0,Extrême Gauche,2007,présidentielle
35,137,Javené,1249,798,429,820,22,2,25.0,Gauche,2007,présidentielle
35,137,Javené,1249,798,429,820,22,3,37.0,Gauche,2007,présidentielle
35,137,Javené,1249,798,429,820,22,4,141.0,Écologie,2007,présidentielle
35,137,Javené,1249,798,429,820,22,5,14.0,Écologie,2007,présidentielle
35,137,Javené,1249,798,429,820,22,6,3.0,Divers,2007,présidentielle
35,137,Javené,1249,798,429,820,22,7,246.0,Centre,2007,présidentielle
35,137,Javené,1249,798,429,820,22,8,270.0,Droite,2007,présidentielle
35,137,Javené,1249,798,429,820,22,9,8.0,Droite,2007,présidentielle
35,137,Javené,1249,798,429,820,22,10,11.0,Droite,2007,présidentielle
35,137,Javené,1249,798,429,820,22,11,9.0,Extrême Droite,2007,présidentielle
35,138,Laignelet,716,476,223,493,17,0,0.0,Extrême Gauche,2007,présidentielle
35,138,Laignelet,716,476,223,493,17,1,18.0,Extrême Gauche,2007,présidentielle
35,138,Laignelet,716,476,223,493,17,2,11.0,Gauche,2007,présidentielle
35,138,Laignelet,716,476,223,493,17,3,21.0,Gauche,2007,présidentielle
35,138,Laignelet,716,476,223,493,17,4,84.0,Écologie,2007,présidentielle
35,138,Laignelet,716,476,223,493,17,5,8.0,Écologie,2007,présidentielle
35,138,Laignelet,716,476,223,493,17,6,7.0,Divers,2007,présidentielle
35,138,Laignelet,716,476,223,493,17,7,124.0,Centre,2007,présidentielle
35,138,Laignelet,716,476,223,493,17,8,179.0,Droite,2007,présidentielle
35,138,Laignelet,716,476,223,493,17,9,6.0,Droite,2007,présidentielle
35,138,Laignelet,716,476,223,493,17,10,3.0,Droite,2007,présidentielle
35,138,Laignelet,716,476,223,493,17,11,15.0,Extrême Droite,2007,présidentielle
35,139,Laillé,3172,1995,1139,2033,38,0,16.0,Extrême Gauche,2007,présidentielle
35,139,Laillé,3172,1995,1139,2033,38,1,74.0,Extrême Gauche,2007,présidentielle
35,139,Laillé,3172,1995,1139,2033,38,2,35.0,Gauche,2007,présidentielle
35,139,Laillé,3172,1995,1139,2033,38,3,624.0,Gauche,2007,présidentielle
35,139,Laillé,3172,1995,1139,2033,38,4,31.0,Gauche,2007,présidentielle
35,139,Laillé,3172,1995,1139,2033,38,5,104.0,Écologie,2007,présidentielle
35,139,Laillé,3172,1995,1139,2033,38,6,16.0,Régionalisme,2007,présidentielle
35,139,Laillé,3172,1995,1139,2033,38,7,17.0,Droite,2007,présidentielle
35,139,Laillé,3172,1995,1139,2033,38,8,34.0,Divers,2007,présidentielle
35,139,Laillé,3172,1995,1139,2033,38,9,267.0,Centre,2007,présidentielle
35,139,Laillé,3172,1995,1139,2033,38,10,719.0,Droite,2007,présidentielle
35,139,Laillé,3172,1995,1139,2033,38,11,22.0,Droite,2007,présidentielle
35,139,Laillé,3172,1995,1139,2033,38,12,36.0,Extrême Droite,2007,présidentielle
35,140,Lalleu,389,218,160,229,11,0,4.0,Extrême Gauche,2007,présidentielle
35,140,Lalleu,389,218,160,229,11,1,6.0,Extrême Gauche,2007,présidentielle
35,140,Lalleu,389,218,160,229,11,2,4.0,Gauche,2007,présidentielle
35,140,Lalleu,389,218,160,229,11,3,57.0,Gauche,2007,présidentielle
35,140,Lalleu,389,218,160,229,11,4,3.0,Gauche,2007,présidentielle
35,140,Lalleu,389,218,160,229,11,5,10.0,Écologie,2007,présidentielle
35,140,Lalleu,389,218,160,229,11,6,1.0,Régionalisme,2007,présidentielle
35,140,Lalleu,389,218,160,229,11,7,3.0,Droite,2007,présidentielle
35,140,Lalleu,389,218,160,229,11,8,6.0,Divers,2007,présidentielle
35,140,Lalleu,389,218,160,229,11,9,22.0,Centre,2007,présidentielle
35,140,Lalleu,389,218,160,229,11,10,89.0,Droite,2007,présidentielle
35,140,Lalleu,389,218,160,229,11,11,3.0,Droite,2007,présidentielle
35,140,Lalleu,389,218,160,229,11,12,10.0,Extrême Droite,2007,présidentielle
35,141,Landavran,376,254,112,264,10,0,3.0,Extrême Gauche,2007,présidentielle
35,141,Landavran,376,254,112,264,10,1,2.0,Extrême Gauche,2007,présidentielle
35,141,Landavran,376,254,112,264,10,2,0.0,Gauche,2007,présidentielle
35,141,Landavran,376,254,112,264,10,3,32.0,Gauche,2007,présidentielle
35,141,Landavran,376,254,112,264,10,4,14.0,Régionalisme,2007,présidentielle
35,141,Landavran,376,254,112,264,10,5,0.0,Régionalisme,2007,présidentielle
35,141,Landavran,376,254,112,264,10,6,4.0,Divers,2007,présidentielle
35,141,Landavran,376,254,112,264,10,7,29.0,Centre,2007,présidentielle
35,141,Landavran,376,254,112,264,10,8,156.0,Droite,2007,présidentielle
35,141,Landavran,376,254,112,264,10,9,5.0,Droite,2007,présidentielle
35,141,Landavran,376,254,112,264,10,10,9.0,Extrême Droite,2007,présidentielle
35,142,Landéan,962,615,326,636,21,0,3.0,Extrême Gauche,2007,présidentielle
35,142,Landéan,962,615,326,636,21,1,18.0,Extrême Gauche,2007,présidentielle
35,142,Landéan,962,615,326,636,21,2,14.0,Gauche,2007,présidentielle
35,142,Landéan,962,615,326,636,21,3,31.0,Gauche,2007,présidentielle
35,142,Landéan,962,615,326,636,21,4,71.0,Écologie,2007,présidentielle
35,142,Landéan,962,615,326,636,21,5,6.0,Écologie,2007,présidentielle
35,142,Landéan,962,615,326,636,21,6,3.0,Divers,2007,présidentielle
35,142,Landéan,962,615,326,636,21,7,165.0,Centre,2007,présidentielle
35,142,Landéan,962,615,326,636,21,8,278.0,Droite,2007,présidentielle
35,142,Landéan,962,615,326,636,21,9,5.0,Droite,2007,présidentielle
35,142,Landéan,962,615,326,636,21,10,7.0,Droite,2007,présidentielle
35,142,Landéan,962,615,326,636,21,11,14.0,Extrême Droite,2007,présidentielle
35,143,Landujan,635,393,237,398,5,0,3.0,Extrême Gauche,2007,présidentielle
35,143,Landujan,635,393,237,398,5,1,2.0,Extrême Gauche,2007,présidentielle
35,143,Landujan,635,393,237,398,5,2,9.0,Extrême Gauche,2007,présidentielle
35,143,Landujan,635,393,237,398,5,3,4.0,Gauche,2007,présidentielle
35,143,Landujan,635,393,237,398,5,4,45.0,Gauche,2007,présidentielle
35,143,Landujan,635,393,237,398,5,5,92.0,Gauche,2007,présidentielle
35,143,Landujan,635,393,237,398,5,6,9.0,Écologie,2007,présidentielle
35,143,Landujan,635,393,237,398,5,7,5.0,Écologie,2007,présidentielle
35,143,Landujan,635,393,237,398,5,8,4.0,Divers,2007,présidentielle
35,143,Landujan,635,393,237,398,5,9,23.0,Centre,2007,présidentielle
35,143,Landujan,635,393,237,398,5,10,194.0,Droite,2007,présidentielle
35,143,Landujan,635,393,237,398,5,11,3.0,Droite,2007,présidentielle
35,143,Landujan,635,393,237,398,5,12,0.0,Extrême Droite,2007,présidentielle
35,144,Langan,681,424,251,430,6,0,3.0,Extrême Gauche,2007,présidentielle
35,144,Langan,681,424,251,430,6,1,0.0,Extrême Gauche,2007,présidentielle
35,144,Langan,681,424,251,430,6,2,16.0,Extrême Gauche,2007,présidentielle
35,144,Langan,681,424,251,430,6,3,6.0,Gauche,2007,présidentielle
35,144,Langan,681,424,251,430,6,4,35.0,Gauche,2007,présidentielle
35,144,Langan,681,424,251,430,6,5,125.0,Gauche,2007,présidentielle
35,144,Langan,681,424,251,430,6,6,9.0,Écologie,2007,présidentielle
35,144,Langan,681,424,251,430,6,7,5.0,Écologie,2007,présidentielle
35,144,Langan,681,424,251,430,6,8,8.0,Divers,2007,présidentielle
35,144,Langan,681,424,251,430,6,9,45.0,Centre,2007,présidentielle
35,144,Langan,681,424,251,430,6,10,159.0,Droite,2007,présidentielle
35,144,Langan,681,424,251,430,6,11,5.0,Droite,2007,présidentielle
35,144,Langan,681,424,251,430,6,12,8.0,Extrême Droite,2007,présidentielle
35,145,Langon,1044,604,426,618,14,0,9.0,Extrême Gauche,2007,présidentielle
35,145,Langon,1044,604,426,618,14,1,19.0,Extrême Gauche,2007,présidentielle
35,145,Langon,1044,604,426,618,14,2,9.0,Gauche,2007,présidentielle
35,145,Langon,1044,604,426,618,14,3,214.0,Gauche,2007,présidentielle
35,145,Langon,1044,604,426,618,14,4,4.0,Gauche,2007,présidentielle
35,145,Langon,1044,604,426,618,14,5,27.0,Écologie,2007,présidentielle
35,145,Langon,1044,604,426,618,14,6,10.0,Régionalisme,2007,présidentielle
35,145,Langon,1044,604,426,618,14,7,16.0,Droite,2007,présidentielle
35,145,Langon,1044,604,426,618,14,8,8.0,Divers,2007,présidentielle
35,145,Langon,1044,604,426,618,14,9,43.0,Centre,2007,présidentielle
35,145,Langon,1044,604,426,618,14,10,212.0,Droite,2007,présidentielle
35,145,Langon,1044,604,426,618,14,11,16.0,Droite,2007,présidentielle
35,145,Langon,1044,604,426,618,14,12,17.0,Extrême Droite,2007,présidentielle
35,146,Langouet,410,270,135,275,5,0,7.0,Extrême Gauche,2007,présidentielle
35,146,Langouet,410,270,135,275,5,1,0.0,Extrême Gauche,2007,présidentielle
35,146,Langouet,410,270,135,275,5,2,11.0,Extrême Gauche,2007,présidentielle
35,146,Langouet,410,270,135,275,5,3,2.0,Gauche,2007,présidentielle
35,146,Langouet,410,270,135,275,5,4,83.0,Gauche,2007,présidentielle
35,146,Langouet,410,270,135,275,5,5,25.0,Écologie,2007,présidentielle
35,146,Langouet,410,270,135,275,5,6,4.0,Divers,2007,présidentielle
35,146,Langouet,410,270,135,275,5,7,1.0,Divers,2007,présidentielle
35,146,Langouet,410,270,135,275,5,8,17.0,Centre,2007,présidentielle
35,146,Langouet,410,270,135,275,5,9,112.0,Droite,2007,présidentielle
35,146,Langouet,410,270,135,275,5,10,2.0,Droite,2007,présidentielle
35,146,Langouet,410,270,135,275,5,11,0.0,Droite,2007,présidentielle
35,146,Langouet,410,270,135,275,5,12,6.0,Extrême Droite,2007,présidentielle
35,147,Lanhélin,549,369,174,375,6,0,4.0,Extrême Gauche,2007,présidentielle
35,147,Lanhélin,549,369,174,375,6,1,2.0,Extrême Gauche,2007,présidentielle
35,147,Lanhélin,549,369,174,375,6,2,17.0,Extrême Gauche,2007,présidentielle
35,147,Lanhélin,549,369,174,375,6,3,6.0,Gauche,2007,présidentielle
35,147,Lanhélin,549,369,174,375,6,4,104.0,Gauche,2007,présidentielle
35,147,Lanhélin,549,369,174,375,6,5,14.0,Écologie,2007,présidentielle
35,147,Lanhélin,549,369,174,375,6,6,1.0,Divers,2007,présidentielle
35,147,Lanhélin,549,369,174,375,6,7,1.0,Divers,2007,présidentielle
35,147,Lanhélin,549,369,174,375,6,8,31.0,Centre,2007,présidentielle
35,147,Lanhélin,549,369,174,375,6,9,172.0,Droite,2007,présidentielle
35,147,Lanhélin,549,369,174,375,6,10,10.0,Droite,2007,présidentielle
35,147,Lanhélin,549,369,174,375,6,11,2.0,Droite,2007,présidentielle
35,147,Lanhélin,549,369,174,375,6,12,5.0,Extrême Droite,2007,présidentielle
35,148,Lanrigan,94,78,16,78,0,0,1.0,Extrême Gauche,2007,présidentielle
35,148,Lanrigan,94,78,16,78,0,1,0.0,Extrême Gauche,2007,présidentielle
35,148,Lanrigan,94,78,16,78,0,2,2.0,Extrême Gauche,2007,présidentielle
35,148,Lanrigan,94,78,16,78,0,3,3.0,Gauche,2007,présidentielle
35,148,Lanrigan,94,78,16,78,0,4,27.0,Gauche,2007,présidentielle
35,148,Lanrigan,94,78,16,78,0,5,1.0,Écologie,2007,présidentielle
35,148,Lanrigan,94,78,16,78,0,6,0.0,Divers,2007,présidentielle
35,148,Lanrigan,94,78,16,78,0,7,0.0,Divers,2007,présidentielle
35,148,Lanrigan,94,78,16,78,0,8,2.0,Centre,2007,présidentielle
35,148,Lanrigan,94,78,16,78,0,9,38.0,Droite,2007,présidentielle
35,148,Lanrigan,94,78,16,78,0,10,1.0,Droite,2007,présidentielle
35,148,Lanrigan,94,78,16,78,0,11,0.0,Droite,2007,présidentielle
35,148,Lanrigan,94,78,16,78,0,12,3.0,Extrême Droite,2007,présidentielle
35,149,Lassy,881,535,334,547,12,0,2.0,Extrême Gauche,2007,présidentielle
35,149,Lassy,881,535,334,547,12,1,20.0,Extrême Gauche,2007,présidentielle
35,149,Lassy,881,535,334,547,12,2,8.0,Gauche,2007,présidentielle
35,149,Lassy,881,535,334,547,12,3,193.0,Gauche,2007,présidentielle
35,149,Lassy,881,535,334,547,12,4,6.0,Gauche,2007,présidentielle
35,149,Lassy,881,535,334,547,12,5,24.0,Écologie,2007,présidentielle
35,149,Lassy,881,535,334,547,12,6,6.0,Régionalisme,2007,présidentielle
35,149,Lassy,881,535,334,547,12,7,11.0,Droite,2007,présidentielle
35,149,Lassy,881,535,334,547,12,8,9.0,Divers,2007,présidentielle
35,149,Lassy,881,535,334,547,12,9,54.0,Centre,2007,présidentielle
35,149,Lassy,881,535,334,547,12,10,187.0,Droite,2007,présidentielle
35,149,Lassy,881,535,334,547,12,11,4.0,Droite,2007,présidentielle
35,149,Lassy,881,535,334,547,12,12,11.0,Extrême Droite,2007,présidentielle
35,150,Lécousse,2486,1663,792,1694,31,0,9.0,Extrême Gauche,2007,présidentielle
35,150,Lécousse,2486,1663,792,1694,31,1,57.0,Extrême Gauche,2007,présidentielle
35,150,Lécousse,2486,1663,792,1694,31,2,49.0,Gauche,2007,présidentielle
35,150,Lécousse,2486,1663,792,1694,31,3,56.0,Gauche,2007,présidentielle
35,150,Lécousse,2486,1663,792,1694,31,4,275.0,Écologie,2007,présidentielle
35,150,Lécousse,2486,1663,792,1694,31,5,20.0,Écologie,2007,présidentielle
35,150,Lécousse,2486,1663,792,1694,31,6,9.0,Divers,2007,présidentielle
35,150,Lécousse,2486,1663,792,1694,31,7,833.0,Centre,2007,présidentielle
35,150,Lécousse,2486,1663,792,1694,31,8,302.0,Droite,2007,présidentielle
35,150,Lécousse,2486,1663,792,1694,31,9,7.0,Droite,2007,présidentielle
35,150,Lécousse,2486,1663,792,1694,31,10,12.0,Droite,2007,présidentielle
35,150,Lécousse,2486,1663,792,1694,31,11,34.0,Extrême Droite,2007,présidentielle
35,151,Lieuron,506,299,197,309,10,0,3.0,Extrême Gauche,2007,présidentielle
35,151,Lieuron,506,299,197,309,10,1,11.0,Extrême Gauche,2007,présidentielle
35,151,Lieuron,506,299,197,309,10,2,4.0,Gauche,2007,présidentielle
35,151,Lieuron,506,299,197,309,10,3,110.0,Gauche,2007,présidentielle
35,151,Lieuron,506,299,197,309,10,4,6.0,Gauche,2007,présidentielle
35,151,Lieuron,506,299,197,309,10,5,3.0,Écologie,2007,présidentielle
35,151,Lieuron,506,299,197,309,10,6,12.0,Régionalisme,2007,présidentielle
35,151,Lieuron,506,299,197,309,10,7,6.0,Droite,2007,présidentielle
35,151,Lieuron,506,299,197,309,10,8,6.0,Divers,2007,présidentielle
35,151,Lieuron,506,299,197,309,10,9,21.0,Centre,2007,présidentielle
35,151,Lieuron,506,299,197,309,10,10,111.0,Droite,2007,présidentielle
35,151,Lieuron,506,299,197,309,10,11,1.0,Droite,2007,présidentielle
35,151,Lieuron,506,299,197,309,10,12,5.0,Extrême Droite,2007,présidentielle
35,152,Liffré,4950,3067,1807,3143,76,0,22.0,Extrême Gauche,2007,présidentielle
35,152,Liffré,4950,3067,1807,3143,76,1,133.0,Extrême Gauche,2007,présidentielle
35,152,Liffré,4950,3067,1807,3143,76,2,119.0,Gauche,2007,présidentielle
35,152,Liffré,4950,3067,1807,3143,76,3,269.0,Gauche,2007,présidentielle
35,152,Liffré,4950,3067,1807,3143,76,4,842.0,Écologie,2007,présidentielle
35,152,Liffré,4950,3067,1807,3143,76,5,126.0,Écologie,2007,présidentielle
35,152,Liffré,4950,3067,1807,3143,76,6,30.0,Divers,2007,présidentielle
35,152,Liffré,4950,3067,1807,3143,76,7,313.0,Centre,2007,présidentielle
35,152,Liffré,4950,3067,1807,3143,76,8,1107.0,Droite,2007,présidentielle
35,152,Liffré,4950,3067,1807,3143,76,9,21.0,Droite,2007,présidentielle
35,152,Liffré,4950,3067,1807,3143,76,10,13.0,Droite,2007,présidentielle
35,152,Liffré,4950,3067,1807,3143,76,11,72.0,Extrême Droite,2007,présidentielle
35,153,Lillemer,197,126,67,130,4,0,1.0,Extrême Gauche,2007,présidentielle
35,153,Lillemer,197,126,67,130,4,1,1.0,Extrême Gauche,2007,présidentielle
35,153,Lillemer,197,126,67,130,4,2,1.0,Extrême Gauche,2007,présidentielle
35,153,Lillemer,197,126,67,130,4,3,3.0,Gauche,2007,présidentielle
35,153,Lillemer,197,126,67,130,4,4,23.0,Gauche,2007,présidentielle
35,153,Lillemer,197,126,67,130,4,5,1.0,Régionalisme,2007,présidentielle
35,153,Lillemer,197,126,67,130,4,6,7.0,Droite,2007,présidentielle
35,153,Lillemer,197,126,67,130,4,7,1.0,Divers,2007,présidentielle
35,153,Lillemer,197,126,67,130,4,8,44.0,Centre,2007,présidentielle
35,153,Lillemer,197,126,67,130,4,9,39.0,Droite,2007,présidentielle
35,153,Lillemer,197,126,67,130,4,10,2.0,Droite,2007,présidentielle
35,153,Lillemer,197,126,67,130,4,11,3.0,Extrême Droite,2007,présidentielle
35,153,Lillemer,197,126,67,130,4,12,0.0,Extrême Droite,2007,présidentielle
35,154,Livré-sur-Changeon,1030,661,347,683,22,0,6.0,Extrême Gauche,2007,présidentielle
35,154,Livré-sur-Changeon,1030,661,347,683,22,1,14.0,Extrême Gauche,2007,présidentielle
35,154,Livré-sur-Changeon,1030,661,347,683,22,2,8.0,Gauche,2007,présidentielle
35,154,Livré-sur-Changeon,1030,661,347,683,22,3,91.0,Gauche,2007,présidentielle
35,154,Livré-sur-Changeon,1030,661,347,683,22,4,130.0,Écologie,2007,présidentielle
35,154,Livré-sur-Changeon,1030,661,347,683,22,5,11.0,Écologie,2007,présidentielle
35,154,Livré-sur-Changeon,1030,661,347,683,22,6,6.0,Divers,2007,présidentielle
35,154,Livré-sur-Changeon,1030,661,347,683,22,7,86.0,Centre,2007,présidentielle
35,154,Livré-sur-Changeon,1030,661,347,683,22,8,286.0,Droite,2007,présidentielle
35,154,Livré-sur-Changeon,1030,661,347,683,22,9,1.0,Droite,2007,présidentielle
35,154,Livré-sur-Changeon,1030,661,347,683,22,10,12.0,Droite,2007,présidentielle
35,154,Livré-sur-Changeon,1030,661,347,683,22,11,10.0,Extrême Droite,2007,présidentielle
35,155,Lohéac,497,311,182,315,4,0,2.0,Extrême Gauche,2007,présidentielle
35,155,Lohéac,497,311,182,315,4,1,7.0,Extrême Gauche,2007,présidentielle
35,155,Lohéac,497,311,182,315,4,2,3.0,Gauche,2007,présidentielle
35,155,Lohéac,497,311,182,315,4,3,102.0,Gauche,2007,présidentielle
35,155,Lohéac,497,311,182,315,4,4,5.0,Gauche,2007,présidentielle
35,155,Lohéac,497,311,182,315,4,5,5.0,Écologie,2007,présidentielle
35,155,Lohéac,497,311,182,315,4,6,6.0,Régionalisme,2007,présidentielle
35,155,Lohéac,497,311,182,315,4,7,9.0,Droite,2007,présidentielle
35,155,Lohéac,497,311,182,315,4,8,3.0,Divers,2007,présidentielle
35,155,Lohéac,497,311,182,315,4,9,22.0,Centre,2007,présidentielle
35,155,Lohéac,497,311,182,315,4,10,137.0,Droite,2007,présidentielle
35,155,Lohéac,497,311,182,315,4,11,5.0,Droite,2007,présidentielle
35,155,Lohéac,497,311,182,315,4,12,5.0,Extrême Droite,2007,présidentielle
35,156,Longaulnay,383,260,116,267,7,0,4.0,Extrême Gauche,2007,présidentielle
35,156,Longaulnay,383,260,116,267,7,1,0.0,Extrême Gauche,2007,présidentielle
35,156,Longaulnay,383,260,116,267,7,2,5.0,Extrême Gauche,2007,présidentielle
35,156,Longaulnay,383,260,116,267,7,3,2.0,Gauche,2007,présidentielle
35,156,Longaulnay,383,260,116,267,7,4,102.0,Gauche,2007,présidentielle
35,156,Longaulnay,383,260,116,267,7,5,8.0,Écologie,2007,présidentielle
35,156,Longaulnay,383,260,116,267,7,6,2.0,Divers,2007,présidentielle
35,156,Longaulnay,383,260,116,267,7,7,0.0,Divers,2007,présidentielle
35,156,Longaulnay,383,260,116,267,7,8,27.0,Centre,2007,présidentielle
35,156,Longaulnay,383,260,116,267,7,9,102.0,Droite,2007,présidentielle
35,156,Longaulnay,383,260,116,267,7,10,5.0,Droite,2007,présidentielle
35,156,Longaulnay,383,260,116,267,7,11,0.0,Droite,2007,présidentielle
35,156,Longaulnay,383,260,116,267,7,12,3.0,Extrême Droite,2007,présidentielle
35,157,Le Loroux,391,263,123,268,5,0,6.0,Extrême Gauche,2007,présidentielle
35,157,Le Loroux,391,263,123,268,5,1,3.0,Extrême Gauche,2007,présidentielle
35,157,Le Loroux,391,263,123,268,5,2,3.0,Gauche,2007,présidentielle
35,157,Le Loroux,391,263,123,268,5,3,6.0,Gauche,2007,présidentielle
35,157,Le Loroux,391,263,123,268,5,4,31.0,Écologie,2007,présidentielle
35,157,Le Loroux,391,263,123,268,5,5,2.0,Écologie,2007,présidentielle
35,157,Le Loroux,391,263,123,268,5,6,1.0,Divers,2007,présidentielle
35,157,Le Loroux,391,263,123,268,5,7,64.0,Centre,2007,présidentielle
35,157,Le Loroux,391,263,123,268,5,8,131.0,Droite,2007,présidentielle
35,157,Le Loroux,391,263,123,268,5,9,4.0,Droite,2007,présidentielle
35,157,Le Loroux,391,263,123,268,5,10,4.0,Droite,2007,présidentielle
35,157,Le Loroux,391,263,123,268,5,11,8.0,Extrême Droite,2007,présidentielle
35,158,Le Lou-du-Lac,97,77,20,77,0,0,0.0,Extrême Gauche,2007,présidentielle
35,158,Le Lou-du-Lac,97,77,20,77,0,1,1.0,Extrême Gauche,2007,présidentielle
35,158,Le Lou-du-Lac,97,77,20,77,0,2,1.0,Extrême Gauche,2007,présidentielle
35,158,Le Lou-du-Lac,97,77,20,77,0,3,1.0,Gauche,2007,présidentielle
35,158,Le Lou-du-Lac,97,77,20,77,0,4,4.0,Gauche,2007,présidentielle
35,158,Le Lou-du-Lac,97,77,20,77,0,5,9.0,Gauche,2007,présidentielle
35,158,Le Lou-du-Lac,97,77,20,77,0,6,2.0,Écologie,2007,présidentielle
35,158,Le Lou-du-Lac,97,77,20,77,0,7,0.0,Écologie,2007,présidentielle
35,158,Le Lou-du-Lac,97,77,20,77,0,8,3.0,Divers,2007,présidentielle
35,158,Le Lou-du-Lac,97,77,20,77,0,9,9.0,Centre,2007,présidentielle
35,158,Le Lou-du-Lac,97,77,20,77,0,10,47.0,Droite,2007,présidentielle
35,158,Le Lou-du-Lac,97,77,20,77,0,11,0.0,Droite,2007,présidentielle
35,158,Le Lou-du-Lac,97,77,20,77,0,12,0.0,Extrême Droite,2007,présidentielle
35,159,Lourmais,227,147,72,155,8,0,5.0,Extrême Gauche,2007,présidentielle
35,159,Lourmais,227,147,72,155,8,1,0.0,Extrême Gauche,2007,présidentielle
35,159,Lourmais,227,147,72,155,8,2,7.0,Extrême Gauche,2007,présidentielle
35,159,Lourmais,227,147,72,155,8,3,0.0,Gauche,2007,présidentielle
35,159,Lourmais,227,147,72,155,8,4,40.0,Gauche,2007,présidentielle
35,159,Lourmais,227,147,72,155,8,5,8.0,Écologie,2007,présidentielle
35,159,Lourmais,227,147,72,155,8,6,0.0,Divers,2007,présidentielle
35,159,Lourmais,227,147,72,155,8,7,0.0,Divers,2007,présidentielle
35,159,Lourmais,227,147,72,155,8,8,10.0,Centre,2007,présidentielle
35,159,Lourmais,227,147,72,155,8,9,71.0,Droite,2007,présidentielle
35,159,Lourmais,227,147,72,155,8,10,1.0,Droite,2007,présidentielle
35,159,Lourmais,227,147,72,155,8,11,0.0,Droite,2007,présidentielle
35,159,Lourmais,227,147,72,155,8,12,5.0,Extrême Droite,2007,présidentielle
35,160,Loutehel,168,113,53,115,2,0,0.0,Extrême Gauche,2007,présidentielle
35,160,Loutehel,168,113,53,115,2,1,2.0,Extrême Gauche,2007,présidentielle
35,160,Loutehel,168,113,53,115,2,2,0.0,Gauche,2007,présidentielle
35,160,Loutehel,168,113,53,115,2,3,31.0,Gauche,2007,présidentielle
35,160,Loutehel,168,113,53,115,2,4,2.0,Gauche,2007,présidentielle
35,160,Loutehel,168,113,53,115,2,5,11.0,Écologie,2007,présidentielle
35,160,Loutehel,168,113,53,115,2,6,2.0,Régionalisme,2007,présidentielle
35,160,Loutehel,168,113,53,115,2,7,0.0,Droite,2007,présidentielle
35,160,Loutehel,168,113,53,115,2,8,1.0,Divers,2007,présidentielle
35,160,Loutehel,168,113,53,115,2,9,6.0,Centre,2007,présidentielle
35,160,Loutehel,168,113,53,115,2,10,50.0,Droite,2007,présidentielle
35,160,Loutehel,168,113,53,115,2,11,5.0,Droite,2007,présidentielle
35,160,Loutehel,168,113,53,115,2,12,3.0,Extrême Droite,2007,présidentielle
35,161,Louvigné-de-Bais,1207,744,451,756,12,0,6.0,Extrême Gauche,2007,présidentielle
35,161,Louvigné-de-Bais,1207,744,451,756,12,1,7.0,Extrême Gauche,2007,présidentielle
35,161,Louvigné-de-Bais,1207,744,451,756,12,2,1.0,Gauche,2007,présidentielle
35,161,Louvigné-de-Bais,1207,744,451,756,12,3,98.0,Gauche,2007,présidentielle
35,161,Louvigné-de-Bais,1207,744,451,756,12,4,24.0,Régionalisme,2007,présidentielle
35,161,Louvigné-de-Bais,1207,744,451,756,12,5,3.0,Régionalisme,2007,présidentielle
35,161,Louvigné-de-Bais,1207,744,451,756,12,6,9.0,Divers,2007,présidentielle
35,161,Louvigné-de-Bais,1207,744,451,756,12,7,114.0,Centre,2007,présidentielle
35,161,Louvigné-de-Bais,1207,744,451,756,12,8,453.0,Droite,2007,présidentielle
35,161,Louvigné-de-Bais,1207,744,451,756,12,9,10.0,Droite,2007,présidentielle
35,161,Louvigné-de-Bais,1207,744,451,756,12,10,19.0,Extrême Droite,2007,présidentielle
35,162,Louvigné-du-Désert,3036,1840,1147,1889,49,0,13.0,Extrême Gauche,2007,présidentielle
35,162,Louvigné-du-Désert,3036,1840,1147,1889,49,1,51.0,Extrême Gauche,2007,présidentielle
35,162,Louvigné-du-Désert,3036,1840,1147,1889,49,2,45.0,Gauche,2007,présidentielle
35,162,Louvigné-du-Désert,3036,1840,1147,1889,49,3,111.0,Gauche,2007,présidentielle
35,162,Louvigné-du-Désert,3036,1840,1147,1889,49,4,215.0,Écologie,2007,présidentielle
35,162,Louvigné-du-Désert,3036,1840,1147,1889,49,5,25.0,Écologie,2007,présidentielle
35,162,Louvigné-du-Désert,3036,1840,1147,1889,49,6,24.0,Divers,2007,présidentielle
35,162,Louvigné-du-Désert,3036,1840,1147,1889,49,7,381.0,Centre,2007,présidentielle
35,162,Louvigné-du-Désert,3036,1840,1147,1889,49,8,879.0,Droite,2007,présidentielle
35,162,Louvigné-du-Désert,3036,1840,1147,1889,49,9,26.0,Droite,2007,présidentielle
35,162,Louvigné-du-Désert,3036,1840,1147,1889,49,10,18.0,Droite,2007,présidentielle
35,162,Louvigné-du-Désert,3036,1840,1147,1889,49,11,52.0,Extrême Droite,2007,présidentielle
35,163,Luitré,1003,646,335,668,22,0,7.0,Extrême Gauche,2007,présidentielle
35,163,Luitré,1003,646,335,668,22,1,11.0,Extrême Gauche,2007,présidentielle
35,163,Luitré,1003,646,335,668,22,2,19.0,Gauche,2007,présidentielle
35,163,Luitré,1003,646,335,668,22,3,21.0,Gauche,2007,présidentielle
35,163,Luitré,1003,646,335,668,22,4,68.0,Écologie,2007,présidentielle
35,163,Luitré,1003,646,335,668,22,5,10.0,Écologie,2007,présidentielle
35,163,Luitré,1003,646,335,668,22,6,2.0,Divers,2007,présidentielle
35,163,Luitré,1003,646,335,668,22,7,158.0,Centre,2007,présidentielle
35,163,Luitré,1003,646,335,668,22,8,295.0,Droite,2007,présidentielle
35,163,Luitré,1003,646,335,668,22,9,5.0,Droite,2007,présidentielle
35,163,Luitré,1003,646,335,668,22,10,43.0,Droite,2007,présidentielle
35,163,Luitré,1003,646,335,668,22,11,7.0,Extrême Droite,2007,présidentielle
35,164,Marcillé-Raoul,549,331,204,345,14,0,4.0,Extrême Gauche,2007,présidentielle
35,164,Marcillé-Raoul,549,331,204,345,14,1,11.0,Extrême Gauche,2007,présidentielle
35,164,Marcillé-Raoul,549,331,204,345,14,2,14.0,Gauche,2007,présidentielle
35,164,Marcillé-Raoul,549,331,204,345,14,3,25.0,Gauche,2007,présidentielle
35,164,Marcillé-Raoul,549,331,204,345,14,4,51.0,Écologie,2007,présidentielle
35,164,Marcillé-Raoul,549,331,204,345,14,5,5.0,Écologie,2007,présidentielle
35,164,Marcillé-Raoul,549,331,204,345,14,6,4.0,Divers,2007,présidentielle
35,164,Marcillé-Raoul,549,331,204,345,14,7,41.0,Centre,2007,présidentielle
35,164,Marcillé-Raoul,549,331,204,345,14,8,165.0,Droite,2007,présidentielle
35,164,Marcillé-Raoul,549,331,204,345,14,9,3.0,Droite,2007,présidentielle
35,164,Marcillé-Raoul,549,331,204,345,14,10,0.0,Droite,2007,présidentielle
35,164,Marcillé-Raoul,549,331,204,345,14,11,8.0,Extrême Droite,2007,présidentielle
35,165,Marcillé-Robert,645,398,245,400,2,0,7.0,Extrême Gauche,2007,présidentielle
35,165,Marcillé-Robert,645,398,245,400,2,1,1.0,Extrême Gauche,2007,présidentielle
35,165,Marcillé-Robert,645,398,245,400,2,2,3.0,Gauche,2007,présidentielle
35,165,Marcillé-Robert,645,398,245,400,2,3,54.0,Gauche,2007,présidentielle
35,165,Marcillé-Robert,645,398,245,400,2,4,8.0,Régionalisme,2007,présidentielle
35,165,Marcillé-Robert,645,398,245,400,2,5,6.0,Régionalisme,2007,présidentielle
35,165,Marcillé-Robert,645,398,245,400,2,6,4.0,Divers,2007,présidentielle
35,165,Marcillé-Robert,645,398,245,400,2,7,49.0,Centre,2007,présidentielle
35,165,Marcillé-Robert,645,398,245,400,2,8,253.0,Droite,2007,présidentielle
35,165,Marcillé-Robert,645,398,245,400,2,9,6.0,Droite,2007,présidentielle
35,165,Marcillé-Robert,645,398,245,400,2,10,7.0,Extrême Droite,2007,présidentielle
35,166,Marpiré,710,433,269,441,8,0,11.0,Extrême Gauche,2007,présidentielle
35,166,Marpiré,710,433,269,441,8,1,6.0,Extrême Gauche,2007,présidentielle
35,166,Marpiré,710,433,269,441,8,2,1.0,Gauche,2007,présidentielle
35,166,Marpiré,710,433,269,441,8,3,73.0,Gauche,2007,présidentielle
35,166,Marpiré,710,433,269,441,8,4,14.0,Régionalisme,2007,présidentielle
35,166,Marpiré,710,433,269,441,8,5,6.0,Régionalisme,2007,présidentielle
35,166,Marpiré,710,433,269,441,8,6,2.0,Divers,2007,présidentielle
35,166,Marpiré,710,433,269,441,8,7,58.0,Centre,2007,présidentielle
35,166,Marpiré,710,433,269,441,8,8,253.0,Droite,2007,présidentielle
35,166,Marpiré,710,433,269,441,8,9,0.0,Droite,2007,présidentielle
35,166,Marpiré,710,433,269,441,8,10,9.0,Extrême Droite,2007,présidentielle
35,167,Martigné-Ferchaud,2092,1265,801,1291,26,0,13.0,Extrême Gauche,2007,présidentielle
35,167,Martigné-Ferchaud,2092,1265,801,1291,26,1,3.0,Extrême Gauche,2007,présidentielle
35,167,Martigné-Ferchaud,2092,1265,801,1291,26,2,7.0,Gauche,2007,présidentielle
35,167,Martigné-Ferchaud,2092,1265,801,1291,26,3,186.0,Gauche,2007,présidentielle
35,167,Martigné-Ferchaud,2092,1265,801,1291,26,4,27.0,Régionalisme,2007,présidentielle
35,167,Martigné-Ferchaud,2092,1265,801,1291,26,5,23.0,Régionalisme,2007,présidentielle
35,167,Martigné-Ferchaud,2092,1265,801,1291,26,6,9.0,Divers,2007,présidentielle
35,167,Martigné-Ferchaud,2092,1265,801,1291,26,7,270.0,Centre,2007,présidentielle
35,167,Martigné-Ferchaud,2092,1265,801,1291,26,8,680.0,Droite,2007,présidentielle
35,167,Martigné-Ferchaud,2092,1265,801,1291,26,9,25.0,Droite,2007,présidentielle
35,167,Martigné-Ferchaud,2092,1265,801,1291,26,10,22.0,Extrême Droite,2007,présidentielle
35,168,Maure-de-Bretagne,2281,1305,945,1336,31,0,27.0,Extrême Gauche,2007,présidentielle
35,168,Maure-de-Bretagne,2281,1305,945,1336,31,1,32.0,Extrême Gauche,2007,présidentielle
35,168,Maure-de-Bretagne,2281,1305,945,1336,31,2,17.0,Gauche,2007,présidentielle
35,168,Maure-de-Bretagne,2281,1305,945,1336,31,3,356.0,Gauche,2007,présidentielle
35,168,Maure-de-Bretagne,2281,1305,945,1336,31,4,21.0,Gauche,2007,présidentielle
35,168,Maure-de-Bretagne,2281,1305,945,1336,31,5,32.0,Écologie,2007,présidentielle
35,168,Maure-de-Bretagne,2281,1305,945,1336,31,6,16.0,Régionalisme,2007,présidentielle
35,168,Maure-de-Bretagne,2281,1305,945,1336,31,7,25.0,Droite,2007,présidentielle
35,168,Maure-de-Bretagne,2281,1305,945,1336,31,8,11.0,Divers,2007,présidentielle
35,168,Maure-de-Bretagne,2281,1305,945,1336,31,9,106.0,Centre,2007,présidentielle
35,168,Maure-de-Bretagne,2281,1305,945,1336,31,10,598.0,Droite,2007,présidentielle
35,168,Maure-de-Bretagne,2281,1305,945,1336,31,11,15.0,Droite,2007,présidentielle
35,168,Maure-de-Bretagne,2281,1305,945,1336,31,12,49.0,Extrême Droite,2007,présidentielle
35,169,Maxent,936,595,327,609,14,0,10.0,Extrême Gauche,2007,présidentielle
35,169,Maxent,936,595,327,609,14,1,15.0,Extrême Gauche,2007,présidentielle
35,169,Maxent,936,595,327,609,14,2,16.0,Gauche,2007,présidentielle
35,169,Maxent,936,595,327,609,14,3,129.0,Gauche,2007,présidentielle
35,169,Maxent,936,595,327,609,14,4,104.0,Gauche,2007,présidentielle
35,169,Maxent,936,595,327,609,14,5,22.0,Écologie,2007,présidentielle
35,169,Maxent,936,595,327,609,14,6,3.0,Régionalisme,2007,présidentielle
35,169,Maxent,936,595,327,609,14,7,2.0,Droite,2007,présidentielle
35,169,Maxent,936,595,327,609,14,8,5.0,Divers,2007,présidentielle
35,169,Maxent,936,595,327,609,14,9,57.0,Centre,2007,présidentielle
35,169,Maxent,936,595,327,609,14,10,206.0,Droite,2007,présidentielle
35,169,Maxent,936,595,327,609,14,11,9.0,Droite,2007,présidentielle
35,169,Maxent,936,595,327,609,14,12,17.0,Extrême Droite,2007,présidentielle
35,170,Mecé,421,277,141,280,3,0,4.0,Extrême Gauche,2007,présidentielle
35,170,Mecé,421,277,141,280,3,1,1.0,Extrême Gauche,2007,présidentielle
35,170,Mecé,421,277,141,280,3,2,3.0,Gauche,2007,présidentielle
35,170,Mecé,421,277,141,280,3,3,46.0,Gauche,2007,présidentielle
35,170,Mecé,421,277,141,280,3,4,11.0,Régionalisme,2007,présidentielle
35,170,Mecé,421,277,141,280,3,5,4.0,Régionalisme,2007,présidentielle
35,170,Mecé,421,277,141,280,3,6,0.0,Divers,2007,présidentielle
35,170,Mecé,421,277,141,280,3,7,37.0,Centre,2007,présidentielle
35,170,Mecé,421,277,141,280,3,8,163.0,Droite,2007,présidentielle
35,170,Mecé,421,277,141,280,3,9,2.0,Droite,2007,présidentielle
35,170,Mecé,421,277,141,280,3,10,6.0,Extrême Droite,2007,présidentielle
35,171,Médréac,1295,823,462,833,10,0,11.0,Extrême Gauche,2007,présidentielle
35,171,Médréac,1295,823,462,833,10,1,2.0,Extrême Gauche,2007,présidentielle
35,171,Médréac,1295,823,462,833,10,2,15.0,Extrême Gauche,2007,présidentielle
35,171,Médréac,1295,823,462,833,10,3,4.0,Gauche,2007,présidentielle
35,171,Médréac,1295,823,462,833,10,4,97.0,Gauche,2007,présidentielle
35,171,Médréac,1295,823,462,833,10,5,166.0,Gauche,2007,présidentielle
35,171,Médréac,1295,823,462,833,10,6,27.0,Écologie,2007,présidentielle
35,171,Médréac,1295,823,462,833,10,7,12.0,Écologie,2007,présidentielle
35,171,Médréac,1295,823,462,833,10,8,6.0,Divers,2007,présidentielle
35,171,Médréac,1295,823,462,833,10,9,58.0,Centre,2007,présidentielle
35,171,Médréac,1295,823,462,833,10,10,400.0,Droite,2007,présidentielle
35,171,Médréac,1295,823,462,833,10,11,5.0,Droite,2007,présidentielle
35,171,Médréac,1295,823,462,833,10,12,20.0,Extrême Droite,2007,présidentielle
35,172,Meillac,1127,724,388,739,15,0,12.0,Extrême Gauche,2007,présidentielle
35,172,Meillac,1127,724,388,739,15,1,5.0,Extrême Gauche,2007,présidentielle
35,172,Meillac,1127,724,388,739,15,2,22.0,Extrême Gauche,2007,présidentielle
35,172,Meillac,1127,724,388,739,15,3,11.0,Gauche,2007,présidentielle
35,172,Meillac,1127,724,388,739,15,4,275.0,Gauche,2007,présidentielle
35,172,Meillac,1127,724,388,739,15,5,22.0,Écologie,2007,présidentielle
35,172,Meillac,1127,724,388,739,15,6,4.0,Divers,2007,présidentielle
35,172,Meillac,1127,724,388,739,15,7,0.0,Divers,2007,présidentielle
35,172,Meillac,1127,724,388,739,15,8,51.0,Centre,2007,présidentielle
35,172,Meillac,1127,724,388,739,15,9,287.0,Droite,2007,présidentielle
35,172,Meillac,1127,724,388,739,15,10,10.0,Droite,2007,présidentielle
35,172,Meillac,1127,724,388,739,15,11,1.0,Droite,2007,présidentielle
35,172,Meillac,1127,724,388,739,15,12,24.0,Extrême Droite,2007,présidentielle
35,173,Melesse,4124,2556,1509,2615,59,0,27.0,Extrême Gauche,2007,présidentielle
35,173,Melesse,4124,2556,1509,2615,59,1,8.0,Extrême Gauche,2007,présidentielle
35,173,Melesse,4124,2556,1509,2615,59,2,83.0,Extrême Gauche,2007,présidentielle
35,173,Melesse,4124,2556,1509,2615,59,3,30.0,Gauche,2007,présidentielle
35,173,Melesse,4124,2556,1509,2615,59,4,898.0,Gauche,2007,présidentielle
35,173,Melesse,4124,2556,1509,2615,59,5,107.0,Écologie,2007,présidentielle
35,173,Melesse,4124,2556,1509,2615,59,6,22.0,Divers,2007,présidentielle
35,173,Melesse,4124,2556,1509,2615,59,7,3.0,Divers,2007,présidentielle
35,173,Melesse,4124,2556,1509,2615,59,8,230.0,Centre,2007,présidentielle
35,173,Melesse,4124,2556,1509,2615,59,9,1062.0,Droite,2007,présidentielle
35,173,Melesse,4124,2556,1509,2615,59,10,26.0,Droite,2007,présidentielle
35,173,Melesse,4124,2556,1509,2615,59,11,9.0,Droite,2007,présidentielle
35,173,Melesse,4124,2556,1509,2615,59,12,51.0,Extrême Droite,2007,présidentielle
35,174,Mellé,523,303,212,311,8,0,7.0,Extrême Gauche,2007,présidentielle
35,174,Mellé,523,303,212,311,8,1,5.0,Extrême Gauche,2007,présidentielle
35,174,Mellé,523,303,212,311,8,2,7.0,Gauche,2007,présidentielle
35,174,Mellé,523,303,212,311,8,3,5.0,Gauche,2007,présidentielle
35,174,Mellé,523,303,212,311,8,4,37.0,Écologie,2007,présidentielle
35,174,Mellé,523,303,212,311,8,5,1.0,Écologie,2007,présidentielle
35,174,Mellé,523,303,212,311,8,6,3.0,Divers,2007,présidentielle
35,174,Mellé,523,303,212,311,8,7,97.0,Centre,2007,présidentielle
35,174,Mellé,523,303,212,311,8,8,129.0,Droite,2007,présidentielle
35,174,Mellé,523,303,212,311,8,9,4.0,Droite,2007,présidentielle
35,174,Mellé,523,303,212,311,8,10,0.0,Droite,2007,présidentielle
35,174,Mellé,523,303,212,311,8,11,8.0,Extrême Droite,2007,présidentielle
35,175,Mernel,638,381,245,393,12,0,5.0,Extrême Gauche,2007,présidentielle
35,175,Mernel,638,381,245,393,12,1,9.0,Extrême Gauche,2007,présidentielle
35,175,Mernel,638,381,245,393,12,2,0.0,Gauche,2007,présidentielle
35,175,Mernel,638,381,245,393,12,3,131.0,Gauche,2007,présidentielle
35,175,Mernel,638,381,245,393,12,4,6.0,Gauche,2007,présidentielle
35,175,Mernel,638,381,245,393,12,5,11.0,Écologie,2007,présidentielle
35,175,Mernel,638,381,245,393,12,6,7.0,Régionalisme,2007,présidentielle
35,175,Mernel,638,381,245,393,12,7,4.0,Droite,2007,présidentielle
35,175,Mernel,638,381,245,393,12,8,1.0,Divers,2007,présidentielle
35,175,Mernel,638,381,245,393,12,9,31.0,Centre,2007,présidentielle
35,175,Mernel,638,381,245,393,12,10,161.0,Droite,2007,présidentielle
35,175,Mernel,638,381,245,393,12,11,9.0,Droite,2007,présidentielle
35,175,Mernel,638,381,245,393,12,12,6.0,Extrême Droite,2007,présidentielle
35,176,Messac,2022,1180,822,1200,20,0,15.0,Extrême Gauche,2007,présidentielle
35,176,Messac,2022,1180,822,1200,20,1,39.0,Extrême Gauche,2007,présidentielle
35,176,Messac,2022,1180,822,1200,20,2,13.0,Gauche,2007,présidentielle
35,176,Messac,2022,1180,822,1200,20,3,366.0,Gauche,2007,présidentielle
35,176,Messac,2022,1180,822,1200,20,4,15.0,Gauche,2007,présidentielle
35,176,Messac,2022,1180,822,1200,20,5,38.0,Écologie,2007,présidentielle
35,176,Messac,2022,1180,822,1200,20,6,9.0,Régionalisme,2007,présidentielle
35,176,Messac,2022,1180,822,1200,20,7,13.0,Droite,2007,présidentielle
35,176,Messac,2022,1180,822,1200,20,8,16.0,Divers,2007,présidentielle
35,176,Messac,2022,1180,822,1200,20,9,107.0,Centre,2007,présidentielle
35,176,Messac,2022,1180,822,1200,20,10,487.0,Droite,2007,présidentielle
35,176,Messac,2022,1180,822,1200,20,11,27.0,Droite,2007,présidentielle
35,176,Messac,2022,1180,822,1200,20,12,35.0,Extrême Droite,2007,présidentielle
35,177,La Mézière,2623,1759,828,1795,36,0,15.0,Extrême Gauche,2007,présidentielle
35,177,La Mézière,2623,1759,828,1795,36,1,2.0,Extrême Gauche,2007,présidentielle
35,177,La Mézière,2623,1759,828,1795,36,2,52.0,Extrême Gauche,2007,présidentielle
35,177,La Mézière,2623,1759,828,1795,36,3,20.0,Gauche,2007,présidentielle
35,177,La Mézière,2623,1759,828,1795,36,4,743.0,Gauche,2007,présidentielle
35,177,La Mézière,2623,1759,828,1795,36,5,79.0,Écologie,2007,présidentielle
35,177,La Mézière,2623,1759,828,1795,36,6,17.0,Divers,2007,présidentielle
35,177,La Mézière,2623,1759,828,1795,36,7,3.0,Divers,2007,présidentielle
35,177,La Mézière,2623,1759,828,1795,36,8,154.0,Centre,2007,présidentielle
35,177,La Mézière,2623,1759,828,1795,36,9,622.0,Droite,2007,présidentielle
35,177,La Mézière,2623,1759,828,1795,36,10,19.0,Droite,2007,présidentielle
35,177,La Mézière,2623,1759,828,1795,36,11,5.0,Droite,2007,présidentielle
35,177,La Mézière,2623,1759,828,1795,36,12,28.0,Extrême Droite,2007,présidentielle
35,178,Mézières-sur-Couesnon,834,539,285,549,10,0,6.0,Extrême Gauche,2007,présidentielle
35,178,Mézières-sur-Couesnon,834,539,285,549,10,1,14.0,Extrême Gauche,2007,présidentielle
35,178,Mézières-sur-Couesnon,834,539,285,549,10,2,8.0,Gauche,2007,présidentielle
35,178,Mézières-sur-Couesnon,834,539,285,549,10,3,151.0,Gauche,2007,présidentielle
35,178,Mézières-sur-Couesnon,834,539,285,549,10,4,68.0,Écologie,2007,présidentielle
35,178,Mézières-sur-Couesnon,834,539,285,549,10,5,8.0,Écologie,2007,présidentielle
35,178,Mézières-sur-Couesnon,834,539,285,549,10,6,6.0,Divers,2007,présidentielle
35,178,Mézières-sur-Couesnon,834,539,285,549,10,7,79.0,Centre,2007,présidentielle
35,178,Mézières-sur-Couesnon,834,539,285,549,10,8,178.0,Droite,2007,présidentielle
35,178,Mézières-sur-Couesnon,834,539,285,549,10,9,3.0,Droite,2007,présidentielle
35,178,Mézières-sur-Couesnon,834,539,285,549,10,10,4.0,Droite,2007,présidentielle
35,178,Mézières-sur-Couesnon,834,539,285,549,10,11,14.0,Extrême Droite,2007,présidentielle
35,179,Miniac-Morvan,2437,1518,889,1548,30,0,7.0,Extrême Gauche,2007,présidentielle
35,179,Miniac-Morvan,2437,1518,889,1548,30,1,13.0,Extrême Gauche,2007,présidentielle
35,179,Miniac-Morvan,2437,1518,889,1548,30,2,53.0,Extrême Gauche,2007,présidentielle
35,179,Miniac-Morvan,2437,1518,889,1548,30,3,19.0,Gauche,2007,présidentielle
35,179,Miniac-Morvan,2437,1518,889,1548,30,4,342.0,Gauche,2007,présidentielle
35,179,Miniac-Morvan,2437,1518,889,1548,30,5,34.0,Régionalisme,2007,présidentielle
35,179,Miniac-Morvan,2437,1518,889,1548,30,6,29.0,Droite,2007,présidentielle
35,179,Miniac-Morvan,2437,1518,889,1548,30,7,0.0,Divers,2007,présidentielle
35,179,Miniac-Morvan,2437,1518,889,1548,30,8,487.0,Centre,2007,présidentielle
35,179,Miniac-Morvan,2437,1518,889,1548,30,9,494.0,Droite,2007,présidentielle
35,179,Miniac-Morvan,2437,1518,889,1548,30,10,13.0,Droite,2007,présidentielle
35,179,Miniac-Morvan,2437,1518,889,1548,30,11,26.0,Extrême Droite,2007,présidentielle
35,179,Miniac-Morvan,2437,1518,889,1548,30,12,1.0,Extrême Droite,2007,présidentielle
35,180,Miniac-sous-Bécherel,488,303,179,309,6,0,2.0,Extrême Gauche,2007,présidentielle
35,180,Miniac-sous-Bécherel,488,303,179,309,6,1,0.0,Extrême Gauche,2007,présidentielle
35,180,Miniac-sous-Bécherel,488,303,179,309,6,2,11.0,Extrême Gauche,2007,présidentielle
35,180,Miniac-sous-Bécherel,488,303,179,309,6,3,1.0,Gauche,2007,présidentielle
35,180,Miniac-sous-Bécherel,488,303,179,309,6,4,30.0,Gauche,2007,présidentielle
35,180,Miniac-sous-Bécherel,488,303,179,309,6,5,53.0,Gauche,2007,présidentielle
35,180,Miniac-sous-Bécherel,488,303,179,309,6,6,15.0,Écologie,2007,présidentielle
35,180,Miniac-sous-Bécherel,488,303,179,309,6,7,2.0,Écologie,2007,présidentielle
35,180,Miniac-sous-Bécherel,488,303,179,309,6,8,3.0,Divers,2007,présidentielle
35,180,Miniac-sous-Bécherel,488,303,179,309,6,9,31.0,Centre,2007,présidentielle
35,180,Miniac-sous-Bécherel,488,303,179,309,6,10,142.0,Droite,2007,présidentielle
35,180,Miniac-sous-Bécherel,488,303,179,309,6,11,5.0,Droite,2007,présidentielle
35,180,Miniac-sous-Bécherel,488,303,179,309,6,12,8.0,Extrême Droite,2007,présidentielle
35,181,Le Minihic-sur-Rance,1225,772,450,775,3,0,2.0,Extrême Gauche,2007,présidentielle
35,181,Le Minihic-sur-Rance,1225,772,450,775,3,1,1.0,Extrême Gauche,2007,présidentielle
35,181,Le Minihic-sur-Rance,1225,772,450,775,3,2,18.0,Extrême Gauche,2007,présidentielle
35,181,Le Minihic-sur-Rance,1225,772,450,775,3,3,20.0,Gauche,2007,présidentielle
35,181,Le Minihic-sur-Rance,1225,772,450,775,3,4,199.0,Gauche,2007,présidentielle
35,181,Le Minihic-sur-Rance,1225,772,450,775,3,5,47.0,Régionalisme,2007,présidentielle
35,181,Le Minihic-sur-Rance,1225,772,450,775,3,6,11.0,Droite,2007,présidentielle
35,181,Le Minihic-sur-Rance,1225,772,450,775,3,7,5.0,Divers,2007,présidentielle
35,181,Le Minihic-sur-Rance,1225,772,450,775,3,8,93.0,Centre,2007,présidentielle
35,181,Le Minihic-sur-Rance,1225,772,450,775,3,9,342.0,Droite,2007,présidentielle
35,181,Le Minihic-sur-Rance,1225,772,450,775,3,10,5.0,Droite,2007,présidentielle
35,181,Le Minihic-sur-Rance,1225,772,450,775,3,11,23.0,Extrême Droite,2007,présidentielle
35,181,Le Minihic-sur-Rance,1225,772,450,775,3,12,6.0,Extrême Droite,2007,présidentielle
35,183,Mondevert,541,307,228,313,6,0,4.0,Extrême Gauche,2007,présidentielle
35,183,Mondevert,541,307,228,313,6,1,1.0,Extrême Gauche,2007,présidentielle
35,183,Mondevert,541,307,228,313,6,2,2.0,Gauche,2007,présidentielle
35,183,Mondevert,541,307,228,313,6,3,37.0,Gauche,2007,présidentielle
35,183,Mondevert,541,307,228,313,6,4,12.0,Régionalisme,2007,présidentielle
35,183,Mondevert,541,307,228,313,6,5,2.0,Régionalisme,2007,présidentielle
35,183,Mondevert,541,307,228,313,6,6,0.0,Divers,2007,présidentielle
35,183,Mondevert,541,307,228,313,6,7,38.0,Centre,2007,présidentielle
35,183,Mondevert,541,307,228,313,6,8,203.0,Droite,2007,présidentielle
35,183,Mondevert,541,307,228,313,6,9,2.0,Droite,2007,présidentielle
35,183,Mondevert,541,307,228,313,6,10,6.0,Extrême Droite,2007,présidentielle
35,184,Montauban-de-Bretagne,3450,2109,1317,2133,24,0,15.0,Extrême Gauche,2007,présidentielle
35,184,Montauban-de-Bretagne,3450,2109,1317,2133,24,1,7.0,Extrême Gauche,2007,présidentielle
35,184,Montauban-de-Bretagne,3450,2109,1317,2133,24,2,39.0,Extrême Gauche,2007,présidentielle
35,184,Montauban-de-Bretagne,3450,2109,1317,2133,24,3,16.0,Gauche,2007,présidentielle
35,184,Montauban-de-Bretagne,3450,2109,1317,2133,24,4,245.0,Gauche,2007,présidentielle
35,184,Montauban-de-Bretagne,3450,2109,1317,2133,24,5,531.0,Gauche,2007,présidentielle
35,184,Montauban-de-Bretagne,3450,2109,1317,2133,24,6,55.0,Écologie,2007,présidentielle
35,184,Montauban-de-Bretagne,3450,2109,1317,2133,24,7,13.0,Écologie,2007,présidentielle
35,184,Montauban-de-Bretagne,3450,2109,1317,2133,24,8,13.0,Divers,2007,présidentielle
35,184,Montauban-de-Bretagne,3450,2109,1317,2133,24,9,162.0,Centre,2007,présidentielle
35,184,Montauban-de-Bretagne,3450,2109,1317,2133,24,10,961.0,Droite,2007,présidentielle
35,184,Montauban-de-Bretagne,3450,2109,1317,2133,24,11,23.0,Droite,2007,présidentielle
35,184,Montauban-de-Bretagne,3450,2109,1317,2133,24,12,29.0,Extrême Droite,2007,présidentielle
35,185,Montautour,195,129,66,129,0,0,0.0,Extrême Gauche,2007,présidentielle
35,185,Montautour,195,129,66,129,0,1,0.0,Extrême Gauche,2007,présidentielle
35,185,Montautour,195,129,66,129,0,2,0.0,Gauche,2007,présidentielle
35,185,Montautour,195,129,66,129,0,3,13.0,Gauche,2007,présidentielle
35,185,Montautour,195,129,66,129,0,4,4.0,Régionalisme,2007,présidentielle
35,185,Montautour,195,129,66,129,0,5,0.0,Régionalisme,2007,présidentielle
35,185,Montautour,195,129,66,129,0,6,2.0,Divers,2007,présidentielle
35,185,Montautour,195,129,66,129,0,7,14.0,Centre,2007,présidentielle
35,185,Montautour,195,129,66,129,0,8,92.0,Droite,2007,présidentielle
35,185,Montautour,195,129,66,129,0,9,0.0,Droite,2007,présidentielle
35,185,Montautour,195,129,66,129,0,10,4.0,Extrême Droite,2007,présidentielle
35,186,Mont-Dol,943,603,333,610,7,0,1.0,Extrême Gauche,2007,présidentielle
35,186,Mont-Dol,943,603,333,610,7,1,6.0,Extrême Gauche,2007,présidentielle
35,186,Mont-Dol,943,603,333,610,7,2,11.0,Extrême Gauche,2007,présidentielle
35,186,Mont-Dol,943,603,333,610,7,3,16.0,Gauche,2007,présidentielle
35,186,Mont-Dol,943,603,333,610,7,4,170.0,Gauche,2007,présidentielle
35,186,Mont-Dol,943,603,333,610,7,5,20.0,Régionalisme,2007,présidentielle
35,186,Mont-Dol,943,603,333,610,7,6,12.0,Droite,2007,présidentielle
35,186,Mont-Dol,943,603,333,610,7,7,4.0,Divers,2007,présidentielle
35,186,Mont-Dol,943,603,333,610,7,8,55.0,Centre,2007,présidentielle
35,186,Mont-Dol,943,603,333,610,7,9,292.0,Droite,2007,présidentielle
35,186,Mont-Dol,943,603,333,610,7,10,3.0,Droite,2007,présidentielle
35,186,Mont-Dol,943,603,333,610,7,11,13.0,Extrême Droite,2007,présidentielle
35,186,Mont-Dol,943,603,333,610,7,12,0.0,Extrême Droite,2007,présidentielle
35,187,Monterfil,860,622,212,648,26,0,8.0,Extrême Gauche,2007,présidentielle
35,187,Monterfil,860,622,212,648,26,1,23.0,Extrême Gauche,2007,présidentielle
35,187,Monterfil,860,622,212,648,26,2,5.0,Gauche,2007,présidentielle
35,187,Monterfil,860,622,212,648,26,3,210.0,Gauche,2007,présidentielle
35,187,Monterfil,860,622,212,648,26,4,12.0,Gauche,2007,présidentielle
35,187,Monterfil,860,622,212,648,26,5,26.0,Écologie,2007,présidentielle
35,187,Monterfil,860,622,212,648,26,6,3.0,Régionalisme,2007,présidentielle
35,187,Monterfil,860,622,212,648,26,7,6.0,Droite,2007,présidentielle
35,187,Monterfil,860,622,212,648,26,8,8.0,Divers,2007,présidentielle
35,187,Monterfil,860,622,212,648,26,9,46.0,Centre,2007,présidentielle
35,187,Monterfil,860,622,212,648,26,10,253.0,Droite,2007,présidentielle
35,187,Monterfil,860,622,212,648,26,11,6.0,Droite,2007,présidentielle
35,187,Monterfil,860,622,212,648,26,12,16.0,Extrême Droite,2007,présidentielle
35,188,Montfort-sur-Meu,4258,2760,1466,2792,32,0,29.0,Extrême Gauche,2007,présidentielle
35,188,Montfort-sur-Meu,4258,2760,1466,2792,32,1,1.0,Extrême Gauche,2007,présidentielle
35,188,Montfort-sur-Meu,4258,2760,1466,2792,32,2,60.0,Extrême Gauche,2007,présidentielle
35,188,Montfort-sur-Meu,4258,2760,1466,2792,32,3,37.0,Gauche,2007,présidentielle
35,188,Montfort-sur-Meu,4258,2760,1466,2792,32,4,242.0,Gauche,2007,présidentielle
35,188,Montfort-sur-Meu,4258,2760,1466,2792,32,5,866.0,Gauche,2007,présidentielle
35,188,Montfort-sur-Meu,4258,2760,1466,2792,32,6,94.0,Écologie,2007,présidentielle
35,188,Montfort-sur-Meu,4258,2760,1466,2792,32,7,26.0,Écologie,2007,présidentielle
35,188,Montfort-sur-Meu,4258,2760,1466,2792,32,8,22.0,Divers,2007,présidentielle
35,188,Montfort-sur-Meu,4258,2760,1466,2792,32,9,241.0,Centre,2007,présidentielle
35,188,Montfort-sur-Meu,4258,2760,1466,2792,32,10,1079.0,Droite,2007,présidentielle
35,188,Montfort-sur-Meu,4258,2760,1466,2792,32,11,37.0,Droite,2007,présidentielle
35,188,Montfort-sur-Meu,4258,2760,1466,2792,32,12,26.0,Extrême Droite,2007,présidentielle
35,189,Montgermont,2301,1537,744,1557,20,0,7.0,Extrême Gauche,2007,présidentielle
35,189,Montgermont,2301,1537,744,1557,20,1,3.0,Extrême Gauche,2007,présidentielle
35,189,Montgermont,2301,1537,744,1557,20,2,35.0,Extrême Gauche,2007,présidentielle
35,189,Montgermont,2301,1537,744,1557,20,3,12.0,Gauche,2007,présidentielle
35,189,Montgermont,2301,1537,744,1557,20,4,635.0,Gauche,2007,présidentielle
35,189,Montgermont,2301,1537,744,1557,20,5,56.0,Écologie,2007,présidentielle
35,189,Montgermont,2301,1537,744,1557,20,6,12.0,Divers,2007,présidentielle
35,189,Montgermont,2301,1537,744,1557,20,7,1.0,Divers,2007,présidentielle
35,189,Montgermont,2301,1537,744,1557,20,8,194.0,Centre,2007,présidentielle
35,189,Montgermont,2301,1537,744,1557,20,9,544.0,Droite,2007,présidentielle
35,189,Montgermont,2301,1537,744,1557,20,10,20.0,Droite,2007,présidentielle
35,189,Montgermont,2301,1537,744,1557,20,11,3.0,Droite,2007,présidentielle
35,189,Montgermont,2301,1537,744,1557,20,12,15.0,Extrême Droite,2007,présidentielle
35,190,Monthault,202,120,79,123,3,0,3.0,Extrême Gauche,2007,présidentielle
35,190,Monthault,202,120,79,123,3,1,6.0,Extrême Gauche,2007,présidentielle
35,190,Monthault,202,120,79,123,3,2,3.0,Gauche,2007,présidentielle
35,190,Monthault,202,120,79,123,3,3,4.0,Gauche,2007,présidentielle
35,190,Monthault,202,120,79,123,3,4,10.0,Écologie,2007,présidentielle
35,190,Monthault,202,120,79,123,3,5,0.0,Écologie,2007,présidentielle
35,190,Monthault,202,120,79,123,3,6,0.0,Divers,2007,présidentielle
35,190,Monthault,202,120,79,123,3,7,15.0,Centre,2007,présidentielle
35,190,Monthault,202,120,79,123,3,8,74.0,Droite,2007,présidentielle
35,190,Monthault,202,120,79,123,3,9,4.0,Droite,2007,présidentielle
35,190,Monthault,202,120,79,123,3,10,0.0,Droite,2007,présidentielle
35,190,Monthault,202,120,79,123,3,11,1.0,Extrême Droite,2007,présidentielle
35,191,Montours,680,458,205,475,17,0,10.0,Extrême Gauche,2007,présidentielle
35,191,Montours,680,458,205,475,17,1,8.0,Extrême Gauche,2007,présidentielle
35,191,Montours,680,458,205,475,17,2,5.0,Gauche,2007,présidentielle
35,191,Montours,680,458,205,475,17,3,43.0,Gauche,2007,présidentielle
35,191,Montours,680,458,205,475,17,4,81.0,Écologie,2007,présidentielle
35,191,Montours,680,458,205,475,17,5,5.0,Écologie,2007,présidentielle
35,191,Montours,680,458,205,475,17,6,3.0,Divers,2007,présidentielle
35,191,Montours,680,458,205,475,17,7,124.0,Centre,2007,présidentielle
35,191,Montours,680,458,205,475,17,8,159.0,Droite,2007,présidentielle
35,191,Montours,680,458,205,475,17,9,2.0,Droite,2007,présidentielle
35,191,Montours,680,458,205,475,17,10,1.0,Droite,2007,présidentielle
35,191,Montours,680,458,205,475,17,11,17.0,Extrême Droite,2007,présidentielle
35,192,Montreuil-des-Landes,166,111,53,113,2,0,3.0,Extrême Gauche,2007,présidentielle
35,192,Montreuil-des-Landes,166,111,53,113,2,1,2.0,Extrême Gauche,2007,présidentielle
35,192,Montreuil-des-Landes,166,111,53,113,2,2,4.0,Gauche,2007,présidentielle
35,192,Montreuil-des-Landes,166,111,53,113,2,3,9.0,Gauche,2007,présidentielle
35,192,Montreuil-des-Landes,166,111,53,113,2,4,3.0,Régionalisme,2007,présidentielle
35,192,Montreuil-des-Landes,166,111,53,113,2,5,3.0,Régionalisme,2007,présidentielle
35,192,Montreuil-des-Landes,166,111,53,113,2,6,0.0,Divers,2007,présidentielle
35,192,Montreuil-des-Landes,166,111,53,113,2,7,16.0,Centre,2007,présidentielle
35,192,Montreuil-des-Landes,166,111,53,113,2,8,67.0,Droite,2007,présidentielle
35,192,Montreuil-des-Landes,166,111,53,113,2,9,2.0,Droite,2007,présidentielle
35,192,Montreuil-des-Landes,166,111,53,113,2,10,2.0,Extrême Droite,2007,présidentielle
35,193,Montreuil-le-Gast,1350,869,471,879,10,0,12.0,Extrême Gauche,2007,présidentielle
35,193,Montreuil-le-Gast,1350,869,471,879,10,1,7.0,Extrême Gauche,2007,présidentielle
35,193,Montreuil-le-Gast,1350,869,471,879,10,2,36.0,Extrême Gauche,2007,présidentielle
35,193,Montreuil-le-Gast,1350,869,471,879,10,3,17.0,Gauche,2007,présidentielle
35,193,Montreuil-le-Gast,1350,869,471,879,10,4,367.0,Gauche,2007,présidentielle
35,193,Montreuil-le-Gast,1350,869,471,879,10,5,38.0,Écologie,2007,présidentielle
35,193,Montreuil-le-Gast,1350,869,471,879,10,6,12.0,Divers,2007,présidentielle
35,193,Montreuil-le-Gast,1350,869,471,879,10,7,2.0,Divers,2007,présidentielle
35,193,Montreuil-le-Gast,1350,869,471,879,10,8,93.0,Centre,2007,présidentielle
35,193,Montreuil-le-Gast,1350,869,471,879,10,9,260.0,Droite,2007,présidentielle
35,193,Montreuil-le-Gast,1350,869,471,879,10,10,6.0,Droite,2007,présidentielle
35,193,Montreuil-le-Gast,1350,869,471,879,10,11,2.0,Droite,2007,présidentielle
35,193,Montreuil-le-Gast,1350,869,471,879,10,12,17.0,Extrême Droite,2007,présidentielle
35,194,Montreuil-sous-Pérouse,834,540,285,549,9,0,6.0,Extrême Gauche,2007,présidentielle
35,194,Montreuil-sous-Pérouse,834,540,285,549,9,1,2.0,Extrême Gauche,2007,présidentielle
35,194,Montreuil-sous-Pérouse,834,540,285,549,9,2,3.0,Gauche,2007,présidentielle
35,194,Montreuil-sous-Pérouse,834,540,285,549,9,3,108.0,Gauche,2007,présidentielle
35,194,Montreuil-sous-Pérouse,834,540,285,549,9,4,28.0,Régionalisme,2007,présidentielle
35,194,Montreuil-sous-Pérouse,834,540,285,549,9,5,2.0,Régionalisme,2007,présidentielle
35,194,Montreuil-sous-Pérouse,834,540,285,549,9,6,2.0,Divers,2007,présidentielle
35,194,Montreuil-sous-Pérouse,834,540,285,549,9,7,77.0,Centre,2007,présidentielle
35,194,Montreuil-sous-Pérouse,834,540,285,549,9,8,305.0,Droite,2007,présidentielle
35,194,Montreuil-sous-Pérouse,834,540,285,549,9,9,1.0,Droite,2007,présidentielle
35,194,Montreuil-sous-Pérouse,834,540,285,549,9,10,6.0,Extrême Droite,2007,présidentielle
35,195,Montreuil-sur-Ille,1380,847,518,862,15,0,8.0,Extrême Gauche,2007,présidentielle
35,195,Montreuil-sur-Ille,1380,847,518,862,15,1,5.0,Extrême Gauche,2007,présidentielle
35,195,Montreuil-sur-Ille,1380,847,518,862,15,2,36.0,Extrême Gauche,2007,présidentielle
35,195,Montreuil-sur-Ille,1380,847,518,862,15,3,8.0,Gauche,2007,présidentielle
35,195,Montreuil-sur-Ille,1380,847,518,862,15,4,406.0,Gauche,2007,présidentielle
35,195,Montreuil-sur-Ille,1380,847,518,862,15,5,37.0,Écologie,2007,présidentielle
35,195,Montreuil-sur-Ille,1380,847,518,862,15,6,10.0,Divers,2007,présidentielle
35,195,Montreuil-sur-Ille,1380,847,518,862,15,7,6.0,Divers,2007,présidentielle
35,195,Montreuil-sur-Ille,1380,847,518,862,15,8,62.0,Centre,2007,présidentielle
35,195,Montreuil-sur-Ille,1380,847,518,862,15,9,237.0,Droite,2007,présidentielle
35,195,Montreuil-sur-Ille,1380,847,518,862,15,10,8.0,Droite,2007,présidentielle
35,195,Montreuil-sur-Ille,1380,847,518,862,15,11,0.0,Droite,2007,présidentielle
35,195,Montreuil-sur-Ille,1380,847,518,862,15,12,24.0,Extrême Droite,2007,présidentielle
35,196,Mordelles,5279,3331,1883,3396,65,0,19.0,Extrême Gauche,2007,présidentielle
35,196,Mordelles,5279,3331,1883,3396,65,1,5.0,Extrême Gauche,2007,présidentielle
35,196,Mordelles,5279,3331,1883,3396,65,2,99.0,Extrême Gauche,2007,présidentielle
35,196,Mordelles,5279,3331,1883,3396,65,3,43.0,Gauche,2007,présidentielle
35,196,Mordelles,5279,3331,1883,3396,65,4,403.0,Gauche,2007,présidentielle
35,196,Mordelles,5279,3331,1883,3396,65,5,743.0,Gauche,2007,présidentielle
35,196,Mordelles,5279,3331,1883,3396,65,6,121.0,Écologie,2007,présidentielle
35,196,Mordelles,5279,3331,1883,3396,65,7,40.0,Écologie,2007,présidentielle
35,196,Mordelles,5279,3331,1883,3396,65,8,17.0,Divers,2007,présidentielle
35,196,Mordelles,5279,3331,1883,3396,65,9,383.0,Centre,2007,présidentielle
35,196,Mordelles,5279,3331,1883,3396,65,10,1346.0,Droite,2007,présidentielle
35,196,Mordelles,5279,3331,1883,3396,65,11,48.0,Droite,2007,présidentielle
35,196,Mordelles,5279,3331,1883,3396,65,12,64.0,Extrême Droite,2007,présidentielle
35,197,Mouazé,779,461,314,465,4,0,6.0,Extrême Gauche,2007,présidentielle
35,197,Mouazé,779,461,314,465,4,1,2.0,Extrême Gauche,2007,présidentielle
35,197,Mouazé,779,461,314,465,4,2,19.0,Extrême Gauche,2007,présidentielle
35,197,Mouazé,779,461,314,465,4,3,12.0,Gauche,2007,présidentielle
35,197,Mouazé,779,461,314,465,4,4,191.0,Gauche,2007,présidentielle
35,197,Mouazé,779,461,314,465,4,5,19.0,Écologie,2007,présidentielle
35,197,Mouazé,779,461,314,465,4,6,2.0,Divers,2007,présidentielle
35,197,Mouazé,779,461,314,465,4,7,0.0,Divers,2007,présidentielle
35,197,Mouazé,779,461,314,465,4,8,53.0,Centre,2007,présidentielle
35,197,Mouazé,779,461,314,465,4,9,139.0,Droite,2007,présidentielle
35,197,Mouazé,779,461,314,465,4,10,6.0,Droite,2007,présidentielle
35,197,Mouazé,779,461,314,465,4,11,0.0,Droite,2007,présidentielle
35,197,Mouazé,779,461,314,465,4,12,12.0,Extrême Droite,2007,présidentielle
35,198,Moulins,460,292,164,296,4,0,0.0,Extrême Gauche,2007,présidentielle
35,198,Moulins,460,292,164,296,4,1,4.0,Extrême Gauche,2007,présidentielle
35,198,Moulins,460,292,164,296,4,2,1.0,Gauche,2007,présidentielle
35,198,Moulins,460,292,164,296,4,3,65.0,Gauche,2007,présidentielle
35,198,Moulins,460,292,164,296,4,4,11.0,Régionalisme,2007,présidentielle
35,198,Moulins,460,292,164,296,4,5,8.0,Régionalisme,2007,présidentielle
35,198,Moulins,460,292,164,296,4,6,1.0,Divers,2007,présidentielle
35,198,Moulins,460,292,164,296,4,7,43.0,Centre,2007,présidentielle
35,198,Moulins,460,292,164,296,4,8,154.0,Droite,2007,présidentielle
35,198,Moulins,460,292,164,296,4,9,3.0,Droite,2007,présidentielle
35,198,Moulins,460,292,164,296,4,10,2.0,Extrême Droite,2007,présidentielle
35,199,Moussé,192,126,61,131,5,0,0.0,Extrême Gauche,2007,présidentielle
35,199,Moussé,192,126,61,131,5,1,0.0,Extrême Gauche,2007,présidentielle
35,199,Moussé,192,126,61,131,5,2,0.0,Gauche,2007,présidentielle
35,199,Moussé,192,126,61,131,5,3,12.0,Gauche,2007,présidentielle
35,199,Moussé,192,126,61,131,5,4,1.0,Régionalisme,2007,présidentielle
35,199,Moussé,192,126,61,131,5,5,0.0,Régionalisme,2007,présidentielle
35,199,Moussé,192,126,61,131,5,6,1.0,Divers,2007,présidentielle
35,199,Moussé,192,126,61,131,5,7,15.0,Centre,2007,présidentielle
35,199,Moussé,192,126,61,131,5,8,92.0,Droite,2007,présidentielle
35,199,Moussé,192,126,61,131,5,9,0.0,Droite,2007,présidentielle
35,199,Moussé,192,126,61,131,5,10,5.0,Extrême Droite,2007,présidentielle
35,200,Moutiers,594,345,245,349,4,0,5.0,Extrême Gauche,2007,présidentielle
35,200,Moutiers,594,345,245,349,4,1,0.0,Extrême Gauche,2007,présidentielle
35,200,Moutiers,594,345,245,349,4,2,0.0,Gauche,2007,présidentielle
35,200,Moutiers,594,345,245,349,4,3,45.0,Gauche,2007,présidentielle
35,200,Moutiers,594,345,245,349,4,4,10.0,Régionalisme,2007,présidentielle
35,200,Moutiers,594,345,245,349,4,5,3.0,Régionalisme,2007,présidentielle
35,200,Moutiers,594,345,245,349,4,6,1.0,Divers,2007,présidentielle
35,200,Moutiers,594,345,245,349,4,7,39.0,Centre,2007,présidentielle
35,200,Moutiers,594,345,245,349,4,8,235.0,Droite,2007,présidentielle
35,200,Moutiers,594,345,245,349,4,9,3.0,Droite,2007,présidentielle
35,200,Moutiers,594,345,245,349,4,10,4.0,Extrême Droite,2007,présidentielle
35,201,Muel,580,356,214,366,10,0,4.0,Extrême Gauche,2007,présidentielle
35,201,Muel,580,356,214,366,10,1,0.0,Extrême Gauche,2007,présidentielle
35,201,Muel,580,356,214,366,10,2,8.0,Extrême Gauche,2007,présidentielle
35,201,Muel,580,356,214,366,10,3,0.0,Gauche,2007,présidentielle
35,201,Muel,580,356,214,366,10,4,30.0,Gauche,2007,présidentielle
35,201,Muel,580,356,214,366,10,5,91.0,Gauche,2007,présidentielle
35,201,Muel,580,356,214,366,10,6,12.0,Écologie,2007,présidentielle
35,201,Muel,580,356,214,366,10,7,4.0,Écologie,2007,présidentielle
35,201,Muel,580,356,214,366,10,8,2.0,Divers,2007,présidentielle
35,201,Muel,580,356,214,366,10,9,23.0,Centre,2007,présidentielle
35,201,Muel,580,356,214,366,10,10,171.0,Droite,2007,présidentielle
35,201,Muel,580,356,214,366,10,11,1.0,Droite,2007,présidentielle
35,201,Muel,580,356,214,366,10,12,10.0,Extrême Droite,2007,présidentielle
35,202,La Noë-Blanche,718,398,304,414,16,0,8.0,Extrême Gauche,2007,présidentielle
35,202,La Noë-Blanche,718,398,304,414,16,1,2.0,Extrême Gauche,2007,présidentielle
35,202,La Noë-Blanche,718,398,304,414,16,2,4.0,Gauche,2007,présidentielle
35,202,La Noë-Blanche,718,398,304,414,16,3,83.0,Gauche,2007,présidentielle
35,202,La Noë-Blanche,718,398,304,414,16,4,8.0,Gauche,2007,présidentielle
35,202,La Noë-Blanche,718,398,304,414,16,5,9.0,Écologie,2007,présidentielle
35,202,La Noë-Blanche,718,398,304,414,16,6,5.0,Régionalisme,2007,présidentielle
35,202,La Noë-Blanche,718,398,304,414,16,7,19.0,Droite,2007,présidentielle
35,202,La Noë-Blanche,718,398,304,414,16,8,2.0,Divers,2007,présidentielle
35,202,La Noë-Blanche,718,398,304,414,16,9,36.0,Centre,2007,présidentielle
35,202,La Noë-Blanche,718,398,304,414,16,10,186.0,Droite,2007,présidentielle
35,202,La Noë-Blanche,718,398,304,414,16,11,11.0,Droite,2007,présidentielle
35,202,La Noë-Blanche,718,398,304,414,16,12,25.0,Extrême Droite,2007,présidentielle
35,203,La Nouaye,175,128,45,130,2,0,0.0,Extrême Gauche,2007,présidentielle
35,203,La Nouaye,175,128,45,130,2,1,1.0,Extrême Gauche,2007,présidentielle
35,203,La Nouaye,175,128,45,130,2,2,1.0,Extrême Gauche,2007,présidentielle
35,203,La Nouaye,175,128,45,130,2,3,4.0,Gauche,2007,présidentielle
35,203,La Nouaye,175,128,45,130,2,4,18.0,Gauche,2007,présidentielle
35,203,La Nouaye,175,128,45,130,2,5,41.0,Gauche,2007,présidentielle
35,203,La Nouaye,175,128,45,130,2,6,8.0,Écologie,2007,présidentielle
35,203,La Nouaye,175,128,45,130,2,7,1.0,Écologie,2007,présidentielle
35,203,La Nouaye,175,128,45,130,2,8,2.0,Divers,2007,présidentielle
35,203,La Nouaye,175,128,45,130,2,9,8.0,Centre,2007,présidentielle
35,203,La Nouaye,175,128,45,130,2,10,40.0,Droite,2007,présidentielle
35,203,La Nouaye,175,128,45,130,2,11,0.0,Droite,2007,présidentielle
35,203,La Nouaye,175,128,45,130,2,12,4.0,Extrême Droite,2007,présidentielle
35,204,Nouvoitou,2165,1309,836,1329,20,0,18.0,Extrême Gauche,2007,présidentielle
35,204,Nouvoitou,2165,1309,836,1329,20,1,9.0,Extrême Gauche,2007,présidentielle
35,204,Nouvoitou,2165,1309,836,1329,20,2,22.0,Gauche,2007,présidentielle
35,204,Nouvoitou,2165,1309,836,1329,20,3,403.0,Gauche,2007,présidentielle
35,204,Nouvoitou,2165,1309,836,1329,20,4,56.0,Régionalisme,2007,présidentielle
35,204,Nouvoitou,2165,1309,836,1329,20,5,18.0,Régionalisme,2007,présidentielle
35,204,Nouvoitou,2165,1309,836,1329,20,6,14.0,Divers,2007,présidentielle
35,204,Nouvoitou,2165,1309,836,1329,20,7,182.0,Centre,2007,présidentielle
35,204,Nouvoitou,2165,1309,836,1329,20,8,552.0,Droite,2007,présidentielle
35,204,Nouvoitou,2165,1309,836,1329,20,9,12.0,Droite,2007,présidentielle
35,204,Nouvoitou,2165,1309,836,1329,20,10,23.0,Extrême Droite,2007,présidentielle
35,205,Noyal-sous-Bazouges,291,195,94,197,2,0,3.0,Extrême Gauche,2007,présidentielle
35,205,Noyal-sous-Bazouges,291,195,94,197,2,1,9.0,Extrême Gauche,2007,présidentielle
35,205,Noyal-sous-Bazouges,291,195,94,197,2,2,4.0,Gauche,2007,présidentielle
35,205,Noyal-sous-Bazouges,291,195,94,197,2,3,15.0,Gauche,2007,présidentielle
35,205,Noyal-sous-Bazouges,291,195,94,197,2,4,32.0,Écologie,2007,présidentielle
35,205,Noyal-sous-Bazouges,291,195,94,197,2,5,2.0,Écologie,2007,présidentielle
35,205,Noyal-sous-Bazouges,291,195,94,197,2,6,8.0,Divers,2007,présidentielle
35,205,Noyal-sous-Bazouges,291,195,94,197,2,7,14.0,Centre,2007,présidentielle
35,205,Noyal-sous-Bazouges,291,195,94,197,2,8,98.0,Droite,2007,présidentielle
35,205,Noyal-sous-Bazouges,291,195,94,197,2,9,3.0,Droite,2007,présidentielle
35,205,Noyal-sous-Bazouges,291,195,94,197,2,10,1.0,Droite,2007,présidentielle
35,205,Noyal-sous-Bazouges,291,195,94,197,2,11,6.0,Extrême Droite,2007,présidentielle
35,206,Noyal-Châtillon-sur-Seiche,4299,2758,1497,2802,44,0,27.0,Extrême Gauche,2007,présidentielle
35,206,Noyal-Châtillon-sur-Seiche,4299,2758,1497,2802,44,1,86.0,Extrême Gauche,2007,présidentielle
35,206,Noyal-Châtillon-sur-Seiche,4299,2758,1497,2802,44,2,48.0,Gauche,2007,présidentielle
35,206,Noyal-Châtillon-sur-Seiche,4299,2758,1497,2802,44,3,976.0,Gauche,2007,présidentielle
35,206,Noyal-Châtillon-sur-Seiche,4299,2758,1497,2802,44,4,37.0,Gauche,2007,présidentielle
35,206,Noyal-Châtillon-sur-Seiche,4299,2758,1497,2802,44,5,138.0,Écologie,2007,présidentielle
35,206,Noyal-Châtillon-sur-Seiche,4299,2758,1497,2802,44,6,20.0,Régionalisme,2007,présidentielle
35,206,Noyal-Châtillon-sur-Seiche,4299,2758,1497,2802,44,7,19.0,Droite,2007,présidentielle
35,206,Noyal-Châtillon-sur-Seiche,4299,2758,1497,2802,44,8,31.0,Divers,2007,présidentielle
35,206,Noyal-Châtillon-sur-Seiche,4299,2758,1497,2802,44,9,311.0,Centre,2007,présidentielle
35,206,Noyal-Châtillon-sur-Seiche,4299,2758,1497,2802,44,10,986.0,Droite,2007,présidentielle
35,206,Noyal-Châtillon-sur-Seiche,4299,2758,1497,2802,44,11,28.0,Droite,2007,présidentielle
35,206,Noyal-Châtillon-sur-Seiche,4299,2758,1497,2802,44,12,51.0,Extrême Droite,2007,présidentielle
35,207,Noyal-sur-Vilaine,3742,2391,1320,2422,31,0,31.0,Extrême Gauche,2007,présidentielle
35,207,Noyal-sur-Vilaine,3742,2391,1320,2422,31,1,33.0,Extrême Gauche,2007,présidentielle
35,207,Noyal-sur-Vilaine,3742,2391,1320,2422,31,2,28.0,Gauche,2007,présidentielle
35,207,Noyal-sur-Vilaine,3742,2391,1320,2422,31,3,696.0,Gauche,2007,présidentielle
35,207,Noyal-sur-Vilaine,3742,2391,1320,2422,31,4,95.0,Régionalisme,2007,présidentielle
35,207,Noyal-sur-Vilaine,3742,2391,1320,2422,31,5,20.0,Régionalisme,2007,présidentielle
35,207,Noyal-sur-Vilaine,3742,2391,1320,2422,31,6,15.0,Divers,2007,présidentielle
35,207,Noyal-sur-Vilaine,3742,2391,1320,2422,31,7,264.0,Centre,2007,présidentielle
35,207,Noyal-sur-Vilaine,3742,2391,1320,2422,31,8,1159.0,Droite,2007,présidentielle
35,207,Noyal-sur-Vilaine,3742,2391,1320,2422,31,9,12.0,Droite,2007,présidentielle
35,207,Noyal-sur-Vilaine,3742,2391,1320,2422,31,10,38.0,Extrême Droite,2007,présidentielle
35,208,Orgères,2527,1624,866,1661,37,0,19.0,Extrême Gauche,2007,présidentielle
35,208,Orgères,2527,1624,866,1661,37,1,47.0,Extrême Gauche,2007,présidentielle
35,208,Orgères,2527,1624,866,1661,37,2,20.0,Gauche,2007,présidentielle
35,208,Orgères,2527,1624,866,1661,37,3,520.0,Gauche,2007,présidentielle
35,208,Orgères,2527,1624,866,1661,37,4,16.0,Gauche,2007,présidentielle
35,208,Orgères,2527,1624,866,1661,37,5,126.0,Écologie,2007,présidentielle
35,208,Orgères,2527,1624,866,1661,37,6,11.0,Régionalisme,2007,présidentielle
35,208,Orgères,2527,1624,866,1661,37,7,16.0,Droite,2007,présidentielle
35,208,Orgères,2527,1624,866,1661,37,8,18.0,Divers,2007,présidentielle
35,208,Orgères,2527,1624,866,1661,37,9,168.0,Centre,2007,présidentielle
35,208,Orgères,2527,1624,866,1661,37,10,600.0,Droite,2007,présidentielle
35,208,Orgères,2527,1624,866,1661,37,11,25.0,Droite,2007,présidentielle
35,208,Orgères,2527,1624,866,1661,37,12,38.0,Extrême Droite,2007,présidentielle
35,209,Ossé,780,471,302,478,7,0,3.0,Extrême Gauche,2007,présidentielle
35,209,Ossé,780,471,302,478,7,1,2.0,Extrême Gauche,2007,présidentielle
35,209,Ossé,780,471,302,478,7,2,2.0,Gauche,2007,présidentielle
35,209,Ossé,780,471,302,478,7,3,96.0,Gauche,2007,présidentielle
35,209,Ossé,780,471,302,478,7,4,17.0,Régionalisme,2007,présidentielle
35,209,Ossé,780,471,302,478,7,5,6.0,Régionalisme,2007,présidentielle
35,209,Ossé,780,471,302,478,7,6,4.0,Divers,2007,présidentielle
35,209,Ossé,780,471,302,478,7,7,56.0,Centre,2007,présidentielle
35,209,Ossé,780,471,302,478,7,8,276.0,Droite,2007,présidentielle
35,209,Ossé,780,471,302,478,7,9,2.0,Droite,2007,présidentielle
35,209,Ossé,780,471,302,478,7,10,7.0,Extrême Droite,2007,présidentielle
35,210,Pacé,6275,4391,1847,4428,37,0,11.0,Extrême Gauche,2007,présidentielle
35,210,Pacé,6275,4391,1847,4428,37,1,4.0,Extrême Gauche,2007,présidentielle
35,210,Pacé,6275,4391,1847,4428,37,2,73.0,Extrême Gauche,2007,présidentielle
35,210,Pacé,6275,4391,1847,4428,37,3,57.0,Gauche,2007,présidentielle
35,210,Pacé,6275,4391,1847,4428,37,4,491.0,Gauche,2007,présidentielle
35,210,Pacé,6275,4391,1847,4428,37,5,758.0,Gauche,2007,présidentielle
35,210,Pacé,6275,4391,1847,4428,37,6,155.0,Écologie,2007,présidentielle
35,210,Pacé,6275,4391,1847,4428,37,7,19.0,Écologie,2007,présidentielle
35,210,Pacé,6275,4391,1847,4428,37,8,27.0,Divers,2007,présidentielle
35,210,Pacé,6275,4391,1847,4428,37,9,446.0,Centre,2007,présidentielle
35,210,Pacé,6275,4391,1847,4428,37,10,2273.0,Droite,2007,présidentielle
35,210,Pacé,6275,4391,1847,4428,37,11,31.0,Droite,2007,présidentielle
35,210,Pacé,6275,4391,1847,4428,37,12,46.0,Extrême Droite,2007,présidentielle
35,211,Paimpont,1271,864,397,874,10,0,9.0,Extrême Gauche,2007,présidentielle
35,211,Paimpont,1271,864,397,874,10,1,21.0,Extrême Gauche,2007,présidentielle
35,211,Paimpont,1271,864,397,874,10,2,14.0,Gauche,2007,présidentielle
35,211,Paimpont,1271,864,397,874,10,3,305.0,Gauche,2007,présidentielle
35,211,Paimpont,1271,864,397,874,10,4,17.0,Gauche,2007,présidentielle
35,211,Paimpont,1271,864,397,874,10,5,36.0,Écologie,2007,présidentielle
35,211,Paimpont,1271,864,397,874,10,6,7.0,Régionalisme,2007,présidentielle
35,211,Paimpont,1271,864,397,874,10,7,8.0,Droite,2007,présidentielle
35,211,Paimpont,1271,864,397,874,10,8,12.0,Divers,2007,présidentielle
35,211,Paimpont,1271,864,397,874,10,9,62.0,Centre,2007,présidentielle
35,211,Paimpont,1271,864,397,874,10,10,320.0,Droite,2007,présidentielle
35,211,Paimpont,1271,864,397,874,10,11,13.0,Droite,2007,présidentielle
35,211,Paimpont,1271,864,397,874,10,12,40.0,Extrême Droite,2007,présidentielle
35,212,Pancé,796,484,299,497,13,0,12.0,Extrême Gauche,2007,présidentielle
35,212,Pancé,796,484,299,497,13,1,9.0,Extrême Gauche,2007,présidentielle
35,212,Pancé,796,484,299,497,13,2,5.0,Gauche,2007,présidentielle
35,212,Pancé,796,484,299,497,13,3,149.0,Gauche,2007,présidentielle
35,212,Pancé,796,484,299,497,13,4,5.0,Gauche,2007,présidentielle
35,212,Pancé,796,484,299,497,13,5,21.0,Écologie,2007,présidentielle
35,212,Pancé,796,484,299,497,13,6,12.0,Régionalisme,2007,présidentielle
35,212,Pancé,796,484,299,497,13,7,5.0,Droite,2007,présidentielle
35,212,Pancé,796,484,299,497,13,8,5.0,Divers,2007,présidentielle
35,212,Pancé,796,484,299,497,13,9,46.0,Centre,2007,présidentielle
35,212,Pancé,796,484,299,497,13,10,180.0,Droite,2007,présidentielle
35,212,Pancé,796,484,299,497,13,11,17.0,Droite,2007,présidentielle
35,212,Pancé,796,484,299,497,13,12,18.0,Extrême Droite,2007,présidentielle
35,214,Parcé,490,291,189,301,10,0,2.0,Extrême Gauche,2007,présidentielle
35,214,Parcé,490,291,189,301,10,1,6.0,Extrême Gauche,2007,présidentielle
35,214,Parcé,490,291,189,301,10,2,13.0,Gauche,2007,présidentielle
35,214,Parcé,490,291,189,301,10,3,10.0,Gauche,2007,présidentielle
35,214,Parcé,490,291,189,301,10,4,31.0,Écologie,2007,présidentielle
35,214,Parcé,490,291,189,301,10,5,0.0,Écologie,2007,présidentielle
35,214,Parcé,490,291,189,301,10,6,1.0,Divers,2007,présidentielle
35,214,Parcé,490,291,189,301,10,7,96.0,Centre,2007,présidentielle
35,214,Parcé,490,291,189,301,10,8,117.0,Droite,2007,présidentielle
35,214,Parcé,490,291,189,301,10,9,3.0,Droite,2007,présidentielle
35,214,Parcé,490,291,189,301,10,10,7.0,Droite,2007,présidentielle
35,214,Parcé,490,291,189,301,10,11,5.0,Extrême Droite,2007,présidentielle
35,215,Parigné,893,608,264,629,21,0,13.0,Extrême Gauche,2007,présidentielle
35,215,Parigné,893,608,264,629,21,1,8.0,Extrême Gauche,2007,présidentielle
35,215,Parigné,893,608,264,629,21,2,11.0,Gauche,2007,présidentielle
35,215,Parigné,893,608,264,629,21,3,34.0,Gauche,2007,présidentielle
35,215,Parigné,893,608,264,629,21,4,71.0,Écologie,2007,présidentielle
35,215,Parigné,893,608,264,629,21,5,12.0,Écologie,2007,présidentielle
35,215,Parigné,893,608,264,629,21,6,4.0,Divers,2007,présidentielle
35,215,Parigné,893,608,264,629,21,7,195.0,Centre,2007,présidentielle
35,215,Parigné,893,608,264,629,21,8,221.0,Droite,2007,présidentielle
35,215,Parigné,893,608,264,629,21,9,13.0,Droite,2007,présidentielle
35,215,Parigné,893,608,264,629,21,10,4.0,Droite,2007,présidentielle
35,215,Parigné,893,608,264,629,21,11,22.0,Extrême Droite,2007,présidentielle
35,216,Parthenay-de-Bretagne,772,547,218,554,7,0,3.0,Extrême Gauche,2007,présidentielle
35,216,Parthenay-de-Bretagne,772,547,218,554,7,1,2.0,Extrême Gauche,2007,présidentielle
35,216,Parthenay-de-Bretagne,772,547,218,554,7,2,16.0,Extrême Gauche,2007,présidentielle
35,216,Parthenay-de-Bretagne,772,547,218,554,7,3,5.0,Gauche,2007,présidentielle
35,216,Parthenay-de-Bretagne,772,547,218,554,7,4,79.0,Gauche,2007,présidentielle
35,216,Parthenay-de-Bretagne,772,547,218,554,7,5,118.0,Gauche,2007,présidentielle
35,216,Parthenay-de-Bretagne,772,547,218,554,7,6,26.0,Écologie,2007,présidentielle
35,216,Parthenay-de-Bretagne,772,547,218,554,7,7,6.0,Écologie,2007,présidentielle
35,216,Parthenay-de-Bretagne,772,547,218,554,7,8,4.0,Divers,2007,présidentielle
35,216,Parthenay-de-Bretagne,772,547,218,554,7,9,58.0,Centre,2007,présidentielle
35,216,Parthenay-de-Bretagne,772,547,218,554,7,10,219.0,Droite,2007,présidentielle
35,216,Parthenay-de-Bretagne,772,547,218,554,7,11,2.0,Droite,2007,présidentielle
35,216,Parthenay-de-Bretagne,772,547,218,554,7,12,9.0,Extrême Droite,2007,présidentielle
35,217,Le Pertre,1065,691,359,706,15,0,9.0,Extrême Gauche,2007,présidentielle
35,217,Le Pertre,1065,691,359,706,15,1,3.0,Extrême Gauche,2007,présidentielle
35,217,Le Pertre,1065,691,359,706,15,2,0.0,Gauche,2007,présidentielle
35,217,Le Pertre,1065,691,359,706,15,3,66.0,Gauche,2007,présidentielle
35,217,Le Pertre,1065,691,359,706,15,4,18.0,Régionalisme,2007,présidentielle
35,217,Le Pertre,1065,691,359,706,15,5,5.0,Régionalisme,2007,présidentielle
35,217,Le Pertre,1065,691,359,706,15,6,7.0,Divers,2007,présidentielle
35,217,Le Pertre,1065,691,359,706,15,7,83.0,Centre,2007,présidentielle
35,217,Le Pertre,1065,691,359,706,15,8,479.0,Droite,2007,présidentielle
35,217,Le Pertre,1065,691,359,706,15,9,5.0,Droite,2007,présidentielle
35,217,Le Pertre,1065,691,359,706,15,10,16.0,Extrême Droite,2007,présidentielle
35,218,Le Petit-Fougeray,466,282,171,295,13,0,6.0,Extrême Gauche,2007,présidentielle
35,218,Le Petit-Fougeray,466,282,171,295,13,1,14.0,Extrême Gauche,2007,présidentielle
35,218,Le Petit-Fougeray,466,282,171,295,13,2,1.0,Gauche,2007,présidentielle
35,218,Le Petit-Fougeray,466,282,171,295,13,3,74.0,Gauche,2007,présidentielle
35,218,Le Petit-Fougeray,466,282,171,295,13,4,4.0,Gauche,2007,présidentielle
35,218,Le Petit-Fougeray,466,282,171,295,13,5,20.0,Écologie,2007,présidentielle
35,218,Le Petit-Fougeray,466,282,171,295,13,6,4.0,Régionalisme,2007,présidentielle
35,218,Le Petit-Fougeray,466,282,171,295,13,7,2.0,Droite,2007,présidentielle
35,218,Le Petit-Fougeray,466,282,171,295,13,8,8.0,Divers,2007,présidentielle
35,218,Le Petit-Fougeray,466,282,171,295,13,9,24.0,Centre,2007,présidentielle
35,218,Le Petit-Fougeray,466,282,171,295,13,10,103.0,Droite,2007,présidentielle
35,218,Le Petit-Fougeray,466,282,171,295,13,11,6.0,Droite,2007,présidentielle
35,218,Le Petit-Fougeray,466,282,171,295,13,12,16.0,Extrême Droite,2007,présidentielle
35,219,Pipriac,2404,1353,1024,1380,27,0,18.0,Extrême Gauche,2007,présidentielle
35,219,Pipriac,2404,1353,1024,1380,27,1,24.0,Extrême Gauche,2007,présidentielle
35,219,Pipriac,2404,1353,1024,1380,27,2,14.0,Gauche,2007,présidentielle
35,219,Pipriac,2404,1353,1024,1380,27,3,395.0,Gauche,2007,présidentielle
35,219,Pipriac,2404,1353,1024,1380,27,4,11.0,Gauche,2007,présidentielle
35,219,Pipriac,2404,1353,1024,1380,27,5,36.0,Écologie,2007,présidentielle
35,219,Pipriac,2404,1353,1024,1380,27,6,29.0,Régionalisme,2007,présidentielle
35,219,Pipriac,2404,1353,1024,1380,27,7,45.0,Droite,2007,présidentielle
35,219,Pipriac,2404,1353,1024,1380,27,8,20.0,Divers,2007,présidentielle
35,219,Pipriac,2404,1353,1024,1380,27,9,90.0,Centre,2007,présidentielle
35,219,Pipriac,2404,1353,1024,1380,27,10,602.0,Droite,2007,présidentielle
35,219,Pipriac,2404,1353,1024,1380,27,11,20.0,Droite,2007,présidentielle
35,219,Pipriac,2404,1353,1024,1380,27,12,49.0,Extrême Droite,2007,présidentielle
35,220,Piré-sur-Seiche,1533,928,591,942,14,0,5.0,Extrême Gauche,2007,présidentielle
35,220,Piré-sur-Seiche,1533,928,591,942,14,1,10.0,Extrême Gauche,2007,présidentielle
35,220,Piré-sur-Seiche,1533,928,591,942,14,2,9.0,Gauche,2007,présidentielle
35,220,Piré-sur-Seiche,1533,928,591,942,14,3,167.0,Gauche,2007,présidentielle
35,220,Piré-sur-Seiche,1533,928,591,942,14,4,35.0,Régionalisme,2007,présidentielle
35,220,Piré-sur-Seiche,1533,928,591,942,14,5,14.0,Régionalisme,2007,présidentielle
35,220,Piré-sur-Seiche,1533,928,591,942,14,6,6.0,Divers,2007,présidentielle
35,220,Piré-sur-Seiche,1533,928,591,942,14,7,117.0,Centre,2007,présidentielle
35,220,Piré-sur-Seiche,1533,928,591,942,14,8,535.0,Droite,2007,présidentielle
35,220,Piré-sur-Seiche,1533,928,591,942,14,9,9.0,Droite,2007,présidentielle
35,220,Piré-sur-Seiche,1533,928,591,942,14,10,21.0,Extrême Droite,2007,présidentielle
35,221,Pléchâtel,1800,958,809,991,33,0,14.0,Extrême Gauche,2007,présidentielle
35,221,Pléchâtel,1800,958,809,991,33,1,55.0,Extrême Gauche,2007,présidentielle
35,221,Pléchâtel,1800,958,809,991,33,2,13.0,Gauche,2007,présidentielle
35,221,Pléchâtel,1800,958,809,991,33,3,255.0,Gauche,2007,présidentielle
35,221,Pléchâtel,1800,958,809,991,33,4,16.0,Gauche,2007,présidentielle
35,221,Pléchâtel,1800,958,809,991,33,5,27.0,Écologie,2007,présidentielle
35,221,Pléchâtel,1800,958,809,991,33,6,11.0,Régionalisme,2007,présidentielle
35,221,Pléchâtel,1800,958,809,991,33,7,27.0,Droite,2007,présidentielle
35,221,Pléchâtel,1800,958,809,991,33,8,18.0,Divers,2007,présidentielle
35,221,Pléchâtel,1800,958,809,991,33,9,84.0,Centre,2007,présidentielle
35,221,Pléchâtel,1800,958,809,991,33,10,383.0,Droite,2007,présidentielle
35,221,Pléchâtel,1800,958,809,991,33,11,12.0,Droite,2007,présidentielle
35,221,Pléchâtel,1800,958,809,991,33,12,43.0,Extrême Droite,2007,présidentielle
35,222,Pleine-Fougères,1379,916,444,935,19,0,7.0,Extrême Gauche,2007,présidentielle
35,222,Pleine-Fougères,1379,916,444,935,19,1,10.0,Extrême Gauche,2007,présidentielle
35,222,Pleine-Fougères,1379,916,444,935,19,2,17.0,Extrême Gauche,2007,présidentielle
35,222,Pleine-Fougères,1379,916,444,935,19,3,10.0,Gauche,2007,présidentielle
35,222,Pleine-Fougères,1379,916,444,935,19,4,266.0,Gauche,2007,présidentielle
35,222,Pleine-Fougères,1379,916,444,935,19,5,21.0,Régionalisme,2007,présidentielle
35,222,Pleine-Fougères,1379,916,444,935,19,6,31.0,Droite,2007,présidentielle
35,222,Pleine-Fougères,1379,916,444,935,19,7,7.0,Divers,2007,présidentielle
35,222,Pleine-Fougères,1379,916,444,935,19,8,52.0,Centre,2007,présidentielle
35,222,Pleine-Fougères,1379,916,444,935,19,9,458.0,Droite,2007,présidentielle
35,222,Pleine-Fougères,1379,916,444,935,19,10,5.0,Droite,2007,présidentielle
35,222,Pleine-Fougères,1379,916,444,935,19,11,31.0,Extrême Droite,2007,présidentielle
35,222,Pleine-Fougères,1379,916,444,935,19,12,1.0,Extrême Droite,2007,présidentielle
35,223,Plélan-le-Grand,2611,1667,915,1696,29,0,15.0,Extrême Gauche,2007,présidentielle
35,223,Plélan-le-Grand,2611,1667,915,1696,29,1,49.0,Extrême Gauche,2007,présidentielle
35,223,Plélan-le-Grand,2611,1667,915,1696,29,2,17.0,Gauche,2007,présidentielle
35,223,Plélan-le-Grand,2611,1667,915,1696,29,3,483.0,Gauche,2007,présidentielle
35,223,Plélan-le-Grand,2611,1667,915,1696,29,4,41.0,Gauche,2007,présidentielle
35,223,Plélan-le-Grand,2611,1667,915,1696,29,5,59.0,Écologie,2007,présidentielle
35,223,Plélan-le-Grand,2611,1667,915,1696,29,6,28.0,Régionalisme,2007,présidentielle
35,223,Plélan-le-Grand,2611,1667,915,1696,29,7,19.0,Droite,2007,présidentielle
35,223,Plélan-le-Grand,2611,1667,915,1696,29,8,20.0,Divers,2007,présidentielle
35,223,Plélan-le-Grand,2611,1667,915,1696,29,9,132.0,Centre,2007,présidentielle
35,223,Plélan-le-Grand,2611,1667,915,1696,29,10,733.0,Droite,2007,présidentielle
35,223,Plélan-le-Grand,2611,1667,915,1696,29,11,24.0,Droite,2007,présidentielle
35,223,Plélan-le-Grand,2611,1667,915,1696,29,12,47.0,Extrême Droite,2007,présidentielle
35,224,Plerguer,1727,1118,596,1131,13,0,0.0,Extrême Gauche,2007,présidentielle
35,224,Plerguer,1727,1118,596,1131,13,1,3.0,Extrême Gauche,2007,présidentielle
35,224,Plerguer,1727,1118,596,1131,13,2,13.0,Extrême Gauche,2007,présidentielle
35,224,Plerguer,1727,1118,596,1131,13,3,8.0,Gauche,2007,présidentielle
35,224,Plerguer,1727,1118,596,1131,13,4,207.0,Gauche,2007,présidentielle
35,224,Plerguer,1727,1118,596,1131,13,5,21.0,Régionalisme,2007,présidentielle
35,224,Plerguer,1727,1118,596,1131,13,6,30.0,Droite,2007,présidentielle
35,224,Plerguer,1727,1118,596,1131,13,7,8.0,Divers,2007,présidentielle
35,224,Plerguer,1727,1118,596,1131,13,8,347.0,Centre,2007,présidentielle
35,224,Plerguer,1727,1118,596,1131,13,9,427.0,Droite,2007,présidentielle
35,224,Plerguer,1727,1118,596,1131,13,10,8.0,Droite,2007,présidentielle
35,224,Plerguer,1727,1118,596,1131,13,11,39.0,Extrême Droite,2007,présidentielle
35,224,Plerguer,1727,1118,596,1131,13,12,7.0,Extrême Droite,2007,présidentielle
35,225,Plesder,478,287,187,291,4,0,3.0,Extrême Gauche,2007,présidentielle
35,225,Plesder,478,287,187,291,4,1,2.0,Extrême Gauche,2007,présidentielle
35,225,Plesder,478,287,187,291,4,2,13.0,Extrême Gauche,2007,présidentielle
35,225,Plesder,478,287,187,291,4,3,2.0,Gauche,2007,présidentielle
35,225,Plesder,478,287,187,291,4,4,120.0,Gauche,2007,présidentielle
35,225,Plesder,478,287,187,291,4,5,16.0,Écologie,2007,présidentielle
35,225,Plesder,478,287,187,291,4,6,2.0,Divers,2007,présidentielle
35,225,Plesder,478,287,187,291,4,7,0.0,Divers,2007,présidentielle
35,225,Plesder,478,287,187,291,4,8,24.0,Centre,2007,présidentielle
35,225,Plesder,478,287,187,291,4,9,96.0,Droite,2007,présidentielle
35,225,Plesder,478,287,187,291,4,10,3.0,Droite,2007,présidentielle
35,225,Plesder,478,287,187,291,4,11,0.0,Droite,2007,présidentielle
35,225,Plesder,478,287,187,291,4,12,6.0,Extrême Droite,2007,présidentielle
35,226,Pleugueneuc,1181,752,416,765,13,0,9.0,Extrême Gauche,2007,présidentielle
35,226,Pleugueneuc,1181,752,416,765,13,1,4.0,Extrême Gauche,2007,présidentielle
35,226,Pleugueneuc,1181,752,416,765,13,2,23.0,Extrême Gauche,2007,présidentielle
35,226,Pleugueneuc,1181,752,416,765,13,3,14.0,Gauche,2007,présidentielle
35,226,Pleugueneuc,1181,752,416,765,13,4,331.0,Gauche,2007,présidentielle
35,226,Pleugueneuc,1181,752,416,765,13,5,23.0,Écologie,2007,présidentielle
35,226,Pleugueneuc,1181,752,416,765,13,6,9.0,Divers,2007,présidentielle
35,226,Pleugueneuc,1181,752,416,765,13,7,1.0,Divers,2007,présidentielle
35,226,Pleugueneuc,1181,752,416,765,13,8,51.0,Centre,2007,présidentielle
35,226,Pleugueneuc,1181,752,416,765,13,9,255.0,Droite,2007,présidentielle
35,226,Pleugueneuc,1181,752,416,765,13,10,5.0,Droite,2007,présidentielle
35,226,Pleugueneuc,1181,752,416,765,13,11,3.0,Droite,2007,présidentielle
35,226,Pleugueneuc,1181,752,416,765,13,12,24.0,Extrême Droite,2007,présidentielle
35,227,Pleumeleuc,1768,1086,668,1100,14,0,3.0,Extrême Gauche,2007,présidentielle
35,227,Pleumeleuc,1768,1086,668,1100,14,1,0.0,Extrême Gauche,2007,présidentielle
35,227,Pleumeleuc,1768,1086,668,1100,14,2,17.0,Extrême Gauche,2007,présidentielle
35,227,Pleumeleuc,1768,1086,668,1100,14,3,13.0,Gauche,2007,présidentielle
35,227,Pleumeleuc,1768,1086,668,1100,14,4,128.0,Gauche,2007,présidentielle
35,227,Pleumeleuc,1768,1086,668,1100,14,5,301.0,Gauche,2007,présidentielle
35,227,Pleumeleuc,1768,1086,668,1100,14,6,33.0,Écologie,2007,présidentielle
35,227,Pleumeleuc,1768,1086,668,1100,14,7,16.0,Écologie,2007,présidentielle
35,227,Pleumeleuc,1768,1086,668,1100,14,8,10.0,Divers,2007,présidentielle
35,227,Pleumeleuc,1768,1086,668,1100,14,9,73.0,Centre,2007,présidentielle
35,227,Pleumeleuc,1768,1086,668,1100,14,10,466.0,Droite,2007,présidentielle
35,227,Pleumeleuc,1768,1086,668,1100,14,11,14.0,Droite,2007,présidentielle
35,227,Pleumeleuc,1768,1086,668,1100,14,12,12.0,Extrême Droite,2007,présidentielle
35,228,Pleurtuit,4067,2474,1554,2513,39,0,10.0,Extrême Gauche,2007,présidentielle
35,228,Pleurtuit,4067,2474,1554,2513,39,1,24.0,Extrême Gauche,2007,présidentielle
35,228,Pleurtuit,4067,2474,1554,2513,39,2,74.0,Extrême Gauche,2007,présidentielle
35,228,Pleurtuit,4067,2474,1554,2513,39,3,34.0,Gauche,2007,présidentielle
35,228,Pleurtuit,4067,2474,1554,2513,39,4,658.0,Gauche,2007,présidentielle
35,228,Pleurtuit,4067,2474,1554,2513,39,5,70.0,Régionalisme,2007,présidentielle
35,228,Pleurtuit,4067,2474,1554,2513,39,6,53.0,Droite,2007,présidentielle
35,228,Pleurtuit,4067,2474,1554,2513,39,7,23.0,Divers,2007,présidentielle
35,228,Pleurtuit,4067,2474,1554,2513,39,8,261.0,Centre,2007,présidentielle
35,228,Pleurtuit,4067,2474,1554,2513,39,9,1143.0,Droite,2007,présidentielle
35,228,Pleurtuit,4067,2474,1554,2513,39,10,37.0,Droite,2007,présidentielle
35,228,Pleurtuit,4067,2474,1554,2513,39,11,82.0,Extrême Droite,2007,présidentielle
35,228,Pleurtuit,4067,2474,1554,2513,39,12,5.0,Extrême Droite,2007,présidentielle
35,229,Pocé-les-Bois,680,461,211,469,8,0,3.0,Extrême Gauche,2007,présidentielle
35,229,Pocé-les-Bois,680,461,211,469,8,1,2.0,Extrême Gauche,2007,présidentielle
35,229,Pocé-les-Bois,680,461,211,469,8,2,2.0,Gauche,2007,présidentielle
35,229,Pocé-les-Bois,680,461,211,469,8,3,71.0,Gauche,2007,présidentielle
35,229,Pocé-les-Bois,680,461,211,469,8,4,22.0,Régionalisme,2007,présidentielle
35,229,Pocé-les-Bois,680,461,211,469,8,5,2.0,Régionalisme,2007,présidentielle
35,229,Pocé-les-Bois,680,461,211,469,8,6,6.0,Divers,2007,présidentielle
35,229,Pocé-les-Bois,680,461,211,469,8,7,67.0,Centre,2007,présidentielle
35,229,Pocé-les-Bois,680,461,211,469,8,8,275.0,Droite,2007,présidentielle
35,229,Pocé-les-Bois,680,461,211,469,8,9,3.0,Droite,2007,présidentielle
35,229,Pocé-les-Bois,680,461,211,469,8,10,8.0,Extrême Droite,2007,présidentielle
35,230,Poilley,326,191,127,199,8,0,0.0,Extrême Gauche,2007,présidentielle
35,230,Poilley,326,191,127,199,8,1,1.0,Extrême Gauche,2007,présidentielle
35,230,Poilley,326,191,127,199,8,2,1.0,Gauche,2007,présidentielle
35,230,Poilley,326,191,127,199,8,3,23.0,Gauche,2007,présidentielle
35,230,Poilley,326,191,127,199,8,4,11.0,Écologie,2007,présidentielle
35,230,Poilley,326,191,127,199,8,5,0.0,Écologie,2007,présidentielle
35,230,Poilley,326,191,127,199,8,6,1.0,Divers,2007,présidentielle
35,230,Poilley,326,191,127,199,8,7,53.0,Centre,2007,présidentielle
35,230,Poilley,326,191,127,199,8,8,93.0,Droite,2007,présidentielle
35,230,Poilley,326,191,127,199,8,9,1.0,Droite,2007,présidentielle
35,230,Poilley,326,191,127,199,8,10,2.0,Droite,2007,présidentielle
35,230,Poilley,326,191,127,199,8,11,5.0,Extrême Droite,2007,présidentielle
35,231,Poligné,700,459,234,466,7,0,4.0,Extrême Gauche,2007,présidentielle
35,231,Poligné,700,459,234,466,7,1,22.0,Extrême Gauche,2007,présidentielle
35,231,Poligné,700,459,234,466,7,2,4.0,Gauche,2007,présidentielle
35,231,Poligné,700,459,234,466,7,3,128.0,Gauche,2007,présidentielle
35,231,Poligné,700,459,234,466,7,4,5.0,Gauche,2007,présidentielle
35,231,Poligné,700,459,234,466,7,5,24.0,Écologie,2007,présidentielle
35,231,Poligné,700,459,234,466,7,6,7.0,Régionalisme,2007,présidentielle
35,231,Poligné,700,459,234,466,7,7,6.0,Droite,2007,présidentielle
35,231,Poligné,700,459,234,466,7,8,7.0,Divers,2007,présidentielle
35,231,Poligné,700,459,234,466,7,9,44.0,Centre,2007,présidentielle
35,231,Poligné,700,459,234,466,7,10,178.0,Droite,2007,présidentielle
35,231,Poligné,700,459,234,466,7,11,10.0,Droite,2007,présidentielle
35,231,Poligné,700,459,234,466,7,12,20.0,Extrême Droite,2007,présidentielle
35,232,Princé,291,182,102,189,7,0,2.0,Extrême Gauche,2007,présidentielle
35,232,Princé,291,182,102,189,7,1,3.0,Extrême Gauche,2007,présidentielle
35,232,Princé,291,182,102,189,7,2,1.0,Gauche,2007,présidentielle
35,232,Princé,291,182,102,189,7,3,23.0,Gauche,2007,présidentielle
35,232,Princé,291,182,102,189,7,4,6.0,Régionalisme,2007,présidentielle
35,232,Princé,291,182,102,189,7,5,4.0,Régionalisme,2007,présidentielle
35,232,Princé,291,182,102,189,7,6,1.0,Divers,2007,présidentielle
35,232,Princé,291,182,102,189,7,7,21.0,Centre,2007,présidentielle
35,232,Princé,291,182,102,189,7,8,116.0,Droite,2007,présidentielle
35,232,Princé,291,182,102,189,7,9,1.0,Droite,2007,présidentielle
35,232,Princé,291,182,102,189,7,10,4.0,Extrême Droite,2007,présidentielle
35,233,Québriac,1035,662,357,678,16,0,4.0,Extrême Gauche,2007,présidentielle
35,233,Québriac,1035,662,357,678,16,1,4.0,Extrême Gauche,2007,présidentielle
35,233,Québriac,1035,662,357,678,16,2,27.0,Extrême Gauche,2007,présidentielle
35,233,Québriac,1035,662,357,678,16,3,9.0,Gauche,2007,présidentielle
35,233,Québriac,1035,662,357,678,16,4,244.0,Gauche,2007,présidentielle
35,233,Québriac,1035,662,357,678,16,5,39.0,Écologie,2007,présidentielle
35,233,Québriac,1035,662,357,678,16,6,13.0,Divers,2007,présidentielle
35,233,Québriac,1035,662,357,678,16,7,1.0,Divers,2007,présidentielle
35,233,Québriac,1035,662,357,678,16,8,67.0,Centre,2007,présidentielle
35,233,Québriac,1035,662,357,678,16,9,234.0,Droite,2007,présidentielle
35,233,Québriac,1035,662,357,678,16,10,4.0,Droite,2007,présidentielle
35,233,Québriac,1035,662,357,678,16,11,2.0,Droite,2007,présidentielle
35,233,Québriac,1035,662,357,678,16,12,14.0,Extrême Droite,2007,présidentielle
35,234,Quédillac,838,553,280,558,5,0,3.0,Extrême Gauche,2007,présidentielle
35,234,Quédillac,838,553,280,558,5,1,0.0,Extrême Gauche,2007,présidentielle
35,234,Quédillac,838,553,280,558,5,2,3.0,Extrême Gauche,2007,présidentielle
35,234,Quédillac,838,553,280,558,5,3,5.0,Gauche,2007,présidentielle
35,234,Quédillac,838,553,280,558,5,4,53.0,Gauche,2007,présidentielle
35,234,Quédillac,838,553,280,558,5,5,110.0,Gauche,2007,présidentielle
35,234,Quédillac,838,553,280,558,5,6,8.0,Écologie,2007,présidentielle
35,234,Quédillac,838,553,280,558,5,7,2.0,Écologie,2007,présidentielle
35,234,Quédillac,838,553,280,558,5,8,1.0,Divers,2007,présidentielle
35,234,Quédillac,838,553,280,558,5,9,26.0,Centre,2007,présidentielle
35,234,Quédillac,838,553,280,558,5,10,331.0,Droite,2007,présidentielle
35,234,Quédillac,838,553,280,558,5,11,3.0,Droite,2007,présidentielle
35,234,Quédillac,838,553,280,558,5,12,8.0,Extrême Droite,2007,présidentielle
35,235,Rannée,937,575,350,587,12,0,6.0,Extrême Gauche,2007,présidentielle
35,235,Rannée,937,575,350,587,12,1,4.0,Extrême Gauche,2007,présidentielle
35,235,Rannée,937,575,350,587,12,2,4.0,Gauche,2007,présidentielle
35,235,Rannée,937,575,350,587,12,3,73.0,Gauche,2007,présidentielle
35,235,Rannée,937,575,350,587,12,4,15.0,Régionalisme,2007,présidentielle
35,235,Rannée,937,575,350,587,12,5,13.0,Régionalisme,2007,présidentielle
35,235,Rannée,937,575,350,587,12,6,4.0,Divers,2007,présidentielle
35,235,Rannée,937,575,350,587,12,7,53.0,Centre,2007,présidentielle
35,235,Rannée,937,575,350,587,12,8,388.0,Droite,2007,présidentielle
35,235,Rannée,937,575,350,587,12,9,2.0,Droite,2007,présidentielle
35,235,Rannée,937,575,350,587,12,10,13.0,Extrême Droite,2007,présidentielle
35,236,Redon,6632,3907,2680,3952,45,0,25.0,Extrême Gauche,2007,présidentielle
35,236,Redon,6632,3907,2680,3952,45,1,85.0,Extrême Gauche,2007,présidentielle
35,236,Redon,6632,3907,2680,3952,45,2,90.0,Gauche,2007,présidentielle
35,236,Redon,6632,3907,2680,3952,45,3,1514.0,Gauche,2007,présidentielle
35,236,Redon,6632,3907,2680,3952,45,4,32.0,Gauche,2007,présidentielle
35,236,Redon,6632,3907,2680,3952,45,5,174.0,Écologie,2007,présidentielle
35,236,Redon,6632,3907,2680,3952,45,6,102.0,Régionalisme,2007,présidentielle
35,236,Redon,6632,3907,2680,3952,45,7,18.0,Droite,2007,présidentielle
35,236,Redon,6632,3907,2680,3952,45,8,32.0,Divers,2007,présidentielle
35,236,Redon,6632,3907,2680,3952,45,9,305.0,Centre,2007,présidentielle
35,236,Redon,6632,3907,2680,3952,45,10,1408.0,Droite,2007,présidentielle
35,236,Redon,6632,3907,2680,3952,45,11,49.0,Droite,2007,présidentielle
35,236,Redon,6632,3907,2680,3952,45,12,73.0,Extrême Droite,2007,présidentielle
35,237,Renac,667,400,261,406,6,0,5.0,Extrême Gauche,2007,présidentielle
35,237,Renac,667,400,261,406,6,1,11.0,Extrême Gauche,2007,présidentielle
35,237,Renac,667,400,261,406,6,2,4.0,Gauche,2007,présidentielle
35,237,Renac,667,400,261,406,6,3,113.0,Gauche,2007,présidentielle
35,237,Renac,667,400,261,406,6,4,2.0,Gauche,2007,présidentielle
35,237,Renac,667,400,261,406,6,5,18.0,Écologie,2007,présidentielle
35,237,Renac,667,400,261,406,6,6,15.0,Régionalisme,2007,présidentielle
35,237,Renac,667,400,261,406,6,7,3.0,Droite,2007,présidentielle
35,237,Renac,667,400,261,406,6,8,5.0,Divers,2007,présidentielle
35,237,Renac,667,400,261,406,6,9,33.0,Centre,2007,présidentielle
35,237,Renac,667,400,261,406,6,10,163.0,Droite,2007,présidentielle
35,237,Renac,667,400,261,406,6,11,9.0,Droite,2007,présidentielle
35,237,Renac,667,400,261,406,6,12,19.0,Extrême Droite,2007,présidentielle
35,238,Rennes,53769,30410,23024,30745,335,0,347.0,Extrême Gauche,2007,présidentielle
35,238,Rennes,53769,30410,23024,30745,335,1,92.0,Extrême Gauche,2007,présidentielle
35,238,Rennes,53769,30410,23024,30745,335,2,670.0,Extrême Gauche,2007,présidentielle
35,238,Rennes,53769,30410,23024,30745,335,3,1186.0,Gauche,2007,présidentielle
35,238,Rennes,53769,30410,23024,30745,335,4,13220.0,Gauche,2007,présidentielle
35,238,Rennes,53769,30410,23024,30745,335,5,1700.0,Écologie,2007,présidentielle
35,238,Rennes,53769,30410,23024,30745,335,6,382.0,Écologie,2007,présidentielle
35,238,Rennes,53769,30410,23024,30745,335,7,161.0,Régionalisme,2007,présidentielle
35,238,Rennes,53769,30410,23024,30745,335,8,239.0,Divers,2007,présidentielle
35,238,Rennes,53769,30410,23024,30745,335,9,46.0,Divers,2007,présidentielle
35,238,Rennes,53769,30410,23024,30745,335,10,3361.0,Centre,2007,présidentielle
35,238,Rennes,53769,30410,23024,30745,335,11,6335.0,Droite,2007,présidentielle
35,238,Rennes,53769,30410,23024,30745,335,12,2039.0,Droite,2007,présidentielle
35,238,Rennes,53769,30410,23024,30745,335,13,632.0,Extrême Droite,2007,présidentielle
35,238,Rennes,35010,20570,14292,20718,148,0,164.0,Extrême Gauche,2007,présidentielle
35,238,Rennes,35010,20570,14292,20718,148,1,39.0,Extrême Gauche,2007,présidentielle
35,238,Rennes,35010,20570,14292,20718,148,2,826.0,Extrême Gauche,2007,présidentielle
35,238,Rennes,35010,20570,14292,20718,148,3,388.0,Gauche,2007,présidentielle
35,238,Rennes,35010,20570,14292,20718,148,4,7615.0,Gauche,2007,présidentielle
35,238,Rennes,35010,20570,14292,20718,148,5,1120.0,Écologie,2007,présidentielle
35,238,Rennes,35010,20570,14292,20718,148,6,111.0,Divers,2007,présidentielle
35,238,Rennes,35010,20570,14292,20718,148,7,46.0,Divers,2007,présidentielle
35,238,Rennes,35010,20570,14292,20718,148,8,2300.0,Centre,2007,présidentielle
35,238,Rennes,35010,20570,14292,20718,148,9,7372.0,Droite,2007,présidentielle
35,238,Rennes,35010,20570,14292,20718,148,10,248.0,Droite,2007,présidentielle
35,238,Rennes,35010,20570,14292,20718,148,11,43.0,Droite,2007,présidentielle
35,238,Rennes,35010,20570,14292,20718,148,12,298.0,Extrême Droite,2007,présidentielle
35,238,Rennes,19953,11441,8421,11532,91,0,104.0,Extrême Gauche,2007,présidentielle
35,238,Rennes,19953,11441,8421,11532,91,1,33.0,Extrême Gauche,2007,présidentielle
35,238,Rennes,19953,11441,8421,11532,91,2,402.0,Extrême Gauche,2007,présidentielle
35,238,Rennes,19953,11441,8421,11532,91,3,323.0,Gauche,2007,présidentielle
35,238,Rennes,19953,11441,8421,11532,91,4,2019.0,Gauche,2007,présidentielle
35,238,Rennes,19953,11441,8421,11532,91,5,2912.0,Gauche,2007,présidentielle
35,238,Rennes,19953,11441,8421,11532,91,6,646.0,Écologie,2007,présidentielle
35,238,Rennes,19953,11441,8421,11532,91,7,90.0,Écologie,2007,présidentielle
35,238,Rennes,19953,11441,8421,11532,91,8,95.0,Divers,2007,présidentielle
35,238,Rennes,19953,11441,8421,11532,91,9,1096.0,Centre,2007,présidentielle
35,238,Rennes,19953,11441,8421,11532,91,10,3378.0,Droite,2007,présidentielle
35,238,Rennes,19953,11441,8421,11532,91,11,173.0,Droite,2007,présidentielle
35,238,Rennes,19953,11441,8421,11532,91,12,170.0,Extrême Droite,2007,présidentielle
35,238,Rennes,9777,5732,3990,5787,55,0,38.0,Extrême Gauche,2007,présidentielle
35,238,Rennes,9777,5732,3990,5787,55,1,118.0,Extrême Gauche,2007,présidentielle
35,238,Rennes,9777,5732,3990,5787,55,2,124.0,Gauche,2007,présidentielle
35,238,Rennes,9777,5732,3990,5787,55,3,2273.0,Gauche,2007,présidentielle
35,238,Rennes,9777,5732,3990,5787,55,4,303.0,Régionalisme,2007,présidentielle
35,238,Rennes,9777,5732,3990,5787,55,5,34.0,Régionalisme,2007,présidentielle
35,238,Rennes,9777,5732,3990,5787,55,6,49.0,Divers,2007,présidentielle
35,238,Rennes,9777,5732,3990,5787,55,7,764.0,Centre,2007,présidentielle
35,238,Rennes,9777,5732,3990,5787,55,8,1866.0,Droite,2007,présidentielle
35,238,Rennes,9777,5732,3990,5787,55,9,79.0,Droite,2007,présidentielle
35,238,Rennes,9777,5732,3990,5787,55,10,84.0,Extrême Droite,2007,présidentielle
35,239,Retiers,2693,1655,1006,1687,32,0,15.0,Extrême Gauche,2007,présidentielle
35,239,Retiers,2693,1655,1006,1687,32,1,9.0,Extrême Gauche,2007,présidentielle
35,239,Retiers,2693,1655,1006,1687,32,2,40.0,Gauche,2007,présidentielle
35,239,Retiers,2693,1655,1006,1687,32,3,306.0,Gauche,2007,présidentielle
35,239,Retiers,2693,1655,1006,1687,32,4,32.0,Régionalisme,2007,présidentielle
35,239,Retiers,2693,1655,1006,1687,32,5,14.0,Régionalisme,2007,présidentielle
35,239,Retiers,2693,1655,1006,1687,32,6,14.0,Divers,2007,présidentielle
35,239,Retiers,2693,1655,1006,1687,32,7,246.0,Centre,2007,présidentielle
35,239,Retiers,2693,1655,1006,1687,32,8,930.0,Droite,2007,présidentielle
35,239,Retiers,2693,1655,1006,1687,32,9,25.0,Droite,2007,présidentielle
35,239,Retiers,2693,1655,1006,1687,32,10,24.0,Extrême Droite,2007,présidentielle
35,240,Le Rheu,4891,3162,1691,3200,38,0,17.0,Extrême Gauche,2007,présidentielle
35,240,Le Rheu,4891,3162,1691,3200,38,1,8.0,Extrême Gauche,2007,présidentielle
35,240,Le Rheu,4891,3162,1691,3200,38,2,79.0,Extrême Gauche,2007,présidentielle
35,240,Le Rheu,4891,3162,1691,3200,38,3,62.0,Gauche,2007,présidentielle
35,240,Le Rheu,4891,3162,1691,3200,38,4,433.0,Gauche,2007,présidentielle
35,240,Le Rheu,4891,3162,1691,3200,38,5,797.0,Gauche,2007,présidentielle
35,240,Le Rheu,4891,3162,1691,3200,38,6,164.0,Écologie,2007,présidentielle
35,240,Le Rheu,4891,3162,1691,3200,38,7,34.0,Écologie,2007,présidentielle
35,240,Le Rheu,4891,3162,1691,3200,38,8,21.0,Divers,2007,présidentielle
35,240,Le Rheu,4891,3162,1691,3200,38,9,350.0,Centre,2007,présidentielle
35,240,Le Rheu,4891,3162,1691,3200,38,10,1118.0,Droite,2007,présidentielle
35,240,Le Rheu,4891,3162,1691,3200,38,11,42.0,Droite,2007,présidentielle
35,240,Le Rheu,4891,3162,1691,3200,38,12,37.0,Extrême Droite,2007,présidentielle
35,241,La Richardais,1906,1262,622,1284,22,0,3.0,Extrême Gauche,2007,présidentielle
35,241,La Richardais,1906,1262,622,1284,22,1,4.0,Extrême Gauche,2007,présidentielle
35,241,La Richardais,1906,1262,622,1284,22,2,33.0,Extrême Gauche,2007,présidentielle
35,241,La Richardais,1906,1262,622,1284,22,3,21.0,Gauche,2007,présidentielle
35,241,La Richardais,1906,1262,622,1284,22,4,415.0,Gauche,2007,présidentielle
35,241,La Richardais,1906,1262,622,1284,22,5,66.0,Régionalisme,2007,présidentielle
35,241,La Richardais,1906,1262,622,1284,22,6,10.0,Droite,2007,présidentielle
35,241,La Richardais,1906,1262,622,1284,22,7,8.0,Divers,2007,présidentielle
35,241,La Richardais,1906,1262,622,1284,22,8,143.0,Centre,2007,présidentielle
35,241,La Richardais,1906,1262,622,1284,22,9,519.0,Droite,2007,présidentielle
35,241,La Richardais,1906,1262,622,1284,22,10,11.0,Droite,2007,présidentielle
35,241,La Richardais,1906,1262,622,1284,22,11,25.0,Extrême Droite,2007,présidentielle
35,241,La Richardais,1906,1262,622,1284,22,12,4.0,Extrême Droite,2007,présidentielle
35,242,Rimou,292,176,114,178,2,0,2.0,Extrême Gauche,2007,présidentielle
35,242,Rimou,292,176,114,178,2,1,5.0,Extrême Gauche,2007,présidentielle
35,242,Rimou,292,176,114,178,2,2,4.0,Gauche,2007,présidentielle
35,242,Rimou,292,176,114,178,2,3,29.0,Gauche,2007,présidentielle
35,242,Rimou,292,176,114,178,2,4,33.0,Écologie,2007,présidentielle
35,242,Rimou,292,176,114,178,2,5,0.0,Écologie,2007,présidentielle
35,242,Rimou,292,176,114,178,2,6,0.0,Divers,2007,présidentielle
35,242,Rimou,292,176,114,178,2,7,34.0,Centre,2007,présidentielle
35,242,Rimou,292,176,114,178,2,8,65.0,Droite,2007,présidentielle
35,242,Rimou,292,176,114,178,2,9,1.0,Droite,2007,présidentielle
35,242,Rimou,292,176,114,178,2,10,0.0,Droite,2007,présidentielle
35,242,Rimou,292,176,114,178,2,11,3.0,Extrême Droite,2007,présidentielle
35,243,Romagné,1524,979,520,1004,25,0,7.0,Extrême Gauche,2007,présidentielle
35,243,Romagné,1524,979,520,1004,25,1,21.0,Extrême Gauche,2007,présidentielle
35,243,Romagné,1524,979,520,1004,25,2,11.0,Gauche,2007,présidentielle
35,243,Romagné,1524,979,520,1004,25,3,47.0,Gauche,2007,présidentielle
35,243,Romagné,1524,979,520,1004,25,4,131.0,Écologie,2007,présidentielle
35,243,Romagné,1524,979,520,1004,25,5,10.0,Écologie,2007,présidentielle
35,243,Romagné,1524,979,520,1004,25,6,7.0,Divers,2007,présidentielle
35,243,Romagné,1524,979,520,1004,25,7,409.0,Centre,2007,présidentielle
35,243,Romagné,1524,979,520,1004,25,8,302.0,Droite,2007,présidentielle
35,243,Romagné,1524,979,520,1004,25,9,7.0,Droite,2007,présidentielle
35,243,Romagné,1524,979,520,1004,25,10,6.0,Droite,2007,présidentielle
35,243,Romagné,1524,979,520,1004,25,11,21.0,Extrême Droite,2007,présidentielle
35,244,Romazy,224,150,73,151,1,0,0.0,Extrême Gauche,2007,présidentielle
35,244,Romazy,224,150,73,151,1,1,0.0,Extrême Gauche,2007,présidentielle
35,244,Romazy,224,150,73,151,1,2,4.0,Extrême Gauche,2007,présidentielle
35,244,Romazy,224,150,73,151,1,3,0.0,Gauche,2007,présidentielle
35,244,Romazy,224,150,73,151,1,4,51.0,Gauche,2007,présidentielle
35,244,Romazy,224,150,73,151,1,5,0.0,Écologie,2007,présidentielle
35,244,Romazy,224,150,73,151,1,6,2.0,Divers,2007,présidentielle
35,244,Romazy,224,150,73,151,1,7,1.0,Divers,2007,présidentielle
35,244,Romazy,224,150,73,151,1,8,18.0,Centre,2007,présidentielle
35,244,Romazy,224,150,73,151,1,9,67.0,Droite,2007,présidentielle
35,244,Romazy,224,150,73,151,1,10,2.0,Droite,2007,présidentielle
35,244,Romazy,224,150,73,151,1,11,0.0,Droite,2007,présidentielle
35,244,Romazy,224,150,73,151,1,12,5.0,Extrême Droite,2007,présidentielle
35,245,Romillé,2334,1564,741,1593,29,0,23.0,Extrême Gauche,2007,présidentielle
35,245,Romillé,2334,1564,741,1593,29,1,1.0,Extrême Gauche,2007,présidentielle
35,245,Romillé,2334,1564,741,1593,29,2,39.0,Extrême Gauche,2007,présidentielle
35,245,Romillé,2334,1564,741,1593,29,3,20.0,Gauche,2007,présidentielle
35,245,Romillé,2334,1564,741,1593,29,4,177.0,Gauche,2007,présidentielle
35,245,Romillé,2334,1564,741,1593,29,5,425.0,Gauche,2007,présidentielle
35,245,Romillé,2334,1564,741,1593,29,6,47.0,Écologie,2007,présidentielle
35,245,Romillé,2334,1564,741,1593,29,7,14.0,Écologie,2007,présidentielle
35,245,Romillé,2334,1564,741,1593,29,8,6.0,Divers,2007,présidentielle
35,245,Romillé,2334,1564,741,1593,29,9,97.0,Centre,2007,présidentielle
35,245,Romillé,2334,1564,741,1593,29,10,682.0,Droite,2007,présidentielle
35,245,Romillé,2334,1564,741,1593,29,11,14.0,Droite,2007,présidentielle
35,245,Romillé,2334,1564,741,1593,29,12,19.0,Extrême Droite,2007,présidentielle
35,246,Roz-Landrieux,859,548,300,559,11,0,2.0,Extrême Gauche,2007,présidentielle
35,246,Roz-Landrieux,859,548,300,559,11,1,3.0,Extrême Gauche,2007,présidentielle
35,246,Roz-Landrieux,859,548,300,559,11,2,26.0,Extrême Gauche,2007,présidentielle
35,246,Roz-Landrieux,859,548,300,559,11,3,7.0,Gauche,2007,présidentielle
35,246,Roz-Landrieux,859,548,300,559,11,4,155.0,Gauche,2007,présidentielle
35,246,Roz-Landrieux,859,548,300,559,11,5,7.0,Régionalisme,2007,présidentielle
35,246,Roz-Landrieux,859,548,300,559,11,6,9.0,Droite,2007,présidentielle
35,246,Roz-Landrieux,859,548,300,559,11,7,4.0,Divers,2007,présidentielle
35,246,Roz-Landrieux,859,548,300,559,11,8,107.0,Centre,2007,présidentielle
35,246,Roz-Landrieux,859,548,300,559,11,9,211.0,Droite,2007,présidentielle
35,246,Roz-Landrieux,859,548,300,559,11,10,3.0,Droite,2007,présidentielle
35,246,Roz-Landrieux,859,548,300,559,11,11,12.0,Extrême Droite,2007,présidentielle
35,246,Roz-Landrieux,859,548,300,559,11,12,2.0,Extrême Droite,2007,présidentielle
35,247,Roz-sur-Couesnon,765,509,251,514,5,0,1.0,Extrême Gauche,2007,présidentielle
35,247,Roz-sur-Couesnon,765,509,251,514,5,1,4.0,Extrême Gauche,2007,présidentielle
35,247,Roz-sur-Couesnon,765,509,251,514,5,2,7.0,Extrême Gauche,2007,présidentielle
35,247,Roz-sur-Couesnon,765,509,251,514,5,3,3.0,Gauche,2007,présidentielle
35,247,Roz-sur-Couesnon,765,509,251,514,5,4,157.0,Gauche,2007,présidentielle
35,247,Roz-sur-Couesnon,765,509,251,514,5,5,15.0,Régionalisme,2007,présidentielle
35,247,Roz-sur-Couesnon,765,509,251,514,5,6,23.0,Droite,2007,présidentielle
35,247,Roz-sur-Couesnon,765,509,251,514,5,7,0.0,Divers,2007,présidentielle
35,247,Roz-sur-Couesnon,765,509,251,514,5,8,47.0,Centre,2007,présidentielle
35,247,Roz-sur-Couesnon,765,509,251,514,5,9,238.0,Droite,2007,présidentielle
35,247,Roz-sur-Couesnon,765,509,251,514,5,10,3.0,Droite,2007,présidentielle
35,247,Roz-sur-Couesnon,765,509,251,514,5,11,11.0,Extrême Droite,2007,présidentielle
35,247,Roz-sur-Couesnon,765,509,251,514,5,12,0.0,Extrême Droite,2007,présidentielle
35,248,Sains,393,237,155,238,1,0,0.0,Extrême Gauche,2007,présidentielle
35,248,Sains,393,237,155,238,1,1,4.0,Extrême Gauche,2007,présidentielle
35,248,Sains,393,237,155,238,1,2,5.0,Extrême Gauche,2007,présidentielle
35,248,Sains,393,237,155,238,1,3,4.0,Gauche,2007,présidentielle
35,248,Sains,393,237,155,238,1,4,82.0,Gauche,2007,présidentielle
35,248,Sains,393,237,155,238,1,5,4.0,Régionalisme,2007,présidentielle
35,248,Sains,393,237,155,238,1,6,4.0,Droite,2007,présidentielle
35,248,Sains,393,237,155,238,1,7,0.0,Divers,2007,présidentielle
35,248,Sains,393,237,155,238,1,8,21.0,Centre,2007,présidentielle
35,248,Sains,393,237,155,238,1,9,103.0,Droite,2007,présidentielle
35,248,Sains,393,237,155,238,1,10,4.0,Droite,2007,présidentielle
35,248,Sains,393,237,155,238,1,11,5.0,Extrême Droite,2007,présidentielle
35,248,Sains,393,237,155,238,1,12,1.0,Extrême Droite,2007,présidentielle
35,249,Sainte-Anne-sur-Vilaine,674,443,213,461,18,0,6.0,Extrême Gauche,2007,présidentielle
35,249,Sainte-Anne-sur-Vilaine,674,443,213,461,18,1,11.0,Extrême Gauche,2007,présidentielle
35,249,Sainte-Anne-sur-Vilaine,674,443,213,461,18,2,4.0,Gauche,2007,présidentielle
35,249,Sainte-Anne-sur-Vilaine,674,443,213,461,18,3,99.0,Gauche,2007,présidentielle
35,249,Sainte-Anne-sur-Vilaine,674,443,213,461,18,4,5.0,Gauche,2007,présidentielle
35,249,Sainte-Anne-sur-Vilaine,674,443,213,461,18,5,15.0,Écologie,2007,présidentielle
35,249,Sainte-Anne-sur-Vilaine,674,443,213,461,18,6,12.0,Régionalisme,2007,présidentielle
35,249,Sainte-Anne-sur-Vilaine,674,443,213,461,18,7,9.0,Droite,2007,présidentielle
35,249,Sainte-Anne-sur-Vilaine,674,443,213,461,18,8,10.0,Divers,2007,présidentielle
35,249,Sainte-Anne-sur-Vilaine,674,443,213,461,18,9,52.0,Centre,2007,présidentielle
35,249,Sainte-Anne-sur-Vilaine,674,443,213,461,18,10,199.0,Droite,2007,présidentielle
35,249,Sainte-Anne-sur-Vilaine,674,443,213,461,18,11,9.0,Droite,2007,présidentielle
35,249,Sainte-Anne-sur-Vilaine,674,443,213,461,18,12,12.0,Extrême Droite,2007,présidentielle
35,250,Saint-Armel,1193,788,387,806,18,0,15.0,Extrême Gauche,2007,présidentielle
35,250,Saint-Armel,1193,788,387,806,18,1,8.0,Extrême Gauche,2007,présidentielle
35,250,Saint-Armel,1193,788,387,806,18,2,7.0,Gauche,2007,présidentielle
35,250,Saint-Armel,1193,788,387,806,18,3,294.0,Gauche,2007,présidentielle
35,250,Saint-Armel,1193,788,387,806,18,4,39.0,Régionalisme,2007,présidentielle
35,250,Saint-Armel,1193,788,387,806,18,5,5.0,Régionalisme,2007,présidentielle
35,250,Saint-Armel,1193,788,387,806,18,6,8.0,Divers,2007,présidentielle
35,250,Saint-Armel,1193,788,387,806,18,7,103.0,Centre,2007,présidentielle
35,250,Saint-Armel,1193,788,387,806,18,8,291.0,Droite,2007,présidentielle
35,250,Saint-Armel,1193,788,387,806,18,9,9.0,Droite,2007,présidentielle
35,250,Saint-Armel,1193,788,387,806,18,10,9.0,Extrême Droite,2007,présidentielle
35,251,Saint-Aubin-d'Aubigné,2196,1312,850,1346,34,0,12.0,Extrême Gauche,2007,présidentielle
35,251,Saint-Aubin-d'Aubigné,2196,1312,850,1346,34,1,6.0,Extrême Gauche,2007,présidentielle
35,251,Saint-Aubin-d'Aubigné,2196,1312,850,1346,34,2,38.0,Extrême Gauche,2007,présidentielle
35,251,Saint-Aubin-d'Aubigné,2196,1312,850,1346,34,3,15.0,Gauche,2007,présidentielle
35,251,Saint-Aubin-d'Aubigné,2196,1312,850,1346,34,4,521.0,Gauche,2007,présidentielle
35,251,Saint-Aubin-d'Aubigné,2196,1312,850,1346,34,5,49.0,Écologie,2007,présidentielle
35,251,Saint-Aubin-d'Aubigné,2196,1312,850,1346,34,6,18.0,Divers,2007,présidentielle
35,251,Saint-Aubin-d'Aubigné,2196,1312,850,1346,34,7,1.0,Divers,2007,présidentielle
35,251,Saint-Aubin-d'Aubigné,2196,1312,850,1346,34,8,118.0,Centre,2007,présidentielle
35,251,Saint-Aubin-d'Aubigné,2196,1312,850,1346,34,9,496.0,Droite,2007,présidentielle
35,251,Saint-Aubin-d'Aubigné,2196,1312,850,1346,34,10,17.0,Droite,2007,présidentielle
35,251,Saint-Aubin-d'Aubigné,2196,1312,850,1346,34,11,1.0,Droite,2007,présidentielle
35,251,Saint-Aubin-d'Aubigné,2196,1312,850,1346,34,12,20.0,Extrême Droite,2007,présidentielle
35,252,Saint-Aubin-des-Landes,652,409,236,416,7,0,6.0,Extrême Gauche,2007,présidentielle
35,252,Saint-Aubin-des-Landes,652,409,236,416,7,1,1.0,Extrême Gauche,2007,présidentielle
35,252,Saint-Aubin-des-Landes,652,409,236,416,7,2,3.0,Gauche,2007,présidentielle
35,252,Saint-Aubin-des-Landes,652,409,236,416,7,3,34.0,Gauche,2007,présidentielle
35,252,Saint-Aubin-des-Landes,652,409,236,416,7,4,15.0,Régionalisme,2007,présidentielle
35,252,Saint-Aubin-des-Landes,652,409,236,416,7,5,4.0,Régionalisme,2007,présidentielle
35,252,Saint-Aubin-des-Landes,652,409,236,416,7,6,8.0,Divers,2007,présidentielle
35,252,Saint-Aubin-des-Landes,652,409,236,416,7,7,56.0,Centre,2007,présidentielle
35,252,Saint-Aubin-des-Landes,652,409,236,416,7,8,265.0,Droite,2007,présidentielle
35,252,Saint-Aubin-des-Landes,652,409,236,416,7,9,1.0,Droite,2007,présidentielle
35,252,Saint-Aubin-des-Landes,652,409,236,416,7,10,16.0,Extrême Droite,2007,présidentielle
35,253,Saint-Aubin-du-Cormier,2145,1342,764,1381,39,0,15.0,Extrême Gauche,2007,présidentielle
35,253,Saint-Aubin-du-Cormier,2145,1342,764,1381,39,1,46.0,Extrême Gauche,2007,présidentielle
35,253,Saint-Aubin-du-Cormier,2145,1342,764,1381,39,2,18.0,Gauche,2007,présidentielle
35,253,Saint-Aubin-du-Cormier,2145,1342,764,1381,39,3,189.0,Gauche,2007,présidentielle
35,253,Saint-Aubin-du-Cormier,2145,1342,764,1381,39,4,233.0,Écologie,2007,présidentielle
35,253,Saint-Aubin-du-Cormier,2145,1342,764,1381,39,5,21.0,Écologie,2007,présidentielle
35,253,Saint-Aubin-du-Cormier,2145,1342,764,1381,39,6,16.0,Divers,2007,présidentielle
35,253,Saint-Aubin-du-Cormier,2145,1342,764,1381,39,7,186.0,Centre,2007,présidentielle
35,253,Saint-Aubin-du-Cormier,2145,1342,764,1381,39,8,469.0,Droite,2007,présidentielle
35,253,Saint-Aubin-du-Cormier,2145,1342,764,1381,39,9,5.0,Droite,2007,présidentielle
35,253,Saint-Aubin-du-Cormier,2145,1342,764,1381,39,10,116.0,Droite,2007,présidentielle
35,253,Saint-Aubin-du-Cormier,2145,1342,764,1381,39,11,28.0,Extrême Droite,2007,présidentielle
35,254,Saint-Aubin-du-Pavail,508,328,171,337,9,0,11.0,Extrême Gauche,2007,présidentielle
35,254,Saint-Aubin-du-Pavail,508,328,171,337,9,1,4.0,Extrême Gauche,2007,présidentielle
35,254,Saint-Aubin-du-Pavail,508,328,171,337,9,2,6.0,Gauche,2007,présidentielle
35,254,Saint-Aubin-du-Pavail,508,328,171,337,9,3,97.0,Gauche,2007,présidentielle
35,254,Saint-Aubin-du-Pavail,508,328,171,337,9,4,14.0,Régionalisme,2007,présidentielle
35,254,Saint-Aubin-du-Pavail,508,328,171,337,9,5,6.0,Régionalisme,2007,présidentielle
35,254,Saint-Aubin-du-Pavail,508,328,171,337,9,6,2.0,Divers,2007,présidentielle
35,254,Saint-Aubin-du-Pavail,508,328,171,337,9,7,36.0,Centre,2007,présidentielle
35,254,Saint-Aubin-du-Pavail,508,328,171,337,9,8,144.0,Droite,2007,présidentielle
35,254,Saint-Aubin-du-Pavail,508,328,171,337,9,9,5.0,Droite,2007,présidentielle
35,254,Saint-Aubin-du-Pavail,508,328,171,337,9,10,3.0,Extrême Droite,2007,présidentielle
35,255,Saint-Benoît-des-Ondes,831,530,288,543,13,0,1.0,Extrême Gauche,2007,présidentielle
35,255,Saint-Benoît-des-Ondes,831,530,288,543,13,1,8.0,Extrême Gauche,2007,présidentielle
35,255,Saint-Benoît-des-Ondes,831,530,288,543,13,2,10.0,Extrême Gauche,2007,présidentielle
35,255,Saint-Benoît-des-Ondes,831,530,288,543,13,3,5.0,Gauche,2007,présidentielle
35,255,Saint-Benoît-des-Ondes,831,530,288,543,13,4,146.0,Gauche,2007,présidentielle
35,255,Saint-Benoît-des-Ondes,831,530,288,543,13,5,22.0,Régionalisme,2007,présidentielle
35,255,Saint-Benoît-des-Ondes,831,530,288,543,13,6,16.0,Droite,2007,présidentielle
35,255,Saint-Benoît-des-Ondes,831,530,288,543,13,7,3.0,Divers,2007,présidentielle
35,255,Saint-Benoît-des-Ondes,831,530,288,543,13,8,85.0,Centre,2007,présidentielle
35,255,Saint-Benoît-des-Ondes,831,530,288,543,13,9,212.0,Droite,2007,présidentielle
35,255,Saint-Benoît-des-Ondes,831,530,288,543,13,10,6.0,Droite,2007,présidentielle
35,255,Saint-Benoît-des-Ondes,831,530,288,543,13,11,14.0,Extrême Droite,2007,présidentielle
35,255,Saint-Benoît-des-Ondes,831,530,288,543,13,12,2.0,Extrême Droite,2007,présidentielle
35,256,Saint-Briac-sur-Mer,2138,1456,673,1465,9,0,8.0,Extrême Gauche,2007,présidentielle
35,256,Saint-Briac-sur-Mer,2138,1456,673,1465,9,1,8.0,Extrême Gauche,2007,présidentielle
35,256,Saint-Briac-sur-Mer,2138,1456,673,1465,9,2,26.0,Extrême Gauche,2007,présidentielle
35,256,Saint-Briac-sur-Mer,2138,1456,673,1465,9,3,14.0,Gauche,2007,présidentielle
35,256,Saint-Briac-sur-Mer,2138,1456,673,1465,9,4,336.0,Gauche,2007,présidentielle
35,256,Saint-Briac-sur-Mer,2138,1456,673,1465,9,5,33.0,Régionalisme,2007,présidentielle
35,256,Saint-Briac-sur-Mer,2138,1456,673,1465,9,6,10.0,Droite,2007,présidentielle
35,256,Saint-Briac-sur-Mer,2138,1456,673,1465,9,7,2.0,Divers,2007,présidentielle
35,256,Saint-Briac-sur-Mer,2138,1456,673,1465,9,8,135.0,Centre,2007,présidentielle
35,256,Saint-Briac-sur-Mer,2138,1456,673,1465,9,9,835.0,Droite,2007,présidentielle
35,256,Saint-Briac-sur-Mer,2138,1456,673,1465,9,10,17.0,Droite,2007,présidentielle
35,256,Saint-Briac-sur-Mer,2138,1456,673,1465,9,11,29.0,Extrême Droite,2007,présidentielle
35,256,Saint-Briac-sur-Mer,2138,1456,673,1465,9,12,3.0,Extrême Droite,2007,présidentielle
35,257,Saint-Brice-en-Coglès,2001,1204,756,1245,41,0,23.0,Extrême Gauche,2007,présidentielle
35,257,Saint-Brice-en-Coglès,2001,1204,756,1245,41,1,62.0,Extrême Gauche,2007,présidentielle
35,257,Saint-Brice-en-Coglès,2001,1204,756,1245,41,2,16.0,Gauche,2007,présidentielle
35,257,Saint-Brice-en-Coglès,2001,1204,756,1245,41,3,148.0,Gauche,2007,présidentielle
35,257,Saint-Brice-en-Coglès,2001,1204,756,1245,41,4,244.0,Écologie,2007,présidentielle
35,257,Saint-Brice-en-Coglès,2001,1204,756,1245,41,5,15.0,Écologie,2007,présidentielle
35,257,Saint-Brice-en-Coglès,2001,1204,756,1245,41,6,5.0,Divers,2007,présidentielle
35,257,Saint-Brice-en-Coglès,2001,1204,756,1245,41,7,212.0,Centre,2007,présidentielle
35,257,Saint-Brice-en-Coglès,2001,1204,756,1245,41,8,428.0,Droite,2007,présidentielle
35,257,Saint-Brice-en-Coglès,2001,1204,756,1245,41,9,11.0,Droite,2007,présidentielle
35,257,Saint-Brice-en-Coglès,2001,1204,756,1245,41,10,10.0,Droite,2007,présidentielle
35,257,Saint-Brice-en-Coglès,2001,1204,756,1245,41,11,30.0,Extrême Droite,2007,présidentielle
35,258,Saint-Brieuc-des-Iffs,232,168,61,171,3,0,3.0,Extrême Gauche,2007,présidentielle
35,258,Saint-Brieuc-des-Iffs,232,168,61,171,3,1,1.0,Extrême Gauche,2007,présidentielle
35,258,Saint-Brieuc-des-Iffs,232,168,61,171,3,2,5.0,Extrême Gauche,2007,présidentielle
35,258,Saint-Brieuc-des-Iffs,232,168,61,171,3,3,0.0,Gauche,2007,présidentielle
35,258,Saint-Brieuc-des-Iffs,232,168,61,171,3,4,22.0,Gauche,2007,présidentielle
35,258,Saint-Brieuc-des-Iffs,232,168,61,171,3,5,34.0,Gauche,2007,présidentielle
35,258,Saint-Brieuc-des-Iffs,232,168,61,171,3,6,7.0,Écologie,2007,présidentielle
35,258,Saint-Brieuc-des-Iffs,232,168,61,171,3,7,2.0,Écologie,2007,présidentielle
35,258,Saint-Brieuc-des-Iffs,232,168,61,171,3,8,0.0,Divers,2007,présidentielle
35,258,Saint-Brieuc-des-Iffs,232,168,61,171,3,9,18.0,Centre,2007,présidentielle
35,258,Saint-Brieuc-des-Iffs,232,168,61,171,3,10,72.0,Droite,2007,présidentielle
35,258,Saint-Brieuc-des-Iffs,232,168,61,171,3,11,4.0,Droite,2007,présidentielle
35,258,Saint-Brieuc-des-Iffs,232,168,61,171,3,12,0.0,Extrême Droite,2007,présidentielle
35,259,Saint-Broladre,795,507,284,511,4,0,3.0,Extrême Gauche,2007,présidentielle
35,259,Saint-Broladre,795,507,284,511,4,1,1.0,Extrême Gauche,2007,présidentielle
35,259,Saint-Broladre,795,507,284,511,4,2,13.0,Extrême Gauche,2007,présidentielle
35,259,Saint-Broladre,795,507,284,511,4,3,26.0,Gauche,2007,présidentielle
35,259,Saint-Broladre,795,507,284,511,4,4,114.0,Gauche,2007,présidentielle
35,259,Saint-Broladre,795,507,284,511,4,5,7.0,Régionalisme,2007,présidentielle
35,259,Saint-Broladre,795,507,284,511,4,6,27.0,Droite,2007,présidentielle
35,259,Saint-Broladre,795,507,284,511,4,7,5.0,Divers,2007,présidentielle
35,259,Saint-Broladre,795,507,284,511,4,8,42.0,Centre,2007,présidentielle
35,259,Saint-Broladre,795,507,284,511,4,9,246.0,Droite,2007,présidentielle
35,259,Saint-Broladre,795,507,284,511,4,10,8.0,Droite,2007,présidentielle
35,259,Saint-Broladre,795,507,284,511,4,11,14.0,Extrême Droite,2007,présidentielle
35,259,Saint-Broladre,795,507,284,511,4,12,1.0,Extrême Droite,2007,présidentielle
35,260,Saint-Christophe-des-Bois,400,264,129,271,7,0,2.0,Extrême Gauche,2007,présidentielle
35,260,Saint-Christophe-des-Bois,400,264,129,271,7,1,0.0,Extrême Gauche,2007,présidentielle
35,260,Saint-Christophe-des-Bois,400,264,129,271,7,2,1.0,Gauche,2007,présidentielle
35,260,Saint-Christophe-des-Bois,400,264,129,271,7,3,34.0,Gauche,2007,présidentielle
35,260,Saint-Christophe-des-Bois,400,264,129,271,7,4,11.0,Régionalisme,2007,présidentielle
35,260,Saint-Christophe-des-Bois,400,264,129,271,7,5,5.0,Régionalisme,2007,présidentielle
35,260,Saint-Christophe-des-Bois,400,264,129,271,7,6,3.0,Divers,2007,présidentielle
35,260,Saint-Christophe-des-Bois,400,264,129,271,7,7,44.0,Centre,2007,présidentielle
35,260,Saint-Christophe-des-Bois,400,264,129,271,7,8,155.0,Droite,2007,présidentielle
35,260,Saint-Christophe-des-Bois,400,264,129,271,7,9,1.0,Droite,2007,présidentielle
35,260,Saint-Christophe-des-Bois,400,264,129,271,7,10,8.0,Extrême Droite,2007,présidentielle
35,261,Saint-Christophe-de-Valains,139,100,36,103,3,0,3.0,Extrême Gauche,2007,présidentielle
35,261,Saint-Christophe-de-Valains,139,100,36,103,3,1,0.0,Extrême Gauche,2007,présidentielle
35,261,Saint-Christophe-de-Valains,139,100,36,103,3,2,2.0,Gauche,2007,présidentielle
35,261,Saint-Christophe-de-Valains,139,100,36,103,3,3,37.0,Gauche,2007,présidentielle
35,261,Saint-Christophe-de-Valains,139,100,36,103,3,4,16.0,Écologie,2007,présidentielle
35,261,Saint-Christophe-de-Valains,139,100,36,103,3,5,0.0,Écologie,2007,présidentielle
35,261,Saint-Christophe-de-Valains,139,100,36,103,3,6,0.0,Divers,2007,présidentielle
35,261,Saint-Christophe-de-Valains,139,100,36,103,3,7,11.0,Centre,2007,présidentielle
35,261,Saint-Christophe-de-Valains,139,100,36,103,3,8,25.0,Droite,2007,présidentielle
35,261,Saint-Christophe-de-Valains,139,100,36,103,3,9,2.0,Droite,2007,présidentielle
35,261,Saint-Christophe-de-Valains,139,100,36,103,3,10,0.0,Droite,2007,présidentielle
35,261,Saint-Christophe-de-Valains,139,100,36,103,3,11,4.0,Extrême Droite,2007,présidentielle
35,262,Sainte-Colombe,219,142,75,144,2,0,3.0,Extrême Gauche,2007,présidentielle
35,262,Sainte-Colombe,219,142,75,144,2,1,3.0,Extrême Gauche,2007,présidentielle
35,262,Sainte-Colombe,219,142,75,144,2,2,2.0,Gauche,2007,présidentielle
35,262,Sainte-Colombe,219,142,75,144,2,3,22.0,Gauche,2007,présidentielle
35,262,Sainte-Colombe,219,142,75,144,2,4,2.0,Régionalisme,2007,présidentielle
35,262,Sainte-Colombe,219,142,75,144,2,5,1.0,Régionalisme,2007,présidentielle
35,262,Sainte-Colombe,219,142,75,144,2,6,0.0,Divers,2007,présidentielle
35,262,Sainte-Colombe,219,142,75,144,2,7,13.0,Centre,2007,présidentielle
35,262,Sainte-Colombe,219,142,75,144,2,8,94.0,Droite,2007,présidentielle
35,262,Sainte-Colombe,219,142,75,144,2,9,1.0,Droite,2007,présidentielle
35,262,Sainte-Colombe,219,142,75,144,2,10,1.0,Extrême Droite,2007,présidentielle
35,263,Saint-Coulomb,1953,1247,689,1264,17,0,0.0,Extrême Gauche,2007,présidentielle
35,263,Saint-Coulomb,1953,1247,689,1264,17,1,6.0,Extrême Gauche,2007,présidentielle
35,263,Saint-Coulomb,1953,1247,689,1264,17,2,28.0,Extrême Gauche,2007,présidentielle
35,263,Saint-Coulomb,1953,1247,689,1264,17,3,11.0,Gauche,2007,présidentielle
35,263,Saint-Coulomb,1953,1247,689,1264,17,4,258.0,Gauche,2007,présidentielle
35,263,Saint-Coulomb,1953,1247,689,1264,17,5,36.0,Régionalisme,2007,présidentielle
35,263,Saint-Coulomb,1953,1247,689,1264,17,6,28.0,Droite,2007,présidentielle
35,263,Saint-Coulomb,1953,1247,689,1264,17,7,5.0,Divers,2007,présidentielle
35,263,Saint-Coulomb,1953,1247,689,1264,17,8,209.0,Centre,2007,présidentielle
35,263,Saint-Coulomb,1953,1247,689,1264,17,9,605.0,Droite,2007,présidentielle
35,263,Saint-Coulomb,1953,1247,689,1264,17,10,16.0,Droite,2007,présidentielle
35,263,Saint-Coulomb,1953,1247,689,1264,17,11,40.0,Extrême Droite,2007,présidentielle
35,263,Saint-Coulomb,1953,1247,689,1264,17,12,5.0,Extrême Droite,2007,présidentielle
35,264,Saint-Didier,1174,731,424,750,19,0,6.0,Extrême Gauche,2007,présidentielle
35,264,Saint-Didier,1174,731,424,750,19,1,1.0,Extrême Gauche,2007,présidentielle
35,264,Saint-Didier,1174,731,424,750,19,2,2.0,Gauche,2007,présidentielle
35,264,Saint-Didier,1174,731,424,750,19,3,133.0,Gauche,2007,présidentielle
35,264,Saint-Didier,1174,731,424,750,19,4,25.0,Régionalisme,2007,présidentielle
35,264,Saint-Didier,1174,731,424,750,19,5,6.0,Régionalisme,2007,présidentielle
35,264,Saint-Didier,1174,731,424,750,19,6,2.0,Divers,2007,présidentielle
35,264,Saint-Didier,1174,731,424,750,19,7,92.0,Centre,2007,présidentielle
35,264,Saint-Didier,1174,731,424,750,19,8,434.0,Droite,2007,présidentielle
35,264,Saint-Didier,1174,731,424,750,19,9,12.0,Droite,2007,présidentielle
35,264,Saint-Didier,1174,731,424,750,19,10,18.0,Extrême Droite,2007,présidentielle
35,265,Saint-Domineuc,1420,964,432,988,24,0,20.0,Extrême Gauche,2007,présidentielle
35,265,Saint-Domineuc,1420,964,432,988,24,1,4.0,Extrême Gauche,2007,présidentielle
35,265,Saint-Domineuc,1420,964,432,988,24,2,28.0,Extrême Gauche,2007,présidentielle
35,265,Saint-Domineuc,1420,964,432,988,24,3,15.0,Gauche,2007,présidentielle
35,265,Saint-Domineuc,1420,964,432,988,24,4,412.0,Gauche,2007,présidentielle
35,265,Saint-Domineuc,1420,964,432,988,24,5,35.0,Écologie,2007,présidentielle
35,265,Saint-Domineuc,1420,964,432,988,24,6,6.0,Divers,2007,présidentielle
35,265,Saint-Domineuc,1420,964,432,988,24,7,3.0,Divers,2007,présidentielle
35,265,Saint-Domineuc,1420,964,432,988,24,8,70.0,Centre,2007,présidentielle
35,265,Saint-Domineuc,1420,964,432,988,24,9,343.0,Droite,2007,présidentielle
35,265,Saint-Domineuc,1420,964,432,988,24,10,5.0,Droite,2007,présidentielle
35,265,Saint-Domineuc,1420,964,432,988,24,11,2.0,Droite,2007,présidentielle
35,265,Saint-Domineuc,1420,964,432,988,24,12,21.0,Extrême Droite,2007,présidentielle
35,266,Saint-Erblon,1786,1190,584,1202,12,0,12.0,Extrême Gauche,2007,présidentielle
35,266,Saint-Erblon,1786,1190,584,1202,12,1,35.0,Extrême Gauche,2007,présidentielle
35,266,Saint-Erblon,1786,1190,584,1202,12,2,6.0,Gauche,2007,présidentielle
35,266,Saint-Erblon,1786,1190,584,1202,12,3,416.0,Gauche,2007,présidentielle
35,266,Saint-Erblon,1786,1190,584,1202,12,4,14.0,Gauche,2007,présidentielle
35,266,Saint-Erblon,1786,1190,584,1202,12,5,72.0,Écologie,2007,présidentielle
35,266,Saint-Erblon,1786,1190,584,1202,12,6,1.0,Régionalisme,2007,présidentielle
35,266,Saint-Erblon,1786,1190,584,1202,12,7,13.0,Droite,2007,présidentielle
35,266,Saint-Erblon,1786,1190,584,1202,12,8,13.0,Divers,2007,présidentielle
35,266,Saint-Erblon,1786,1190,584,1202,12,9,149.0,Centre,2007,présidentielle
35,266,Saint-Erblon,1786,1190,584,1202,12,10,419.0,Droite,2007,présidentielle
35,266,Saint-Erblon,1786,1190,584,1202,12,11,20.0,Droite,2007,présidentielle
35,266,Saint-Erblon,1786,1190,584,1202,12,12,20.0,Extrême Droite,2007,présidentielle
35,267,Saint-Etienne-en-Coglès,1218,725,462,756,31,0,10.0,Extrême Gauche,2007,présidentielle
35,267,Saint-Etienne-en-Coglès,1218,725,462,756,31,1,35.0,Extrême Gauche,2007,présidentielle
35,267,Saint-Etienne-en-Coglès,1218,725,462,756,31,2,9.0,Gauche,2007,présidentielle
35,267,Saint-Etienne-en-Coglès,1218,725,462,756,31,3,76.0,Gauche,2007,présidentielle
35,267,Saint-Etienne-en-Coglès,1218,725,462,756,31,4,132.0,Écologie,2007,présidentielle
35,267,Saint-Etienne-en-Coglès,1218,725,462,756,31,5,11.0,Écologie,2007,présidentielle
35,267,Saint-Etienne-en-Coglès,1218,725,462,756,31,6,8.0,Divers,2007,présidentielle
35,267,Saint-Etienne-en-Coglès,1218,725,462,756,31,7,155.0,Centre,2007,présidentielle
35,267,Saint-Etienne-en-Coglès,1218,725,462,756,31,8,261.0,Droite,2007,présidentielle
35,267,Saint-Etienne-en-Coglès,1218,725,462,756,31,9,9.0,Droite,2007,présidentielle
35,267,Saint-Etienne-en-Coglès,1218,725,462,756,31,10,3.0,Droite,2007,présidentielle
35,267,Saint-Etienne-en-Coglès,1218,725,462,756,31,11,16.0,Extrême Droite,2007,présidentielle
35,268,Saint-Ganton,329,188,139,190,2,0,7.0,Extrême Gauche,2007,présidentielle
35,268,Saint-Ganton,329,188,139,190,2,1,13.0,Extrême Gauche,2007,présidentielle
35,268,Saint-Ganton,329,188,139,190,2,2,2.0,Gauche,2007,présidentielle
35,268,Saint-Ganton,329,188,139,190,2,3,47.0,Gauche,2007,présidentielle
35,268,Saint-Ganton,329,188,139,190,2,4,0.0,Gauche,2007,présidentielle
35,268,Saint-Ganton,329,188,139,190,2,5,14.0,Écologie,2007,présidentielle
35,268,Saint-Ganton,329,188,139,190,2,6,4.0,Régionalisme,2007,présidentielle
35,268,Saint-Ganton,329,188,139,190,2,7,6.0,Droite,2007,présidentielle
35,268,Saint-Ganton,329,188,139,190,2,8,4.0,Divers,2007,présidentielle
35,268,Saint-Ganton,329,188,139,190,2,9,13.0,Centre,2007,présidentielle
35,268,Saint-Ganton,329,188,139,190,2,10,63.0,Droite,2007,présidentielle
35,268,Saint-Ganton,329,188,139,190,2,11,4.0,Droite,2007,présidentielle
35,268,Saint-Ganton,329,188,139,190,2,12,11.0,Extrême Droite,2007,présidentielle
35,269,Saint-Georges-de-Chesné,394,282,105,289,7,0,3.0,Extrême Gauche,2007,présidentielle
35,269,Saint-Georges-de-Chesné,394,282,105,289,7,1,10.0,Extrême Gauche,2007,présidentielle
35,269,Saint-Georges-de-Chesné,394,282,105,289,7,2,3.0,Gauche,2007,présidentielle
35,269,Saint-Georges-de-Chesné,394,282,105,289,7,3,31.0,Gauche,2007,présidentielle
35,269,Saint-Georges-de-Chesné,394,282,105,289,7,4,32.0,Écologie,2007,présidentielle
35,269,Saint-Georges-de-Chesné,394,282,105,289,7,5,0.0,Écologie,2007,présidentielle
35,269,Saint-Georges-de-Chesné,394,282,105,289,7,6,4.0,Divers,2007,présidentielle
35,269,Saint-Georges-de-Chesné,394,282,105,289,7,7,111.0,Centre,2007,présidentielle
35,269,Saint-Georges-de-Chesné,394,282,105,289,7,8,78.0,Droite,2007,présidentielle
35,269,Saint-Georges-de-Chesné,394,282,105,289,7,9,0.0,Droite,2007,présidentielle
35,269,Saint-Georges-de-Chesné,394,282,105,289,7,10,5.0,Droite,2007,présidentielle
35,269,Saint-Georges-de-Chesné,394,282,105,289,7,11,5.0,Extrême Droite,2007,présidentielle
35,270,Saint-Georges-de-Gréhaigne,319,200,110,209,9,0,0.0,Extrême Gauche,2007,présidentielle
35,270,Saint-Georges-de-Gréhaigne,319,200,110,209,9,1,0.0,Extrême Gauche,2007,présidentielle
35,270,Saint-Georges-de-Gréhaigne,319,200,110,209,9,2,10.0,Extrême Gauche,2007,présidentielle
35,270,Saint-Georges-de-Gréhaigne,319,200,110,209,9,3,2.0,Gauche,2007,présidentielle
35,270,Saint-Georges-de-Gréhaigne,319,200,110,209,9,4,48.0,Gauche,2007,présidentielle
35,270,Saint-Georges-de-Gréhaigne,319,200,110,209,9,5,2.0,Régionalisme,2007,présidentielle
35,270,Saint-Georges-de-Gréhaigne,319,200,110,209,9,6,13.0,Droite,2007,présidentielle
35,270,Saint-Georges-de-Gréhaigne,319,200,110,209,9,7,0.0,Divers,2007,présidentielle
35,270,Saint-Georges-de-Gréhaigne,319,200,110,209,9,8,6.0,Centre,2007,présidentielle
35,270,Saint-Georges-de-Gréhaigne,319,200,110,209,9,9,105.0,Droite,2007,présidentielle
35,270,Saint-Georges-de-Gréhaigne,319,200,110,209,9,10,3.0,Droite,2007,présidentielle
35,270,Saint-Georges-de-Gréhaigne,319,200,110,209,9,11,10.0,Extrême Droite,2007,présidentielle
35,270,Saint-Georges-de-Gréhaigne,319,200,110,209,9,12,1.0,Extrême Droite,2007,présidentielle
35,271,Saint-Georges-de-Reintembault,1116,630,467,649,19,0,6.0,Extrême Gauche,2007,présidentielle
35,271,Saint-Georges-de-Reintembault,1116,630,467,649,19,1,9.0,Extrême Gauche,2007,présidentielle
35,271,Saint-Georges-de-Reintembault,1116,630,467,649,19,2,6.0,Gauche,2007,présidentielle
35,271,Saint-Georges-de-Reintembault,1116,630,467,649,19,3,32.0,Gauche,2007,présidentielle
35,271,Saint-Georges-de-Reintembault,1116,630,467,649,19,4,43.0,Écologie,2007,présidentielle
35,271,Saint-Georges-de-Reintembault,1116,630,467,649,19,5,10.0,Écologie,2007,présidentielle
35,271,Saint-Georges-de-Reintembault,1116,630,467,649,19,6,7.0,Divers,2007,présidentielle
35,271,Saint-Georges-de-Reintembault,1116,630,467,649,19,7,159.0,Centre,2007,présidentielle
35,271,Saint-Georges-de-Reintembault,1116,630,467,649,19,8,311.0,Droite,2007,présidentielle
35,271,Saint-Georges-de-Reintembault,1116,630,467,649,19,9,5.0,Droite,2007,présidentielle
35,271,Saint-Georges-de-Reintembault,1116,630,467,649,19,10,13.0,Droite,2007,présidentielle
35,271,Saint-Georges-de-Reintembault,1116,630,467,649,19,11,29.0,Extrême Droite,2007,présidentielle
35,272,Saint-Germain-du-Pinel,620,365,247,373,8,0,3.0,Extrême Gauche,2007,présidentielle
35,272,Saint-Germain-du-Pinel,620,365,247,373,8,1,0.0,Extrême Gauche,2007,présidentielle
35,272,Saint-Germain-du-Pinel,620,365,247,373,8,2,0.0,Gauche,2007,présidentielle
35,272,Saint-Germain-du-Pinel,620,365,247,373,8,3,29.0,Gauche,2007,présidentielle
35,272,Saint-Germain-du-Pinel,620,365,247,373,8,4,8.0,Régionalisme,2007,présidentielle
35,272,Saint-Germain-du-Pinel,620,365,247,373,8,5,6.0,Régionalisme,2007,présidentielle
35,272,Saint-Germain-du-Pinel,620,365,247,373,8,6,4.0,Divers,2007,présidentielle
35,272,Saint-Germain-du-Pinel,620,365,247,373,8,7,40.0,Centre,2007,présidentielle
35,272,Saint-Germain-du-Pinel,620,365,247,373,8,8,265.0,Droite,2007,présidentielle
35,272,Saint-Germain-du-Pinel,620,365,247,373,8,9,2.0,Droite,2007,présidentielle
35,272,Saint-Germain-du-Pinel,620,365,247,373,8,10,8.0,Extrême Droite,2007,présidentielle
35,273,Saint-Germain-en-Coglès,1525,991,491,1034,43,0,7.0,Extrême Gauche,2007,présidentielle
35,273,Saint-Germain-en-Coglès,1525,991,491,1034,43,1,35.0,Extrême Gauche,2007,présidentielle
35,273,Saint-Germain-en-Coglès,1525,991,491,1034,43,2,20.0,Gauche,2007,présidentielle
35,273,Saint-Germain-en-Coglès,1525,991,491,1034,43,3,77.0,Gauche,2007,présidentielle
35,273,Saint-Germain-en-Coglès,1525,991,491,1034,43,4,131.0,Écologie,2007,présidentielle
35,273,Saint-Germain-en-Coglès,1525,991,491,1034,43,5,12.0,Écologie,2007,présidentielle
35,273,Saint-Germain-en-Coglès,1525,991,491,1034,43,6,15.0,Divers,2007,présidentielle
35,273,Saint-Germain-en-Coglès,1525,991,491,1034,43,7,287.0,Centre,2007,présidentielle
35,273,Saint-Germain-en-Coglès,1525,991,491,1034,43,8,377.0,Droite,2007,présidentielle
35,273,Saint-Germain-en-Coglès,1525,991,491,1034,43,9,12.0,Droite,2007,présidentielle
35,273,Saint-Germain-en-Coglès,1525,991,491,1034,43,10,10.0,Droite,2007,présidentielle
35,273,Saint-Germain-en-Coglès,1525,991,491,1034,43,11,8.0,Extrême Droite,2007,présidentielle
35,274,Saint-Germain-sur-Ille,612,417,186,426,9,0,5.0,Extrême Gauche,2007,présidentielle
35,274,Saint-Germain-sur-Ille,612,417,186,426,9,1,1.0,Extrême Gauche,2007,présidentielle
35,274,Saint-Germain-sur-Ille,612,417,186,426,9,2,20.0,Extrême Gauche,2007,présidentielle
35,274,Saint-Germain-sur-Ille,612,417,186,426,9,3,7.0,Gauche,2007,présidentielle
35,274,Saint-Germain-sur-Ille,612,417,186,426,9,4,188.0,Gauche,2007,présidentielle
35,274,Saint-Germain-sur-Ille,612,417,186,426,9,5,20.0,Écologie,2007,présidentielle
35,274,Saint-Germain-sur-Ille,612,417,186,426,9,6,3.0,Divers,2007,présidentielle
35,274,Saint-Germain-sur-Ille,612,417,186,426,9,7,0.0,Divers,2007,présidentielle
35,274,Saint-Germain-sur-Ille,612,417,186,426,9,8,37.0,Centre,2007,présidentielle
35,274,Saint-Germain-sur-Ille,612,417,186,426,9,9,129.0,Droite,2007,présidentielle
35,274,Saint-Germain-sur-Ille,612,417,186,426,9,10,2.0,Droite,2007,présidentielle
35,274,Saint-Germain-sur-Ille,612,417,186,426,9,11,1.0,Droite,2007,présidentielle
35,274,Saint-Germain-sur-Ille,612,417,186,426,9,12,4.0,Extrême Droite,2007,présidentielle
35,275,Saint-Gilles,2752,1871,856,1896,25,0,4.0,Extrême Gauche,2007,présidentielle
35,275,Saint-Gilles,2752,1871,856,1896,25,1,3.0,Extrême Gauche,2007,présidentielle
35,275,Saint-Gilles,2752,1871,856,1896,25,2,36.0,Extrême Gauche,2007,présidentielle
35,275,Saint-Gilles,2752,1871,856,1896,25,3,26.0,Gauche,2007,présidentielle
35,275,Saint-Gilles,2752,1871,856,1896,25,4,182.0,Gauche,2007,présidentielle
35,275,Saint-Gilles,2752,1871,856,1896,25,5,526.0,Gauche,2007,présidentielle
35,275,Saint-Gilles,2752,1871,856,1896,25,6,75.0,Écologie,2007,présidentielle
35,275,Saint-Gilles,2752,1871,856,1896,25,7,9.0,Écologie,2007,présidentielle
35,275,Saint-Gilles,2752,1871,856,1896,25,8,9.0,Divers,2007,présidentielle
35,275,Saint-Gilles,2752,1871,856,1896,25,9,174.0,Centre,2007,présidentielle
35,275,Saint-Gilles,2752,1871,856,1896,25,10,793.0,Droite,2007,présidentielle
35,275,Saint-Gilles,2752,1871,856,1896,25,11,15.0,Droite,2007,présidentielle
35,275,Saint-Gilles,2752,1871,856,1896,25,12,19.0,Extrême Droite,2007,présidentielle
35,276,Saint-Gondran,406,243,157,249,6,0,6.0,Extrême Gauche,2007,présidentielle
35,276,Saint-Gondran,406,243,157,249,6,1,0.0,Extrême Gauche,2007,présidentielle
35,276,Saint-Gondran,406,243,157,249,6,2,11.0,Extrême Gauche,2007,présidentielle
35,276,Saint-Gondran,406,243,157,249,6,3,4.0,Gauche,2007,présidentielle
35,276,Saint-Gondran,406,243,157,249,6,4,110.0,Gauche,2007,présidentielle
35,276,Saint-Gondran,406,243,157,249,6,5,21.0,Écologie,2007,présidentielle
35,276,Saint-Gondran,406,243,157,249,6,6,0.0,Divers,2007,présidentielle
35,276,Saint-Gondran,406,243,157,249,6,7,0.0,Divers,2007,présidentielle
35,276,Saint-Gondran,406,243,157,249,6,8,10.0,Centre,2007,présidentielle
35,276,Saint-Gondran,406,243,157,249,6,9,67.0,Droite,2007,présidentielle
35,276,Saint-Gondran,406,243,157,249,6,10,6.0,Droite,2007,présidentielle
35,276,Saint-Gondran,406,243,157,249,6,11,1.0,Droite,2007,présidentielle
35,276,Saint-Gondran,406,243,157,249,6,12,7.0,Extrême Droite,2007,présidentielle
35,277,Saint-Gonlay,269,165,102,167,2,0,6.0,Extrême Gauche,2007,présidentielle
35,277,Saint-Gonlay,269,165,102,167,2,1,0.0,Extrême Gauche,2007,présidentielle
35,277,Saint-Gonlay,269,165,102,167,2,2,3.0,Extrême Gauche,2007,présidentielle
35,277,Saint-Gonlay,269,165,102,167,2,3,1.0,Gauche,2007,présidentielle
35,277,Saint-Gonlay,269,165,102,167,2,4,17.0,Gauche,2007,présidentielle
35,277,Saint-Gonlay,269,165,102,167,2,5,46.0,Gauche,2007,présidentielle
35,277,Saint-Gonlay,269,165,102,167,2,6,7.0,Écologie,2007,présidentielle
35,277,Saint-Gonlay,269,165,102,167,2,7,0.0,Écologie,2007,présidentielle
35,277,Saint-Gonlay,269,165,102,167,2,8,2.0,Divers,2007,présidentielle
35,277,Saint-Gonlay,269,165,102,167,2,9,10.0,Centre,2007,présidentielle
35,277,Saint-Gonlay,269,165,102,167,2,10,65.0,Droite,2007,présidentielle
35,277,Saint-Gonlay,269,165,102,167,2,11,2.0,Droite,2007,présidentielle
35,277,Saint-Gonlay,269,165,102,167,2,12,6.0,Extrême Droite,2007,présidentielle
35,278,Saint-Grégoire,6400,4303,2055,4345,42,0,21.0,Extrême Gauche,2007,présidentielle
35,278,Saint-Grégoire,6400,4303,2055,4345,42,1,3.0,Extrême Gauche,2007,présidentielle
35,278,Saint-Grégoire,6400,4303,2055,4345,42,2,50.0,Extrême Gauche,2007,présidentielle
35,278,Saint-Grégoire,6400,4303,2055,4345,42,3,46.0,Gauche,2007,présidentielle
35,278,Saint-Grégoire,6400,4303,2055,4345,42,4,1402.0,Gauche,2007,présidentielle
35,278,Saint-Grégoire,6400,4303,2055,4345,42,5,147.0,Écologie,2007,présidentielle
35,278,Saint-Grégoire,6400,4303,2055,4345,42,6,31.0,Divers,2007,présidentielle
35,278,Saint-Grégoire,6400,4303,2055,4345,42,7,5.0,Divers,2007,présidentielle
35,278,Saint-Grégoire,6400,4303,2055,4345,42,8,570.0,Centre,2007,présidentielle
35,278,Saint-Grégoire,6400,4303,2055,4345,42,9,1931.0,Droite,2007,présidentielle
35,278,Saint-Grégoire,6400,4303,2055,4345,42,10,43.0,Droite,2007,présidentielle
35,278,Saint-Grégoire,6400,4303,2055,4345,42,11,9.0,Droite,2007,présidentielle
35,278,Saint-Grégoire,6400,4303,2055,4345,42,12,45.0,Extrême Droite,2007,présidentielle
35,279,Saint-Guinoux,598,381,215,383,2,0,3.0,Extrême Gauche,2007,présidentielle
35,279,Saint-Guinoux,598,381,215,383,2,1,3.0,Extrême Gauche,2007,présidentielle
35,279,Saint-Guinoux,598,381,215,383,2,2,15.0,Extrême Gauche,2007,présidentielle
35,279,Saint-Guinoux,598,381,215,383,2,3,4.0,Gauche,2007,présidentielle
35,279,Saint-Guinoux,598,381,215,383,2,4,60.0,Gauche,2007,présidentielle
35,279,Saint-Guinoux,598,381,215,383,2,5,7.0,Régionalisme,2007,présidentielle
35,279,Saint-Guinoux,598,381,215,383,2,6,4.0,Droite,2007,présidentielle
35,279,Saint-Guinoux,598,381,215,383,2,7,3.0,Divers,2007,présidentielle
35,279,Saint-Guinoux,598,381,215,383,2,8,161.0,Centre,2007,présidentielle
35,279,Saint-Guinoux,598,381,215,383,2,9,106.0,Droite,2007,présidentielle
35,279,Saint-Guinoux,598,381,215,383,2,10,1.0,Droite,2007,présidentielle
35,279,Saint-Guinoux,598,381,215,383,2,11,11.0,Extrême Droite,2007,présidentielle
35,279,Saint-Guinoux,598,381,215,383,2,12,3.0,Extrême Droite,2007,présidentielle
35,280,Saint-Hilaire-des-Landes,702,480,213,489,9,0,5.0,Extrême Gauche,2007,présidentielle
35,280,Saint-Hilaire-des-Landes,702,480,213,489,9,1,19.0,Extrême Gauche,2007,présidentielle
35,280,Saint-Hilaire-des-Landes,702,480,213,489,9,2,5.0,Gauche,2007,présidentielle
35,280,Saint-Hilaire-des-Landes,702,480,213,489,9,3,116.0,Gauche,2007,présidentielle
35,280,Saint-Hilaire-des-Landes,702,480,213,489,9,4,61.0,Écologie,2007,présidentielle
35,280,Saint-Hilaire-des-Landes,702,480,213,489,9,5,3.0,Écologie,2007,présidentielle
35,280,Saint-Hilaire-des-Landes,702,480,213,489,9,6,1.0,Divers,2007,présidentielle
35,280,Saint-Hilaire-des-Landes,702,480,213,489,9,7,94.0,Centre,2007,présidentielle
35,280,Saint-Hilaire-des-Landes,702,480,213,489,9,8,154.0,Droite,2007,présidentielle
35,280,Saint-Hilaire-des-Landes,702,480,213,489,9,9,4.0,Droite,2007,présidentielle
35,280,Saint-Hilaire-des-Landes,702,480,213,489,9,10,5.0,Droite,2007,présidentielle
35,280,Saint-Hilaire-des-Landes,702,480,213,489,9,11,13.0,Extrême Droite,2007,présidentielle
35,281,Saint-Jacques-de-la-Lande,6135,3746,2335,3800,54,0,38.0,Extrême Gauche,2007,présidentielle
35,281,Saint-Jacques-de-la-Lande,6135,3746,2335,3800,54,1,5.0,Extrême Gauche,2007,présidentielle
35,281,Saint-Jacques-de-la-Lande,6135,3746,2335,3800,54,2,74.0,Extrême Gauche,2007,présidentielle
35,281,Saint-Jacques-de-la-Lande,6135,3746,2335,3800,54,3,80.0,Gauche,2007,présidentielle
35,281,Saint-Jacques-de-la-Lande,6135,3746,2335,3800,54,4,1649.0,Gauche,2007,présidentielle
35,281,Saint-Jacques-de-la-Lande,6135,3746,2335,3800,54,5,150.0,Écologie,2007,présidentielle
35,281,Saint-Jacques-de-la-Lande,6135,3746,2335,3800,54,6,52.0,Écologie,2007,présidentielle
35,281,Saint-Jacques-de-la-Lande,6135,3746,2335,3800,54,7,19.0,Régionalisme,2007,présidentielle
35,281,Saint-Jacques-de-la-Lande,6135,3746,2335,3800,54,8,28.0,Divers,2007,présidentielle
35,281,Saint-Jacques-de-la-Lande,6135,3746,2335,3800,54,9,3.0,Divers,2007,présidentielle
35,281,Saint-Jacques-de-la-Lande,6135,3746,2335,3800,54,10,421.0,Centre,2007,présidentielle
35,281,Saint-Jacques-de-la-Lande,6135,3746,2335,3800,54,11,834.0,Droite,2007,présidentielle
35,281,Saint-Jacques-de-la-Lande,6135,3746,2335,3800,54,12,309.0,Droite,2007,présidentielle
35,281,Saint-Jacques-de-la-Lande,6135,3746,2335,3800,54,13,84.0,Extrême Droite,2007,présidentielle
35,282,Saint-Jean-sur-Couesnon,732,480,248,484,4,0,4.0,Extrême Gauche,2007,présidentielle
35,282,Saint-Jean-sur-Couesnon,732,480,248,484,4,1,13.0,Extrême Gauche,2007,présidentielle
35,282,Saint-Jean-sur-Couesnon,732,480,248,484,4,2,7.0,Gauche,2007,présidentielle
35,282,Saint-Jean-sur-Couesnon,732,480,248,484,4,3,94.0,Gauche,2007,présidentielle
35,282,Saint-Jean-sur-Couesnon,732,480,248,484,4,4,55.0,Écologie,2007,présidentielle
35,282,Saint-Jean-sur-Couesnon,732,480,248,484,4,5,11.0,Écologie,2007,présidentielle
35,282,Saint-Jean-sur-Couesnon,732,480,248,484,4,6,2.0,Divers,2007,présidentielle
35,282,Saint-Jean-sur-Couesnon,732,480,248,484,4,7,87.0,Centre,2007,présidentielle
35,282,Saint-Jean-sur-Couesnon,732,480,248,484,4,8,191.0,Droite,2007,présidentielle
35,282,Saint-Jean-sur-Couesnon,732,480,248,484,4,9,1.0,Droite,2007,présidentielle
35,282,Saint-Jean-sur-Couesnon,732,480,248,484,4,10,6.0,Droite,2007,présidentielle
35,282,Saint-Jean-sur-Couesnon,732,480,248,484,4,11,9.0,Extrême Droite,2007,présidentielle
35,283,Saint-Jean-sur-Vilaine,732,466,261,471,5,0,6.0,Extrême Gauche,2007,présidentielle
35,283,Saint-Jean-sur-Vilaine,732,466,261,471,5,1,0.0,Extrême Gauche,2007,présidentielle
35,283,Saint-Jean-sur-Vilaine,732,466,261,471,5,2,8.0,Gauche,2007,présidentielle
35,283,Saint-Jean-sur-Vilaine,732,466,261,471,5,3,72.0,Gauche,2007,présidentielle
35,283,Saint-Jean-sur-Vilaine,732,466,261,471,5,4,14.0,Régionalisme,2007,présidentielle
35,283,Saint-Jean-sur-Vilaine,732,466,261,471,5,5,11.0,Régionalisme,2007,présidentielle
35,283,Saint-Jean-sur-Vilaine,732,466,261,471,5,6,9.0,Divers,2007,présidentielle
35,283,Saint-Jean-sur-Vilaine,732,466,261,471,5,7,80.0,Centre,2007,présidentielle
35,283,Saint-Jean-sur-Vilaine,732,466,261,471,5,8,254.0,Droite,2007,présidentielle
35,283,Saint-Jean-sur-Vilaine,732,466,261,471,5,9,4.0,Droite,2007,présidentielle
35,283,Saint-Jean-sur-Vilaine,732,466,261,471,5,10,8.0,Extrême Droite,2007,présidentielle
35,284,Saint-Jouan-des-Guérets,2225,1347,866,1359,12,0,4.0,Extrême Gauche,2007,présidentielle
35,284,Saint-Jouan-des-Guérets,2225,1347,866,1359,12,1,10.0,Extrême Gauche,2007,présidentielle
35,284,Saint-Jouan-des-Guérets,2225,1347,866,1359,12,2,26.0,Extrême Gauche,2007,présidentielle
35,284,Saint-Jouan-des-Guérets,2225,1347,866,1359,12,3,18.0,Gauche,2007,présidentielle
35,284,Saint-Jouan-des-Guérets,2225,1347,866,1359,12,4,346.0,Gauche,2007,présidentielle
35,284,Saint-Jouan-des-Guérets,2225,1347,866,1359,12,5,42.0,Régionalisme,2007,présidentielle
35,284,Saint-Jouan-des-Guérets,2225,1347,866,1359,12,6,11.0,Droite,2007,présidentielle
35,284,Saint-Jouan-des-Guérets,2225,1347,866,1359,12,7,6.0,Divers,2007,présidentielle
35,284,Saint-Jouan-des-Guérets,2225,1347,866,1359,12,8,303.0,Centre,2007,présidentielle
35,284,Saint-Jouan-des-Guérets,2225,1347,866,1359,12,9,553.0,Droite,2007,présidentielle
35,284,Saint-Jouan-des-Guérets,2225,1347,866,1359,12,10,11.0,Droite,2007,présidentielle
35,284,Saint-Jouan-des-Guérets,2225,1347,866,1359,12,11,17.0,Extrême Droite,2007,présidentielle
35,284,Saint-Jouan-des-Guérets,2225,1347,866,1359,12,12,0.0,Extrême Droite,2007,présidentielle
35,285,Saint-Just,837,489,342,495,6,0,7.0,Extrême Gauche,2007,présidentielle
35,285,Saint-Just,837,489,342,495,6,1,13.0,Extrême Gauche,2007,présidentielle
35,285,Saint-Just,837,489,342,495,6,2,0.0,Gauche,2007,présidentielle
35,285,Saint-Just,837,489,342,495,6,3,171.0,Gauche,2007,présidentielle
35,285,Saint-Just,837,489,342,495,6,4,2.0,Gauche,2007,présidentielle
35,285,Saint-Just,837,489,342,495,6,5,12.0,Écologie,2007,présidentielle
35,285,Saint-Just,837,489,342,495,6,6,14.0,Régionalisme,2007,présidentielle
35,285,Saint-Just,837,489,342,495,6,7,13.0,Droite,2007,présidentielle
35,285,Saint-Just,837,489,342,495,6,8,9.0,Divers,2007,présidentielle
35,285,Saint-Just,837,489,342,495,6,9,35.0,Centre,2007,présidentielle
35,285,Saint-Just,837,489,342,495,6,10,195.0,Droite,2007,présidentielle
35,285,Saint-Just,837,489,342,495,6,11,7.0,Droite,2007,présidentielle
35,285,Saint-Just,837,489,342,495,6,12,11.0,Extrême Droite,2007,présidentielle
35,286,Saint-Léger-des-Prés,174,124,45,129,5,0,1.0,Extrême Gauche,2007,présidentielle
35,286,Saint-Léger-des-Prés,174,124,45,129,5,1,0.0,Extrême Gauche,2007,présidentielle
35,286,Saint-Léger-des-Prés,174,124,45,129,5,2,6.0,Extrême Gauche,2007,présidentielle
35,286,Saint-Léger-des-Prés,174,124,45,129,5,3,3.0,Gauche,2007,présidentielle
35,286,Saint-Léger-des-Prés,174,124,45,129,5,4,55.0,Gauche,2007,présidentielle
35,286,Saint-Léger-des-Prés,174,124,45,129,5,5,2.0,Écologie,2007,présidentielle
35,286,Saint-Léger-des-Prés,174,124,45,129,5,6,4.0,Divers,2007,présidentielle
35,286,Saint-Léger-des-Prés,174,124,45,129,5,7,0.0,Divers,2007,présidentielle
35,286,Saint-Léger-des-Prés,174,124,45,129,5,8,3.0,Centre,2007,présidentielle
35,286,Saint-Léger-des-Prés,174,124,45,129,5,9,44.0,Droite,2007,présidentielle
35,286,Saint-Léger-des-Prés,174,124,45,129,5,10,5.0,Droite,2007,présidentielle
35,286,Saint-Léger-des-Prés,174,124,45,129,5,11,0.0,Droite,2007,présidentielle
35,286,Saint-Léger-des-Prés,174,124,45,129,5,12,1.0,Extrême Droite,2007,présidentielle
35,287,Saint-Lunaire,1973,1268,684,1289,21,0,3.0,Extrême Gauche,2007,présidentielle
35,287,Saint-Lunaire,1973,1268,684,1289,21,1,8.0,Extrême Gauche,2007,présidentielle
35,287,Saint-Lunaire,1973,1268,684,1289,21,2,35.0,Extrême Gauche,2007,présidentielle
35,287,Saint-Lunaire,1973,1268,684,1289,21,3,10.0,Gauche,2007,présidentielle
35,287,Saint-Lunaire,1973,1268,684,1289,21,4,274.0,Gauche,2007,présidentielle
35,287,Saint-Lunaire,1973,1268,684,1289,21,5,49.0,Régionalisme,2007,présidentielle
35,287,Saint-Lunaire,1973,1268,684,1289,21,6,8.0,Droite,2007,présidentielle
35,287,Saint-Lunaire,1973,1268,684,1289,21,7,7.0,Divers,2007,présidentielle
35,287,Saint-Lunaire,1973,1268,684,1289,21,8,161.0,Centre,2007,présidentielle
35,287,Saint-Lunaire,1973,1268,684,1289,21,9,666.0,Droite,2007,présidentielle
35,287,Saint-Lunaire,1973,1268,684,1289,21,10,9.0,Droite,2007,présidentielle
35,287,Saint-Lunaire,1973,1268,684,1289,21,11,29.0,Extrême Droite,2007,présidentielle
35,287,Saint-Lunaire,1973,1268,684,1289,21,12,9.0,Extrême Droite,2007,présidentielle
35,288,Saint-Malo,37492,22862,14351,23141,279,0,106.0,Extrême Gauche,2007,présidentielle
35,288,Saint-Malo,37492,22862,14351,23141,279,1,124.0,Extrême Gauche,2007,présidentielle
35,288,Saint-Malo,37492,22862,14351,23141,279,2,624.0,Extrême Gauche,2007,présidentielle
35,288,Saint-Malo,37492,22862,14351,23141,279,3,321.0,Gauche,2007,présidentielle
35,288,Saint-Malo,37492,22862,14351,23141,279,4,5748.0,Gauche,2007,présidentielle
35,288,Saint-Malo,37492,22862,14351,23141,279,5,760.0,Régionalisme,2007,présidentielle
35,288,Saint-Malo,37492,22862,14351,23141,279,6,113.0,Droite,2007,présidentielle
35,288,Saint-Malo,37492,22862,14351,23141,279,7,100.0,Divers,2007,présidentielle
35,288,Saint-Malo,37492,22862,14351,23141,279,8,3222.0,Centre,2007,présidentielle
35,288,Saint-Malo,37492,22862,14351,23141,279,9,11065.0,Droite,2007,présidentielle
35,288,Saint-Malo,37492,22862,14351,23141,279,10,156.0,Droite,2007,présidentielle
35,288,Saint-Malo,37492,22862,14351,23141,279,11,460.0,Extrême Droite,2007,présidentielle
35,288,Saint-Malo,37492,22862,14351,23141,279,12,63.0,Extrême Droite,2007,présidentielle
35,289,Saint-Malo-de-Phily,555,359,186,369,10,0,6.0,Extrême Gauche,2007,présidentielle
35,289,Saint-Malo-de-Phily,555,359,186,369,10,1,12.0,Extrême Gauche,2007,présidentielle
35,289,Saint-Malo-de-Phily,555,359,186,369,10,2,4.0,Gauche,2007,présidentielle
35,289,Saint-Malo-de-Phily,555,359,186,369,10,3,102.0,Gauche,2007,présidentielle
35,289,Saint-Malo-de-Phily,555,359,186,369,10,4,3.0,Gauche,2007,présidentielle
35,289,Saint-Malo-de-Phily,555,359,186,369,10,5,15.0,Écologie,2007,présidentielle
35,289,Saint-Malo-de-Phily,555,359,186,369,10,6,4.0,Régionalisme,2007,présidentielle
35,289,Saint-Malo-de-Phily,555,359,186,369,10,7,10.0,Droite,2007,présidentielle
35,289,Saint-Malo-de-Phily,555,359,186,369,10,8,9.0,Divers,2007,présidentielle
35,289,Saint-Malo-de-Phily,555,359,186,369,10,9,30.0,Centre,2007,présidentielle
35,289,Saint-Malo-de-Phily,555,359,186,369,10,10,146.0,Droite,2007,présidentielle
35,289,Saint-Malo-de-Phily,555,359,186,369,10,11,3.0,Droite,2007,présidentielle
35,289,Saint-Malo-de-Phily,555,359,186,369,10,12,15.0,Extrême Droite,2007,présidentielle
35,290,Saint-Malon-sur-Mel,381,224,149,232,8,0,0.0,Extrême Gauche,2007,présidentielle
35,290,Saint-Malon-sur-Mel,381,224,149,232,8,1,1.0,Extrême Gauche,2007,présidentielle
35,290,Saint-Malon-sur-Mel,381,224,149,232,8,2,7.0,Extrême Gauche,2007,présidentielle
35,290,Saint-Malon-sur-Mel,381,224,149,232,8,3,1.0,Gauche,2007,présidentielle
35,290,Saint-Malon-sur-Mel,381,224,149,232,8,4,25.0,Gauche,2007,présidentielle
35,290,Saint-Malon-sur-Mel,381,224,149,232,8,5,32.0,Gauche,2007,présidentielle
35,290,Saint-Malon-sur-Mel,381,224,149,232,8,6,6.0,Écologie,2007,présidentielle
35,290,Saint-Malon-sur-Mel,381,224,149,232,8,7,5.0,Écologie,2007,présidentielle
35,290,Saint-Malon-sur-Mel,381,224,149,232,8,8,3.0,Divers,2007,présidentielle
35,290,Saint-Malon-sur-Mel,381,224,149,232,8,9,14.0,Centre,2007,présidentielle
35,290,Saint-Malon-sur-Mel,381,224,149,232,8,10,121.0,Droite,2007,présidentielle
35,290,Saint-Malon-sur-Mel,381,224,149,232,8,11,0.0,Droite,2007,présidentielle
35,290,Saint-Malon-sur-Mel,381,224,149,232,8,12,9.0,Extrême Droite,2007,présidentielle
35,291,Saint-Marcan,344,243,99,245,2,0,3.0,Extrême Gauche,2007,présidentielle
35,291,Saint-Marcan,344,243,99,245,2,1,6.0,Extrême Gauche,2007,présidentielle
35,291,Saint-Marcan,344,243,99,245,2,2,7.0,Extrême Gauche,2007,présidentielle
35,291,Saint-Marcan,344,243,99,245,2,3,3.0,Gauche,2007,présidentielle
35,291,Saint-Marcan,344,243,99,245,2,4,62.0,Gauche,2007,présidentielle
35,291,Saint-Marcan,344,243,99,245,2,5,4.0,Régionalisme,2007,présidentielle
35,291,Saint-Marcan,344,243,99,245,2,6,17.0,Droite,2007,présidentielle
35,291,Saint-Marcan,344,243,99,245,2,7,0.0,Divers,2007,présidentielle
35,291,Saint-Marcan,344,243,99,245,2,8,9.0,Centre,2007,présidentielle
35,291,Saint-Marcan,344,243,99,245,2,9,122.0,Droite,2007,présidentielle
35,291,Saint-Marcan,344,243,99,245,2,10,0.0,Droite,2007,présidentielle
35,291,Saint-Marcan,344,243,99,245,2,11,10.0,Extrême Droite,2007,présidentielle
35,291,Saint-Marcan,344,243,99,245,2,12,0.0,Extrême Droite,2007,présidentielle
35,292,Saint-Marc-le-Blanc,948,626,309,639,13,0,4.0,Extrême Gauche,2007,présidentielle
35,292,Saint-Marc-le-Blanc,948,626,309,639,13,1,30.0,Extrême Gauche,2007,présidentielle
35,292,Saint-Marc-le-Blanc,948,626,309,639,13,2,14.0,Gauche,2007,présidentielle
35,292,Saint-Marc-le-Blanc,948,626,309,639,13,3,115.0,Gauche,2007,présidentielle
35,292,Saint-Marc-le-Blanc,948,626,309,639,13,4,87.0,Écologie,2007,présidentielle
35,292,Saint-Marc-le-Blanc,948,626,309,639,13,5,7.0,Écologie,2007,présidentielle
35,292,Saint-Marc-le-Blanc,948,626,309,639,13,6,7.0,Divers,2007,présidentielle
35,292,Saint-Marc-le-Blanc,948,626,309,639,13,7,105.0,Centre,2007,présidentielle
35,292,Saint-Marc-le-Blanc,948,626,309,639,13,8,228.0,Droite,2007,présidentielle
35,292,Saint-Marc-le-Blanc,948,626,309,639,13,9,6.0,Droite,2007,présidentielle
35,292,Saint-Marc-le-Blanc,948,626,309,639,13,10,9.0,Droite,2007,présidentielle
35,292,Saint-Marc-le-Blanc,948,626,309,639,13,11,14.0,Extrême Droite,2007,présidentielle
35,293,Saint-Marc-sur-Couesnon,389,270,112,277,7,0,0.0,Extrême Gauche,2007,présidentielle
35,293,Saint-Marc-sur-Couesnon,389,270,112,277,7,1,3.0,Extrême Gauche,2007,présidentielle
35,293,Saint-Marc-sur-Couesnon,389,270,112,277,7,2,5.0,Gauche,2007,présidentielle
35,293,Saint-Marc-sur-Couesnon,389,270,112,277,7,3,59.0,Gauche,2007,présidentielle
35,293,Saint-Marc-sur-Couesnon,389,270,112,277,7,4,30.0,Écologie,2007,présidentielle
35,293,Saint-Marc-sur-Couesnon,389,270,112,277,7,5,3.0,Écologie,2007,présidentielle
35,293,Saint-Marc-sur-Couesnon,389,270,112,277,7,6,4.0,Divers,2007,présidentielle
35,293,Saint-Marc-sur-Couesnon,389,270,112,277,7,7,55.0,Centre,2007,présidentielle
35,293,Saint-Marc-sur-Couesnon,389,270,112,277,7,8,97.0,Droite,2007,présidentielle
35,293,Saint-Marc-sur-Couesnon,389,270,112,277,7,9,2.0,Droite,2007,présidentielle
35,293,Saint-Marc-sur-Couesnon,389,270,112,277,7,10,4.0,Droite,2007,présidentielle
35,293,Saint-Marc-sur-Couesnon,389,270,112,277,7,11,8.0,Extrême Droite,2007,présidentielle
35,294,Sainte-Marie,1581,908,659,922,14,0,9.0,Extrême Gauche,2007,présidentielle
35,294,Sainte-Marie,1581,908,659,922,14,1,26.0,Extrême Gauche,2007,présidentielle
35,294,Sainte-Marie,1581,908,659,922,14,2,7.0,Gauche,2007,présidentielle
35,294,Sainte-Marie,1581,908,659,922,14,3,330.0,Gauche,2007,présidentielle
35,294,Sainte-Marie,1581,908,659,922,14,4,5.0,Gauche,2007,présidentielle
35,294,Sainte-Marie,1581,908,659,922,14,5,39.0,Écologie,2007,présidentielle
35,294,Sainte-Marie,1581,908,659,922,14,6,15.0,Régionalisme,2007,présidentielle
35,294,Sainte-Marie,1581,908,659,922,14,7,26.0,Droite,2007,présidentielle
35,294,Sainte-Marie,1581,908,659,922,14,8,12.0,Divers,2007,présidentielle
35,294,Sainte-Marie,1581,908,659,922,14,9,51.0,Centre,2007,présidentielle
35,294,Sainte-Marie,1581,908,659,922,14,10,361.0,Droite,2007,présidentielle
35,294,Sainte-Marie,1581,908,659,922,14,11,8.0,Droite,2007,présidentielle
35,294,Sainte-Marie,1581,908,659,922,14,12,19.0,Extrême Droite,2007,présidentielle
35,295,Saint-Maugan,347,227,116,231,4,0,3.0,Extrême Gauche,2007,présidentielle
35,295,Saint-Maugan,347,227,116,231,4,1,1.0,Extrême Gauche,2007,présidentielle
35,295,Saint-Maugan,347,227,116,231,4,2,6.0,Extrême Gauche,2007,présidentielle
35,295,Saint-Maugan,347,227,116,231,4,3,2.0,Gauche,2007,présidentielle
35,295,Saint-Maugan,347,227,116,231,4,4,11.0,Gauche,2007,présidentielle
35,295,Saint-Maugan,347,227,116,231,4,5,71.0,Gauche,2007,présidentielle
35,295,Saint-Maugan,347,227,116,231,4,6,6.0,Écologie,2007,présidentielle
35,295,Saint-Maugan,347,227,116,231,4,7,1.0,Écologie,2007,présidentielle
35,295,Saint-Maugan,347,227,116,231,4,8,2.0,Divers,2007,présidentielle
35,295,Saint-Maugan,347,227,116,231,4,9,16.0,Centre,2007,présidentielle
35,295,Saint-Maugan,347,227,116,231,4,10,99.0,Droite,2007,présidentielle
35,295,Saint-Maugan,347,227,116,231,4,11,4.0,Droite,2007,présidentielle
35,295,Saint-Maugan,347,227,116,231,4,12,5.0,Extrême Droite,2007,présidentielle
35,296,Saint-Médard-sur-Ille,988,612,367,621,9,0,3.0,Extrême Gauche,2007,présidentielle
35,296,Saint-Médard-sur-Ille,988,612,367,621,9,1,0.0,Extrême Gauche,2007,présidentielle
35,296,Saint-Médard-sur-Ille,988,612,367,621,9,2,15.0,Extrême Gauche,2007,présidentielle
35,296,Saint-Médard-sur-Ille,988,612,367,621,9,3,13.0,Gauche,2007,présidentielle
35,296,Saint-Médard-sur-Ille,988,612,367,621,9,4,271.0,Gauche,2007,présidentielle
35,296,Saint-Médard-sur-Ille,988,612,367,621,9,5,56.0,Écologie,2007,présidentielle
35,296,Saint-Médard-sur-Ille,988,612,367,621,9,6,12.0,Divers,2007,présidentielle
35,296,Saint-Médard-sur-Ille,988,612,367,621,9,7,0.0,Divers,2007,présidentielle
35,296,Saint-Médard-sur-Ille,988,612,367,621,9,8,46.0,Centre,2007,présidentielle
35,296,Saint-Médard-sur-Ille,988,612,367,621,9,9,176.0,Droite,2007,présidentielle
35,296,Saint-Médard-sur-Ille,988,612,367,621,9,10,7.0,Droite,2007,présidentielle
35,296,Saint-Médard-sur-Ille,988,612,367,621,9,11,1.0,Droite,2007,présidentielle
35,296,Saint-Médard-sur-Ille,988,612,367,621,9,12,12.0,Extrême Droite,2007,présidentielle
35,297,Saint-Méen-le-Grand,2776,1747,998,1778,31,0,20.0,Extrême Gauche,2007,présidentielle
35,297,Saint-Méen-le-Grand,2776,1747,998,1778,31,1,3.0,Extrême Gauche,2007,présidentielle
35,297,Saint-Méen-le-Grand,2776,1747,998,1778,31,2,19.0,Extrême Gauche,2007,présidentielle
35,297,Saint-Méen-le-Grand,2776,1747,998,1778,31,3,12.0,Gauche,2007,présidentielle
35,297,Saint-Méen-le-Grand,2776,1747,998,1778,31,4,101.0,Gauche,2007,présidentielle
35,297,Saint-Méen-le-Grand,2776,1747,998,1778,31,5,383.0,Gauche,2007,présidentielle
35,297,Saint-Méen-le-Grand,2776,1747,998,1778,31,6,23.0,Écologie,2007,présidentielle
35,297,Saint-Méen-le-Grand,2776,1747,998,1778,31,7,20.0,Écologie,2007,présidentielle
35,297,Saint-Méen-le-Grand,2776,1747,998,1778,31,8,13.0,Divers,2007,présidentielle
35,297,Saint-Méen-le-Grand,2776,1747,998,1778,31,9,123.0,Centre,2007,présidentielle
35,297,Saint-Méen-le-Grand,2776,1747,998,1778,31,10,982.0,Droite,2007,présidentielle
35,297,Saint-Méen-le-Grand,2776,1747,998,1778,31,11,20.0,Droite,2007,présidentielle
35,297,Saint-Méen-le-Grand,2776,1747,998,1778,31,12,28.0,Extrême Droite,2007,présidentielle
35,299,Saint-Méloir-des-Ondes,2686,1642,1017,1669,27,0,5.0,Extrême Gauche,2007,présidentielle
35,299,Saint-Méloir-des-Ondes,2686,1642,1017,1669,27,1,11.0,Extrême Gauche,2007,présidentielle
35,299,Saint-Méloir-des-Ondes,2686,1642,1017,1669,27,2,32.0,Extrême Gauche,2007,présidentielle
35,299,Saint-Méloir-des-Ondes,2686,1642,1017,1669,27,3,13.0,Gauche,2007,présidentielle
35,299,Saint-Méloir-des-Ondes,2686,1642,1017,1669,27,4,377.0,Gauche,2007,présidentielle
35,299,Saint-Méloir-des-Ondes,2686,1642,1017,1669,27,5,50.0,Régionalisme,2007,présidentielle
35,299,Saint-Méloir-des-Ondes,2686,1642,1017,1669,27,6,44.0,Droite,2007,présidentielle
35,299,Saint-Méloir-des-Ondes,2686,1642,1017,1669,27,7,10.0,Divers,2007,présidentielle
35,299,Saint-Méloir-des-Ondes,2686,1642,1017,1669,27,8,323.0,Centre,2007,présidentielle
35,299,Saint-Méloir-des-Ondes,2686,1642,1017,1669,27,9,732.0,Droite,2007,présidentielle
35,299,Saint-Méloir-des-Ondes,2686,1642,1017,1669,27,10,10.0,Droite,2007,présidentielle
35,299,Saint-Méloir-des-Ondes,2686,1642,1017,1669,27,11,33.0,Extrême Droite,2007,présidentielle
35,299,Saint-Méloir-des-Ondes,2686,1642,1017,1669,27,12,2.0,Extrême Droite,2007,présidentielle
35,300,Saint-M'Hervé,1019,629,376,643,14,0,14.0,Extrême Gauche,2007,présidentielle
35,300,Saint-M'Hervé,1019,629,376,643,14,1,3.0,Extrême Gauche,2007,présidentielle
35,300,Saint-M'Hervé,1019,629,376,643,14,2,3.0,Gauche,2007,présidentielle
35,300,Saint-M'Hervé,1019,629,376,643,14,3,56.0,Gauche,2007,présidentielle
35,300,Saint-M'Hervé,1019,629,376,643,14,4,14.0,Régionalisme,2007,présidentielle
35,300,Saint-M'Hervé,1019,629,376,643,14,5,6.0,Régionalisme,2007,présidentielle
35,300,Saint-M'Hervé,1019,629,376,643,14,6,4.0,Divers,2007,présidentielle
35,300,Saint-M'Hervé,1019,629,376,643,14,7,60.0,Centre,2007,présidentielle
35,300,Saint-M'Hervé,1019,629,376,643,14,8,449.0,Droite,2007,présidentielle
35,300,Saint-M'Hervé,1019,629,376,643,14,9,6.0,Droite,2007,présidentielle
35,300,Saint-M'Hervé,1019,629,376,643,14,10,14.0,Extrême Droite,2007,présidentielle
35,301,Saint-M'Hervon,279,187,84,195,8,0,2.0,Extrême Gauche,2007,présidentielle
35,301,Saint-M'Hervon,279,187,84,195,8,1,0.0,Extrême Gauche,2007,présidentielle
35,301,Saint-M'Hervon,279,187,84,195,8,2,0.0,Extrême Gauche,2007,présidentielle
35,301,Saint-M'Hervon,279,187,84,195,8,3,2.0,Gauche,2007,présidentielle
35,301,Saint-M'Hervon,279,187,84,195,8,4,9.0,Gauche,2007,présidentielle
35,301,Saint-M'Hervon,279,187,84,195,8,5,56.0,Gauche,2007,présidentielle
35,301,Saint-M'Hervon,279,187,84,195,8,6,4.0,Écologie,2007,présidentielle
35,301,Saint-M'Hervon,279,187,84,195,8,7,2.0,Écologie,2007,présidentielle
35,301,Saint-M'Hervon,279,187,84,195,8,8,0.0,Divers,2007,présidentielle
35,301,Saint-M'Hervon,279,187,84,195,8,9,11.0,Centre,2007,présidentielle
35,301,Saint-M'Hervon,279,187,84,195,8,10,99.0,Droite,2007,présidentielle
35,301,Saint-M'Hervon,279,187,84,195,8,11,1.0,Droite,2007,présidentielle
35,301,Saint-M'Hervon,279,187,84,195,8,12,1.0,Extrême Droite,2007,présidentielle
35,302,Saint-Onen-la-Chapelle,757,493,259,498,5,0,3.0,Extrême Gauche,2007,présidentielle
35,302,Saint-Onen-la-Chapelle,757,493,259,498,5,1,1.0,Extrême Gauche,2007,présidentielle
35,302,Saint-Onen-la-Chapelle,757,493,259,498,5,2,6.0,Extrême Gauche,2007,présidentielle
35,302,Saint-Onen-la-Chapelle,757,493,259,498,5,3,0.0,Gauche,2007,présidentielle
35,302,Saint-Onen-la-Chapelle,757,493,259,498,5,4,21.0,Gauche,2007,présidentielle
35,302,Saint-Onen-la-Chapelle,757,493,259,498,5,5,113.0,Gauche,2007,présidentielle
35,302,Saint-Onen-la-Chapelle,757,493,259,498,5,6,11.0,Écologie,2007,présidentielle
35,302,Saint-Onen-la-Chapelle,757,493,259,498,5,7,6.0,Écologie,2007,présidentielle
35,302,Saint-Onen-la-Chapelle,757,493,259,498,5,8,3.0,Divers,2007,présidentielle
35,302,Saint-Onen-la-Chapelle,757,493,259,498,5,9,33.0,Centre,2007,présidentielle
35,302,Saint-Onen-la-Chapelle,757,493,259,498,5,10,284.0,Droite,2007,présidentielle
35,302,Saint-Onen-la-Chapelle,757,493,259,498,5,11,6.0,Droite,2007,présidentielle
35,302,Saint-Onen-la-Chapelle,757,493,259,498,5,12,6.0,Extrême Droite,2007,présidentielle
35,303,Saint-Ouen-la-Rouërie,645,380,243,402,22,0,7.0,Extrême Gauche,2007,présidentielle
35,303,Saint-Ouen-la-Rouërie,645,380,243,402,22,1,26.0,Extrême Gauche,2007,présidentielle
35,303,Saint-Ouen-la-Rouërie,645,380,243,402,22,2,7.0,Gauche,2007,présidentielle
35,303,Saint-Ouen-la-Rouërie,645,380,243,402,22,3,21.0,Gauche,2007,présidentielle
35,303,Saint-Ouen-la-Rouërie,645,380,243,402,22,4,65.0,Écologie,2007,présidentielle
35,303,Saint-Ouen-la-Rouërie,645,380,243,402,22,5,4.0,Écologie,2007,présidentielle
35,303,Saint-Ouen-la-Rouërie,645,380,243,402,22,6,3.0,Divers,2007,présidentielle
35,303,Saint-Ouen-la-Rouërie,645,380,243,402,22,7,58.0,Centre,2007,présidentielle
35,303,Saint-Ouen-la-Rouërie,645,380,243,402,22,8,174.0,Droite,2007,présidentielle
35,303,Saint-Ouen-la-Rouërie,645,380,243,402,22,9,1.0,Droite,2007,présidentielle
35,303,Saint-Ouen-la-Rouërie,645,380,243,402,22,10,0.0,Droite,2007,présidentielle
35,303,Saint-Ouen-la-Rouërie,645,380,243,402,22,11,14.0,Extrême Droite,2007,présidentielle
35,304,Saint-Ouen-des-Alleux,883,592,274,609,17,0,6.0,Extrême Gauche,2007,présidentielle
35,304,Saint-Ouen-des-Alleux,883,592,274,609,17,1,5.0,Extrême Gauche,2007,présidentielle
35,304,Saint-Ouen-des-Alleux,883,592,274,609,17,2,6.0,Gauche,2007,présidentielle
35,304,Saint-Ouen-des-Alleux,883,592,274,609,17,3,313.0,Gauche,2007,présidentielle
35,304,Saint-Ouen-des-Alleux,883,592,274,609,17,4,48.0,Écologie,2007,présidentielle
35,304,Saint-Ouen-des-Alleux,883,592,274,609,17,5,10.0,Écologie,2007,présidentielle
35,304,Saint-Ouen-des-Alleux,883,592,274,609,17,6,3.0,Divers,2007,présidentielle
35,304,Saint-Ouen-des-Alleux,883,592,274,609,17,7,53.0,Centre,2007,présidentielle
35,304,Saint-Ouen-des-Alleux,883,592,274,609,17,8,129.0,Droite,2007,présidentielle
35,304,Saint-Ouen-des-Alleux,883,592,274,609,17,9,4.0,Droite,2007,présidentielle
35,304,Saint-Ouen-des-Alleux,883,592,274,609,17,10,6.0,Droite,2007,présidentielle
35,304,Saint-Ouen-des-Alleux,883,592,274,609,17,11,9.0,Extrême Droite,2007,présidentielle
35,305,Saint-Péran,248,152,93,155,3,0,1.0,Extrême Gauche,2007,présidentielle
35,305,Saint-Péran,248,152,93,155,3,1,4.0,Extrême Gauche,2007,présidentielle
35,305,Saint-Péran,248,152,93,155,3,2,1.0,Gauche,2007,présidentielle
35,305,Saint-Péran,248,152,93,155,3,3,43.0,Gauche,2007,présidentielle
35,305,Saint-Péran,248,152,93,155,3,4,1.0,Gauche,2007,présidentielle
35,305,Saint-Péran,248,152,93,155,3,5,10.0,Écologie,2007,présidentielle
35,305,Saint-Péran,248,152,93,155,3,6,1.0,Régionalisme,2007,présidentielle
35,305,Saint-Péran,248,152,93,155,3,7,1.0,Droite,2007,présidentielle
35,305,Saint-Péran,248,152,93,155,3,8,2.0,Divers,2007,présidentielle
35,305,Saint-Péran,248,152,93,155,3,9,13.0,Centre,2007,présidentielle
35,305,Saint-Péran,248,152,93,155,3,10,67.0,Droite,2007,présidentielle
35,305,Saint-Péran,248,152,93,155,3,11,2.0,Droite,2007,présidentielle
35,305,Saint-Péran,248,152,93,155,3,12,6.0,Extrême Droite,2007,présidentielle
35,306,Saint-Père,1608,1100,491,1117,17,0,7.0,Extrême Gauche,2007,présidentielle
35,306,Saint-Père,1608,1100,491,1117,17,1,6.0,Extrême Gauche,2007,présidentielle
35,306,Saint-Père,1608,1100,491,1117,17,2,20.0,Extrême Gauche,2007,présidentielle
35,306,Saint-Père,1608,1100,491,1117,17,3,10.0,Gauche,2007,présidentielle
35,306,Saint-Père,1608,1100,491,1117,17,4,208.0,Gauche,2007,présidentielle
35,306,Saint-Père,1608,1100,491,1117,17,5,16.0,Régionalisme,2007,présidentielle
35,306,Saint-Père,1608,1100,491,1117,17,6,15.0,Droite,2007,présidentielle
35,306,Saint-Père,1608,1100,491,1117,17,7,7.0,Divers,2007,présidentielle
35,306,Saint-Père,1608,1100,491,1117,17,8,479.0,Centre,2007,présidentielle
35,306,Saint-Père,1608,1100,491,1117,17,9,300.0,Droite,2007,présidentielle
35,306,Saint-Père,1608,1100,491,1117,17,10,9.0,Droite,2007,présidentielle
35,306,Saint-Père,1608,1100,491,1117,17,11,19.0,Extrême Droite,2007,présidentielle
35,306,Saint-Père,1608,1100,491,1117,17,12,4.0,Extrême Droite,2007,présidentielle
35,307,Saint-Pern,607,428,175,432,4,0,1.0,Extrême Gauche,2007,présidentielle
35,307,Saint-Pern,607,428,175,432,4,1,0.0,Extrême Gauche,2007,présidentielle
35,307,Saint-Pern,607,428,175,432,4,2,6.0,Extrême Gauche,2007,présidentielle
35,307,Saint-Pern,607,428,175,432,4,3,2.0,Gauche,2007,présidentielle
35,307,Saint-Pern,607,428,175,432,4,4,37.0,Gauche,2007,présidentielle
35,307,Saint-Pern,607,428,175,432,4,5,130.0,Gauche,2007,présidentielle
35,307,Saint-Pern,607,428,175,432,4,6,16.0,Écologie,2007,présidentielle
35,307,Saint-Pern,607,428,175,432,4,7,1.0,Écologie,2007,présidentielle
35,307,Saint-Pern,607,428,175,432,4,8,0.0,Divers,2007,présidentielle
35,307,Saint-Pern,607,428,175,432,4,9,27.0,Centre,2007,présidentielle
35,307,Saint-Pern,607,428,175,432,4,10,198.0,Droite,2007,présidentielle
35,307,Saint-Pern,607,428,175,432,4,11,5.0,Droite,2007,présidentielle
35,307,Saint-Pern,607,428,175,432,4,12,5.0,Extrême Droite,2007,présidentielle
35,308,Saint-Pierre-de-Plesguen,1784,1105,651,1133,28,0,7.0,Extrême Gauche,2007,présidentielle
35,308,Saint-Pierre-de-Plesguen,1784,1105,651,1133,28,1,8.0,Extrême Gauche,2007,présidentielle
35,308,Saint-Pierre-de-Plesguen,1784,1105,651,1133,28,2,27.0,Extrême Gauche,2007,présidentielle
35,308,Saint-Pierre-de-Plesguen,1784,1105,651,1133,28,3,14.0,Gauche,2007,présidentielle
35,308,Saint-Pierre-de-Plesguen,1784,1105,651,1133,28,4,339.0,Gauche,2007,présidentielle
35,308,Saint-Pierre-de-Plesguen,1784,1105,651,1133,28,5,40.0,Écologie,2007,présidentielle
35,308,Saint-Pierre-de-Plesguen,1784,1105,651,1133,28,6,13.0,Divers,2007,présidentielle
35,308,Saint-Pierre-de-Plesguen,1784,1105,651,1133,28,7,2.0,Divers,2007,présidentielle
35,308,Saint-Pierre-de-Plesguen,1784,1105,651,1133,28,8,109.0,Centre,2007,présidentielle
35,308,Saint-Pierre-de-Plesguen,1784,1105,651,1133,28,9,488.0,Droite,2007,présidentielle
35,308,Saint-Pierre-de-Plesguen,1784,1105,651,1133,28,10,18.0,Droite,2007,présidentielle
35,308,Saint-Pierre-de-Plesguen,1784,1105,651,1133,28,11,1.0,Droite,2007,présidentielle
35,308,Saint-Pierre-de-Plesguen,1784,1105,651,1133,28,12,39.0,Extrême Droite,2007,présidentielle
35,309,Saint-Rémy-du-Plain,497,273,217,280,7,0,7.0,Extrême Gauche,2007,présidentielle
35,309,Saint-Rémy-du-Plain,497,273,217,280,7,1,10.0,Extrême Gauche,2007,présidentielle
35,309,Saint-Rémy-du-Plain,497,273,217,280,7,2,9.0,Gauche,2007,présidentielle
35,309,Saint-Rémy-du-Plain,497,273,217,280,7,3,39.0,Gauche,2007,présidentielle
35,309,Saint-Rémy-du-Plain,497,273,217,280,7,4,42.0,Écologie,2007,présidentielle
35,309,Saint-Rémy-du-Plain,497,273,217,280,7,5,5.0,Écologie,2007,présidentielle
35,309,Saint-Rémy-du-Plain,497,273,217,280,7,6,2.0,Divers,2007,présidentielle
35,309,Saint-Rémy-du-Plain,497,273,217,280,7,7,22.0,Centre,2007,présidentielle
35,309,Saint-Rémy-du-Plain,497,273,217,280,7,8,119.0,Droite,2007,présidentielle
35,309,Saint-Rémy-du-Plain,497,273,217,280,7,9,5.0,Droite,2007,présidentielle
35,309,Saint-Rémy-du-Plain,497,273,217,280,7,10,3.0,Droite,2007,présidentielle
35,309,Saint-Rémy-du-Plain,497,273,217,280,7,11,10.0,Extrême Droite,2007,présidentielle
35,310,Saint-Sauveur-des-Landes,894,551,328,566,15,0,5.0,Extrême Gauche,2007,présidentielle
35,310,Saint-Sauveur-des-Landes,894,551,328,566,15,1,11.0,Extrême Gauche,2007,présidentielle
35,310,Saint-Sauveur-des-Landes,894,551,328,566,15,2,15.0,Gauche,2007,présidentielle
35,310,Saint-Sauveur-des-Landes,894,551,328,566,15,3,37.0,Gauche,2007,présidentielle
35,310,Saint-Sauveur-des-Landes,894,551,328,566,15,4,87.0,Écologie,2007,présidentielle
35,310,Saint-Sauveur-des-Landes,894,551,328,566,15,5,5.0,Écologie,2007,présidentielle
35,310,Saint-Sauveur-des-Landes,894,551,328,566,15,6,9.0,Divers,2007,présidentielle
35,310,Saint-Sauveur-des-Landes,894,551,328,566,15,7,181.0,Centre,2007,présidentielle
35,310,Saint-Sauveur-des-Landes,894,551,328,566,15,8,178.0,Droite,2007,présidentielle
35,310,Saint-Sauveur-des-Landes,894,551,328,566,15,9,2.0,Droite,2007,présidentielle
35,310,Saint-Sauveur-des-Landes,894,551,328,566,15,10,6.0,Droite,2007,présidentielle
35,310,Saint-Sauveur-des-Landes,894,551,328,566,15,11,15.0,Extrême Droite,2007,présidentielle
35,311,Saint-Séglin,367,236,127,240,4,0,3.0,Extrême Gauche,2007,présidentielle
35,311,Saint-Séglin,367,236,127,240,4,1,4.0,Extrême Gauche,2007,présidentielle
35,311,Saint-Séglin,367,236,127,240,4,2,4.0,Gauche,2007,présidentielle
35,311,Saint-Séglin,367,236,127,240,4,3,55.0,Gauche,2007,présidentielle
35,311,Saint-Séglin,367,236,127,240,4,4,4.0,Gauche,2007,présidentielle
35,311,Saint-Séglin,367,236,127,240,4,5,10.0,Écologie,2007,présidentielle
35,311,Saint-Séglin,367,236,127,240,4,6,8.0,Régionalisme,2007,présidentielle
35,311,Saint-Séglin,367,236,127,240,4,7,2.0,Droite,2007,présidentielle
35,311,Saint-Séglin,367,236,127,240,4,8,1.0,Divers,2007,présidentielle
35,311,Saint-Séglin,367,236,127,240,4,9,12.0,Centre,2007,présidentielle
35,311,Saint-Séglin,367,236,127,240,4,10,115.0,Droite,2007,présidentielle
35,311,Saint-Séglin,367,236,127,240,4,11,9.0,Droite,2007,présidentielle
35,311,Saint-Séglin,367,236,127,240,4,12,9.0,Extrême Droite,2007,présidentielle
35,312,Saint-Senoux,1110,717,379,731,14,0,10.0,Extrême Gauche,2007,présidentielle
35,312,Saint-Senoux,1110,717,379,731,14,1,31.0,Extrême Gauche,2007,présidentielle
35,312,Saint-Senoux,1110,717,379,731,14,2,10.0,Gauche,2007,présidentielle
35,312,Saint-Senoux,1110,717,379,731,14,3,260.0,Gauche,2007,présidentielle
35,312,Saint-Senoux,1110,717,379,731,14,4,11.0,Gauche,2007,présidentielle
35,312,Saint-Senoux,1110,717,379,731,14,5,59.0,Écologie,2007,présidentielle
35,312,Saint-Senoux,1110,717,379,731,14,6,7.0,Régionalisme,2007,présidentielle
35,312,Saint-Senoux,1110,717,379,731,14,7,6.0,Droite,2007,présidentielle
35,312,Saint-Senoux,1110,717,379,731,14,8,9.0,Divers,2007,présidentielle
35,312,Saint-Senoux,1110,717,379,731,14,9,72.0,Centre,2007,présidentielle
35,312,Saint-Senoux,1110,717,379,731,14,10,209.0,Droite,2007,présidentielle
35,312,Saint-Senoux,1110,717,379,731,14,11,11.0,Droite,2007,présidentielle
35,312,Saint-Senoux,1110,717,379,731,14,12,22.0,Extrême Droite,2007,présidentielle
35,314,Saint-Suliac,811,555,252,559,4,0,0.0,Extrême Gauche,2007,présidentielle
35,314,Saint-Suliac,811,555,252,559,4,1,3.0,Extrême Gauche,2007,présidentielle
35,314,Saint-Suliac,811,555,252,559,4,2,15.0,Extrême Gauche,2007,présidentielle
35,314,Saint-Suliac,811,555,252,559,4,3,9.0,Gauche,2007,présidentielle
35,314,Saint-Suliac,811,555,252,559,4,4,111.0,Gauche,2007,présidentielle
35,314,Saint-Suliac,811,555,252,559,4,5,19.0,Régionalisme,2007,présidentielle
35,314,Saint-Suliac,811,555,252,559,4,6,6.0,Droite,2007,présidentielle
35,314,Saint-Suliac,811,555,252,559,4,7,1.0,Divers,2007,présidentielle
35,314,Saint-Suliac,811,555,252,559,4,8,169.0,Centre,2007,présidentielle
35,314,Saint-Suliac,811,555,252,559,4,9,215.0,Droite,2007,présidentielle
35,314,Saint-Suliac,811,555,252,559,4,10,2.0,Droite,2007,présidentielle
35,314,Saint-Suliac,811,555,252,559,4,11,5.0,Extrême Droite,2007,présidentielle
35,314,Saint-Suliac,811,555,252,559,4,12,0.0,Extrême Droite,2007,présidentielle
35,315,Saint-Sulpice-la-Forêt,1040,693,336,704,11,0,7.0,Extrême Gauche,2007,présidentielle
35,315,Saint-Sulpice-la-Forêt,1040,693,336,704,11,1,49.0,Extrême Gauche,2007,présidentielle
35,315,Saint-Sulpice-la-Forêt,1040,693,336,704,11,2,14.0,Gauche,2007,présidentielle
35,315,Saint-Sulpice-la-Forêt,1040,693,336,704,11,3,52.0,Gauche,2007,présidentielle
35,315,Saint-Sulpice-la-Forêt,1040,693,336,704,11,4,259.0,Écologie,2007,présidentielle
35,315,Saint-Sulpice-la-Forêt,1040,693,336,704,11,5,18.0,Écologie,2007,présidentielle
35,315,Saint-Sulpice-la-Forêt,1040,693,336,704,11,6,14.0,Divers,2007,présidentielle
35,315,Saint-Sulpice-la-Forêt,1040,693,336,704,11,7,60.0,Centre,2007,présidentielle
35,315,Saint-Sulpice-la-Forêt,1040,693,336,704,11,8,197.0,Droite,2007,présidentielle
35,315,Saint-Sulpice-la-Forêt,1040,693,336,704,11,9,7.0,Droite,2007,présidentielle
35,315,Saint-Sulpice-la-Forêt,1040,693,336,704,11,10,4.0,Droite,2007,présidentielle
35,315,Saint-Sulpice-la-Forêt,1040,693,336,704,11,11,12.0,Extrême Droite,2007,présidentielle
35,316,Saint-Sulpice-des-Landes,487,263,215,272,9,0,2.0,Extrême Gauche,2007,présidentielle
35,316,Saint-Sulpice-des-Landes,487,263,215,272,9,1,5.0,Extrême Gauche,2007,présidentielle
35,316,Saint-Sulpice-des-Landes,487,263,215,272,9,2,8.0,Gauche,2007,présidentielle
35,316,Saint-Sulpice-des-Landes,487,263,215,272,9,3,62.0,Gauche,2007,présidentielle
35,316,Saint-Sulpice-des-Landes,487,263,215,272,9,4,4.0,Gauche,2007,présidentielle
35,316,Saint-Sulpice-des-Landes,487,263,215,272,9,5,4.0,Écologie,2007,présidentielle
35,316,Saint-Sulpice-des-Landes,487,263,215,272,9,6,9.0,Régionalisme,2007,présidentielle
35,316,Saint-Sulpice-des-Landes,487,263,215,272,9,7,10.0,Droite,2007,présidentielle
35,316,Saint-Sulpice-des-Landes,487,263,215,272,9,8,5.0,Divers,2007,présidentielle
35,316,Saint-Sulpice-des-Landes,487,263,215,272,9,9,11.0,Centre,2007,présidentielle
35,316,Saint-Sulpice-des-Landes,487,263,215,272,9,10,126.0,Droite,2007,présidentielle
35,316,Saint-Sulpice-des-Landes,487,263,215,272,9,11,6.0,Droite,2007,présidentielle
35,316,Saint-Sulpice-des-Landes,487,263,215,272,9,12,11.0,Extrême Droite,2007,présidentielle
35,318,Saint-Thual,466,292,166,300,8,0,5.0,Extrême Gauche,2007,présidentielle
35,318,Saint-Thual,466,292,166,300,8,1,2.0,Extrême Gauche,2007,présidentielle
35,318,Saint-Thual,466,292,166,300,8,2,13.0,Extrême Gauche,2007,présidentielle
35,318,Saint-Thual,466,292,166,300,8,3,0.0,Gauche,2007,présidentielle
35,318,Saint-Thual,466,292,166,300,8,4,93.0,Gauche,2007,présidentielle
35,318,Saint-Thual,466,292,166,300,8,5,14.0,Écologie,2007,présidentielle
35,318,Saint-Thual,466,292,166,300,8,6,4.0,Divers,2007,présidentielle
35,318,Saint-Thual,466,292,166,300,8,7,0.0,Divers,2007,présidentielle
35,318,Saint-Thual,466,292,166,300,8,8,18.0,Centre,2007,présidentielle
35,318,Saint-Thual,466,292,166,300,8,9,116.0,Droite,2007,présidentielle
35,318,Saint-Thual,466,292,166,300,8,10,6.0,Droite,2007,présidentielle
35,318,Saint-Thual,466,292,166,300,8,11,1.0,Droite,2007,présidentielle
35,318,Saint-Thual,466,292,166,300,8,12,20.0,Extrême Droite,2007,présidentielle
35,319,Saint-Thurial,1259,811,430,829,18,0,8.0,Extrême Gauche,2007,présidentielle
35,319,Saint-Thurial,1259,811,430,829,18,1,29.0,Extrême Gauche,2007,présidentielle
35,319,Saint-Thurial,1259,811,430,829,18,2,5.0,Gauche,2007,présidentielle
35,319,Saint-Thurial,1259,811,430,829,18,3,192.0,Gauche,2007,présidentielle
35,319,Saint-Thurial,1259,811,430,829,18,4,19.0,Gauche,2007,présidentielle
35,319,Saint-Thurial,1259,811,430,829,18,5,34.0,Écologie,2007,présidentielle
35,319,Saint-Thurial,1259,811,430,829,18,6,11.0,Régionalisme,2007,présidentielle
35,319,Saint-Thurial,1259,811,430,829,18,7,8.0,Droite,2007,présidentielle
35,319,Saint-Thurial,1259,811,430,829,18,8,7.0,Divers,2007,présidentielle
35,319,Saint-Thurial,1259,811,430,829,18,9,66.0,Centre,2007,présidentielle
35,319,Saint-Thurial,1259,811,430,829,18,10,399.0,Droite,2007,présidentielle
35,319,Saint-Thurial,1259,811,430,829,18,11,6.0,Droite,2007,présidentielle
35,319,Saint-Thurial,1259,811,430,829,18,12,27.0,Extrême Droite,2007,présidentielle
35,320,Saint-Uniac,340,240,95,245,5,0,2.0,Extrême Gauche,2007,présidentielle
35,320,Saint-Uniac,340,240,95,245,5,1,0.0,Extrême Gauche,2007,présidentielle
35,320,Saint-Uniac,340,240,95,245,5,2,15.0,Extrême Gauche,2007,présidentielle
35,320,Saint-Uniac,340,240,95,245,5,3,3.0,Gauche,2007,présidentielle
35,320,Saint-Uniac,340,240,95,245,5,4,17.0,Gauche,2007,présidentielle
35,320,Saint-Uniac,340,240,95,245,5,5,66.0,Gauche,2007,présidentielle
35,320,Saint-Uniac,340,240,95,245,5,6,6.0,Écologie,2007,présidentielle
35,320,Saint-Uniac,340,240,95,245,5,7,2.0,Écologie,2007,présidentielle
35,320,Saint-Uniac,340,240,95,245,5,8,0.0,Divers,2007,présidentielle
35,320,Saint-Uniac,340,240,95,245,5,9,17.0,Centre,2007,présidentielle
35,320,Saint-Uniac,340,240,95,245,5,10,106.0,Droite,2007,présidentielle
35,320,Saint-Uniac,340,240,95,245,5,11,2.0,Droite,2007,présidentielle
35,320,Saint-Uniac,340,240,95,245,5,12,4.0,Extrême Droite,2007,présidentielle
35,321,Saulnières,459,263,188,271,8,0,2.0,Extrême Gauche,2007,présidentielle
35,321,Saulnières,459,263,188,271,8,1,9.0,Extrême Gauche,2007,présidentielle
35,321,Saulnières,459,263,188,271,8,2,2.0,Gauche,2007,présidentielle
35,321,Saulnières,459,263,188,271,8,3,81.0,Gauche,2007,présidentielle
35,321,Saulnières,459,263,188,271,8,4,5.0,Gauche,2007,présidentielle
35,321,Saulnières,459,263,188,271,8,5,12.0,Écologie,2007,présidentielle
35,321,Saulnières,459,263,188,271,8,6,3.0,Régionalisme,2007,présidentielle
35,321,Saulnières,459,263,188,271,8,7,6.0,Droite,2007,présidentielle
35,321,Saulnières,459,263,188,271,8,8,2.0,Divers,2007,présidentielle
35,321,Saulnières,459,263,188,271,8,9,19.0,Centre,2007,présidentielle
35,321,Saulnières,459,263,188,271,8,10,102.0,Droite,2007,présidentielle
35,321,Saulnières,459,263,188,271,8,11,7.0,Droite,2007,présidentielle
35,321,Saulnières,459,263,188,271,8,12,13.0,Extrême Droite,2007,présidentielle
35,322,Le Sel-de-Bretagne,508,329,166,342,13,0,3.0,Extrême Gauche,2007,présidentielle
35,322,Le Sel-de-Bretagne,508,329,166,342,13,1,18.0,Extrême Gauche,2007,présidentielle
35,322,Le Sel-de-Bretagne,508,329,166,342,13,2,2.0,Gauche,2007,présidentielle
35,322,Le Sel-de-Bretagne,508,329,166,342,13,3,105.0,Gauche,2007,présidentielle
35,322,Le Sel-de-Bretagne,508,329,166,342,13,4,6.0,Gauche,2007,présidentielle
35,322,Le Sel-de-Bretagne,508,329,166,342,13,5,42.0,Écologie,2007,présidentielle
35,322,Le Sel-de-Bretagne,508,329,166,342,13,6,3.0,Régionalisme,2007,présidentielle
35,322,Le Sel-de-Bretagne,508,329,166,342,13,7,4.0,Droite,2007,présidentielle
35,322,Le Sel-de-Bretagne,508,329,166,342,13,8,3.0,Divers,2007,présidentielle
35,322,Le Sel-de-Bretagne,508,329,166,342,13,9,15.0,Centre,2007,présidentielle
35,322,Le Sel-de-Bretagne,508,329,166,342,13,10,108.0,Droite,2007,présidentielle
35,322,Le Sel-de-Bretagne,508,329,166,342,13,11,9.0,Droite,2007,présidentielle
35,322,Le Sel-de-Bretagne,508,329,166,342,13,12,11.0,Extrême Droite,2007,présidentielle
35,323,La Selle-en-Coglès,372,228,131,241,13,0,1.0,Extrême Gauche,2007,présidentielle
35,323,La Selle-en-Coglès,372,228,131,241,13,1,10.0,Extrême Gauche,2007,présidentielle
35,323,La Selle-en-Coglès,372,228,131,241,13,2,3.0,Gauche,2007,présidentielle
35,323,La Selle-en-Coglès,372,228,131,241,13,3,19.0,Gauche,2007,présidentielle
35,323,La Selle-en-Coglès,372,228,131,241,13,4,21.0,Écologie,2007,présidentielle
35,323,La Selle-en-Coglès,372,228,131,241,13,5,1.0,Écologie,2007,présidentielle
35,323,La Selle-en-Coglès,372,228,131,241,13,6,0.0,Divers,2007,présidentielle
35,323,La Selle-en-Coglès,372,228,131,241,13,7,54.0,Centre,2007,présidentielle
35,323,La Selle-en-Coglès,372,228,131,241,13,8,109.0,Droite,2007,présidentielle
35,323,La Selle-en-Coglès,372,228,131,241,13,9,2.0,Droite,2007,présidentielle
35,323,La Selle-en-Coglès,372,228,131,241,13,10,3.0,Droite,2007,présidentielle
35,323,La Selle-en-Coglès,372,228,131,241,13,11,5.0,Extrême Droite,2007,présidentielle
35,324,La Selle-en-Luitré,375,260,105,270,10,0,5.0,Extrême Gauche,2007,présidentielle
35,324,La Selle-en-Luitré,375,260,105,270,10,1,8.0,Extrême Gauche,2007,présidentielle
35,324,La Selle-en-Luitré,375,260,105,270,10,2,14.0,Gauche,2007,présidentielle
35,324,La Selle-en-Luitré,375,260,105,270,10,3,8.0,Gauche,2007,présidentielle
35,324,La Selle-en-Luitré,375,260,105,270,10,4,27.0,Écologie,2007,présidentielle
35,324,La Selle-en-Luitré,375,260,105,270,10,5,3.0,Écologie,2007,présidentielle
35,324,La Selle-en-Luitré,375,260,105,270,10,6,6.0,Divers,2007,présidentielle
35,324,La Selle-en-Luitré,375,260,105,270,10,7,71.0,Centre,2007,présidentielle
35,324,La Selle-en-Luitré,375,260,105,270,10,8,102.0,Droite,2007,présidentielle
35,324,La Selle-en-Luitré,375,260,105,270,10,9,7.0,Droite,2007,présidentielle
35,324,La Selle-en-Luitré,375,260,105,270,10,10,2.0,Droite,2007,présidentielle
35,324,La Selle-en-Luitré,375,260,105,270,10,11,7.0,Extrême Droite,2007,présidentielle
35,325,La Selle-Guerchaise,99,70,29,70,0,0,0.0,Extrême Gauche,2007,présidentielle
35,325,La Selle-Guerchaise,99,70,29,70,0,1,0.0,Extrême Gauche,2007,présidentielle
35,325,La Selle-Guerchaise,99,70,29,70,0,2,1.0,Gauche,2007,présidentielle
35,325,La Selle-Guerchaise,99,70,29,70,0,3,4.0,Gauche,2007,présidentielle
35,325,La Selle-Guerchaise,99,70,29,70,0,4,1.0,Régionalisme,2007,présidentielle
35,325,La Selle-Guerchaise,99,70,29,70,0,5,1.0,Régionalisme,2007,présidentielle
35,325,La Selle-Guerchaise,99,70,29,70,0,6,0.0,Divers,2007,présidentielle
35,325,La Selle-Guerchaise,99,70,29,70,0,7,11.0,Centre,2007,présidentielle
35,325,La Selle-Guerchaise,99,70,29,70,0,8,48.0,Droite,2007,présidentielle
35,325,La Selle-Guerchaise,99,70,29,70,0,9,2.0,Droite,2007,présidentielle
35,325,La Selle-Guerchaise,99,70,29,70,0,10,2.0,Extrême Droite,2007,présidentielle
35,326,Sens-de-Bretagne,1410,831,559,851,20,0,21.0,Extrême Gauche,2007,présidentielle
35,326,Sens-de-Bretagne,1410,831,559,851,20,1,4.0,Extrême Gauche,2007,présidentielle
35,326,Sens-de-Bretagne,1410,831,559,851,20,2,30.0,Extrême Gauche,2007,présidentielle
35,326,Sens-de-Bretagne,1410,831,559,851,20,3,10.0,Gauche,2007,présidentielle
35,326,Sens-de-Bretagne,1410,831,559,851,20,4,247.0,Gauche,2007,présidentielle
35,326,Sens-de-Bretagne,1410,831,559,851,20,5,26.0,Écologie,2007,présidentielle
35,326,Sens-de-Bretagne,1410,831,559,851,20,6,7.0,Divers,2007,présidentielle
35,326,Sens-de-Bretagne,1410,831,559,851,20,7,1.0,Divers,2007,présidentielle
35,326,Sens-de-Bretagne,1410,831,559,851,20,8,88.0,Centre,2007,présidentielle
35,326,Sens-de-Bretagne,1410,831,559,851,20,9,350.0,Droite,2007,présidentielle
35,326,Sens-de-Bretagne,1410,831,559,851,20,10,17.0,Droite,2007,présidentielle
35,326,Sens-de-Bretagne,1410,831,559,851,20,11,5.0,Droite,2007,présidentielle
35,326,Sens-de-Bretagne,1410,831,559,851,20,12,25.0,Extrême Droite,2007,présidentielle
35,327,Servon-sur-Vilaine,2540,1626,893,1647,21,0,22.0,Extrême Gauche,2007,présidentielle
35,327,Servon-sur-Vilaine,2540,1626,893,1647,21,1,30.0,Extrême Gauche,2007,présidentielle
35,327,Servon-sur-Vilaine,2540,1626,893,1647,21,2,28.0,Gauche,2007,présidentielle
35,327,Servon-sur-Vilaine,2540,1626,893,1647,21,3,455.0,Gauche,2007,présidentielle
35,327,Servon-sur-Vilaine,2540,1626,893,1647,21,4,64.0,Régionalisme,2007,présidentielle
35,327,Servon-sur-Vilaine,2540,1626,893,1647,21,5,19.0,Régionalisme,2007,présidentielle
35,327,Servon-sur-Vilaine,2540,1626,893,1647,21,6,27.0,Divers,2007,présidentielle
35,327,Servon-sur-Vilaine,2540,1626,893,1647,21,7,195.0,Centre,2007,présidentielle
35,327,Servon-sur-Vilaine,2540,1626,893,1647,21,8,737.0,Droite,2007,présidentielle
35,327,Servon-sur-Vilaine,2540,1626,893,1647,21,9,15.0,Droite,2007,présidentielle
35,327,Servon-sur-Vilaine,2540,1626,893,1647,21,10,34.0,Extrême Droite,2007,présidentielle
35,328,Sixt-sur-Aff,1578,844,713,865,21,0,9.0,Extrême Gauche,2007,présidentielle
35,328,Sixt-sur-Aff,1578,844,713,865,21,1,18.0,Extrême Gauche,2007,présidentielle
35,328,Sixt-sur-Aff,1578,844,713,865,21,2,1.0,Gauche,2007,présidentielle
35,328,Sixt-sur-Aff,1578,844,713,865,21,3,230.0,Gauche,2007,présidentielle
35,328,Sixt-sur-Aff,1578,844,713,865,21,4,14.0,Gauche,2007,présidentielle
35,328,Sixt-sur-Aff,1578,844,713,865,21,5,17.0,Écologie,2007,présidentielle
35,328,Sixt-sur-Aff,1578,844,713,865,21,6,18.0,Régionalisme,2007,présidentielle
35,328,Sixt-sur-Aff,1578,844,713,865,21,7,20.0,Droite,2007,présidentielle
35,328,Sixt-sur-Aff,1578,844,713,865,21,8,7.0,Divers,2007,présidentielle
35,328,Sixt-sur-Aff,1578,844,713,865,21,9,56.0,Centre,2007,présidentielle
35,328,Sixt-sur-Aff,1578,844,713,865,21,10,416.0,Droite,2007,présidentielle
35,328,Sixt-sur-Aff,1578,844,713,865,21,11,10.0,Droite,2007,présidentielle
35,328,Sixt-sur-Aff,1578,844,713,865,21,12,28.0,Extrême Droite,2007,présidentielle
35,329,Sougéal,431,275,151,280,5,0,0.0,Extrême Gauche,2007,présidentielle
35,329,Sougéal,431,275,151,280,5,1,3.0,Extrême Gauche,2007,présidentielle
35,329,Sougéal,431,275,151,280,5,2,8.0,Extrême Gauche,2007,présidentielle
35,329,Sougéal,431,275,151,280,5,3,2.0,Gauche,2007,présidentielle
35,329,Sougéal,431,275,151,280,5,4,58.0,Gauche,2007,présidentielle
35,329,Sougéal,431,275,151,280,5,5,4.0,Régionalisme,2007,présidentielle
35,329,Sougéal,431,275,151,280,5,6,15.0,Droite,2007,présidentielle
35,329,Sougéal,431,275,151,280,5,7,1.0,Divers,2007,présidentielle
35,329,Sougéal,431,275,151,280,5,8,24.0,Centre,2007,présidentielle
35,329,Sougéal,431,275,151,280,5,9,146.0,Droite,2007,présidentielle
35,329,Sougéal,431,275,151,280,5,10,0.0,Droite,2007,présidentielle
35,329,Sougéal,431,275,151,280,5,11,11.0,Extrême Droite,2007,présidentielle
35,329,Sougéal,431,275,151,280,5,12,3.0,Extrême Droite,2007,présidentielle
35,330,Taillis,652,398,252,400,2,0,6.0,Extrême Gauche,2007,présidentielle
35,330,Taillis,652,398,252,400,2,1,1.0,Extrême Gauche,2007,présidentielle
35,330,Taillis,652,398,252,400,2,2,1.0,Gauche,2007,présidentielle
35,330,Taillis,652,398,252,400,2,3,56.0,Gauche,2007,présidentielle
35,330,Taillis,652,398,252,400,2,4,12.0,Régionalisme,2007,présidentielle
35,330,Taillis,652,398,252,400,2,5,3.0,Régionalisme,2007,présidentielle
35,330,Taillis,652,398,252,400,2,6,2.0,Divers,2007,présidentielle
35,330,Taillis,652,398,252,400,2,7,50.0,Centre,2007,présidentielle
35,330,Taillis,652,398,252,400,2,8,258.0,Droite,2007,présidentielle
35,330,Taillis,652,398,252,400,2,9,3.0,Droite,2007,présidentielle
35,330,Taillis,652,398,252,400,2,10,6.0,Extrême Droite,2007,présidentielle
35,331,Talensac,1787,1114,658,1129,15,0,10.0,Extrême Gauche,2007,présidentielle
35,331,Talensac,1787,1114,658,1129,15,1,2.0,Extrême Gauche,2007,présidentielle
35,331,Talensac,1787,1114,658,1129,15,2,20.0,Extrême Gauche,2007,présidentielle
35,331,Talensac,1787,1114,658,1129,15,3,10.0,Gauche,2007,présidentielle
35,331,Talensac,1787,1114,658,1129,15,4,118.0,Gauche,2007,présidentielle
35,331,Talensac,1787,1114,658,1129,15,5,349.0,Gauche,2007,présidentielle
35,331,Talensac,1787,1114,658,1129,15,6,52.0,Écologie,2007,présidentielle
35,331,Talensac,1787,1114,658,1129,15,7,16.0,Écologie,2007,présidentielle
35,331,Talensac,1787,1114,658,1129,15,8,12.0,Divers,2007,présidentielle
35,331,Talensac,1787,1114,658,1129,15,9,84.0,Centre,2007,présidentielle
35,331,Talensac,1787,1114,658,1129,15,10,398.0,Droite,2007,présidentielle
35,331,Talensac,1787,1114,658,1129,15,11,12.0,Droite,2007,présidentielle
35,331,Talensac,1787,1114,658,1129,15,12,31.0,Extrême Droite,2007,présidentielle
35,332,Teillay,689,377,300,389,12,0,10.0,Extrême Gauche,2007,présidentielle
35,332,Teillay,689,377,300,389,12,1,7.0,Extrême Gauche,2007,présidentielle
35,332,Teillay,689,377,300,389,12,2,6.0,Gauche,2007,présidentielle
35,332,Teillay,689,377,300,389,12,3,103.0,Gauche,2007,présidentielle
35,332,Teillay,689,377,300,389,12,4,7.0,Gauche,2007,présidentielle
35,332,Teillay,689,377,300,389,12,5,18.0,Écologie,2007,présidentielle
35,332,Teillay,689,377,300,389,12,6,4.0,Régionalisme,2007,présidentielle
35,332,Teillay,689,377,300,389,12,7,7.0,Droite,2007,présidentielle
35,332,Teillay,689,377,300,389,12,8,6.0,Divers,2007,présidentielle
35,332,Teillay,689,377,300,389,12,9,52.0,Centre,2007,présidentielle
35,332,Teillay,689,377,300,389,12,10,138.0,Droite,2007,présidentielle
35,332,Teillay,689,377,300,389,12,11,12.0,Droite,2007,présidentielle
35,332,Teillay,689,377,300,389,12,12,7.0,Extrême Droite,2007,présidentielle
35,333,Le Theil-de-Bretagne,1027,620,396,631,11,0,15.0,Extrême Gauche,2007,présidentielle
35,333,Le Theil-de-Bretagne,1027,620,396,631,11,1,8.0,Extrême Gauche,2007,présidentielle
35,333,Le Theil-de-Bretagne,1027,620,396,631,11,2,7.0,Gauche,2007,présidentielle
35,333,Le Theil-de-Bretagne,1027,620,396,631,11,3,123.0,Gauche,2007,présidentielle
35,333,Le Theil-de-Bretagne,1027,620,396,631,11,4,17.0,Régionalisme,2007,présidentielle
35,333,Le Theil-de-Bretagne,1027,620,396,631,11,5,11.0,Régionalisme,2007,présidentielle
35,333,Le Theil-de-Bretagne,1027,620,396,631,11,6,9.0,Divers,2007,présidentielle
35,333,Le Theil-de-Bretagne,1027,620,396,631,11,7,82.0,Centre,2007,présidentielle
35,333,Le Theil-de-Bretagne,1027,620,396,631,11,8,329.0,Droite,2007,présidentielle
35,333,Le Theil-de-Bretagne,1027,620,396,631,11,9,4.0,Droite,2007,présidentielle
35,333,Le Theil-de-Bretagne,1027,620,396,631,11,10,15.0,Extrême Droite,2007,présidentielle
35,334,Thorigné-Fouillard,5164,3279,1810,3354,75,0,15.0,Extrême Gauche,2007,présidentielle
35,334,Thorigné-Fouillard,5164,3279,1810,3354,75,1,113.0,Extrême Gauche,2007,présidentielle
35,334,Thorigné-Fouillard,5164,3279,1810,3354,75,2,69.0,Gauche,2007,présidentielle
35,334,Thorigné-Fouillard,5164,3279,1810,3354,75,3,217.0,Gauche,2007,présidentielle
35,334,Thorigné-Fouillard,5164,3279,1810,3354,75,4,1110.0,Écologie,2007,présidentielle
35,334,Thorigné-Fouillard,5164,3279,1810,3354,75,5,83.0,Écologie,2007,présidentielle
35,334,Thorigné-Fouillard,5164,3279,1810,3354,75,6,50.0,Divers,2007,présidentielle
35,334,Thorigné-Fouillard,5164,3279,1810,3354,75,7,401.0,Centre,2007,présidentielle
35,334,Thorigné-Fouillard,5164,3279,1810,3354,75,8,1119.0,Droite,2007,présidentielle
35,334,Thorigné-Fouillard,5164,3279,1810,3354,75,9,38.0,Droite,2007,présidentielle
35,334,Thorigné-Fouillard,5164,3279,1810,3354,75,10,20.0,Droite,2007,présidentielle
35,334,Thorigné-Fouillard,5164,3279,1810,3354,75,11,44.0,Extrême Droite,2007,présidentielle
35,335,Thourie,472,290,167,305,15,0,4.0,Extrême Gauche,2007,présidentielle
35,335,Thourie,472,290,167,305,15,1,1.0,Extrême Gauche,2007,présidentielle
35,335,Thourie,472,290,167,305,15,2,2.0,Gauche,2007,présidentielle
35,335,Thourie,472,290,167,305,15,3,50.0,Gauche,2007,présidentielle
35,335,Thourie,472,290,167,305,15,4,15.0,Régionalisme,2007,présidentielle
35,335,Thourie,472,290,167,305,15,5,9.0,Régionalisme,2007,présidentielle
35,335,Thourie,472,290,167,305,15,6,10.0,Divers,2007,présidentielle
35,335,Thourie,472,290,167,305,15,7,38.0,Centre,2007,présidentielle
35,335,Thourie,472,290,167,305,15,8,144.0,Droite,2007,présidentielle
35,335,Thourie,472,290,167,305,15,9,9.0,Droite,2007,présidentielle
35,335,Thourie,472,290,167,305,15,10,8.0,Extrême Droite,2007,présidentielle
35,336,Le Tiercent,134,95,38,96,1,0,0.0,Extrême Gauche,2007,présidentielle
35,336,Le Tiercent,134,95,38,96,1,1,9.0,Extrême Gauche,2007,présidentielle
35,336,Le Tiercent,134,95,38,96,1,2,2.0,Gauche,2007,présidentielle
35,336,Le Tiercent,134,95,38,96,1,3,24.0,Gauche,2007,présidentielle
35,336,Le Tiercent,134,95,38,96,1,4,18.0,Écologie,2007,présidentielle
35,336,Le Tiercent,134,95,38,96,1,5,1.0,Écologie,2007,présidentielle
35,336,Le Tiercent,134,95,38,96,1,6,1.0,Divers,2007,présidentielle
35,336,Le Tiercent,134,95,38,96,1,7,9.0,Centre,2007,présidentielle
35,336,Le Tiercent,134,95,38,96,1,8,27.0,Droite,2007,présidentielle
35,336,Le Tiercent,134,95,38,96,1,9,1.0,Droite,2007,présidentielle
35,336,Le Tiercent,134,95,38,96,1,10,0.0,Droite,2007,présidentielle
35,336,Le Tiercent,134,95,38,96,1,11,3.0,Extrême Droite,2007,présidentielle
35,337,Tinténiac,2167,1382,754,1413,31,0,14.0,Extrême Gauche,2007,présidentielle
35,337,Tinténiac,2167,1382,754,1413,31,1,3.0,Extrême Gauche,2007,présidentielle
35,337,Tinténiac,2167,1382,754,1413,31,2,42.0,Extrême Gauche,2007,présidentielle
35,337,Tinténiac,2167,1382,754,1413,31,3,16.0,Gauche,2007,présidentielle
35,337,Tinténiac,2167,1382,754,1413,31,4,497.0,Gauche,2007,présidentielle
35,337,Tinténiac,2167,1382,754,1413,31,5,45.0,Écologie,2007,présidentielle
35,337,Tinténiac,2167,1382,754,1413,31,6,17.0,Divers,2007,présidentielle
35,337,Tinténiac,2167,1382,754,1413,31,7,4.0,Divers,2007,présidentielle
35,337,Tinténiac,2167,1382,754,1413,31,8,113.0,Centre,2007,présidentielle
35,337,Tinténiac,2167,1382,754,1413,31,9,584.0,Droite,2007,présidentielle
35,337,Tinténiac,2167,1382,754,1413,31,10,14.0,Droite,2007,présidentielle
35,337,Tinténiac,2167,1382,754,1413,31,11,0.0,Droite,2007,présidentielle
35,337,Tinténiac,2167,1382,754,1413,31,12,33.0,Extrême Droite,2007,présidentielle
35,338,Torcé,794,502,280,514,12,0,7.0,Extrême Gauche,2007,présidentielle
35,338,Torcé,794,502,280,514,12,1,3.0,Extrême Gauche,2007,présidentielle
35,338,Torcé,794,502,280,514,12,2,5.0,Gauche,2007,présidentielle
35,338,Torcé,794,502,280,514,12,3,43.0,Gauche,2007,présidentielle
35,338,Torcé,794,502,280,514,12,4,15.0,Régionalisme,2007,présidentielle
35,338,Torcé,794,502,280,514,12,5,5.0,Régionalisme,2007,présidentielle
35,338,Torcé,794,502,280,514,12,6,5.0,Divers,2007,présidentielle
35,338,Torcé,794,502,280,514,12,7,98.0,Centre,2007,présidentielle
35,338,Torcé,794,502,280,514,12,8,304.0,Droite,2007,présidentielle
35,338,Torcé,794,502,280,514,12,9,4.0,Droite,2007,présidentielle
35,338,Torcé,794,502,280,514,12,10,13.0,Extrême Droite,2007,présidentielle
35,339,Trans-la-Forêt,459,290,162,297,7,0,2.0,Extrême Gauche,2007,présidentielle
35,339,Trans-la-Forêt,459,290,162,297,7,1,2.0,Extrême Gauche,2007,présidentielle
35,339,Trans-la-Forêt,459,290,162,297,7,2,7.0,Extrême Gauche,2007,présidentielle
35,339,Trans-la-Forêt,459,290,162,297,7,3,2.0,Gauche,2007,présidentielle
35,339,Trans-la-Forêt,459,290,162,297,7,4,92.0,Gauche,2007,présidentielle
35,339,Trans-la-Forêt,459,290,162,297,7,5,9.0,Régionalisme,2007,présidentielle
35,339,Trans-la-Forêt,459,290,162,297,7,6,17.0,Droite,2007,présidentielle
35,339,Trans-la-Forêt,459,290,162,297,7,7,0.0,Divers,2007,présidentielle
35,339,Trans-la-Forêt,459,290,162,297,7,8,16.0,Centre,2007,présidentielle
35,339,Trans-la-Forêt,459,290,162,297,7,9,136.0,Droite,2007,présidentielle
35,339,Trans-la-Forêt,459,290,162,297,7,10,5.0,Droite,2007,présidentielle
35,339,Trans-la-Forêt,459,290,162,297,7,11,1.0,Extrême Droite,2007,présidentielle
35,339,Trans-la-Forêt,459,290,162,297,7,12,1.0,Extrême Droite,2007,présidentielle
35,340,Treffendel,829,558,261,568,10,0,11.0,Extrême Gauche,2007,présidentielle
35,340,Treffendel,829,558,261,568,10,1,13.0,Extrême Gauche,2007,présidentielle
35,340,Treffendel,829,558,261,568,10,2,9.0,Gauche,2007,présidentielle
35,340,Treffendel,829,558,261,568,10,3,146.0,Gauche,2007,présidentielle
35,340,Treffendel,829,558,261,568,10,4,8.0,Gauche,2007,présidentielle
35,340,Treffendel,829,558,261,568,10,5,22.0,Écologie,2007,présidentielle
35,340,Treffendel,829,558,261,568,10,6,5.0,Régionalisme,2007,présidentielle
35,340,Treffendel,829,558,261,568,10,7,5.0,Droite,2007,présidentielle
35,340,Treffendel,829,558,261,568,10,8,5.0,Divers,2007,présidentielle
35,340,Treffendel,829,558,261,568,10,9,62.0,Centre,2007,présidentielle
35,340,Treffendel,829,558,261,568,10,10,236.0,Droite,2007,présidentielle
35,340,Treffendel,829,558,261,568,10,11,10.0,Droite,2007,présidentielle
35,340,Treffendel,829,558,261,568,10,12,26.0,Extrême Droite,2007,présidentielle
35,341,Tremblay,1079,635,416,663,28,0,15.0,Extrême Gauche,2007,présidentielle
35,341,Tremblay,1079,635,416,663,28,1,21.0,Extrême Gauche,2007,présidentielle
35,341,Tremblay,1079,635,416,663,28,2,24.0,Gauche,2007,présidentielle
35,341,Tremblay,1079,635,416,663,28,3,90.0,Gauche,2007,présidentielle
35,341,Tremblay,1079,635,416,663,28,4,91.0,Écologie,2007,présidentielle
35,341,Tremblay,1079,635,416,663,28,5,7.0,Écologie,2007,présidentielle
35,341,Tremblay,1079,635,416,663,28,6,7.0,Divers,2007,présidentielle
35,341,Tremblay,1079,635,416,663,28,7,72.0,Centre,2007,présidentielle
35,341,Tremblay,1079,635,416,663,28,8,279.0,Droite,2007,présidentielle
35,341,Tremblay,1079,635,416,663,28,9,5.0,Droite,2007,présidentielle
35,341,Tremblay,1079,635,416,663,28,10,3.0,Droite,2007,présidentielle
35,341,Tremblay,1079,635,416,663,28,11,21.0,Extrême Droite,2007,présidentielle
35,342,Trémeheuc,254,187,61,193,6,0,2.0,Extrême Gauche,2007,présidentielle
35,342,Trémeheuc,254,187,61,193,6,1,2.0,Extrême Gauche,2007,présidentielle
35,342,Trémeheuc,254,187,61,193,6,2,6.0,Extrême Gauche,2007,présidentielle
35,342,Trémeheuc,254,187,61,193,6,3,3.0,Gauche,2007,présidentielle
35,342,Trémeheuc,254,187,61,193,6,4,95.0,Gauche,2007,présidentielle
35,342,Trémeheuc,254,187,61,193,6,5,6.0,Écologie,2007,présidentielle
35,342,Trémeheuc,254,187,61,193,6,6,0.0,Divers,2007,présidentielle
35,342,Trémeheuc,254,187,61,193,6,7,0.0,Divers,2007,présidentielle
35,342,Trémeheuc,254,187,61,193,6,8,6.0,Centre,2007,présidentielle
35,342,Trémeheuc,254,187,61,193,6,9,61.0,Droite,2007,présidentielle
35,342,Trémeheuc,254,187,61,193,6,10,2.0,Droite,2007,présidentielle
35,342,Trémeheuc,254,187,61,193,6,11,0.0,Droite,2007,présidentielle
35,342,Trémeheuc,254,187,61,193,6,12,4.0,Extrême Droite,2007,présidentielle
35,343,Tresboeuf,835,451,362,473,22,0,3.0,Extrême Gauche,2007,présidentielle
35,343,Tresboeuf,835,451,362,473,22,1,18.0,Extrême Gauche,2007,présidentielle
35,343,Tresboeuf,835,451,362,473,22,2,5.0,Gauche,2007,présidentielle
35,343,Tresboeuf,835,451,362,473,22,3,141.0,Gauche,2007,présidentielle
35,343,Tresboeuf,835,451,362,473,22,4,6.0,Gauche,2007,présidentielle
35,343,Tresboeuf,835,451,362,473,22,5,26.0,Écologie,2007,présidentielle
35,343,Tresboeuf,835,451,362,473,22,6,2.0,Régionalisme,2007,présidentielle
35,343,Tresboeuf,835,451,362,473,22,7,14.0,Droite,2007,présidentielle
35,343,Tresboeuf,835,451,362,473,22,8,12.0,Divers,2007,présidentielle
35,343,Tresboeuf,835,451,362,473,22,9,27.0,Centre,2007,présidentielle
35,343,Tresboeuf,835,451,362,473,22,10,160.0,Droite,2007,présidentielle
35,343,Tresboeuf,835,451,362,473,22,11,15.0,Droite,2007,présidentielle
35,343,Tresboeuf,835,451,362,473,22,12,22.0,Extrême Droite,2007,présidentielle
35,344,Tressé,243,147,95,148,1,0,0.0,Extrême Gauche,2007,présidentielle
35,344,Tressé,243,147,95,148,1,1,1.0,Extrême Gauche,2007,présidentielle
35,344,Tressé,243,147,95,148,1,2,7.0,Extrême Gauche,2007,présidentielle
35,344,Tressé,243,147,95,148,1,3,3.0,Gauche,2007,présidentielle
35,344,Tressé,243,147,95,148,1,4,41.0,Gauche,2007,présidentielle
35,344,Tressé,243,147,95,148,1,5,4.0,Écologie,2007,présidentielle
35,344,Tressé,243,147,95,148,1,6,3.0,Divers,2007,présidentielle
35,344,Tressé,243,147,95,148,1,7,1.0,Divers,2007,présidentielle
35,344,Tressé,243,147,95,148,1,8,17.0,Centre,2007,présidentielle
35,344,Tressé,243,147,95,148,1,9,62.0,Droite,2007,présidentielle
35,344,Tressé,243,147,95,148,1,10,2.0,Droite,2007,présidentielle
35,344,Tressé,243,147,95,148,1,11,0.0,Droite,2007,présidentielle
35,344,Tressé,243,147,95,148,1,12,6.0,Extrême Droite,2007,présidentielle
35,345,Trévérien,542,330,202,340,10,0,6.0,Extrême Gauche,2007,présidentielle
35,345,Trévérien,542,330,202,340,10,1,1.0,Extrême Gauche,2007,présidentielle
35,345,Trévérien,542,330,202,340,10,2,13.0,Extrême Gauche,2007,présidentielle
35,345,Trévérien,542,330,202,340,10,3,5.0,Gauche,2007,présidentielle
35,345,Trévérien,542,330,202,340,10,4,135.0,Gauche,2007,présidentielle
35,345,Trévérien,542,330,202,340,10,5,16.0,Écologie,2007,présidentielle
35,345,Trévérien,542,330,202,340,10,6,3.0,Divers,2007,présidentielle
35,345,Trévérien,542,330,202,340,10,7,1.0,Divers,2007,présidentielle
35,345,Trévérien,542,330,202,340,10,8,26.0,Centre,2007,présidentielle
35,345,Trévérien,542,330,202,340,10,9,103.0,Droite,2007,présidentielle
35,345,Trévérien,542,330,202,340,10,10,6.0,Droite,2007,présidentielle
35,345,Trévérien,542,330,202,340,10,11,0.0,Droite,2007,présidentielle
35,345,Trévérien,542,330,202,340,10,12,15.0,Extrême Droite,2007,présidentielle
35,346,Trimer,123,78,42,81,3,0,1.0,Extrême Gauche,2007,présidentielle
35,346,Trimer,123,78,42,81,3,1,0.0,Extrême Gauche,2007,présidentielle
35,346,Trimer,123,78,42,81,3,2,3.0,Extrême Gauche,2007,présidentielle
35,346,Trimer,123,78,42,81,3,3,0.0,Gauche,2007,présidentielle
35,346,Trimer,123,78,42,81,3,4,26.0,Gauche,2007,présidentielle
35,346,Trimer,123,78,42,81,3,5,7.0,Écologie,2007,présidentielle
35,346,Trimer,123,78,42,81,3,6,0.0,Divers,2007,présidentielle
35,346,Trimer,123,78,42,81,3,7,0.0,Divers,2007,présidentielle
35,346,Trimer,123,78,42,81,3,8,13.0,Centre,2007,présidentielle
35,346,Trimer,123,78,42,81,3,9,24.0,Droite,2007,présidentielle
35,346,Trimer,123,78,42,81,3,10,0.0,Droite,2007,présidentielle
35,346,Trimer,123,78,42,81,3,11,0.0,Droite,2007,présidentielle
35,346,Trimer,123,78,42,81,3,12,4.0,Extrême Droite,2007,présidentielle
35,347,Val-d'Izé,1668,1051,586,1082,31,0,14.0,Extrême Gauche,2007,présidentielle
35,347,Val-d'Izé,1668,1051,586,1082,31,1,2.0,Extrême Gauche,2007,présidentielle
35,347,Val-d'Izé,1668,1051,586,1082,31,2,1.0,Gauche,2007,présidentielle
35,347,Val-d'Izé,1668,1051,586,1082,31,3,124.0,Gauche,2007,présidentielle
35,347,Val-d'Izé,1668,1051,586,1082,31,4,25.0,Régionalisme,2007,présidentielle
35,347,Val-d'Izé,1668,1051,586,1082,31,5,18.0,Régionalisme,2007,présidentielle
35,347,Val-d'Izé,1668,1051,586,1082,31,6,9.0,Divers,2007,présidentielle
35,347,Val-d'Izé,1668,1051,586,1082,31,7,133.0,Centre,2007,présidentielle
35,347,Val-d'Izé,1668,1051,586,1082,31,8,685.0,Droite,2007,présidentielle
35,347,Val-d'Izé,1668,1051,586,1082,31,9,10.0,Droite,2007,présidentielle
35,347,Val-d'Izé,1668,1051,586,1082,31,10,30.0,Extrême Droite,2007,présidentielle
35,348,Vendel,294,187,103,191,4,0,1.0,Extrême Gauche,2007,présidentielle
35,348,Vendel,294,187,103,191,4,1,6.0,Extrême Gauche,2007,présidentielle
35,348,Vendel,294,187,103,191,4,2,0.0,Gauche,2007,présidentielle
35,348,Vendel,294,187,103,191,4,3,20.0,Gauche,2007,présidentielle
35,348,Vendel,294,187,103,191,4,4,22.0,Écologie,2007,présidentielle
35,348,Vendel,294,187,103,191,4,5,5.0,Écologie,2007,présidentielle
35,348,Vendel,294,187,103,191,4,6,0.0,Divers,2007,présidentielle
35,348,Vendel,294,187,103,191,4,7,62.0,Centre,2007,présidentielle
35,348,Vendel,294,187,103,191,4,8,67.0,Droite,2007,présidentielle
35,348,Vendel,294,187,103,191,4,9,0.0,Droite,2007,présidentielle
35,348,Vendel,294,187,103,191,4,10,2.0,Droite,2007,présidentielle
35,348,Vendel,294,187,103,191,4,11,2.0,Extrême Droite,2007,présidentielle
35,350,Vergéal,511,317,189,322,5,0,5.0,Extrême Gauche,2007,présidentielle
35,350,Vergéal,511,317,189,322,5,1,1.0,Extrême Gauche,2007,présidentielle
35,350,Vergéal,511,317,189,322,5,2,4.0,Gauche,2007,présidentielle
35,350,Vergéal,511,317,189,322,5,3,33.0,Gauche,2007,présidentielle
35,350,Vergéal,511,317,189,322,5,4,13.0,Régionalisme,2007,présidentielle
35,350,Vergéal,511,317,189,322,5,5,4.0,Régionalisme,2007,présidentielle
35,350,Vergéal,511,317,189,322,5,6,1.0,Divers,2007,présidentielle
35,350,Vergéal,511,317,189,322,5,7,28.0,Centre,2007,présidentielle
35,350,Vergéal,511,317,189,322,5,8,222.0,Droite,2007,présidentielle
35,350,Vergéal,511,317,189,322,5,9,1.0,Droite,2007,présidentielle
35,350,Vergéal,511,317,189,322,5,10,5.0,Extrême Droite,2007,présidentielle
35,351,Le Verger,934,589,336,598,9,0,10.0,Extrême Gauche,2007,présidentielle
35,351,Le Verger,934,589,336,598,9,1,2.0,Extrême Gauche,2007,présidentielle
35,351,Le Verger,934,589,336,598,9,2,13.0,Extrême Gauche,2007,présidentielle
35,351,Le Verger,934,589,336,598,9,3,13.0,Gauche,2007,présidentielle
35,351,Le Verger,934,589,336,598,9,4,86.0,Gauche,2007,présidentielle
35,351,Le Verger,934,589,336,598,9,5,143.0,Gauche,2007,présidentielle
35,351,Le Verger,934,589,336,598,9,6,25.0,Écologie,2007,présidentielle
35,351,Le Verger,934,589,336,598,9,7,7.0,Écologie,2007,présidentielle
35,351,Le Verger,934,589,336,598,9,8,6.0,Divers,2007,présidentielle
35,351,Le Verger,934,589,336,598,9,9,48.0,Centre,2007,présidentielle
35,351,Le Verger,934,589,336,598,9,10,207.0,Droite,2007,présidentielle
35,351,Le Verger,934,589,336,598,9,11,10.0,Droite,2007,présidentielle
35,351,Le Verger,934,589,336,598,9,12,19.0,Extrême Droite,2007,présidentielle
35,352,Vern-sur-Seiche,5883,3793,2023,3860,67,0,51.0,Extrême Gauche,2007,présidentielle
35,352,Vern-sur-Seiche,5883,3793,2023,3860,67,1,12.0,Extrême Gauche,2007,présidentielle
35,352,Vern-sur-Seiche,5883,3793,2023,3860,67,2,34.0,Extrême Gauche,2007,présidentielle
35,352,Vern-sur-Seiche,5883,3793,2023,3860,67,3,73.0,Gauche,2007,présidentielle
35,352,Vern-sur-Seiche,5883,3793,2023,3860,67,4,1583.0,Gauche,2007,présidentielle
35,352,Vern-sur-Seiche,5883,3793,2023,3860,67,5,152.0,Écologie,2007,présidentielle
35,352,Vern-sur-Seiche,5883,3793,2023,3860,67,6,66.0,Écologie,2007,présidentielle
35,352,Vern-sur-Seiche,5883,3793,2023,3860,67,7,38.0,Régionalisme,2007,présidentielle
35,352,Vern-sur-Seiche,5883,3793,2023,3860,67,8,35.0,Divers,2007,présidentielle
35,352,Vern-sur-Seiche,5883,3793,2023,3860,67,9,8.0,Divers,2007,présidentielle
35,352,Vern-sur-Seiche,5883,3793,2023,3860,67,10,440.0,Centre,2007,présidentielle
35,352,Vern-sur-Seiche,5883,3793,2023,3860,67,11,851.0,Droite,2007,présidentielle
35,352,Vern-sur-Seiche,5883,3793,2023,3860,67,12,362.0,Droite,2007,présidentielle
35,352,Vern-sur-Seiche,5883,3793,2023,3860,67,13,88.0,Extrême Droite,2007,présidentielle
35,353,Vezin-le-Coquet,3068,2066,982,2086,20,0,15.0,Extrême Gauche,2007,présidentielle
35,353,Vezin-le-Coquet,3068,2066,982,2086,20,1,7.0,Extrême Gauche,2007,présidentielle
35,353,Vezin-le-Coquet,3068,2066,982,2086,20,2,29.0,Extrême Gauche,2007,présidentielle
35,353,Vezin-le-Coquet,3068,2066,982,2086,20,3,56.0,Gauche,2007,présidentielle
35,353,Vezin-le-Coquet,3068,2066,982,2086,20,4,768.0,Gauche,2007,présidentielle
35,353,Vezin-le-Coquet,3068,2066,982,2086,20,5,86.0,Écologie,2007,présidentielle
35,353,Vezin-le-Coquet,3068,2066,982,2086,20,6,26.0,Écologie,2007,présidentielle
35,353,Vezin-le-Coquet,3068,2066,982,2086,20,7,10.0,Régionalisme,2007,présidentielle
35,353,Vezin-le-Coquet,3068,2066,982,2086,20,8,15.0,Divers,2007,présidentielle
35,353,Vezin-le-Coquet,3068,2066,982,2086,20,9,2.0,Divers,2007,présidentielle
35,353,Vezin-le-Coquet,3068,2066,982,2086,20,10,250.0,Centre,2007,présidentielle
35,353,Vezin-le-Coquet,3068,2066,982,2086,20,11,510.0,Droite,2007,présidentielle
35,353,Vezin-le-Coquet,3068,2066,982,2086,20,12,256.0,Droite,2007,présidentielle
35,353,Vezin-le-Coquet,3068,2066,982,2086,20,13,36.0,Extrême Droite,2007,présidentielle
35,354,Vieux-Viel,243,155,78,165,10,0,2.0,Extrême Gauche,2007,présidentielle
35,354,Vieux-Viel,243,155,78,165,10,1,4.0,Extrême Gauche,2007,présidentielle
35,354,Vieux-Viel,243,155,78,165,10,2,6.0,Extrême Gauche,2007,présidentielle
35,354,Vieux-Viel,243,155,78,165,10,3,8.0,Gauche,2007,présidentielle
35,354,Vieux-Viel,243,155,78,165,10,4,38.0,Gauche,2007,présidentielle
35,354,Vieux-Viel,243,155,78,165,10,5,0.0,Régionalisme,2007,présidentielle
35,354,Vieux-Viel,243,155,78,165,10,6,5.0,Droite,2007,présidentielle
35,354,Vieux-Viel,243,155,78,165,10,7,2.0,Divers,2007,présidentielle
35,354,Vieux-Viel,243,155,78,165,10,8,6.0,Centre,2007,présidentielle
35,354,Vieux-Viel,243,155,78,165,10,9,78.0,Droite,2007,présidentielle
35,354,Vieux-Viel,243,155,78,165,10,10,1.0,Droite,2007,présidentielle
35,354,Vieux-Viel,243,155,78,165,10,11,4.0,Extrême Droite,2007,présidentielle
35,354,Vieux-Viel,243,155,78,165,10,12,1.0,Extrême Droite,2007,présidentielle
35,355,Vieux-Vy-sur-Couesnon,811,441,352,459,18,0,7.0,Extrême Gauche,2007,présidentielle
35,355,Vieux-Vy-sur-Couesnon,811,441,352,459,18,1,1.0,Extrême Gauche,2007,présidentielle
35,355,Vieux-Vy-sur-Couesnon,811,441,352,459,18,2,21.0,Extrême Gauche,2007,présidentielle
35,355,Vieux-Vy-sur-Couesnon,811,441,352,459,18,3,5.0,Gauche,2007,présidentielle
35,355,Vieux-Vy-sur-Couesnon,811,441,352,459,18,4,152.0,Gauche,2007,présidentielle
35,355,Vieux-Vy-sur-Couesnon,811,441,352,459,18,5,27.0,Écologie,2007,présidentielle
35,355,Vieux-Vy-sur-Couesnon,811,441,352,459,18,6,4.0,Divers,2007,présidentielle
35,355,Vieux-Vy-sur-Couesnon,811,441,352,459,18,7,0.0,Divers,2007,présidentielle
35,355,Vieux-Vy-sur-Couesnon,811,441,352,459,18,8,34.0,Centre,2007,présidentielle
35,355,Vieux-Vy-sur-Couesnon,811,441,352,459,18,9,167.0,Droite,2007,présidentielle
35,355,Vieux-Vy-sur-Couesnon,811,441,352,459,18,10,5.0,Droite,2007,présidentielle
35,355,Vieux-Vy-sur-Couesnon,811,441,352,459,18,11,3.0,Droite,2007,présidentielle
35,355,Vieux-Vy-sur-Couesnon,811,441,352,459,18,12,15.0,Extrême Droite,2007,présidentielle
35,356,Vignoc,1075,686,380,695,9,0,3.0,Extrême Gauche,2007,présidentielle
35,356,Vignoc,1075,686,380,695,9,1,3.0,Extrême Gauche,2007,présidentielle
35,356,Vignoc,1075,686,380,695,9,2,17.0,Extrême Gauche,2007,présidentielle
35,356,Vignoc,1075,686,380,695,9,3,6.0,Gauche,2007,présidentielle
35,356,Vignoc,1075,686,380,695,9,4,286.0,Gauche,2007,présidentielle
35,356,Vignoc,1075,686,380,695,9,5,20.0,Écologie,2007,présidentielle
35,356,Vignoc,1075,686,380,695,9,6,9.0,Divers,2007,présidentielle
35,356,Vignoc,1075,686,380,695,9,7,3.0,Divers,2007,présidentielle
35,356,Vignoc,1075,686,380,695,9,8,87.0,Centre,2007,présidentielle
35,356,Vignoc,1075,686,380,695,9,9,233.0,Droite,2007,présidentielle
35,356,Vignoc,1075,686,380,695,9,10,12.0,Droite,2007,présidentielle
35,356,Vignoc,1075,686,380,695,9,11,1.0,Droite,2007,présidentielle
35,356,Vignoc,1075,686,380,695,9,12,6.0,Extrême Droite,2007,présidentielle
35,357,Villamée,262,162,97,165,3,0,0.0,Extrême Gauche,2007,présidentielle
35,357,Villamée,262,162,97,165,3,1,5.0,Extrême Gauche,2007,présidentielle
35,357,Villamée,262,162,97,165,3,2,2.0,Gauche,2007,présidentielle
35,357,Villamée,262,162,97,165,3,3,21.0,Gauche,2007,présidentielle
35,357,Villamée,262,162,97,165,3,4,16.0,Écologie,2007,présidentielle
35,357,Villamée,262,162,97,165,3,5,5.0,Écologie,2007,présidentielle
35,357,Villamée,262,162,97,165,3,6,1.0,Divers,2007,présidentielle
35,357,Villamée,262,162,97,165,3,7,40.0,Centre,2007,présidentielle
35,357,Villamée,262,162,97,165,3,8,66.0,Droite,2007,présidentielle
35,357,Villamée,262,162,97,165,3,9,0.0,Droite,2007,présidentielle
35,357,Villamée,262,162,97,165,3,10,1.0,Droite,2007,présidentielle
35,357,Villamée,262,162,97,165,3,11,5.0,Extrême Droite,2007,présidentielle
35,358,La Ville-ès-Nonais,705,462,235,470,8,0,1.0,Extrême Gauche,2007,présidentielle
35,358,La Ville-ès-Nonais,705,462,235,470,8,1,2.0,Extrême Gauche,2007,présidentielle
35,358,La Ville-ès-Nonais,705,462,235,470,8,2,12.0,Extrême Gauche,2007,présidentielle
35,358,La Ville-ès-Nonais,705,462,235,470,8,3,7.0,Gauche,2007,présidentielle
35,358,La Ville-ès-Nonais,705,462,235,470,8,4,111.0,Gauche,2007,présidentielle
35,358,La Ville-ès-Nonais,705,462,235,470,8,5,19.0,Régionalisme,2007,présidentielle
35,358,La Ville-ès-Nonais,705,462,235,470,8,6,3.0,Droite,2007,présidentielle
35,358,La Ville-ès-Nonais,705,462,235,470,8,7,1.0,Divers,2007,présidentielle
35,358,La Ville-ès-Nonais,705,462,235,470,8,8,112.0,Centre,2007,présidentielle
35,358,La Ville-ès-Nonais,705,462,235,470,8,9,182.0,Droite,2007,présidentielle
35,358,La Ville-ès-Nonais,705,462,235,470,8,10,2.0,Droite,2007,présidentielle
35,358,La Ville-ès-Nonais,705,462,235,470,8,11,9.0,Extrême Droite,2007,présidentielle
35,358,La Ville-ès-Nonais,705,462,235,470,8,12,1.0,Extrême Droite,2007,présidentielle
35,359,Visseiche,577,356,213,364,8,0,9.0,Extrême Gauche,2007,présidentielle
35,359,Visseiche,577,356,213,364,8,1,2.0,Extrême Gauche,2007,présidentielle
35,359,Visseiche,577,356,213,364,8,2,2.0,Gauche,2007,présidentielle
35,359,Visseiche,577,356,213,364,8,3,49.0,Gauche,2007,présidentielle
35,359,Visseiche,577,356,213,364,8,4,14.0,Régionalisme,2007,présidentielle
35,359,Visseiche,577,356,213,364,8,5,0.0,Régionalisme,2007,présidentielle
35,359,Visseiche,577,356,213,364,8,6,1.0,Divers,2007,présidentielle
35,359,Visseiche,577,356,213,364,8,7,46.0,Centre,2007,présidentielle
35,359,Visseiche,577,356,213,364,8,8,226.0,Droite,2007,présidentielle
35,359,Visseiche,577,356,213,364,8,9,3.0,Droite,2007,présidentielle
35,359,Visseiche,577,356,213,364,8,10,4.0,Extrême Droite,2007,présidentielle
35,360,Vitré,11945,7492,4363,7582,90,0,56.0,Extrême Gauche,2007,présidentielle
35,360,Vitré,11945,7492,4363,7582,90,1,65.0,Extrême Gauche,2007,présidentielle
35,360,Vitré,11945,7492,4363,7582,90,2,44.0,Gauche,2007,présidentielle
35,360,Vitré,11945,7492,4363,7582,90,3,1429.0,Gauche,2007,présidentielle
35,360,Vitré,11945,7492,4363,7582,90,4,343.0,Régionalisme,2007,présidentielle
35,360,Vitré,11945,7492,4363,7582,90,5,42.0,Régionalisme,2007,présidentielle
35,360,Vitré,11945,7492,4363,7582,90,6,47.0,Divers,2007,présidentielle
35,360,Vitré,11945,7492,4363,7582,90,7,973.0,Centre,2007,présidentielle
35,360,Vitré,11945,7492,4363,7582,90,8,4331.0,Droite,2007,présidentielle
35,360,Vitré,11945,7492,4363,7582,90,9,50.0,Droite,2007,présidentielle
35,360,Vitré,11945,7492,4363,7582,90,10,112.0,Extrême Droite,2007,présidentielle
35,361,Le Vivier-sur-Mer,807,481,317,490,9,0,0.0,Extrême Gauche,2007,présidentielle
35,361,Le Vivier-sur-Mer,807,481,317,490,9,1,4.0,Extrême Gauche,2007,présidentielle
35,361,Le Vivier-sur-Mer,807,481,317,490,9,2,8.0,Extrême Gauche,2007,présidentielle
35,361,Le Vivier-sur-Mer,807,481,317,490,9,3,5.0,Gauche,2007,présidentielle
35,361,Le Vivier-sur-Mer,807,481,317,490,9,4,119.0,Gauche,2007,présidentielle
35,361,Le Vivier-sur-Mer,807,481,317,490,9,5,11.0,Régionalisme,2007,présidentielle
35,361,Le Vivier-sur-Mer,807,481,317,490,9,6,19.0,Droite,2007,présidentielle
35,361,Le Vivier-sur-Mer,807,481,317,490,9,7,2.0,Divers,2007,présidentielle
35,361,Le Vivier-sur-Mer,807,481,317,490,9,8,28.0,Centre,2007,présidentielle
35,361,Le Vivier-sur-Mer,807,481,317,490,9,9,270.0,Droite,2007,présidentielle
35,361,Le Vivier-sur-Mer,807,481,317,490,9,10,2.0,Droite,2007,présidentielle
35,361,Le Vivier-sur-Mer,807,481,317,490,9,11,13.0,Extrême Droite,2007,présidentielle
35,361,Le Vivier-sur-Mer,807,481,317,490,9,12,0.0,Extrême Droite,2007,présidentielle
35,362,Le Tronchet,658,432,221,437,5,0,4.0,Extrême Gauche,2007,présidentielle
35,362,Le Tronchet,658,432,221,437,5,1,2.0,Extrême Gauche,2007,présidentielle
35,362,Le Tronchet,658,432,221,437,5,2,13.0,Extrême Gauche,2007,présidentielle
35,362,Le Tronchet,658,432,221,437,5,3,7.0,Gauche,2007,présidentielle
35,362,Le Tronchet,658,432,221,437,5,4,98.0,Gauche,2007,présidentielle
35,362,Le Tronchet,658,432,221,437,5,5,13.0,Régionalisme,2007,présidentielle
35,362,Le Tronchet,658,432,221,437,5,6,5.0,Droite,2007,présidentielle
35,362,Le Tronchet,658,432,221,437,5,7,2.0,Divers,2007,présidentielle
35,362,Le Tronchet,658,432,221,437,5,8,157.0,Centre,2007,présidentielle
35,362,Le Tronchet,658,432,221,437,5,9,121.0,Droite,2007,présidentielle
35,362,Le Tronchet,658,432,221,437,5,10,0.0,Droite,2007,présidentielle
35,362,Le Tronchet,658,432,221,437,5,11,10.0,Extrême Droite,2007,présidentielle
35,362,Le Tronchet,658,432,221,437,5,12,0.0,Extrême Droite,2007,présidentielle
35,363,Pont-Péan,2611,1634,943,1668,34,0,23.0,Extrême Gauche,2007,présidentielle
35,363,Pont-Péan,2611,1634,943,1668,34,1,48.0,Extrême Gauche,2007,présidentielle
35,363,Pont-Péan,2611,1634,943,1668,34,2,20.0,Gauche,2007,présidentielle
35,363,Pont-Péan,2611,1634,943,1668,34,3,574.0,Gauche,2007,présidentielle
35,363,Pont-Péan,2611,1634,943,1668,34,4,17.0,Gauche,2007,présidentielle
35,363,Pont-Péan,2611,1634,943,1668,34,5,135.0,Écologie,2007,présidentielle
35,363,Pont-Péan,2611,1634,943,1668,34,6,9.0,Régionalisme,2007,présidentielle
35,363,Pont-Péan,2611,1634,943,1668,34,7,13.0,Droite,2007,présidentielle
35,363,Pont-Péan,2611,1634,943,1668,34,8,6.0,Divers,2007,présidentielle
35,363,Pont-Péan,2611,1634,943,1668,34,9,258.0,Centre,2007,présidentielle
35,363,Pont-Péan,2611,1634,943,1668,34,10,464.0,Droite,2007,présidentielle
35,363,Pont-Péan,2611,1634,943,1668,34,11,22.0,Droite,2007,présidentielle
35,363,Pont-Péan,2611,1634,943,1668,34,12,45.0,Extrême Droite,2007,présidentielle
