id_dept,id_commune,nom_commune,nb_inscrits,nb_exprimes,nb_abs,nb_votants,nb_blancs_nuls,candidat_id,cand_voix,cand_orientation,années,type_election
35,1,Acigné,4074,3036,942,3132,96,0,21,Extrême Droite,2002,présidentielle
35,1,Acigné,4074,3036,942,3132,96,1,97,Centre,2002,présidentielle
35,1,Acigné,4074,3036,942,3132,96,2,14,Extrême Gauche,2002,présidentielle
35,1,Acigné,4074,3036,942,3132,96,3,259,Centre,2002,présidentielle
35,1,Acigné,4074,3036,942,3132,96,4,575,Droite,2002,présidentielle
35,1,Acigné,4074,3036,942,3132,96,5,209,Extrême Droite,2002,présidentielle
35,1,Acigné,4074,3036,942,3132,96,6,72,Gauche,2002,présidentielle
35,1,Acigné,4074,3036,942,3132,96,7,70,Droite,2002,présidentielle
35,1,Acigné,4074,3036,942,3132,96,8,345,Écologie,2002,présidentielle
35,1,Acigné,4074,3036,942,3132,96,9,631,Gauche,2002,présidentielle
35,1,Acigné,4074,3036,942,3132,96,10,37,Droite,2002,présidentielle
35,1,Acigné,4074,3036,942,3132,96,11,50,Gauche,2002,présidentielle
35,1,Acigné,4074,3036,942,3132,96,12,145,Gauche,2002,présidentielle
35,1,Acigné,4074,3036,942,3132,96,13,110,Droite,2002,présidentielle
35,1,Acigné,4074,3036,942,3132,96,14,232,Extrême Gauche,2002,présidentielle
35,1,Acigné,4074,3036,942,3132,96,15,169,Extrême Gauche,2002,présidentielle
35,2,Amanlis,1088,821,236,852,31,0,10,Extrême Droite,2002,présidentielle
35,2,Amanlis,1088,821,236,852,31,1,17,Centre,2002,présidentielle
35,2,Amanlis,1088,821,236,852,31,2,8,Extrême Gauche,2002,présidentielle
35,2,Amanlis,1088,821,236,852,31,3,65,Centre,2002,présidentielle
35,2,Amanlis,1088,821,236,852,31,4,185,Droite,2002,présidentielle
35,2,Amanlis,1088,821,236,852,31,5,74,Extrême Droite,2002,présidentielle
35,2,Amanlis,1088,821,236,852,31,6,15,Gauche,2002,présidentielle
35,2,Amanlis,1088,821,236,852,31,7,37,Droite,2002,présidentielle
35,2,Amanlis,1088,821,236,852,31,8,47,Écologie,2002,présidentielle
35,2,Amanlis,1088,821,236,852,31,9,119,Gauche,2002,présidentielle
35,2,Amanlis,1088,821,236,852,31,10,21,Droite,2002,présidentielle
35,2,Amanlis,1088,821,236,852,31,11,12,Gauche,2002,présidentielle
35,2,Amanlis,1088,821,236,852,31,12,29,Gauche,2002,présidentielle
35,2,Amanlis,1088,821,236,852,31,13,47,Droite,2002,présidentielle
35,2,Amanlis,1088,821,236,852,31,14,85,Extrême Gauche,2002,présidentielle
35,2,Amanlis,1088,821,236,852,31,15,50,Extrême Gauche,2002,présidentielle
35,3,Andouillé-Neuville,347,257,81,266,9,0,4,Extrême Droite,2002,présidentielle
35,3,Andouillé-Neuville,347,257,81,266,9,1,8,Centre,2002,présidentielle
35,3,Andouillé-Neuville,347,257,81,266,9,2,2,Extrême Gauche,2002,présidentielle
35,3,Andouillé-Neuville,347,257,81,266,9,3,19,Centre,2002,présidentielle
35,3,Andouillé-Neuville,347,257,81,266,9,4,72,Droite,2002,présidentielle
35,3,Andouillé-Neuville,347,257,81,266,9,5,17,Extrême Droite,2002,présidentielle
35,3,Andouillé-Neuville,347,257,81,266,9,6,6,Gauche,2002,présidentielle
35,3,Andouillé-Neuville,347,257,81,266,9,7,34,Droite,2002,présidentielle
35,3,Andouillé-Neuville,347,257,81,266,9,8,9,Écologie,2002,présidentielle
35,3,Andouillé-Neuville,347,257,81,266,9,9,25,Gauche,2002,présidentielle
35,3,Andouillé-Neuville,347,257,81,266,9,10,4,Droite,2002,présidentielle
35,3,Andouillé-Neuville,347,257,81,266,9,11,8,Gauche,2002,présidentielle
35,3,Andouillé-Neuville,347,257,81,266,9,12,8,Gauche,2002,présidentielle
35,3,Andouillé-Neuville,347,257,81,266,9,13,4,Droite,2002,présidentielle
35,3,Andouillé-Neuville,347,257,81,266,9,14,22,Extrême Gauche,2002,présidentielle
35,3,Andouillé-Neuville,347,257,81,266,9,15,15,Extrême Gauche,2002,présidentielle
35,4,Antrain,1045,730,290,755,25,0,15,Extrême Droite,2002,présidentielle
35,4,Antrain,1045,730,290,755,25,1,14,Centre,2002,présidentielle
35,4,Antrain,1045,730,290,755,25,2,5,Extrême Gauche,2002,présidentielle
35,4,Antrain,1045,730,290,755,25,3,47,Centre,2002,présidentielle
35,4,Antrain,1045,730,290,755,25,4,175,Droite,2002,présidentielle
35,4,Antrain,1045,730,290,755,25,5,93,Extrême Droite,2002,présidentielle
35,4,Antrain,1045,730,290,755,25,6,16,Gauche,2002,présidentielle
35,4,Antrain,1045,730,290,755,25,7,64,Droite,2002,présidentielle
35,4,Antrain,1045,730,290,755,25,8,29,Écologie,2002,présidentielle
35,4,Antrain,1045,730,290,755,25,9,126,Gauche,2002,présidentielle
35,4,Antrain,1045,730,290,755,25,10,15,Droite,2002,présidentielle
35,4,Antrain,1045,730,290,755,25,11,14,Gauche,2002,présidentielle
35,4,Antrain,1045,730,290,755,25,12,18,Gauche,2002,présidentielle
35,4,Antrain,1045,730,290,755,25,13,40,Droite,2002,présidentielle
35,4,Antrain,1045,730,290,755,25,14,34,Extrême Gauche,2002,présidentielle
35,4,Antrain,1045,730,290,755,25,15,25,Extrême Gauche,2002,présidentielle
35,5,Arbrissel,181,136,43,138,2,0,3,Extrême Droite,2002,présidentielle
35,5,Arbrissel,181,136,43,138,2,1,1,Centre,2002,présidentielle
35,5,Arbrissel,181,136,43,138,2,2,0,Extrême Gauche,2002,présidentielle
35,5,Arbrissel,181,136,43,138,2,3,19,Centre,2002,présidentielle
35,5,Arbrissel,181,136,43,138,2,4,32,Droite,2002,présidentielle
35,5,Arbrissel,181,136,43,138,2,5,14,Extrême Droite,2002,présidentielle
35,5,Arbrissel,181,136,43,138,2,6,4,Gauche,2002,présidentielle
35,5,Arbrissel,181,136,43,138,2,7,7,Droite,2002,présidentielle
35,5,Arbrissel,181,136,43,138,2,8,4,Écologie,2002,présidentielle
35,5,Arbrissel,181,136,43,138,2,9,15,Gauche,2002,présidentielle
35,5,Arbrissel,181,136,43,138,2,10,1,Droite,2002,présidentielle
35,5,Arbrissel,181,136,43,138,2,11,2,Gauche,2002,présidentielle
35,5,Arbrissel,181,136,43,138,2,12,3,Gauche,2002,présidentielle
35,5,Arbrissel,181,136,43,138,2,13,11,Droite,2002,présidentielle
35,5,Arbrissel,181,136,43,138,2,14,15,Extrême Gauche,2002,présidentielle
35,5,Arbrissel,181,136,43,138,2,15,5,Extrême Gauche,2002,présidentielle
35,6,Argentré-du-Plessis,2850,2134,602,2248,114,0,30,Extrême Droite,2002,présidentielle
35,6,Argentré-du-Plessis,2850,2134,602,2248,114,1,43,Centre,2002,présidentielle
35,6,Argentré-du-Plessis,2850,2134,602,2248,114,2,8,Extrême Gauche,2002,présidentielle
35,6,Argentré-du-Plessis,2850,2134,602,2248,114,3,237,Centre,2002,présidentielle
35,6,Argentré-du-Plessis,2850,2134,602,2248,114,4,619,Droite,2002,présidentielle
35,6,Argentré-du-Plessis,2850,2134,602,2248,114,5,181,Extrême Droite,2002,présidentielle
35,6,Argentré-du-Plessis,2850,2134,602,2248,114,6,36,Gauche,2002,présidentielle
35,6,Argentré-du-Plessis,2850,2134,602,2248,114,7,77,Droite,2002,présidentielle
35,6,Argentré-du-Plessis,2850,2134,602,2248,114,8,157,Écologie,2002,présidentielle
35,6,Argentré-du-Plessis,2850,2134,602,2248,114,9,254,Gauche,2002,présidentielle
35,6,Argentré-du-Plessis,2850,2134,602,2248,114,10,41,Droite,2002,présidentielle
35,6,Argentré-du-Plessis,2850,2134,602,2248,114,11,14,Gauche,2002,présidentielle
35,6,Argentré-du-Plessis,2850,2134,602,2248,114,12,57,Gauche,2002,présidentielle
35,6,Argentré-du-Plessis,2850,2134,602,2248,114,13,109,Droite,2002,présidentielle
35,6,Argentré-du-Plessis,2850,2134,602,2248,114,14,172,Extrême Gauche,2002,présidentielle
35,6,Argentré-du-Plessis,2850,2134,602,2248,114,15,99,Extrême Gauche,2002,présidentielle
35,7,Aubigné,192,158,27,165,7,0,6,Extrême Droite,2002,présidentielle
35,7,Aubigné,192,158,27,165,7,1,3,Centre,2002,présidentielle
35,7,Aubigné,192,158,27,165,7,2,0,Extrême Gauche,2002,présidentielle
35,7,Aubigné,192,158,27,165,7,3,6,Centre,2002,présidentielle
35,7,Aubigné,192,158,27,165,7,4,22,Droite,2002,présidentielle
35,7,Aubigné,192,158,27,165,7,5,27,Extrême Droite,2002,présidentielle
35,7,Aubigné,192,158,27,165,7,6,4,Gauche,2002,présidentielle
35,7,Aubigné,192,158,27,165,7,7,5,Droite,2002,présidentielle
35,7,Aubigné,192,158,27,165,7,8,10,Écologie,2002,présidentielle
35,7,Aubigné,192,158,27,165,7,9,23,Gauche,2002,présidentielle
35,7,Aubigné,192,158,27,165,7,10,0,Droite,2002,présidentielle
35,7,Aubigné,192,158,27,165,7,11,2,Gauche,2002,présidentielle
35,7,Aubigné,192,158,27,165,7,12,15,Gauche,2002,présidentielle
35,7,Aubigné,192,158,27,165,7,13,1,Droite,2002,présidentielle
35,7,Aubigné,192,158,27,165,7,14,18,Extrême Gauche,2002,présidentielle
35,7,Aubigné,192,158,27,165,7,15,16,Extrême Gauche,2002,présidentielle
35,8,Availles-sur-Seiche,339,246,74,265,19,0,3,Extrême Droite,2002,présidentielle
35,8,Availles-sur-Seiche,339,246,74,265,19,1,6,Centre,2002,présidentielle
35,8,Availles-sur-Seiche,339,246,74,265,19,2,2,Extrême Gauche,2002,présidentielle
35,8,Availles-sur-Seiche,339,246,74,265,19,3,15,Centre,2002,présidentielle
35,8,Availles-sur-Seiche,339,246,74,265,19,4,73,Droite,2002,présidentielle
35,8,Availles-sur-Seiche,339,246,74,265,19,5,18,Extrême Droite,2002,présidentielle
35,8,Availles-sur-Seiche,339,246,74,265,19,6,10,Gauche,2002,présidentielle
35,8,Availles-sur-Seiche,339,246,74,265,19,7,20,Droite,2002,présidentielle
35,8,Availles-sur-Seiche,339,246,74,265,19,8,14,Écologie,2002,présidentielle
35,8,Availles-sur-Seiche,339,246,74,265,19,9,21,Gauche,2002,présidentielle
35,8,Availles-sur-Seiche,339,246,74,265,19,10,6,Droite,2002,présidentielle
35,8,Availles-sur-Seiche,339,246,74,265,19,11,3,Gauche,2002,présidentielle
35,8,Availles-sur-Seiche,339,246,74,265,19,12,5,Gauche,2002,présidentielle
35,8,Availles-sur-Seiche,339,246,74,265,19,13,15,Droite,2002,présidentielle
35,8,Availles-sur-Seiche,339,246,74,265,19,14,29,Extrême Gauche,2002,présidentielle
35,8,Availles-sur-Seiche,339,246,74,265,19,15,6,Extrême Gauche,2002,présidentielle
35,9,Baguer-Morvan,1108,843,237,871,28,0,11,Extrême Droite,2002,présidentielle
35,9,Baguer-Morvan,1108,843,237,871,28,1,9,Centre,2002,présidentielle
35,9,Baguer-Morvan,1108,843,237,871,28,2,4,Extrême Gauche,2002,présidentielle
35,9,Baguer-Morvan,1108,843,237,871,28,3,58,Centre,2002,présidentielle
35,9,Baguer-Morvan,1108,843,237,871,28,4,225,Droite,2002,présidentielle
35,9,Baguer-Morvan,1108,843,237,871,28,5,99,Extrême Droite,2002,présidentielle
35,9,Baguer-Morvan,1108,843,237,871,28,6,21,Gauche,2002,présidentielle
35,9,Baguer-Morvan,1108,843,237,871,28,7,66,Droite,2002,présidentielle
35,9,Baguer-Morvan,1108,843,237,871,28,8,46,Écologie,2002,présidentielle
35,9,Baguer-Morvan,1108,843,237,871,28,9,137,Gauche,2002,présidentielle
35,9,Baguer-Morvan,1108,843,237,871,28,10,5,Droite,2002,présidentielle
35,9,Baguer-Morvan,1108,843,237,871,28,11,24,Gauche,2002,présidentielle
35,9,Baguer-Morvan,1108,843,237,871,28,12,29,Gauche,2002,présidentielle
35,9,Baguer-Morvan,1108,843,237,871,28,13,30,Droite,2002,présidentielle
35,9,Baguer-Morvan,1108,843,237,871,28,14,34,Extrême Gauche,2002,présidentielle
35,9,Baguer-Morvan,1108,843,237,871,28,15,45,Extrême Gauche,2002,présidentielle
35,10,Baguer-Pican,765,573,176,589,16,0,10,Extrême Droite,2002,présidentielle
35,10,Baguer-Pican,765,573,176,589,16,1,4,Centre,2002,présidentielle
35,10,Baguer-Pican,765,573,176,589,16,2,1,Extrême Gauche,2002,présidentielle
35,10,Baguer-Pican,765,573,176,589,16,3,30,Centre,2002,présidentielle
35,10,Baguer-Pican,765,573,176,589,16,4,116,Droite,2002,présidentielle
35,10,Baguer-Pican,765,573,176,589,16,5,62,Extrême Droite,2002,présidentielle
35,10,Baguer-Pican,765,573,176,589,16,6,10,Gauche,2002,présidentielle
35,10,Baguer-Pican,765,573,176,589,16,7,57,Droite,2002,présidentielle
35,10,Baguer-Pican,765,573,176,589,16,8,23,Écologie,2002,présidentielle
35,10,Baguer-Pican,765,573,176,589,16,9,99,Gauche,2002,présidentielle
35,10,Baguer-Pican,765,573,176,589,16,10,4,Droite,2002,présidentielle
35,10,Baguer-Pican,765,573,176,589,16,11,22,Gauche,2002,présidentielle
35,10,Baguer-Pican,765,573,176,589,16,12,14,Gauche,2002,présidentielle
35,10,Baguer-Pican,765,573,176,589,16,13,20,Droite,2002,présidentielle
35,10,Baguer-Pican,765,573,176,589,16,14,64,Extrême Gauche,2002,présidentielle
35,10,Baguer-Pican,765,573,176,589,16,15,37,Extrême Gauche,2002,présidentielle
35,11,Baillé,239,190,38,201,11,0,4,Extrême Droite,2002,présidentielle
35,11,Baillé,239,190,38,201,11,1,2,Centre,2002,présidentielle
35,11,Baillé,239,190,38,201,11,2,1,Extrême Gauche,2002,présidentielle
35,11,Baillé,239,190,38,201,11,3,11,Centre,2002,présidentielle
35,11,Baillé,239,190,38,201,11,4,47,Droite,2002,présidentielle
35,11,Baillé,239,190,38,201,11,5,16,Extrême Droite,2002,présidentielle
35,11,Baillé,239,190,38,201,11,6,3,Gauche,2002,présidentielle
35,11,Baillé,239,190,38,201,11,7,28,Droite,2002,présidentielle
35,11,Baillé,239,190,38,201,11,8,3,Écologie,2002,présidentielle
35,11,Baillé,239,190,38,201,11,9,27,Gauche,2002,présidentielle
35,11,Baillé,239,190,38,201,11,10,1,Droite,2002,présidentielle
35,11,Baillé,239,190,38,201,11,11,13,Gauche,2002,présidentielle
35,11,Baillé,239,190,38,201,11,12,6,Gauche,2002,présidentielle
35,11,Baillé,239,190,38,201,11,13,7,Droite,2002,présidentielle
35,11,Baillé,239,190,38,201,11,14,14,Extrême Gauche,2002,présidentielle
35,11,Baillé,239,190,38,201,11,15,7,Extrême Gauche,2002,présidentielle
35,12,Bain-de-Bretagne,4041,2794,1158,2883,89,0,36,Extrême Droite,2002,présidentielle
35,12,Bain-de-Bretagne,4041,2794,1158,2883,89,1,59,Centre,2002,présidentielle
35,12,Bain-de-Bretagne,4041,2794,1158,2883,89,2,10,Extrême Gauche,2002,présidentielle
35,12,Bain-de-Bretagne,4041,2794,1158,2883,89,3,234,Centre,2002,présidentielle
35,12,Bain-de-Bretagne,4041,2794,1158,2883,89,4,606,Droite,2002,présidentielle
35,12,Bain-de-Bretagne,4041,2794,1158,2883,89,5,354,Extrême Droite,2002,présidentielle
35,12,Bain-de-Bretagne,4041,2794,1158,2883,89,6,43,Gauche,2002,présidentielle
35,12,Bain-de-Bretagne,4041,2794,1158,2883,89,7,94,Droite,2002,présidentielle
35,12,Bain-de-Bretagne,4041,2794,1158,2883,89,8,141,Écologie,2002,présidentielle
35,12,Bain-de-Bretagne,4041,2794,1158,2883,89,9,408,Gauche,2002,présidentielle
35,12,Bain-de-Bretagne,4041,2794,1158,2883,89,10,43,Droite,2002,présidentielle
35,12,Bain-de-Bretagne,4041,2794,1158,2883,89,11,32,Gauche,2002,présidentielle
35,12,Bain-de-Bretagne,4041,2794,1158,2883,89,12,117,Gauche,2002,présidentielle
35,12,Bain-de-Bretagne,4041,2794,1158,2883,89,13,262,Droite,2002,présidentielle
35,12,Bain-de-Bretagne,4041,2794,1158,2883,89,14,183,Extrême Gauche,2002,présidentielle
35,12,Bain-de-Bretagne,4041,2794,1158,2883,89,15,172,Extrême Gauche,2002,présidentielle
35,13,Bains-sur-Oust,2440,1809,569,1871,62,0,13,Extrême Droite,2002,présidentielle
35,13,Bains-sur-Oust,2440,1809,569,1871,62,1,34,Centre,2002,présidentielle
35,13,Bains-sur-Oust,2440,1809,569,1871,62,2,6,Extrême Gauche,2002,présidentielle
35,13,Bains-sur-Oust,2440,1809,569,1871,62,3,127,Centre,2002,présidentielle
35,13,Bains-sur-Oust,2440,1809,569,1871,62,4,351,Droite,2002,présidentielle
35,13,Bains-sur-Oust,2440,1809,569,1871,62,5,180,Extrême Droite,2002,présidentielle
35,13,Bains-sur-Oust,2440,1809,569,1871,62,6,34,Gauche,2002,présidentielle
35,13,Bains-sur-Oust,2440,1809,569,1871,62,7,83,Droite,2002,présidentielle
35,13,Bains-sur-Oust,2440,1809,569,1871,62,8,112,Écologie,2002,présidentielle
35,13,Bains-sur-Oust,2440,1809,569,1871,62,9,304,Gauche,2002,présidentielle
35,13,Bains-sur-Oust,2440,1809,569,1871,62,10,33,Droite,2002,présidentielle
35,13,Bains-sur-Oust,2440,1809,569,1871,62,11,37,Gauche,2002,présidentielle
35,13,Bains-sur-Oust,2440,1809,569,1871,62,12,52,Gauche,2002,présidentielle
35,13,Bains-sur-Oust,2440,1809,569,1871,62,13,212,Droite,2002,présidentielle
35,13,Bains-sur-Oust,2440,1809,569,1871,62,14,132,Extrême Gauche,2002,présidentielle
35,13,Bains-sur-Oust,2440,1809,569,1871,62,15,99,Extrême Gauche,2002,présidentielle
35,14,Bais,1424,1017,355,1069,52,0,20,Extrême Droite,2002,présidentielle
35,14,Bais,1424,1017,355,1069,52,1,15,Centre,2002,présidentielle
35,14,Bais,1424,1017,355,1069,52,2,5,Extrême Gauche,2002,présidentielle
35,14,Bais,1424,1017,355,1069,52,3,80,Centre,2002,présidentielle
35,14,Bais,1424,1017,355,1069,52,4,335,Droite,2002,présidentielle
35,14,Bais,1424,1017,355,1069,52,5,136,Extrême Droite,2002,présidentielle
35,14,Bais,1424,1017,355,1069,52,6,16,Gauche,2002,présidentielle
35,14,Bais,1424,1017,355,1069,52,7,51,Droite,2002,présidentielle
35,14,Bais,1424,1017,355,1069,52,8,32,Écologie,2002,présidentielle
35,14,Bais,1424,1017,355,1069,52,9,92,Gauche,2002,présidentielle
35,14,Bais,1424,1017,355,1069,52,10,26,Droite,2002,présidentielle
35,14,Bais,1424,1017,355,1069,52,11,6,Gauche,2002,présidentielle
35,14,Bais,1424,1017,355,1069,52,12,24,Gauche,2002,présidentielle
35,14,Bais,1424,1017,355,1069,52,13,78,Droite,2002,présidentielle
35,14,Bais,1424,1017,355,1069,52,14,69,Extrême Gauche,2002,présidentielle
35,14,Bais,1424,1017,355,1069,52,15,32,Extrême Gauche,2002,présidentielle
35,15,Balazé,1416,1051,289,1127,76,0,15,Extrême Droite,2002,présidentielle
35,15,Balazé,1416,1051,289,1127,76,1,17,Centre,2002,présidentielle
35,15,Balazé,1416,1051,289,1127,76,2,10,Extrême Gauche,2002,présidentielle
35,15,Balazé,1416,1051,289,1127,76,3,193,Centre,2002,présidentielle
35,15,Balazé,1416,1051,289,1127,76,4,300,Droite,2002,présidentielle
35,15,Balazé,1416,1051,289,1127,76,5,87,Extrême Droite,2002,présidentielle
35,15,Balazé,1416,1051,289,1127,76,6,20,Gauche,2002,présidentielle
35,15,Balazé,1416,1051,289,1127,76,7,47,Droite,2002,présidentielle
35,15,Balazé,1416,1051,289,1127,76,8,49,Écologie,2002,présidentielle
35,15,Balazé,1416,1051,289,1127,76,9,95,Gauche,2002,présidentielle
35,15,Balazé,1416,1051,289,1127,76,10,19,Droite,2002,présidentielle
35,15,Balazé,1416,1051,289,1127,76,11,13,Gauche,2002,présidentielle
35,15,Balazé,1416,1051,289,1127,76,12,18,Gauche,2002,présidentielle
35,15,Balazé,1416,1051,289,1127,76,13,56,Droite,2002,présidentielle
35,15,Balazé,1416,1051,289,1127,76,14,48,Extrême Gauche,2002,présidentielle
35,15,Balazé,1416,1051,289,1127,76,15,64,Extrême Gauche,2002,présidentielle
35,16,Baulon,1051,804,219,832,28,0,15,Extrême Droite,2002,présidentielle
35,16,Baulon,1051,804,219,832,28,1,17,Centre,2002,présidentielle
35,16,Baulon,1051,804,219,832,28,2,4,Extrême Gauche,2002,présidentielle
35,16,Baulon,1051,804,219,832,28,3,37,Centre,2002,présidentielle
35,16,Baulon,1051,804,219,832,28,4,141,Droite,2002,présidentielle
35,16,Baulon,1051,804,219,832,28,5,140,Extrême Droite,2002,présidentielle
35,16,Baulon,1051,804,219,832,28,6,9,Gauche,2002,présidentielle
35,16,Baulon,1051,804,219,832,28,7,50,Droite,2002,présidentielle
35,16,Baulon,1051,804,219,832,28,8,50,Écologie,2002,présidentielle
35,16,Baulon,1051,804,219,832,28,9,127,Gauche,2002,présidentielle
35,16,Baulon,1051,804,219,832,28,10,11,Droite,2002,présidentielle
35,16,Baulon,1051,804,219,832,28,11,20,Gauche,2002,présidentielle
35,16,Baulon,1051,804,219,832,28,12,22,Gauche,2002,présidentielle
35,16,Baulon,1051,804,219,832,28,13,58,Droite,2002,présidentielle
35,16,Baulon,1051,804,219,832,28,14,55,Extrême Gauche,2002,présidentielle
35,16,Baulon,1051,804,219,832,28,15,48,Extrême Gauche,2002,présidentielle
35,17,La Baussaine,400,291,102,298,7,0,4,Extrême Droite,2002,présidentielle
35,17,La Baussaine,400,291,102,298,7,1,7,Centre,2002,présidentielle
35,17,La Baussaine,400,291,102,298,7,2,0,Extrême Gauche,2002,présidentielle
35,17,La Baussaine,400,291,102,298,7,3,17,Centre,2002,présidentielle
35,17,La Baussaine,400,291,102,298,7,4,67,Droite,2002,présidentielle
35,17,La Baussaine,400,291,102,298,7,5,40,Extrême Droite,2002,présidentielle
35,17,La Baussaine,400,291,102,298,7,6,9,Gauche,2002,présidentielle
35,17,La Baussaine,400,291,102,298,7,7,16,Droite,2002,présidentielle
35,17,La Baussaine,400,291,102,298,7,8,8,Écologie,2002,présidentielle
35,17,La Baussaine,400,291,102,298,7,9,50,Gauche,2002,présidentielle
35,17,La Baussaine,400,291,102,298,7,10,5,Droite,2002,présidentielle
35,17,La Baussaine,400,291,102,298,7,11,4,Gauche,2002,présidentielle
35,17,La Baussaine,400,291,102,298,7,12,11,Gauche,2002,présidentielle
35,17,La Baussaine,400,291,102,298,7,13,15,Droite,2002,présidentielle
35,17,La Baussaine,400,291,102,298,7,14,20,Extrême Gauche,2002,présidentielle
35,17,La Baussaine,400,291,102,298,7,15,18,Extrême Gauche,2002,présidentielle
35,18,La Bazouge-du-Désert,786,566,190,596,30,0,11,Extrême Droite,2002,présidentielle
35,18,La Bazouge-du-Désert,786,566,190,596,30,1,8,Centre,2002,présidentielle
35,18,La Bazouge-du-Désert,786,566,190,596,30,2,4,Extrême Gauche,2002,présidentielle
35,18,La Bazouge-du-Désert,786,566,190,596,30,3,35,Centre,2002,présidentielle
35,18,La Bazouge-du-Désert,786,566,190,596,30,4,188,Droite,2002,présidentielle
35,18,La Bazouge-du-Désert,786,566,190,596,30,5,92,Extrême Droite,2002,présidentielle
35,18,La Bazouge-du-Désert,786,566,190,596,30,6,7,Gauche,2002,présidentielle
35,18,La Bazouge-du-Désert,786,566,190,596,30,7,36,Droite,2002,présidentielle
35,18,La Bazouge-du-Désert,786,566,190,596,30,8,9,Écologie,2002,présidentielle
35,18,La Bazouge-du-Désert,786,566,190,596,30,9,30,Gauche,2002,présidentielle
35,18,La Bazouge-du-Désert,786,566,190,596,30,10,12,Droite,2002,présidentielle
35,18,La Bazouge-du-Désert,786,566,190,596,30,11,7,Gauche,2002,présidentielle
35,18,La Bazouge-du-Désert,786,566,190,596,30,12,15,Gauche,2002,présidentielle
35,18,La Bazouge-du-Désert,786,566,190,596,30,13,70,Droite,2002,présidentielle
35,18,La Bazouge-du-Désert,786,566,190,596,30,14,24,Extrême Gauche,2002,présidentielle
35,18,La Bazouge-du-Désert,786,566,190,596,30,15,18,Extrême Gauche,2002,présidentielle
35,19,Bazouges-la-Pérouse,1371,982,315,1056,74,0,14,Extrême Droite,2002,présidentielle
35,19,Bazouges-la-Pérouse,1371,982,315,1056,74,1,13,Centre,2002,présidentielle
35,19,Bazouges-la-Pérouse,1371,982,315,1056,74,2,5,Extrême Gauche,2002,présidentielle
35,19,Bazouges-la-Pérouse,1371,982,315,1056,74,3,50,Centre,2002,présidentielle
35,19,Bazouges-la-Pérouse,1371,982,315,1056,74,4,261,Droite,2002,présidentielle
35,19,Bazouges-la-Pérouse,1371,982,315,1056,74,5,116,Extrême Droite,2002,présidentielle
35,19,Bazouges-la-Pérouse,1371,982,315,1056,74,6,12,Gauche,2002,présidentielle
35,19,Bazouges-la-Pérouse,1371,982,315,1056,74,7,80,Droite,2002,présidentielle
35,19,Bazouges-la-Pérouse,1371,982,315,1056,74,8,39,Écologie,2002,présidentielle
35,19,Bazouges-la-Pérouse,1371,982,315,1056,74,9,191,Gauche,2002,présidentielle
35,19,Bazouges-la-Pérouse,1371,982,315,1056,74,10,16,Droite,2002,présidentielle
35,19,Bazouges-la-Pérouse,1371,982,315,1056,74,11,12,Gauche,2002,présidentielle
35,19,Bazouges-la-Pérouse,1371,982,315,1056,74,12,24,Gauche,2002,présidentielle
35,19,Bazouges-la-Pérouse,1371,982,315,1056,74,13,50,Droite,2002,présidentielle
35,19,Bazouges-la-Pérouse,1371,982,315,1056,74,14,48,Extrême Gauche,2002,présidentielle
35,19,Bazouges-la-Pérouse,1371,982,315,1056,74,15,51,Extrême Gauche,2002,présidentielle
35,21,Beaucé,914,708,178,736,28,0,17,Extrême Droite,2002,présidentielle
35,21,Beaucé,914,708,178,736,28,1,11,Centre,2002,présidentielle
35,21,Beaucé,914,708,178,736,28,2,7,Extrême Gauche,2002,présidentielle
35,21,Beaucé,914,708,178,736,28,3,49,Centre,2002,présidentielle
35,21,Beaucé,914,708,178,736,28,4,169,Droite,2002,présidentielle
35,21,Beaucé,914,708,178,736,28,5,82,Extrême Droite,2002,présidentielle
35,21,Beaucé,914,708,178,736,28,6,19,Gauche,2002,présidentielle
35,21,Beaucé,914,708,178,736,28,7,26,Droite,2002,présidentielle
35,21,Beaucé,914,708,178,736,28,8,52,Écologie,2002,présidentielle
35,21,Beaucé,914,708,178,736,28,9,78,Gauche,2002,présidentielle
35,21,Beaucé,914,708,178,736,28,10,11,Droite,2002,présidentielle
35,21,Beaucé,914,708,178,736,28,11,10,Gauche,2002,présidentielle
35,21,Beaucé,914,708,178,736,28,12,28,Gauche,2002,présidentielle
35,21,Beaucé,914,708,178,736,28,13,41,Droite,2002,présidentielle
35,21,Beaucé,914,708,178,736,28,14,58,Extrême Gauche,2002,présidentielle
35,21,Beaucé,914,708,178,736,28,15,50,Extrême Gauche,2002,présidentielle
35,22,Bécherel,456,343,101,355,12,0,0,Extrême Droite,2002,présidentielle
35,22,Bécherel,456,343,101,355,12,1,5,Centre,2002,présidentielle
35,22,Bécherel,456,343,101,355,12,2,4,Extrême Gauche,2002,présidentielle
35,22,Bécherel,456,343,101,355,12,3,24,Centre,2002,présidentielle
35,22,Bécherel,456,343,101,355,12,4,67,Droite,2002,présidentielle
35,22,Bécherel,456,343,101,355,12,5,45,Extrême Droite,2002,présidentielle
35,22,Bécherel,456,343,101,355,12,6,10,Gauche,2002,présidentielle
35,22,Bécherel,456,343,101,355,12,7,14,Droite,2002,présidentielle
35,22,Bécherel,456,343,101,355,12,8,30,Écologie,2002,présidentielle
35,22,Bécherel,456,343,101,355,12,9,53,Gauche,2002,présidentielle
35,22,Bécherel,456,343,101,355,12,10,15,Droite,2002,présidentielle
35,22,Bécherel,456,343,101,355,12,11,9,Gauche,2002,présidentielle
35,22,Bécherel,456,343,101,355,12,12,6,Gauche,2002,présidentielle
35,22,Bécherel,456,343,101,355,12,13,23,Droite,2002,présidentielle
35,22,Bécherel,456,343,101,355,12,14,17,Extrême Gauche,2002,présidentielle
35,22,Bécherel,456,343,101,355,12,15,21,Extrême Gauche,2002,présidentielle
35,23,Bédée,2491,1806,626,1865,59,0,10,Extrême Droite,2002,présidentielle
35,23,Bédée,2491,1806,626,1865,59,1,45,Centre,2002,présidentielle
35,23,Bédée,2491,1806,626,1865,59,2,11,Extrême Gauche,2002,présidentielle
35,23,Bédée,2491,1806,626,1865,59,3,135,Centre,2002,présidentielle
35,23,Bédée,2491,1806,626,1865,59,4,417,Droite,2002,présidentielle
35,23,Bédée,2491,1806,626,1865,59,5,235,Extrême Droite,2002,présidentielle
35,23,Bédée,2491,1806,626,1865,59,6,40,Gauche,2002,présidentielle
35,23,Bédée,2491,1806,626,1865,59,7,60,Droite,2002,présidentielle
35,23,Bédée,2491,1806,626,1865,59,8,128,Écologie,2002,présidentielle
35,23,Bédée,2491,1806,626,1865,59,9,272,Gauche,2002,présidentielle
35,23,Bédée,2491,1806,626,1865,59,10,17,Droite,2002,présidentielle
35,23,Bédée,2491,1806,626,1865,59,11,38,Gauche,2002,présidentielle
35,23,Bédée,2491,1806,626,1865,59,12,77,Gauche,2002,présidentielle
35,23,Bédée,2491,1806,626,1865,59,13,86,Droite,2002,présidentielle
35,23,Bédée,2491,1806,626,1865,59,14,122,Extrême Gauche,2002,présidentielle
35,23,Bédée,2491,1806,626,1865,59,15,113,Extrême Gauche,2002,présidentielle
35,24,Betton,6277,4722,1424,4853,131,0,31,Extrême Droite,2002,présidentielle
35,24,Betton,6277,4722,1424,4853,131,1,153,Centre,2002,présidentielle
35,24,Betton,6277,4722,1424,4853,131,2,22,Extrême Gauche,2002,présidentielle
35,24,Betton,6277,4722,1424,4853,131,3,366,Centre,2002,présidentielle
35,24,Betton,6277,4722,1424,4853,131,4,758,Droite,2002,présidentielle
35,24,Betton,6277,4722,1424,4853,131,5,287,Extrême Droite,2002,présidentielle
35,24,Betton,6277,4722,1424,4853,131,6,160,Gauche,2002,présidentielle
35,24,Betton,6277,4722,1424,4853,131,7,99,Droite,2002,présidentielle
35,24,Betton,6277,4722,1424,4853,131,8,505,Écologie,2002,présidentielle
35,24,Betton,6277,4722,1424,4853,131,9,1003,Gauche,2002,présidentielle
35,24,Betton,6277,4722,1424,4853,131,10,69,Droite,2002,présidentielle
35,24,Betton,6277,4722,1424,4853,131,11,96,Gauche,2002,présidentielle
35,24,Betton,6277,4722,1424,4853,131,12,323,Gauche,2002,présidentielle
35,24,Betton,6277,4722,1424,4853,131,13,196,Droite,2002,présidentielle
35,24,Betton,6277,4722,1424,4853,131,14,325,Extrême Gauche,2002,présidentielle
35,24,Betton,6277,4722,1424,4853,131,15,329,Extrême Gauche,2002,présidentielle
35,25,Billé,712,540,137,575,35,0,6,Extrême Droite,2002,présidentielle
35,25,Billé,712,540,137,575,35,1,14,Centre,2002,présidentielle
35,25,Billé,712,540,137,575,35,2,5,Extrême Gauche,2002,présidentielle
35,25,Billé,712,540,137,575,35,3,64,Centre,2002,présidentielle
35,25,Billé,712,540,137,575,35,4,153,Droite,2002,présidentielle
35,25,Billé,712,540,137,575,35,5,54,Extrême Droite,2002,présidentielle
35,25,Billé,712,540,137,575,35,6,15,Gauche,2002,présidentielle
35,25,Billé,712,540,137,575,35,7,23,Droite,2002,présidentielle
35,25,Billé,712,540,137,575,35,8,23,Écologie,2002,présidentielle
35,25,Billé,712,540,137,575,35,9,47,Gauche,2002,présidentielle
35,25,Billé,712,540,137,575,35,10,12,Droite,2002,présidentielle
35,25,Billé,712,540,137,575,35,11,6,Gauche,2002,présidentielle
35,25,Billé,712,540,137,575,35,12,19,Gauche,2002,présidentielle
35,25,Billé,712,540,137,575,35,13,33,Droite,2002,présidentielle
35,25,Billé,712,540,137,575,35,14,30,Extrême Gauche,2002,présidentielle
35,25,Billé,712,540,137,575,35,15,36,Extrême Gauche,2002,présidentielle
35,26,Bléruais,55,45,8,47,2,0,0,Extrême Droite,2002,présidentielle
35,26,Bléruais,55,45,8,47,2,1,2,Centre,2002,présidentielle
35,26,Bléruais,55,45,8,47,2,2,0,Extrême Gauche,2002,présidentielle
35,26,Bléruais,55,45,8,47,2,3,6,Centre,2002,présidentielle
35,26,Bléruais,55,45,8,47,2,4,6,Droite,2002,présidentielle
35,26,Bléruais,55,45,8,47,2,5,5,Extrême Droite,2002,présidentielle
35,26,Bléruais,55,45,8,47,2,6,1,Gauche,2002,présidentielle
35,26,Bléruais,55,45,8,47,2,7,8,Droite,2002,présidentielle
35,26,Bléruais,55,45,8,47,2,8,0,Écologie,2002,présidentielle
35,26,Bléruais,55,45,8,47,2,9,9,Gauche,2002,présidentielle
35,26,Bléruais,55,45,8,47,2,10,1,Droite,2002,présidentielle
35,26,Bléruais,55,45,8,47,2,11,0,Gauche,2002,présidentielle
35,26,Bléruais,55,45,8,47,2,12,1,Gauche,2002,présidentielle
35,26,Bléruais,55,45,8,47,2,13,2,Droite,2002,présidentielle
35,26,Bléruais,55,45,8,47,2,14,2,Extrême Gauche,2002,présidentielle
35,26,Bléruais,55,45,8,47,2,15,2,Extrême Gauche,2002,présidentielle
35,27,Boisgervilly,917,691,201,716,25,0,7,Extrême Droite,2002,présidentielle
35,27,Boisgervilly,917,691,201,716,25,1,8,Centre,2002,présidentielle
35,27,Boisgervilly,917,691,201,716,25,2,4,Extrême Gauche,2002,présidentielle
35,27,Boisgervilly,917,691,201,716,25,3,44,Centre,2002,présidentielle
35,27,Boisgervilly,917,691,201,716,25,4,155,Droite,2002,présidentielle
35,27,Boisgervilly,917,691,201,716,25,5,77,Extrême Droite,2002,présidentielle
35,27,Boisgervilly,917,691,201,716,25,6,11,Gauche,2002,présidentielle
35,27,Boisgervilly,917,691,201,716,25,7,35,Droite,2002,présidentielle
35,27,Boisgervilly,917,691,201,716,25,8,31,Écologie,2002,présidentielle
35,27,Boisgervilly,917,691,201,716,25,9,132,Gauche,2002,présidentielle
35,27,Boisgervilly,917,691,201,716,25,10,15,Droite,2002,présidentielle
35,27,Boisgervilly,917,691,201,716,25,11,9,Gauche,2002,présidentielle
35,27,Boisgervilly,917,691,201,716,25,12,25,Gauche,2002,présidentielle
35,27,Boisgervilly,917,691,201,716,25,13,37,Droite,2002,présidentielle
35,27,Boisgervilly,917,691,201,716,25,14,50,Extrême Gauche,2002,présidentielle
35,27,Boisgervilly,917,691,201,716,25,15,51,Extrême Gauche,2002,présidentielle
35,28,Boistrudan,337,247,74,263,16,0,4,Extrême Droite,2002,présidentielle
35,28,Boistrudan,337,247,74,263,16,1,3,Centre,2002,présidentielle
35,28,Boistrudan,337,247,74,263,16,2,1,Extrême Gauche,2002,présidentielle
35,28,Boistrudan,337,247,74,263,16,3,26,Centre,2002,présidentielle
35,28,Boistrudan,337,247,74,263,16,4,69,Droite,2002,présidentielle
35,28,Boistrudan,337,247,74,263,16,5,35,Extrême Droite,2002,présidentielle
35,28,Boistrudan,337,247,74,263,16,6,7,Gauche,2002,présidentielle
35,28,Boistrudan,337,247,74,263,16,7,9,Droite,2002,présidentielle
35,28,Boistrudan,337,247,74,263,16,8,19,Écologie,2002,présidentielle
35,28,Boistrudan,337,247,74,263,16,9,31,Gauche,2002,présidentielle
35,28,Boistrudan,337,247,74,263,16,10,2,Droite,2002,présidentielle
35,28,Boistrudan,337,247,74,263,16,11,4,Gauche,2002,présidentielle
35,28,Boistrudan,337,247,74,263,16,12,6,Gauche,2002,présidentielle
35,28,Boistrudan,337,247,74,263,16,13,13,Droite,2002,présidentielle
35,28,Boistrudan,337,247,74,263,16,14,8,Extrême Gauche,2002,présidentielle
35,28,Boistrudan,337,247,74,263,16,15,10,Extrême Gauche,2002,présidentielle
35,29,Bonnemain,853,609,213,640,31,0,9,Extrême Droite,2002,présidentielle
35,29,Bonnemain,853,609,213,640,31,1,4,Centre,2002,présidentielle
35,29,Bonnemain,853,609,213,640,31,2,3,Extrême Gauche,2002,présidentielle
35,29,Bonnemain,853,609,213,640,31,3,37,Centre,2002,présidentielle
35,29,Bonnemain,853,609,213,640,31,4,171,Droite,2002,présidentielle
35,29,Bonnemain,853,609,213,640,31,5,64,Extrême Droite,2002,présidentielle
35,29,Bonnemain,853,609,213,640,31,6,12,Gauche,2002,présidentielle
35,29,Bonnemain,853,609,213,640,31,7,50,Droite,2002,présidentielle
35,29,Bonnemain,853,609,213,640,31,8,29,Écologie,2002,présidentielle
35,29,Bonnemain,853,609,213,640,31,9,106,Gauche,2002,présidentielle
35,29,Bonnemain,853,609,213,640,31,10,5,Droite,2002,présidentielle
35,29,Bonnemain,853,609,213,640,31,11,13,Gauche,2002,présidentielle
35,29,Bonnemain,853,609,213,640,31,12,10,Gauche,2002,présidentielle
35,29,Bonnemain,853,609,213,640,31,13,16,Droite,2002,présidentielle
35,29,Bonnemain,853,609,213,640,31,14,53,Extrême Gauche,2002,présidentielle
35,29,Bonnemain,853,609,213,640,31,15,27,Extrême Gauche,2002,présidentielle
35,30,La Bosse-de-Bretagne,289,210,70,219,9,0,1,Extrême Droite,2002,présidentielle
35,30,La Bosse-de-Bretagne,289,210,70,219,9,1,9,Centre,2002,présidentielle
35,30,La Bosse-de-Bretagne,289,210,70,219,9,2,1,Extrême Gauche,2002,présidentielle
35,30,La Bosse-de-Bretagne,289,210,70,219,9,3,13,Centre,2002,présidentielle
35,30,La Bosse-de-Bretagne,289,210,70,219,9,4,48,Droite,2002,présidentielle
35,30,La Bosse-de-Bretagne,289,210,70,219,9,5,24,Extrême Droite,2002,présidentielle
35,30,La Bosse-de-Bretagne,289,210,70,219,9,6,3,Gauche,2002,présidentielle
35,30,La Bosse-de-Bretagne,289,210,70,219,9,7,21,Droite,2002,présidentielle
35,30,La Bosse-de-Bretagne,289,210,70,219,9,8,7,Écologie,2002,présidentielle
35,30,La Bosse-de-Bretagne,289,210,70,219,9,9,33,Gauche,2002,présidentielle
35,30,La Bosse-de-Bretagne,289,210,70,219,9,10,3,Droite,2002,présidentielle
35,30,La Bosse-de-Bretagne,289,210,70,219,9,11,0,Gauche,2002,présidentielle
35,30,La Bosse-de-Bretagne,289,210,70,219,9,12,4,Gauche,2002,présidentielle
35,30,La Bosse-de-Bretagne,289,210,70,219,9,13,16,Droite,2002,présidentielle
35,30,La Bosse-de-Bretagne,289,210,70,219,9,14,15,Extrême Gauche,2002,présidentielle
35,30,La Bosse-de-Bretagne,289,210,70,219,9,15,12,Extrême Gauche,2002,présidentielle
35,31,La Bouëxière,2530,1925,542,1988,63,0,26,Extrême Droite,2002,présidentielle
35,31,La Bouëxière,2530,1925,542,1988,63,1,52,Centre,2002,présidentielle
35,31,La Bouëxière,2530,1925,542,1988,63,2,9,Extrême Gauche,2002,présidentielle
35,31,La Bouëxière,2530,1925,542,1988,63,3,156,Centre,2002,présidentielle
35,31,La Bouëxière,2530,1925,542,1988,63,4,362,Droite,2002,présidentielle
35,31,La Bouëxière,2530,1925,542,1988,63,5,194,Extrême Droite,2002,présidentielle
35,31,La Bouëxière,2530,1925,542,1988,63,6,44,Gauche,2002,présidentielle
35,31,La Bouëxière,2530,1925,542,1988,63,7,72,Droite,2002,présidentielle
35,31,La Bouëxière,2530,1925,542,1988,63,8,153,Écologie,2002,présidentielle
35,31,La Bouëxière,2530,1925,542,1988,63,9,367,Gauche,2002,présidentielle
35,31,La Bouëxière,2530,1925,542,1988,63,10,18,Droite,2002,présidentielle
35,31,La Bouëxière,2530,1925,542,1988,63,11,50,Gauche,2002,présidentielle
35,31,La Bouëxière,2530,1925,542,1988,63,12,73,Gauche,2002,présidentielle
35,31,La Bouëxière,2530,1925,542,1988,63,13,77,Droite,2002,présidentielle
35,31,La Bouëxière,2530,1925,542,1988,63,14,153,Extrême Gauche,2002,présidentielle
35,31,La Bouëxière,2530,1925,542,1988,63,15,119,Extrême Gauche,2002,présidentielle
35,32,Bourgbarré,1761,1277,434,1327,50,0,17,Extrême Droite,2002,présidentielle
35,32,Bourgbarré,1761,1277,434,1327,50,1,27,Centre,2002,présidentielle
35,32,Bourgbarré,1761,1277,434,1327,50,2,8,Extrême Gauche,2002,présidentielle
35,32,Bourgbarré,1761,1277,434,1327,50,3,76,Centre,2002,présidentielle
35,32,Bourgbarré,1761,1277,434,1327,50,4,183,Droite,2002,présidentielle
35,32,Bourgbarré,1761,1277,434,1327,50,5,149,Extrême Droite,2002,présidentielle
35,32,Bourgbarré,1761,1277,434,1327,50,6,25,Gauche,2002,présidentielle
35,32,Bourgbarré,1761,1277,434,1327,50,7,48,Droite,2002,présidentielle
35,32,Bourgbarré,1761,1277,434,1327,50,8,109,Écologie,2002,présidentielle
35,32,Bourgbarré,1761,1277,434,1327,50,9,247,Gauche,2002,présidentielle
35,32,Bourgbarré,1761,1277,434,1327,50,10,18,Droite,2002,présidentielle
35,32,Bourgbarré,1761,1277,434,1327,50,11,24,Gauche,2002,présidentielle
35,32,Bourgbarré,1761,1277,434,1327,50,12,56,Gauche,2002,présidentielle
35,32,Bourgbarré,1761,1277,434,1327,50,13,95,Droite,2002,présidentielle
35,32,Bourgbarré,1761,1277,434,1327,50,14,98,Extrême Gauche,2002,présidentielle
35,32,Bourgbarré,1761,1277,434,1327,50,15,97,Extrême Gauche,2002,présidentielle
35,33,Bourg-des-Comptes,1477,1115,314,1163,48,0,11,Extrême Droite,2002,présidentielle
35,33,Bourg-des-Comptes,1477,1115,314,1163,48,1,14,Centre,2002,présidentielle
35,33,Bourg-des-Comptes,1477,1115,314,1163,48,2,5,Extrême Gauche,2002,présidentielle
35,33,Bourg-des-Comptes,1477,1115,314,1163,48,3,68,Centre,2002,présidentielle
35,33,Bourg-des-Comptes,1477,1115,314,1163,48,4,173,Droite,2002,présidentielle
35,33,Bourg-des-Comptes,1477,1115,314,1163,48,5,115,Extrême Droite,2002,présidentielle
35,33,Bourg-des-Comptes,1477,1115,314,1163,48,6,34,Gauche,2002,présidentielle
35,33,Bourg-des-Comptes,1477,1115,314,1163,48,7,37,Droite,2002,présidentielle
35,33,Bourg-des-Comptes,1477,1115,314,1163,48,8,75,Écologie,2002,présidentielle
35,33,Bourg-des-Comptes,1477,1115,314,1163,48,9,200,Gauche,2002,présidentielle
35,33,Bourg-des-Comptes,1477,1115,314,1163,48,10,17,Droite,2002,présidentielle
35,33,Bourg-des-Comptes,1477,1115,314,1163,48,11,25,Gauche,2002,présidentielle
35,33,Bourg-des-Comptes,1477,1115,314,1163,48,12,47,Gauche,2002,présidentielle
35,33,Bourg-des-Comptes,1477,1115,314,1163,48,13,92,Droite,2002,présidentielle
35,33,Bourg-des-Comptes,1477,1115,314,1163,48,14,130,Extrême Gauche,2002,présidentielle
35,33,Bourg-des-Comptes,1477,1115,314,1163,48,15,72,Extrême Gauche,2002,présidentielle
35,34,La Boussac,749,551,183,566,15,0,7,Extrême Droite,2002,présidentielle
35,34,La Boussac,749,551,183,566,15,1,12,Centre,2002,présidentielle
35,34,La Boussac,749,551,183,566,15,2,5,Extrême Gauche,2002,présidentielle
35,34,La Boussac,749,551,183,566,15,3,22,Centre,2002,présidentielle
35,34,La Boussac,749,551,183,566,15,4,140,Droite,2002,présidentielle
35,34,La Boussac,749,551,183,566,15,5,68,Extrême Droite,2002,présidentielle
35,34,La Boussac,749,551,183,566,15,6,11,Gauche,2002,présidentielle
35,34,La Boussac,749,551,183,566,15,7,47,Droite,2002,présidentielle
35,34,La Boussac,749,551,183,566,15,8,24,Écologie,2002,présidentielle
35,34,La Boussac,749,551,183,566,15,9,78,Gauche,2002,présidentielle
35,34,La Boussac,749,551,183,566,15,10,11,Droite,2002,présidentielle
35,34,La Boussac,749,551,183,566,15,11,22,Gauche,2002,présidentielle
35,34,La Boussac,749,551,183,566,15,12,21,Gauche,2002,présidentielle
35,34,La Boussac,749,551,183,566,15,13,15,Droite,2002,présidentielle
35,34,La Boussac,749,551,183,566,15,14,41,Extrême Gauche,2002,présidentielle
35,34,La Boussac,749,551,183,566,15,15,27,Extrême Gauche,2002,présidentielle
35,35,Bovel,319,251,61,258,7,0,3,Extrême Droite,2002,présidentielle
35,35,Bovel,319,251,61,258,7,1,10,Centre,2002,présidentielle
35,35,Bovel,319,251,61,258,7,2,1,Extrême Gauche,2002,présidentielle
35,35,Bovel,319,251,61,258,7,3,7,Centre,2002,présidentielle
35,35,Bovel,319,251,61,258,7,4,42,Droite,2002,présidentielle
35,35,Bovel,319,251,61,258,7,5,53,Extrême Droite,2002,présidentielle
35,35,Bovel,319,251,61,258,7,6,3,Gauche,2002,présidentielle
35,35,Bovel,319,251,61,258,7,7,10,Droite,2002,présidentielle
35,35,Bovel,319,251,61,258,7,8,13,Écologie,2002,présidentielle
35,35,Bovel,319,251,61,258,7,9,38,Gauche,2002,présidentielle
35,35,Bovel,319,251,61,258,7,10,2,Droite,2002,présidentielle
35,35,Bovel,319,251,61,258,7,11,14,Gauche,2002,présidentielle
35,35,Bovel,319,251,61,258,7,12,5,Gauche,2002,présidentielle
35,35,Bovel,319,251,61,258,7,13,23,Droite,2002,présidentielle
35,35,Bovel,319,251,61,258,7,14,16,Extrême Gauche,2002,présidentielle
35,35,Bovel,319,251,61,258,7,15,11,Extrême Gauche,2002,présidentielle
35,37,Bréal-sous-Montfort,2951,2177,678,2273,96,0,29,Extrême Droite,2002,présidentielle
35,37,Bréal-sous-Montfort,2951,2177,678,2273,96,1,68,Centre,2002,présidentielle
35,37,Bréal-sous-Montfort,2951,2177,678,2273,96,2,9,Extrême Gauche,2002,présidentielle
35,37,Bréal-sous-Montfort,2951,2177,678,2273,96,3,168,Centre,2002,présidentielle
35,37,Bréal-sous-Montfort,2951,2177,678,2273,96,4,395,Droite,2002,présidentielle
35,37,Bréal-sous-Montfort,2951,2177,678,2273,96,5,254,Extrême Droite,2002,présidentielle
35,37,Bréal-sous-Montfort,2951,2177,678,2273,96,6,61,Gauche,2002,présidentielle
35,37,Bréal-sous-Montfort,2951,2177,678,2273,96,7,74,Droite,2002,présidentielle
35,37,Bréal-sous-Montfort,2951,2177,678,2273,96,8,142,Écologie,2002,présidentielle
35,37,Bréal-sous-Montfort,2951,2177,678,2273,96,9,340,Gauche,2002,présidentielle
35,37,Bréal-sous-Montfort,2951,2177,678,2273,96,10,17,Droite,2002,présidentielle
35,37,Bréal-sous-Montfort,2951,2177,678,2273,96,11,43,Gauche,2002,présidentielle
35,37,Bréal-sous-Montfort,2951,2177,678,2273,96,12,83,Gauche,2002,présidentielle
35,37,Bréal-sous-Montfort,2951,2177,678,2273,96,13,175,Droite,2002,présidentielle
35,37,Bréal-sous-Montfort,2951,2177,678,2273,96,14,182,Extrême Gauche,2002,présidentielle
35,37,Bréal-sous-Montfort,2951,2177,678,2273,96,15,137,Extrême Gauche,2002,présidentielle
35,38,Bréal-sous-Vitré,417,302,109,308,6,0,4,Extrême Droite,2002,présidentielle
35,38,Bréal-sous-Vitré,417,302,109,308,6,1,1,Centre,2002,présidentielle
35,38,Bréal-sous-Vitré,417,302,109,308,6,2,1,Extrême Gauche,2002,présidentielle
35,38,Bréal-sous-Vitré,417,302,109,308,6,3,22,Centre,2002,présidentielle
35,38,Bréal-sous-Vitré,417,302,109,308,6,4,66,Droite,2002,présidentielle
35,38,Bréal-sous-Vitré,417,302,109,308,6,5,47,Extrême Droite,2002,présidentielle
35,38,Bréal-sous-Vitré,417,302,109,308,6,6,11,Gauche,2002,présidentielle
35,38,Bréal-sous-Vitré,417,302,109,308,6,7,13,Droite,2002,présidentielle
35,38,Bréal-sous-Vitré,417,302,109,308,6,8,23,Écologie,2002,présidentielle
35,38,Bréal-sous-Vitré,417,302,109,308,6,9,19,Gauche,2002,présidentielle
35,38,Bréal-sous-Vitré,417,302,109,308,6,10,10,Droite,2002,présidentielle
35,38,Bréal-sous-Vitré,417,302,109,308,6,11,6,Gauche,2002,présidentielle
35,38,Bréal-sous-Vitré,417,302,109,308,6,12,8,Gauche,2002,présidentielle
35,38,Bréal-sous-Vitré,417,302,109,308,6,13,20,Droite,2002,présidentielle
35,38,Bréal-sous-Vitré,417,302,109,308,6,14,26,Extrême Gauche,2002,présidentielle
35,38,Bréal-sous-Vitré,417,302,109,308,6,15,25,Extrême Gauche,2002,présidentielle
35,39,Brécé,1074,820,218,856,36,0,18,Extrême Droite,2002,présidentielle
35,39,Brécé,1074,820,218,856,36,1,14,Centre,2002,présidentielle
35,39,Brécé,1074,820,218,856,36,2,8,Extrême Gauche,2002,présidentielle
35,39,Brécé,1074,820,218,856,36,3,68,Centre,2002,présidentielle
35,39,Brécé,1074,820,218,856,36,4,141,Droite,2002,présidentielle
35,39,Brécé,1074,820,218,856,36,5,91,Extrême Droite,2002,présidentielle
35,39,Brécé,1074,820,218,856,36,6,19,Gauche,2002,présidentielle
35,39,Brécé,1074,820,218,856,36,7,40,Droite,2002,présidentielle
35,39,Brécé,1074,820,218,856,36,8,74,Écologie,2002,présidentielle
35,39,Brécé,1074,820,218,856,36,9,142,Gauche,2002,présidentielle
35,39,Brécé,1074,820,218,856,36,10,11,Droite,2002,présidentielle
35,39,Brécé,1074,820,218,856,36,11,13,Gauche,2002,présidentielle
35,39,Brécé,1074,820,218,856,36,12,32,Gauche,2002,présidentielle
35,39,Brécé,1074,820,218,856,36,13,34,Droite,2002,présidentielle
35,39,Brécé,1074,820,218,856,36,14,75,Extrême Gauche,2002,présidentielle
35,39,Brécé,1074,820,218,856,36,15,40,Extrême Gauche,2002,présidentielle
35,40,Breteil,2313,1650,600,1713,63,0,22,Extrême Droite,2002,présidentielle
35,40,Breteil,2313,1650,600,1713,63,1,50,Centre,2002,présidentielle
35,40,Breteil,2313,1650,600,1713,63,2,13,Extrême Gauche,2002,présidentielle
35,40,Breteil,2313,1650,600,1713,63,3,116,Centre,2002,présidentielle
35,40,Breteil,2313,1650,600,1713,63,4,260,Droite,2002,présidentielle
35,40,Breteil,2313,1650,600,1713,63,5,155,Extrême Droite,2002,présidentielle
35,40,Breteil,2313,1650,600,1713,63,6,41,Gauche,2002,présidentielle
35,40,Breteil,2313,1650,600,1713,63,7,52,Droite,2002,présidentielle
35,40,Breteil,2313,1650,600,1713,63,8,144,Écologie,2002,présidentielle
35,40,Breteil,2313,1650,600,1713,63,9,341,Gauche,2002,présidentielle
35,40,Breteil,2313,1650,600,1713,63,10,19,Droite,2002,présidentielle
35,40,Breteil,2313,1650,600,1713,63,11,48,Gauche,2002,présidentielle
35,40,Breteil,2313,1650,600,1713,63,12,77,Gauche,2002,présidentielle
35,40,Breteil,2313,1650,600,1713,63,13,69,Droite,2002,présidentielle
35,40,Breteil,2313,1650,600,1713,63,14,143,Extrême Gauche,2002,présidentielle
35,40,Breteil,2313,1650,600,1713,63,15,100,Extrême Gauche,2002,présidentielle
35,41,Brie,524,394,109,415,21,0,8,Extrême Droite,2002,présidentielle
35,41,Brie,524,394,109,415,21,1,3,Centre,2002,présidentielle
35,41,Brie,524,394,109,415,21,2,6,Extrême Gauche,2002,présidentielle
35,41,Brie,524,394,109,415,21,3,30,Centre,2002,présidentielle
35,41,Brie,524,394,109,415,21,4,81,Droite,2002,présidentielle
35,41,Brie,524,394,109,415,21,5,54,Extrême Droite,2002,présidentielle
35,41,Brie,524,394,109,415,21,6,5,Gauche,2002,présidentielle
35,41,Brie,524,394,109,415,21,7,23,Droite,2002,présidentielle
35,41,Brie,524,394,109,415,21,8,27,Écologie,2002,présidentielle
35,41,Brie,524,394,109,415,21,9,48,Gauche,2002,présidentielle
35,41,Brie,524,394,109,415,21,10,10,Droite,2002,présidentielle
35,41,Brie,524,394,109,415,21,11,5,Gauche,2002,présidentielle
35,41,Brie,524,394,109,415,21,12,18,Gauche,2002,présidentielle
35,41,Brie,524,394,109,415,21,13,26,Droite,2002,présidentielle
35,41,Brie,524,394,109,415,21,14,25,Extrême Gauche,2002,présidentielle
35,41,Brie,524,394,109,415,21,15,25,Extrême Gauche,2002,présidentielle
35,42,Brielles,433,336,84,349,13,0,6,Extrême Droite,2002,présidentielle
35,42,Brielles,433,336,84,349,13,1,4,Centre,2002,présidentielle
35,42,Brielles,433,336,84,349,13,2,1,Extrême Gauche,2002,présidentielle
35,42,Brielles,433,336,84,349,13,3,34,Centre,2002,présidentielle
35,42,Brielles,433,336,84,349,13,4,139,Droite,2002,présidentielle
35,42,Brielles,433,336,84,349,13,5,36,Extrême Droite,2002,présidentielle
35,42,Brielles,433,336,84,349,13,6,3,Gauche,2002,présidentielle
35,42,Brielles,433,336,84,349,13,7,12,Droite,2002,présidentielle
35,42,Brielles,433,336,84,349,13,8,12,Écologie,2002,présidentielle
35,42,Brielles,433,336,84,349,13,9,28,Gauche,2002,présidentielle
35,42,Brielles,433,336,84,349,13,10,5,Droite,2002,présidentielle
35,42,Brielles,433,336,84,349,13,11,1,Gauche,2002,présidentielle
35,42,Brielles,433,336,84,349,13,12,11,Gauche,2002,présidentielle
35,42,Brielles,433,336,84,349,13,13,20,Droite,2002,présidentielle
35,42,Brielles,433,336,84,349,13,14,18,Extrême Gauche,2002,présidentielle
35,42,Brielles,433,336,84,349,13,15,6,Extrême Gauche,2002,présidentielle
35,44,Broualan,230,164,55,175,11,0,2,Extrême Droite,2002,présidentielle
35,44,Broualan,230,164,55,175,11,1,4,Centre,2002,présidentielle
35,44,Broualan,230,164,55,175,11,2,0,Extrême Gauche,2002,présidentielle
35,44,Broualan,230,164,55,175,11,3,3,Centre,2002,présidentielle
35,44,Broualan,230,164,55,175,11,4,47,Droite,2002,présidentielle
35,44,Broualan,230,164,55,175,11,5,15,Extrême Droite,2002,présidentielle
35,44,Broualan,230,164,55,175,11,6,1,Gauche,2002,présidentielle
35,44,Broualan,230,164,55,175,11,7,21,Droite,2002,présidentielle
35,44,Broualan,230,164,55,175,11,8,7,Écologie,2002,présidentielle
35,44,Broualan,230,164,55,175,11,9,29,Gauche,2002,présidentielle
35,44,Broualan,230,164,55,175,11,10,1,Droite,2002,présidentielle
35,44,Broualan,230,164,55,175,11,11,6,Gauche,2002,présidentielle
35,44,Broualan,230,164,55,175,11,12,3,Gauche,2002,présidentielle
35,44,Broualan,230,164,55,175,11,13,3,Droite,2002,présidentielle
35,44,Broualan,230,164,55,175,11,14,13,Extrême Gauche,2002,présidentielle
35,44,Broualan,230,164,55,175,11,15,9,Extrême Gauche,2002,présidentielle
35,45,Bruc-sur-Aff,663,492,149,514,22,0,2,Extrême Droite,2002,présidentielle
35,45,Bruc-sur-Aff,663,492,149,514,22,1,2,Centre,2002,présidentielle
35,45,Bruc-sur-Aff,663,492,149,514,22,2,1,Extrême Gauche,2002,présidentielle
35,45,Bruc-sur-Aff,663,492,149,514,22,3,31,Centre,2002,présidentielle
35,45,Bruc-sur-Aff,663,492,149,514,22,4,136,Droite,2002,présidentielle
35,45,Bruc-sur-Aff,663,492,149,514,22,5,69,Extrême Droite,2002,présidentielle
35,45,Bruc-sur-Aff,663,492,149,514,22,6,3,Gauche,2002,présidentielle
35,45,Bruc-sur-Aff,663,492,149,514,22,7,23,Droite,2002,présidentielle
35,45,Bruc-sur-Aff,663,492,149,514,22,8,13,Écologie,2002,présidentielle
35,45,Bruc-sur-Aff,663,492,149,514,22,9,59,Gauche,2002,présidentielle
35,45,Bruc-sur-Aff,663,492,149,514,22,10,4,Droite,2002,présidentielle
35,45,Bruc-sur-Aff,663,492,149,514,22,11,6,Gauche,2002,présidentielle
35,45,Bruc-sur-Aff,663,492,149,514,22,12,17,Gauche,2002,présidentielle
35,45,Bruc-sur-Aff,663,492,149,514,22,13,57,Droite,2002,présidentielle
35,45,Bruc-sur-Aff,663,492,149,514,22,14,40,Extrême Gauche,2002,présidentielle
35,45,Bruc-sur-Aff,663,492,149,514,22,15,29,Extrême Gauche,2002,présidentielle
35,46,Les Brulais,342,271,60,282,11,0,6,Extrême Droite,2002,présidentielle
35,46,Les Brulais,342,271,60,282,11,1,2,Centre,2002,présidentielle
35,46,Les Brulais,342,271,60,282,11,2,1,Extrême Gauche,2002,présidentielle
35,46,Les Brulais,342,271,60,282,11,3,17,Centre,2002,présidentielle
35,46,Les Brulais,342,271,60,282,11,4,68,Droite,2002,présidentielle
35,46,Les Brulais,342,271,60,282,11,5,44,Extrême Droite,2002,présidentielle
35,46,Les Brulais,342,271,60,282,11,6,2,Gauche,2002,présidentielle
35,46,Les Brulais,342,271,60,282,11,7,13,Droite,2002,présidentielle
35,46,Les Brulais,342,271,60,282,11,8,6,Écologie,2002,présidentielle
35,46,Les Brulais,342,271,60,282,11,9,38,Gauche,2002,présidentielle
35,46,Les Brulais,342,271,60,282,11,10,1,Droite,2002,présidentielle
35,46,Les Brulais,342,271,60,282,11,11,8,Gauche,2002,présidentielle
35,46,Les Brulais,342,271,60,282,11,12,6,Gauche,2002,présidentielle
35,46,Les Brulais,342,271,60,282,11,13,28,Droite,2002,présidentielle
35,46,Les Brulais,342,271,60,282,11,14,20,Extrême Gauche,2002,présidentielle
35,46,Les Brulais,342,271,60,282,11,15,11,Extrême Gauche,2002,présidentielle
35,47,Bruz,8963,6421,2332,6631,210,0,60,Extrême Droite,2002,présidentielle
35,47,Bruz,8963,6421,2332,6631,210,1,220,Centre,2002,présidentielle
35,47,Bruz,8963,6421,2332,6631,210,2,38,Extrême Gauche,2002,présidentielle
35,47,Bruz,8963,6421,2332,6631,210,3,585,Centre,2002,présidentielle
35,47,Bruz,8963,6421,2332,6631,210,4,1183,Droite,2002,présidentielle
35,47,Bruz,8963,6421,2332,6631,210,5,602,Extrême Droite,2002,présidentielle
35,47,Bruz,8963,6421,2332,6631,210,6,182,Gauche,2002,présidentielle
35,47,Bruz,8963,6421,2332,6631,210,7,124,Droite,2002,présidentielle
35,47,Bruz,8963,6421,2332,6631,210,8,533,Écologie,2002,présidentielle
35,47,Bruz,8963,6421,2332,6631,210,9,1260,Gauche,2002,présidentielle
35,47,Bruz,8963,6421,2332,6631,210,10,85,Droite,2002,présidentielle
35,47,Bruz,8963,6421,2332,6631,210,11,149,Gauche,2002,présidentielle
35,47,Bruz,8963,6421,2332,6631,210,12,346,Gauche,2002,présidentielle
35,47,Bruz,8963,6421,2332,6631,210,13,327,Droite,2002,présidentielle
35,47,Bruz,8963,6421,2332,6631,210,14,421,Extrême Gauche,2002,présidentielle
35,47,Bruz,8963,6421,2332,6631,210,15,306,Extrême Gauche,2002,présidentielle
35,48,Campel,369,298,64,305,7,0,1,Extrême Droite,2002,présidentielle
35,48,Campel,369,298,64,305,7,1,3,Centre,2002,présidentielle
35,48,Campel,369,298,64,305,7,2,2,Extrême Gauche,2002,présidentielle
35,48,Campel,369,298,64,305,7,3,18,Centre,2002,présidentielle
35,48,Campel,369,298,64,305,7,4,51,Droite,2002,présidentielle
35,48,Campel,369,298,64,305,7,5,50,Extrême Droite,2002,présidentielle
35,48,Campel,369,298,64,305,7,6,7,Gauche,2002,présidentielle
35,48,Campel,369,298,64,305,7,7,14,Droite,2002,présidentielle
35,48,Campel,369,298,64,305,7,8,16,Écologie,2002,présidentielle
35,48,Campel,369,298,64,305,7,9,45,Gauche,2002,présidentielle
35,48,Campel,369,298,64,305,7,10,3,Droite,2002,présidentielle
35,48,Campel,369,298,64,305,7,11,8,Gauche,2002,présidentielle
35,48,Campel,369,298,64,305,7,12,13,Gauche,2002,présidentielle
35,48,Campel,369,298,64,305,7,13,23,Droite,2002,présidentielle
35,48,Campel,369,298,64,305,7,14,29,Extrême Gauche,2002,présidentielle
35,48,Campel,369,298,64,305,7,15,15,Extrême Gauche,2002,présidentielle
35,49,Cancale,4360,2988,1282,3078,90,0,48,Extrême Droite,2002,présidentielle
35,49,Cancale,4360,2988,1282,3078,90,1,68,Centre,2002,présidentielle
35,49,Cancale,4360,2988,1282,3078,90,2,6,Extrême Gauche,2002,présidentielle
35,49,Cancale,4360,2988,1282,3078,90,3,221,Centre,2002,présidentielle
35,49,Cancale,4360,2988,1282,3078,90,4,891,Droite,2002,présidentielle
35,49,Cancale,4360,2988,1282,3078,90,5,435,Extrême Droite,2002,présidentielle
35,49,Cancale,4360,2988,1282,3078,90,6,50,Gauche,2002,présidentielle
35,49,Cancale,4360,2988,1282,3078,90,7,105,Droite,2002,présidentielle
35,49,Cancale,4360,2988,1282,3078,90,8,125,Écologie,2002,présidentielle
35,49,Cancale,4360,2988,1282,3078,90,9,412,Gauche,2002,présidentielle
35,49,Cancale,4360,2988,1282,3078,90,10,28,Droite,2002,présidentielle
35,49,Cancale,4360,2988,1282,3078,90,11,52,Gauche,2002,présidentielle
35,49,Cancale,4360,2988,1282,3078,90,12,148,Gauche,2002,présidentielle
35,49,Cancale,4360,2988,1282,3078,90,13,105,Droite,2002,présidentielle
35,49,Cancale,4360,2988,1282,3078,90,14,158,Extrême Gauche,2002,présidentielle
35,49,Cancale,4360,2988,1282,3078,90,15,136,Extrême Gauche,2002,présidentielle
35,50,Cardroc,315,230,76,239,9,0,4,Extrême Droite,2002,présidentielle
35,50,Cardroc,315,230,76,239,9,1,12,Centre,2002,présidentielle
35,50,Cardroc,315,230,76,239,9,2,1,Extrême Gauche,2002,présidentielle
35,50,Cardroc,315,230,76,239,9,3,11,Centre,2002,présidentielle
35,50,Cardroc,315,230,76,239,9,4,54,Droite,2002,présidentielle
35,50,Cardroc,315,230,76,239,9,5,28,Extrême Droite,2002,présidentielle
35,50,Cardroc,315,230,76,239,9,6,3,Gauche,2002,présidentielle
35,50,Cardroc,315,230,76,239,9,7,10,Droite,2002,présidentielle
35,50,Cardroc,315,230,76,239,9,8,18,Écologie,2002,présidentielle
35,50,Cardroc,315,230,76,239,9,9,42,Gauche,2002,présidentielle
35,50,Cardroc,315,230,76,239,9,10,0,Droite,2002,présidentielle
35,50,Cardroc,315,230,76,239,9,11,5,Gauche,2002,présidentielle
35,50,Cardroc,315,230,76,239,9,12,8,Gauche,2002,présidentielle
35,50,Cardroc,315,230,76,239,9,13,7,Droite,2002,présidentielle
35,50,Cardroc,315,230,76,239,9,14,16,Extrême Gauche,2002,présidentielle
35,50,Cardroc,315,230,76,239,9,15,11,Extrême Gauche,2002,présidentielle
35,51,Cesson-Sévigné,11182,8205,2771,8411,206,0,60,Extrême Droite,2002,présidentielle
35,51,Cesson-Sévigné,11182,8205,2771,8411,206,1,262,Centre,2002,présidentielle
35,51,Cesson-Sévigné,11182,8205,2771,8411,206,2,30,Extrême Gauche,2002,présidentielle
35,51,Cesson-Sévigné,11182,8205,2771,8411,206,3,866,Centre,2002,présidentielle
35,51,Cesson-Sévigné,11182,8205,2771,8411,206,4,1716,Droite,2002,présidentielle
35,51,Cesson-Sévigné,11182,8205,2771,8411,206,5,567,Extrême Droite,2002,présidentielle
35,51,Cesson-Sévigné,11182,8205,2771,8411,206,6,263,Gauche,2002,présidentielle
35,51,Cesson-Sévigné,11182,8205,2771,8411,206,7,129,Droite,2002,présidentielle
35,51,Cesson-Sévigné,11182,8205,2771,8411,206,8,647,Écologie,2002,présidentielle
35,51,Cesson-Sévigné,11182,8205,2771,8411,206,9,1637,Gauche,2002,présidentielle
35,51,Cesson-Sévigné,11182,8205,2771,8411,206,10,149,Droite,2002,présidentielle
35,51,Cesson-Sévigné,11182,8205,2771,8411,206,11,163,Gauche,2002,présidentielle
35,51,Cesson-Sévigné,11182,8205,2771,8411,206,12,574,Gauche,2002,présidentielle
35,51,Cesson-Sévigné,11182,8205,2771,8411,206,13,384,Droite,2002,présidentielle
35,51,Cesson-Sévigné,11182,8205,2771,8411,206,14,390,Extrême Gauche,2002,présidentielle
35,51,Cesson-Sévigné,11182,8205,2771,8411,206,15,368,Extrême Gauche,2002,présidentielle
35,52,Champeaux,368,269,79,289,20,0,6,Extrême Droite,2002,présidentielle
35,52,Champeaux,368,269,79,289,20,1,5,Centre,2002,présidentielle
35,52,Champeaux,368,269,79,289,20,2,0,Extrême Gauche,2002,présidentielle
35,52,Champeaux,368,269,79,289,20,3,30,Centre,2002,présidentielle
35,52,Champeaux,368,269,79,289,20,4,78,Droite,2002,présidentielle
35,52,Champeaux,368,269,79,289,20,5,18,Extrême Droite,2002,présidentielle
35,52,Champeaux,368,269,79,289,20,6,2,Gauche,2002,présidentielle
35,52,Champeaux,368,269,79,289,20,7,21,Droite,2002,présidentielle
35,52,Champeaux,368,269,79,289,20,8,15,Écologie,2002,présidentielle
35,52,Champeaux,368,269,79,289,20,9,27,Gauche,2002,présidentielle
35,52,Champeaux,368,269,79,289,20,10,9,Droite,2002,présidentielle
35,52,Champeaux,368,269,79,289,20,11,5,Gauche,2002,présidentielle
35,52,Champeaux,368,269,79,289,20,12,17,Gauche,2002,présidentielle
35,52,Champeaux,368,269,79,289,20,13,16,Droite,2002,présidentielle
35,52,Champeaux,368,269,79,289,20,14,6,Extrême Gauche,2002,présidentielle
35,52,Champeaux,368,269,79,289,20,15,14,Extrême Gauche,2002,présidentielle
35,53,Chancé,157,120,30,127,7,0,1,Extrême Droite,2002,présidentielle
35,53,Chancé,157,120,30,127,7,1,3,Centre,2002,présidentielle
35,53,Chancé,157,120,30,127,7,2,1,Extrême Gauche,2002,présidentielle
35,53,Chancé,157,120,30,127,7,3,10,Centre,2002,présidentielle
35,53,Chancé,157,120,30,127,7,4,38,Droite,2002,présidentielle
35,53,Chancé,157,120,30,127,7,5,13,Extrême Droite,2002,présidentielle
35,53,Chancé,157,120,30,127,7,6,4,Gauche,2002,présidentielle
35,53,Chancé,157,120,30,127,7,7,10,Droite,2002,présidentielle
35,53,Chancé,157,120,30,127,7,8,9,Écologie,2002,présidentielle
35,53,Chancé,157,120,30,127,7,9,10,Gauche,2002,présidentielle
35,53,Chancé,157,120,30,127,7,10,1,Droite,2002,présidentielle
35,53,Chancé,157,120,30,127,7,11,0,Gauche,2002,présidentielle
35,53,Chancé,157,120,30,127,7,12,4,Gauche,2002,présidentielle
35,53,Chancé,157,120,30,127,7,13,9,Droite,2002,présidentielle
35,53,Chancé,157,120,30,127,7,14,2,Extrême Gauche,2002,présidentielle
35,53,Chancé,157,120,30,127,7,15,5,Extrême Gauche,2002,présidentielle
35,54,Chanteloup,877,643,203,674,31,0,11,Extrême Droite,2002,présidentielle
35,54,Chanteloup,877,643,203,674,31,1,13,Centre,2002,présidentielle
35,54,Chanteloup,877,643,203,674,31,2,1,Extrême Gauche,2002,présidentielle
35,54,Chanteloup,877,643,203,674,31,3,30,Centre,2002,présidentielle
35,54,Chanteloup,877,643,203,674,31,4,85,Droite,2002,présidentielle
35,54,Chanteloup,877,643,203,674,31,5,78,Extrême Droite,2002,présidentielle
35,54,Chanteloup,877,643,203,674,31,6,18,Gauche,2002,présidentielle
35,54,Chanteloup,877,643,203,674,31,7,37,Droite,2002,présidentielle
35,54,Chanteloup,877,643,203,674,31,8,64,Écologie,2002,présidentielle
35,54,Chanteloup,877,643,203,674,31,9,97,Gauche,2002,présidentielle
35,54,Chanteloup,877,643,203,674,31,10,7,Droite,2002,présidentielle
35,54,Chanteloup,877,643,203,674,31,11,12,Gauche,2002,présidentielle
35,54,Chanteloup,877,643,203,674,31,12,33,Gauche,2002,présidentielle
35,54,Chanteloup,877,643,203,674,31,13,56,Droite,2002,présidentielle
35,54,Chanteloup,877,643,203,674,31,14,63,Extrême Gauche,2002,présidentielle
35,54,Chanteloup,877,643,203,674,31,15,38,Extrême Gauche,2002,présidentielle
35,55,Chantepie,4863,3663,1085,3778,115,0,28,Extrême Droite,2002,présidentielle
35,55,Chantepie,4863,3663,1085,3778,115,1,121,Centre,2002,présidentielle
35,55,Chantepie,4863,3663,1085,3778,115,2,23,Extrême Gauche,2002,présidentielle
35,55,Chantepie,4863,3663,1085,3778,115,3,320,Centre,2002,présidentielle
35,55,Chantepie,4863,3663,1085,3778,115,4,619,Droite,2002,présidentielle
35,55,Chantepie,4863,3663,1085,3778,115,5,286,Extrême Droite,2002,présidentielle
35,55,Chantepie,4863,3663,1085,3778,115,6,107,Gauche,2002,présidentielle
35,55,Chantepie,4863,3663,1085,3778,115,7,51,Droite,2002,présidentielle
35,55,Chantepie,4863,3663,1085,3778,115,8,380,Écologie,2002,présidentielle
35,55,Chantepie,4863,3663,1085,3778,115,9,801,Gauche,2002,présidentielle
35,55,Chantepie,4863,3663,1085,3778,115,10,39,Droite,2002,présidentielle
35,55,Chantepie,4863,3663,1085,3778,115,11,90,Gauche,2002,présidentielle
35,55,Chantepie,4863,3663,1085,3778,115,12,237,Gauche,2002,présidentielle
35,55,Chantepie,4863,3663,1085,3778,115,13,130,Droite,2002,présidentielle
35,55,Chantepie,4863,3663,1085,3778,115,14,208,Extrême Gauche,2002,présidentielle
35,55,Chantepie,4863,3663,1085,3778,115,15,223,Extrême Gauche,2002,présidentielle
35,56,La Chapelle-aux-Filtzméens,328,261,55,273,12,0,2,Extrême Droite,2002,présidentielle
35,56,La Chapelle-aux-Filtzméens,328,261,55,273,12,1,6,Centre,2002,présidentielle
35,56,La Chapelle-aux-Filtzméens,328,261,55,273,12,2,1,Extrême Gauche,2002,présidentielle
35,56,La Chapelle-aux-Filtzméens,328,261,55,273,12,3,10,Centre,2002,présidentielle
35,56,La Chapelle-aux-Filtzméens,328,261,55,273,12,4,61,Droite,2002,présidentielle
35,56,La Chapelle-aux-Filtzméens,328,261,55,273,12,5,26,Extrême Droite,2002,présidentielle
35,56,La Chapelle-aux-Filtzméens,328,261,55,273,12,6,3,Gauche,2002,présidentielle
35,56,La Chapelle-aux-Filtzméens,328,261,55,273,12,7,26,Droite,2002,présidentielle
35,56,La Chapelle-aux-Filtzméens,328,261,55,273,12,8,15,Écologie,2002,présidentielle
35,56,La Chapelle-aux-Filtzméens,328,261,55,273,12,9,51,Gauche,2002,présidentielle
35,56,La Chapelle-aux-Filtzméens,328,261,55,273,12,10,2,Droite,2002,présidentielle
35,56,La Chapelle-aux-Filtzméens,328,261,55,273,12,11,8,Gauche,2002,présidentielle
35,56,La Chapelle-aux-Filtzméens,328,261,55,273,12,12,10,Gauche,2002,présidentielle
35,56,La Chapelle-aux-Filtzméens,328,261,55,273,12,13,8,Droite,2002,présidentielle
35,56,La Chapelle-aux-Filtzméens,328,261,55,273,12,14,19,Extrême Gauche,2002,présidentielle
35,56,La Chapelle-aux-Filtzméens,328,261,55,273,12,15,13,Extrême Gauche,2002,présidentielle
35,57,La Chapelle-Bouëxic,645,479,150,495,16,0,4,Extrême Droite,2002,présidentielle
35,57,La Chapelle-Bouëxic,645,479,150,495,16,1,10,Centre,2002,présidentielle
35,57,La Chapelle-Bouëxic,645,479,150,495,16,2,5,Extrême Gauche,2002,présidentielle
35,57,La Chapelle-Bouëxic,645,479,150,495,16,3,32,Centre,2002,présidentielle
35,57,La Chapelle-Bouëxic,645,479,150,495,16,4,82,Droite,2002,présidentielle
35,57,La Chapelle-Bouëxic,645,479,150,495,16,5,58,Extrême Droite,2002,présidentielle
35,57,La Chapelle-Bouëxic,645,479,150,495,16,6,7,Gauche,2002,présidentielle
35,57,La Chapelle-Bouëxic,645,479,150,495,16,7,15,Droite,2002,présidentielle
35,57,La Chapelle-Bouëxic,645,479,150,495,16,8,31,Écologie,2002,présidentielle
35,57,La Chapelle-Bouëxic,645,479,150,495,16,9,98,Gauche,2002,présidentielle
35,57,La Chapelle-Bouëxic,645,479,150,495,16,10,5,Droite,2002,présidentielle
35,57,La Chapelle-Bouëxic,645,479,150,495,16,11,14,Gauche,2002,présidentielle
35,57,La Chapelle-Bouëxic,645,479,150,495,16,12,14,Gauche,2002,présidentielle
35,57,La Chapelle-Bouëxic,645,479,150,495,16,13,49,Droite,2002,présidentielle
35,57,La Chapelle-Bouëxic,645,479,150,495,16,14,36,Extrême Gauche,2002,présidentielle
35,57,La Chapelle-Bouëxic,645,479,150,495,16,15,19,Extrême Gauche,2002,présidentielle
35,58,La Chapelle-Chaussée,583,443,121,462,19,0,8,Extrême Droite,2002,présidentielle
35,58,La Chapelle-Chaussée,583,443,121,462,19,1,7,Centre,2002,présidentielle
35,58,La Chapelle-Chaussée,583,443,121,462,19,2,1,Extrême Gauche,2002,présidentielle
35,58,La Chapelle-Chaussée,583,443,121,462,19,3,30,Centre,2002,présidentielle
35,58,La Chapelle-Chaussée,583,443,121,462,19,4,93,Droite,2002,présidentielle
35,58,La Chapelle-Chaussée,583,443,121,462,19,5,53,Extrême Droite,2002,présidentielle
35,58,La Chapelle-Chaussée,583,443,121,462,19,6,12,Gauche,2002,présidentielle
35,58,La Chapelle-Chaussée,583,443,121,462,19,7,26,Droite,2002,présidentielle
35,58,La Chapelle-Chaussée,583,443,121,462,19,8,34,Écologie,2002,présidentielle
35,58,La Chapelle-Chaussée,583,443,121,462,19,9,78,Gauche,2002,présidentielle
35,58,La Chapelle-Chaussée,583,443,121,462,19,10,4,Droite,2002,présidentielle
35,58,La Chapelle-Chaussée,583,443,121,462,19,11,6,Gauche,2002,présidentielle
35,58,La Chapelle-Chaussée,583,443,121,462,19,12,14,Gauche,2002,présidentielle
35,58,La Chapelle-Chaussée,583,443,121,462,19,13,18,Droite,2002,présidentielle
35,58,La Chapelle-Chaussée,583,443,121,462,19,14,30,Extrême Gauche,2002,présidentielle
35,58,La Chapelle-Chaussée,583,443,121,462,19,15,29,Extrême Gauche,2002,présidentielle
35,59,La Chapelle-des-Fougeretz,2414,1845,499,1915,70,0,14,Extrême Droite,2002,présidentielle
35,59,La Chapelle-des-Fougeretz,2414,1845,499,1915,70,1,69,Centre,2002,présidentielle
35,59,La Chapelle-des-Fougeretz,2414,1845,499,1915,70,2,14,Extrême Gauche,2002,présidentielle
35,59,La Chapelle-des-Fougeretz,2414,1845,499,1915,70,3,190,Centre,2002,présidentielle
35,59,La Chapelle-des-Fougeretz,2414,1845,499,1915,70,4,246,Droite,2002,présidentielle
35,59,La Chapelle-des-Fougeretz,2414,1845,499,1915,70,5,156,Extrême Droite,2002,présidentielle
35,59,La Chapelle-des-Fougeretz,2414,1845,499,1915,70,6,53,Gauche,2002,présidentielle
35,59,La Chapelle-des-Fougeretz,2414,1845,499,1915,70,7,47,Droite,2002,présidentielle
35,59,La Chapelle-des-Fougeretz,2414,1845,499,1915,70,8,179,Écologie,2002,présidentielle
35,59,La Chapelle-des-Fougeretz,2414,1845,499,1915,70,9,384,Gauche,2002,présidentielle
35,59,La Chapelle-des-Fougeretz,2414,1845,499,1915,70,10,34,Droite,2002,présidentielle
35,59,La Chapelle-des-Fougeretz,2414,1845,499,1915,70,11,42,Gauche,2002,présidentielle
35,59,La Chapelle-des-Fougeretz,2414,1845,499,1915,70,12,104,Gauche,2002,présidentielle
35,59,La Chapelle-des-Fougeretz,2414,1845,499,1915,70,13,72,Droite,2002,présidentielle
35,59,La Chapelle-des-Fougeretz,2414,1845,499,1915,70,14,137,Extrême Gauche,2002,présidentielle
35,59,La Chapelle-des-Fougeretz,2414,1845,499,1915,70,15,104,Extrême Gauche,2002,présidentielle
35,60,La Chapelle-du-Lou,322,232,88,234,2,0,7,Extrême Droite,2002,présidentielle
35,60,La Chapelle-du-Lou,322,232,88,234,2,1,5,Centre,2002,présidentielle
35,60,La Chapelle-du-Lou,322,232,88,234,2,2,2,Extrême Gauche,2002,présidentielle
35,60,La Chapelle-du-Lou,322,232,88,234,2,3,19,Centre,2002,présidentielle
35,60,La Chapelle-du-Lou,322,232,88,234,2,4,61,Droite,2002,présidentielle
35,60,La Chapelle-du-Lou,322,232,88,234,2,5,24,Extrême Droite,2002,présidentielle
35,60,La Chapelle-du-Lou,322,232,88,234,2,6,3,Gauche,2002,présidentielle
35,60,La Chapelle-du-Lou,322,232,88,234,2,7,17,Droite,2002,présidentielle
35,60,La Chapelle-du-Lou,322,232,88,234,2,8,15,Écologie,2002,présidentielle
35,60,La Chapelle-du-Lou,322,232,88,234,2,9,29,Gauche,2002,présidentielle
35,60,La Chapelle-du-Lou,322,232,88,234,2,10,2,Droite,2002,présidentielle
35,60,La Chapelle-du-Lou,322,232,88,234,2,11,3,Gauche,2002,présidentielle
35,60,La Chapelle-du-Lou,322,232,88,234,2,12,8,Gauche,2002,présidentielle
35,60,La Chapelle-du-Lou,322,232,88,234,2,13,10,Droite,2002,présidentielle
35,60,La Chapelle-du-Lou,322,232,88,234,2,14,9,Extrême Gauche,2002,présidentielle
35,60,La Chapelle-du-Lou,322,232,88,234,2,15,18,Extrême Gauche,2002,présidentielle
35,61,La Chapelle-Erbrée,357,278,67,290,12,0,4,Extrême Droite,2002,présidentielle
35,61,La Chapelle-Erbrée,357,278,67,290,12,1,9,Centre,2002,présidentielle
35,61,La Chapelle-Erbrée,357,278,67,290,12,2,1,Extrême Gauche,2002,présidentielle
35,61,La Chapelle-Erbrée,357,278,67,290,12,3,14,Centre,2002,présidentielle
35,61,La Chapelle-Erbrée,357,278,67,290,12,4,98,Droite,2002,présidentielle
35,61,La Chapelle-Erbrée,357,278,67,290,12,5,35,Extrême Droite,2002,présidentielle
35,61,La Chapelle-Erbrée,357,278,67,290,12,6,10,Gauche,2002,présidentielle
35,61,La Chapelle-Erbrée,357,278,67,290,12,7,12,Droite,2002,présidentielle
35,61,La Chapelle-Erbrée,357,278,67,290,12,8,15,Écologie,2002,présidentielle
35,61,La Chapelle-Erbrée,357,278,67,290,12,9,28,Gauche,2002,présidentielle
35,61,La Chapelle-Erbrée,357,278,67,290,12,10,2,Droite,2002,présidentielle
35,61,La Chapelle-Erbrée,357,278,67,290,12,11,0,Gauche,2002,présidentielle
35,61,La Chapelle-Erbrée,357,278,67,290,12,12,3,Gauche,2002,présidentielle
35,61,La Chapelle-Erbrée,357,278,67,290,12,13,12,Droite,2002,présidentielle
35,61,La Chapelle-Erbrée,357,278,67,290,12,14,28,Extrême Gauche,2002,présidentielle
35,61,La Chapelle-Erbrée,357,278,67,290,12,15,7,Extrême Gauche,2002,présidentielle
35,62,La Chapelle-Janson,985,728,217,768,40,0,12,Extrême Droite,2002,présidentielle
35,62,La Chapelle-Janson,985,728,217,768,40,1,5,Centre,2002,présidentielle
35,62,La Chapelle-Janson,985,728,217,768,40,2,4,Extrême Gauche,2002,présidentielle
35,62,La Chapelle-Janson,985,728,217,768,40,3,57,Centre,2002,présidentielle
35,62,La Chapelle-Janson,985,728,217,768,40,4,253,Droite,2002,présidentielle
35,62,La Chapelle-Janson,985,728,217,768,40,5,82,Extrême Droite,2002,présidentielle
35,62,La Chapelle-Janson,985,728,217,768,40,6,11,Gauche,2002,présidentielle
35,62,La Chapelle-Janson,985,728,217,768,40,7,47,Droite,2002,présidentielle
35,62,La Chapelle-Janson,985,728,217,768,40,8,26,Écologie,2002,présidentielle
35,62,La Chapelle-Janson,985,728,217,768,40,9,57,Gauche,2002,présidentielle
35,62,La Chapelle-Janson,985,728,217,768,40,10,12,Droite,2002,présidentielle
35,62,La Chapelle-Janson,985,728,217,768,40,11,7,Gauche,2002,présidentielle
35,62,La Chapelle-Janson,985,728,217,768,40,12,9,Gauche,2002,présidentielle
35,62,La Chapelle-Janson,985,728,217,768,40,13,78,Droite,2002,présidentielle
35,62,La Chapelle-Janson,985,728,217,768,40,14,33,Extrême Gauche,2002,présidentielle
35,62,La Chapelle-Janson,985,728,217,768,40,15,35,Extrême Gauche,2002,présidentielle
35,63,La Chapelle-Saint-Aubert,294,214,67,227,13,0,3,Extrême Droite,2002,présidentielle
35,63,La Chapelle-Saint-Aubert,294,214,67,227,13,1,7,Centre,2002,présidentielle
35,63,La Chapelle-Saint-Aubert,294,214,67,227,13,2,3,Extrême Gauche,2002,présidentielle
35,63,La Chapelle-Saint-Aubert,294,214,67,227,13,3,12,Centre,2002,présidentielle
35,63,La Chapelle-Saint-Aubert,294,214,67,227,13,4,65,Droite,2002,présidentielle
35,63,La Chapelle-Saint-Aubert,294,214,67,227,13,5,32,Extrême Droite,2002,présidentielle
35,63,La Chapelle-Saint-Aubert,294,214,67,227,13,6,6,Gauche,2002,présidentielle
35,63,La Chapelle-Saint-Aubert,294,214,67,227,13,7,9,Droite,2002,présidentielle
35,63,La Chapelle-Saint-Aubert,294,214,67,227,13,8,11,Écologie,2002,présidentielle
35,63,La Chapelle-Saint-Aubert,294,214,67,227,13,9,20,Gauche,2002,présidentielle
35,63,La Chapelle-Saint-Aubert,294,214,67,227,13,10,3,Droite,2002,présidentielle
35,63,La Chapelle-Saint-Aubert,294,214,67,227,13,11,4,Gauche,2002,présidentielle
35,63,La Chapelle-Saint-Aubert,294,214,67,227,13,12,1,Gauche,2002,présidentielle
35,63,La Chapelle-Saint-Aubert,294,214,67,227,13,13,14,Droite,2002,présidentielle
35,63,La Chapelle-Saint-Aubert,294,214,67,227,13,14,20,Extrême Gauche,2002,présidentielle
35,63,La Chapelle-Saint-Aubert,294,214,67,227,13,15,4,Extrême Gauche,2002,présidentielle
35,64,La Chapelle-de-Brain,741,537,183,558,21,0,4,Extrême Droite,2002,présidentielle
35,64,La Chapelle-de-Brain,741,537,183,558,21,1,6,Centre,2002,présidentielle
35,64,La Chapelle-de-Brain,741,537,183,558,21,2,1,Extrême Gauche,2002,présidentielle
35,64,La Chapelle-de-Brain,741,537,183,558,21,3,35,Centre,2002,présidentielle
35,64,La Chapelle-de-Brain,741,537,183,558,21,4,99,Droite,2002,présidentielle
35,64,La Chapelle-de-Brain,741,537,183,558,21,5,66,Extrême Droite,2002,présidentielle
35,64,La Chapelle-de-Brain,741,537,183,558,21,6,6,Gauche,2002,présidentielle
35,64,La Chapelle-de-Brain,741,537,183,558,21,7,34,Droite,2002,présidentielle
35,64,La Chapelle-de-Brain,741,537,183,558,21,8,21,Écologie,2002,présidentielle
35,64,La Chapelle-de-Brain,741,537,183,558,21,9,78,Gauche,2002,présidentielle
35,64,La Chapelle-de-Brain,741,537,183,558,21,10,4,Droite,2002,présidentielle
35,64,La Chapelle-de-Brain,741,537,183,558,21,11,21,Gauche,2002,présidentielle
35,64,La Chapelle-de-Brain,741,537,183,558,21,12,12,Gauche,2002,présidentielle
35,64,La Chapelle-de-Brain,741,537,183,558,21,13,99,Droite,2002,présidentielle
35,64,La Chapelle-de-Brain,741,537,183,558,21,14,24,Extrême Gauche,2002,présidentielle
35,64,La Chapelle-de-Brain,741,537,183,558,21,15,27,Extrême Gauche,2002,présidentielle
35,65,La Chapelle-Thouarault,1492,1143,308,1184,41,0,10,Extrême Droite,2002,présidentielle
35,65,La Chapelle-Thouarault,1492,1143,308,1184,41,1,26,Centre,2002,présidentielle
35,65,La Chapelle-Thouarault,1492,1143,308,1184,41,2,10,Extrême Gauche,2002,présidentielle
35,65,La Chapelle-Thouarault,1492,1143,308,1184,41,3,64,Centre,2002,présidentielle
35,65,La Chapelle-Thouarault,1492,1143,308,1184,41,4,147,Droite,2002,présidentielle
35,65,La Chapelle-Thouarault,1492,1143,308,1184,41,5,134,Extrême Droite,2002,présidentielle
35,65,La Chapelle-Thouarault,1492,1143,308,1184,41,6,24,Gauche,2002,présidentielle
35,65,La Chapelle-Thouarault,1492,1143,308,1184,41,7,35,Droite,2002,présidentielle
35,65,La Chapelle-Thouarault,1492,1143,308,1184,41,8,97,Écologie,2002,présidentielle
35,65,La Chapelle-Thouarault,1492,1143,308,1184,41,9,234,Gauche,2002,présidentielle
35,65,La Chapelle-Thouarault,1492,1143,308,1184,41,10,8,Droite,2002,présidentielle
35,65,La Chapelle-Thouarault,1492,1143,308,1184,41,11,54,Gauche,2002,présidentielle
35,65,La Chapelle-Thouarault,1492,1143,308,1184,41,12,54,Gauche,2002,présidentielle
35,65,La Chapelle-Thouarault,1492,1143,308,1184,41,13,44,Droite,2002,présidentielle
35,65,La Chapelle-Thouarault,1492,1143,308,1184,41,14,110,Extrême Gauche,2002,présidentielle
35,65,La Chapelle-Thouarault,1492,1143,308,1184,41,15,92,Extrême Gauche,2002,présidentielle
35,66,Chartres-de-Bretagne,5205,3709,1346,3859,150,0,25,Extrême Droite,2002,présidentielle
35,66,Chartres-de-Bretagne,5205,3709,1346,3859,150,1,108,Centre,2002,présidentielle
35,66,Chartres-de-Bretagne,5205,3709,1346,3859,150,2,19,Extrême Gauche,2002,présidentielle
35,66,Chartres-de-Bretagne,5205,3709,1346,3859,150,3,292,Centre,2002,présidentielle
35,66,Chartres-de-Bretagne,5205,3709,1346,3859,150,4,616,Droite,2002,présidentielle
35,66,Chartres-de-Bretagne,5205,3709,1346,3859,150,5,330,Extrême Droite,2002,présidentielle
35,66,Chartres-de-Bretagne,5205,3709,1346,3859,150,6,107,Gauche,2002,présidentielle
35,66,Chartres-de-Bretagne,5205,3709,1346,3859,150,7,59,Droite,2002,présidentielle
35,66,Chartres-de-Bretagne,5205,3709,1346,3859,150,8,300,Écologie,2002,présidentielle
35,66,Chartres-de-Bretagne,5205,3709,1346,3859,150,9,862,Gauche,2002,présidentielle
35,66,Chartres-de-Bretagne,5205,3709,1346,3859,150,10,36,Droite,2002,présidentielle
35,66,Chartres-de-Bretagne,5205,3709,1346,3859,150,11,60,Gauche,2002,présidentielle
35,66,Chartres-de-Bretagne,5205,3709,1346,3859,150,12,213,Gauche,2002,présidentielle
35,66,Chartres-de-Bretagne,5205,3709,1346,3859,150,13,183,Droite,2002,présidentielle
35,66,Chartres-de-Bretagne,5205,3709,1346,3859,150,14,282,Extrême Gauche,2002,présidentielle
35,66,Chartres-de-Bretagne,5205,3709,1346,3859,150,15,217,Extrême Gauche,2002,présidentielle
35,67,Chasné-sur-Illet,842,673,146,696,23,0,4,Extrême Droite,2002,présidentielle
35,67,Chasné-sur-Illet,842,673,146,696,23,1,23,Centre,2002,présidentielle
35,67,Chasné-sur-Illet,842,673,146,696,23,2,4,Extrême Gauche,2002,présidentielle
35,67,Chasné-sur-Illet,842,673,146,696,23,3,46,Centre,2002,présidentielle
35,67,Chasné-sur-Illet,842,673,146,696,23,4,98,Droite,2002,présidentielle
35,67,Chasné-sur-Illet,842,673,146,696,23,5,49,Extrême Droite,2002,présidentielle
35,67,Chasné-sur-Illet,842,673,146,696,23,6,28,Gauche,2002,présidentielle
35,67,Chasné-sur-Illet,842,673,146,696,23,7,30,Droite,2002,présidentielle
35,67,Chasné-sur-Illet,842,673,146,696,23,8,60,Écologie,2002,présidentielle
35,67,Chasné-sur-Illet,842,673,146,696,23,9,137,Gauche,2002,présidentielle
35,67,Chasné-sur-Illet,842,673,146,696,23,10,4,Droite,2002,présidentielle
35,67,Chasné-sur-Illet,842,673,146,696,23,11,16,Gauche,2002,présidentielle
35,67,Chasné-sur-Illet,842,673,146,696,23,12,39,Gauche,2002,présidentielle
35,67,Chasné-sur-Illet,842,673,146,696,23,13,20,Droite,2002,présidentielle
35,67,Chasné-sur-Illet,842,673,146,696,23,14,70,Extrême Gauche,2002,présidentielle
35,67,Chasné-sur-Illet,842,673,146,696,23,15,45,Extrême Gauche,2002,présidentielle
35,68,Châteaubourg,3502,2583,813,2689,106,0,16,Extrême Droite,2002,présidentielle
35,68,Châteaubourg,3502,2583,813,2689,106,1,75,Centre,2002,présidentielle
35,68,Châteaubourg,3502,2583,813,2689,106,2,20,Extrême Gauche,2002,présidentielle
35,68,Châteaubourg,3502,2583,813,2689,106,3,260,Centre,2002,présidentielle
35,68,Châteaubourg,3502,2583,813,2689,106,4,532,Droite,2002,présidentielle
35,68,Châteaubourg,3502,2583,813,2689,106,5,206,Extrême Droite,2002,présidentielle
35,68,Châteaubourg,3502,2583,813,2689,106,6,58,Gauche,2002,présidentielle
35,68,Châteaubourg,3502,2583,813,2689,106,7,85,Droite,2002,présidentielle
35,68,Châteaubourg,3502,2583,813,2689,106,8,239,Écologie,2002,présidentielle
35,68,Châteaubourg,3502,2583,813,2689,106,9,429,Gauche,2002,présidentielle
35,68,Châteaubourg,3502,2583,813,2689,106,10,49,Droite,2002,présidentielle
35,68,Châteaubourg,3502,2583,813,2689,106,11,36,Gauche,2002,présidentielle
35,68,Châteaubourg,3502,2583,813,2689,106,12,100,Gauche,2002,présidentielle
35,68,Châteaubourg,3502,2583,813,2689,106,13,133,Droite,2002,présidentielle
35,68,Châteaubourg,3502,2583,813,2689,106,14,221,Extrême Gauche,2002,présidentielle
35,68,Châteaubourg,3502,2583,813,2689,106,15,124,Extrême Gauche,2002,présidentielle
35,69,Châteaugiron,4132,3024,998,3134,110,0,24,Extrême Droite,2002,présidentielle
35,69,Châteaugiron,4132,3024,998,3134,110,1,86,Centre,2002,présidentielle
35,69,Châteaugiron,4132,3024,998,3134,110,2,12,Extrême Gauche,2002,présidentielle
35,69,Châteaugiron,4132,3024,998,3134,110,3,285,Centre,2002,présidentielle
35,69,Châteaugiron,4132,3024,998,3134,110,4,647,Droite,2002,présidentielle
35,69,Châteaugiron,4132,3024,998,3134,110,5,234,Extrême Droite,2002,présidentielle
35,69,Châteaugiron,4132,3024,998,3134,110,6,73,Gauche,2002,présidentielle
35,69,Châteaugiron,4132,3024,998,3134,110,7,75,Droite,2002,présidentielle
35,69,Châteaugiron,4132,3024,998,3134,110,8,274,Écologie,2002,présidentielle
35,69,Châteaugiron,4132,3024,998,3134,110,9,519,Gauche,2002,présidentielle
35,69,Châteaugiron,4132,3024,998,3134,110,10,50,Droite,2002,présidentielle
35,69,Châteaugiron,4132,3024,998,3134,110,11,51,Gauche,2002,présidentielle
35,69,Châteaugiron,4132,3024,998,3134,110,12,188,Gauche,2002,présidentielle
35,69,Châteaugiron,4132,3024,998,3134,110,13,126,Droite,2002,présidentielle
35,69,Châteaugiron,4132,3024,998,3134,110,14,236,Extrême Gauche,2002,présidentielle
35,69,Châteaugiron,4132,3024,998,3134,110,15,144,Extrême Gauche,2002,présidentielle
35,70,Châteauneuf-d'Ille-et-Vilaine,576,435,121,455,20,0,9,Extrême Droite,2002,présidentielle
35,70,Châteauneuf-d'Ille-et-Vilaine,576,435,121,455,20,1,6,Centre,2002,présidentielle
35,70,Châteauneuf-d'Ille-et-Vilaine,576,435,121,455,20,2,0,Extrême Gauche,2002,présidentielle
35,70,Châteauneuf-d'Ille-et-Vilaine,576,435,121,455,20,3,30,Centre,2002,présidentielle
35,70,Châteauneuf-d'Ille-et-Vilaine,576,435,121,455,20,4,96,Droite,2002,présidentielle
35,70,Châteauneuf-d'Ille-et-Vilaine,576,435,121,455,20,5,45,Extrême Droite,2002,présidentielle
35,70,Châteauneuf-d'Ille-et-Vilaine,576,435,121,455,20,6,16,Gauche,2002,présidentielle
35,70,Châteauneuf-d'Ille-et-Vilaine,576,435,121,455,20,7,25,Droite,2002,présidentielle
35,70,Châteauneuf-d'Ille-et-Vilaine,576,435,121,455,20,8,28,Écologie,2002,présidentielle
35,70,Châteauneuf-d'Ille-et-Vilaine,576,435,121,455,20,9,60,Gauche,2002,présidentielle
35,70,Châteauneuf-d'Ille-et-Vilaine,576,435,121,455,20,10,15,Droite,2002,présidentielle
35,70,Châteauneuf-d'Ille-et-Vilaine,576,435,121,455,20,11,8,Gauche,2002,présidentielle
35,70,Châteauneuf-d'Ille-et-Vilaine,576,435,121,455,20,12,15,Gauche,2002,présidentielle
35,70,Châteauneuf-d'Ille-et-Vilaine,576,435,121,455,20,13,24,Droite,2002,présidentielle
35,70,Châteauneuf-d'Ille-et-Vilaine,576,435,121,455,20,14,34,Extrême Gauche,2002,présidentielle
35,70,Châteauneuf-d'Ille-et-Vilaine,576,435,121,455,20,15,24,Extrême Gauche,2002,présidentielle
35,71,Le Châtellier,293,235,55,238,3,0,2,Extrême Droite,2002,présidentielle
35,71,Le Châtellier,293,235,55,238,3,1,1,Centre,2002,présidentielle
35,71,Le Châtellier,293,235,55,238,3,2,0,Extrême Gauche,2002,présidentielle
35,71,Le Châtellier,293,235,55,238,3,3,27,Centre,2002,présidentielle
35,71,Le Châtellier,293,235,55,238,3,4,75,Droite,2002,présidentielle
35,71,Le Châtellier,293,235,55,238,3,5,30,Extrême Droite,2002,présidentielle
35,71,Le Châtellier,293,235,55,238,3,6,3,Gauche,2002,présidentielle
35,71,Le Châtellier,293,235,55,238,3,7,27,Droite,2002,présidentielle
35,71,Le Châtellier,293,235,55,238,3,8,19,Écologie,2002,présidentielle
35,71,Le Châtellier,293,235,55,238,3,9,12,Gauche,2002,présidentielle
35,71,Le Châtellier,293,235,55,238,3,10,4,Droite,2002,présidentielle
35,71,Le Châtellier,293,235,55,238,3,11,0,Gauche,2002,présidentielle
35,71,Le Châtellier,293,235,55,238,3,12,3,Gauche,2002,présidentielle
35,71,Le Châtellier,293,235,55,238,3,13,13,Droite,2002,présidentielle
35,71,Le Châtellier,293,235,55,238,3,14,10,Extrême Gauche,2002,présidentielle
35,71,Le Châtellier,293,235,55,238,3,15,9,Extrême Gauche,2002,présidentielle
35,72,Châtillon-en-Vendelais,1177,797,334,843,46,0,15,Extrême Droite,2002,présidentielle
35,72,Châtillon-en-Vendelais,1177,797,334,843,46,1,22,Centre,2002,présidentielle
35,72,Châtillon-en-Vendelais,1177,797,334,843,46,2,4,Extrême Gauche,2002,présidentielle
35,72,Châtillon-en-Vendelais,1177,797,334,843,46,3,61,Centre,2002,présidentielle
35,72,Châtillon-en-Vendelais,1177,797,334,843,46,4,282,Droite,2002,présidentielle
35,72,Châtillon-en-Vendelais,1177,797,334,843,46,5,73,Extrême Droite,2002,présidentielle
35,72,Châtillon-en-Vendelais,1177,797,334,843,46,6,9,Gauche,2002,présidentielle
35,72,Châtillon-en-Vendelais,1177,797,334,843,46,7,45,Droite,2002,présidentielle
35,72,Châtillon-en-Vendelais,1177,797,334,843,46,8,36,Écologie,2002,présidentielle
35,72,Châtillon-en-Vendelais,1177,797,334,843,46,9,85,Gauche,2002,présidentielle
35,72,Châtillon-en-Vendelais,1177,797,334,843,46,10,17,Droite,2002,présidentielle
35,72,Châtillon-en-Vendelais,1177,797,334,843,46,11,10,Gauche,2002,présidentielle
35,72,Châtillon-en-Vendelais,1177,797,334,843,46,12,27,Gauche,2002,présidentielle
35,72,Châtillon-en-Vendelais,1177,797,334,843,46,13,41,Droite,2002,présidentielle
35,72,Châtillon-en-Vendelais,1177,797,334,843,46,14,43,Extrême Gauche,2002,présidentielle
35,72,Châtillon-en-Vendelais,1177,797,334,843,46,15,27,Extrême Gauche,2002,présidentielle
35,75,Chauvigné,470,358,96,374,16,0,5,Extrême Droite,2002,présidentielle
35,75,Chauvigné,470,358,96,374,16,1,11,Centre,2002,présidentielle
35,75,Chauvigné,470,358,96,374,16,2,1,Extrême Gauche,2002,présidentielle
35,75,Chauvigné,470,358,96,374,16,3,12,Centre,2002,présidentielle
35,75,Chauvigné,470,358,96,374,16,4,108,Droite,2002,présidentielle
35,75,Chauvigné,470,358,96,374,16,5,45,Extrême Droite,2002,présidentielle
35,75,Chauvigné,470,358,96,374,16,6,8,Gauche,2002,présidentielle
35,75,Chauvigné,470,358,96,374,16,7,26,Droite,2002,présidentielle
35,75,Chauvigné,470,358,96,374,16,8,10,Écologie,2002,présidentielle
35,75,Chauvigné,470,358,96,374,16,9,51,Gauche,2002,présidentielle
35,75,Chauvigné,470,358,96,374,16,10,6,Droite,2002,présidentielle
35,75,Chauvigné,470,358,96,374,16,11,2,Gauche,2002,présidentielle
35,75,Chauvigné,470,358,96,374,16,12,7,Gauche,2002,présidentielle
35,75,Chauvigné,470,358,96,374,16,13,16,Droite,2002,présidentielle
35,75,Chauvigné,470,358,96,374,16,14,35,Extrême Gauche,2002,présidentielle
35,75,Chauvigné,470,358,96,374,16,15,15,Extrême Gauche,2002,présidentielle
35,76,Chavagne,2560,1901,577,1983,82,0,24,Extrême Droite,2002,présidentielle
35,76,Chavagne,2560,1901,577,1983,82,1,47,Centre,2002,présidentielle
35,76,Chavagne,2560,1901,577,1983,82,2,8,Extrême Gauche,2002,présidentielle
35,76,Chavagne,2560,1901,577,1983,82,3,169,Centre,2002,présidentielle
35,76,Chavagne,2560,1901,577,1983,82,4,358,Droite,2002,présidentielle
35,76,Chavagne,2560,1901,577,1983,82,5,173,Extrême Droite,2002,présidentielle
35,76,Chavagne,2560,1901,577,1983,82,6,53,Gauche,2002,présidentielle
35,76,Chavagne,2560,1901,577,1983,82,7,51,Droite,2002,présidentielle
35,76,Chavagne,2560,1901,577,1983,82,8,144,Écologie,2002,présidentielle
35,76,Chavagne,2560,1901,577,1983,82,9,351,Gauche,2002,présidentielle
35,76,Chavagne,2560,1901,577,1983,82,10,24,Droite,2002,présidentielle
35,76,Chavagne,2560,1901,577,1983,82,11,35,Gauche,2002,présidentielle
35,76,Chavagne,2560,1901,577,1983,82,12,80,Gauche,2002,présidentielle
35,76,Chavagne,2560,1901,577,1983,82,13,84,Droite,2002,présidentielle
35,76,Chavagne,2560,1901,577,1983,82,14,168,Extrême Gauche,2002,présidentielle
35,76,Chavagne,2560,1901,577,1983,82,15,132,Extrême Gauche,2002,présidentielle
35,77,Chelun,211,167,34,177,10,0,1,Extrême Droite,2002,présidentielle
35,77,Chelun,211,167,34,177,10,1,4,Centre,2002,présidentielle
35,77,Chelun,211,167,34,177,10,2,0,Extrême Gauche,2002,présidentielle
35,77,Chelun,211,167,34,177,10,3,16,Centre,2002,présidentielle
35,77,Chelun,211,167,34,177,10,4,63,Droite,2002,présidentielle
35,77,Chelun,211,167,34,177,10,5,23,Extrême Droite,2002,présidentielle
35,77,Chelun,211,167,34,177,10,6,7,Gauche,2002,présidentielle
35,77,Chelun,211,167,34,177,10,7,12,Droite,2002,présidentielle
35,77,Chelun,211,167,34,177,10,8,4,Écologie,2002,présidentielle
35,77,Chelun,211,167,34,177,10,9,17,Gauche,2002,présidentielle
35,77,Chelun,211,167,34,177,10,10,0,Droite,2002,présidentielle
35,77,Chelun,211,167,34,177,10,11,0,Gauche,2002,présidentielle
35,77,Chelun,211,167,34,177,10,12,7,Gauche,2002,présidentielle
35,77,Chelun,211,167,34,177,10,13,5,Droite,2002,présidentielle
35,77,Chelun,211,167,34,177,10,14,5,Extrême Gauche,2002,présidentielle
35,77,Chelun,211,167,34,177,10,15,3,Extrême Gauche,2002,présidentielle
35,78,Cherrueix,863,608,229,634,26,0,10,Extrême Droite,2002,présidentielle
35,78,Cherrueix,863,608,229,634,26,1,11,Centre,2002,présidentielle
35,78,Cherrueix,863,608,229,634,26,2,2,Extrême Gauche,2002,présidentielle
35,78,Cherrueix,863,608,229,634,26,3,23,Centre,2002,présidentielle
35,78,Cherrueix,863,608,229,634,26,4,151,Droite,2002,présidentielle
35,78,Cherrueix,863,608,229,634,26,5,94,Extrême Droite,2002,présidentielle
35,78,Cherrueix,863,608,229,634,26,6,8,Gauche,2002,présidentielle
35,78,Cherrueix,863,608,229,634,26,7,71,Droite,2002,présidentielle
35,78,Cherrueix,863,608,229,634,26,8,18,Écologie,2002,présidentielle
35,78,Cherrueix,863,608,229,634,26,9,95,Gauche,2002,présidentielle
35,78,Cherrueix,863,608,229,634,26,10,5,Droite,2002,présidentielle
35,78,Cherrueix,863,608,229,634,26,11,6,Gauche,2002,présidentielle
35,78,Cherrueix,863,608,229,634,26,12,24,Gauche,2002,présidentielle
35,78,Cherrueix,863,608,229,634,26,13,24,Droite,2002,présidentielle
35,78,Cherrueix,863,608,229,634,26,14,42,Extrême Gauche,2002,présidentielle
35,78,Cherrueix,863,608,229,634,26,15,24,Extrême Gauche,2002,présidentielle
35,79,Chevaigné,1152,929,192,960,31,0,10,Extrême Droite,2002,présidentielle
35,79,Chevaigné,1152,929,192,960,31,1,22,Centre,2002,présidentielle
35,79,Chevaigné,1152,929,192,960,31,2,2,Extrême Gauche,2002,présidentielle
35,79,Chevaigné,1152,929,192,960,31,3,95,Centre,2002,présidentielle
35,79,Chevaigné,1152,929,192,960,31,4,149,Droite,2002,présidentielle
35,79,Chevaigné,1152,929,192,960,31,5,97,Extrême Droite,2002,présidentielle
35,79,Chevaigné,1152,929,192,960,31,6,20,Gauche,2002,présidentielle
35,79,Chevaigné,1152,929,192,960,31,7,26,Droite,2002,présidentielle
35,79,Chevaigné,1152,929,192,960,31,8,78,Écologie,2002,présidentielle
35,79,Chevaigné,1152,929,192,960,31,9,172,Gauche,2002,présidentielle
35,79,Chevaigné,1152,929,192,960,31,10,17,Droite,2002,présidentielle
35,79,Chevaigné,1152,929,192,960,31,11,25,Gauche,2002,présidentielle
35,79,Chevaigné,1152,929,192,960,31,12,41,Gauche,2002,présidentielle
35,79,Chevaigné,1152,929,192,960,31,13,49,Droite,2002,présidentielle
35,79,Chevaigné,1152,929,192,960,31,14,71,Extrême Gauche,2002,présidentielle
35,79,Chevaigné,1152,929,192,960,31,15,55,Extrême Gauche,2002,présidentielle
35,80,Cintré,1111,905,174,937,32,0,9,Extrême Droite,2002,présidentielle
35,80,Cintré,1111,905,174,937,32,1,19,Centre,2002,présidentielle
35,80,Cintré,1111,905,174,937,32,2,4,Extrême Gauche,2002,présidentielle
35,80,Cintré,1111,905,174,937,32,3,69,Centre,2002,présidentielle
35,80,Cintré,1111,905,174,937,32,4,151,Droite,2002,présidentielle
35,80,Cintré,1111,905,174,937,32,5,75,Extrême Droite,2002,présidentielle
35,80,Cintré,1111,905,174,937,32,6,20,Gauche,2002,présidentielle
35,80,Cintré,1111,905,174,937,32,7,19,Droite,2002,présidentielle
35,80,Cintré,1111,905,174,937,32,8,91,Écologie,2002,présidentielle
35,80,Cintré,1111,905,174,937,32,9,191,Gauche,2002,présidentielle
35,80,Cintré,1111,905,174,937,32,10,6,Droite,2002,présidentielle
35,80,Cintré,1111,905,174,937,32,11,23,Gauche,2002,présidentielle
35,80,Cintré,1111,905,174,937,32,12,35,Gauche,2002,présidentielle
35,80,Cintré,1111,905,174,937,32,13,46,Droite,2002,présidentielle
35,80,Cintré,1111,905,174,937,32,14,91,Extrême Gauche,2002,présidentielle
35,80,Cintré,1111,905,174,937,32,15,56,Extrême Gauche,2002,présidentielle
35,81,Clayes,454,358,85,369,11,0,2,Extrême Droite,2002,présidentielle
35,81,Clayes,454,358,85,369,11,1,12,Centre,2002,présidentielle
35,81,Clayes,454,358,85,369,11,2,0,Extrême Gauche,2002,présidentielle
35,81,Clayes,454,358,85,369,11,3,23,Centre,2002,présidentielle
35,81,Clayes,454,358,85,369,11,4,47,Droite,2002,présidentielle
35,81,Clayes,454,358,85,369,11,5,32,Extrême Droite,2002,présidentielle
35,81,Clayes,454,358,85,369,11,6,6,Gauche,2002,présidentielle
35,81,Clayes,454,358,85,369,11,7,5,Droite,2002,présidentielle
35,81,Clayes,454,358,85,369,11,8,34,Écologie,2002,présidentielle
35,81,Clayes,454,358,85,369,11,9,92,Gauche,2002,présidentielle
35,81,Clayes,454,358,85,369,11,10,8,Droite,2002,présidentielle
35,81,Clayes,454,358,85,369,11,11,10,Gauche,2002,présidentielle
35,81,Clayes,454,358,85,369,11,12,20,Gauche,2002,présidentielle
35,81,Clayes,454,358,85,369,11,13,9,Droite,2002,présidentielle
35,81,Clayes,454,358,85,369,11,14,34,Extrême Gauche,2002,présidentielle
35,81,Clayes,454,358,85,369,11,15,24,Extrême Gauche,2002,présidentielle
35,82,Coësmes,817,549,235,582,33,0,2,Extrême Droite,2002,présidentielle
35,82,Coësmes,817,549,235,582,33,1,9,Centre,2002,présidentielle
35,82,Coësmes,817,549,235,582,33,2,4,Extrême Gauche,2002,présidentielle
35,82,Coësmes,817,549,235,582,33,3,37,Centre,2002,présidentielle
35,82,Coësmes,817,549,235,582,33,4,145,Droite,2002,présidentielle
35,82,Coësmes,817,549,235,582,33,5,54,Extrême Droite,2002,présidentielle
35,82,Coësmes,817,549,235,582,33,6,2,Gauche,2002,présidentielle
35,82,Coësmes,817,549,235,582,33,7,35,Droite,2002,présidentielle
35,82,Coësmes,817,549,235,582,33,8,11,Écologie,2002,présidentielle
35,82,Coësmes,817,549,235,582,33,9,106,Gauche,2002,présidentielle
35,82,Coësmes,817,549,235,582,33,10,16,Droite,2002,présidentielle
35,82,Coësmes,817,549,235,582,33,11,12,Gauche,2002,présidentielle
35,82,Coësmes,817,549,235,582,33,12,18,Gauche,2002,présidentielle
35,82,Coësmes,817,549,235,582,33,13,40,Droite,2002,présidentielle
35,82,Coësmes,817,549,235,582,33,14,28,Extrême Gauche,2002,présidentielle
35,82,Coësmes,817,549,235,582,33,15,30,Extrême Gauche,2002,présidentielle
35,83,Coglès,470,339,111,359,20,0,1,Extrême Droite,2002,présidentielle
35,83,Coglès,470,339,111,359,20,1,6,Centre,2002,présidentielle
35,83,Coglès,470,339,111,359,20,2,0,Extrême Gauche,2002,présidentielle
35,83,Coglès,470,339,111,359,20,3,20,Centre,2002,présidentielle
35,83,Coglès,470,339,111,359,20,4,91,Droite,2002,présidentielle
35,83,Coglès,470,339,111,359,20,5,37,Extrême Droite,2002,présidentielle
35,83,Coglès,470,339,111,359,20,6,5,Gauche,2002,présidentielle
35,83,Coglès,470,339,111,359,20,7,26,Droite,2002,présidentielle
35,83,Coglès,470,339,111,359,20,8,6,Écologie,2002,présidentielle
35,83,Coglès,470,339,111,359,20,9,75,Gauche,2002,présidentielle
35,83,Coglès,470,339,111,359,20,10,3,Droite,2002,présidentielle
35,83,Coglès,470,339,111,359,20,11,2,Gauche,2002,présidentielle
35,83,Coglès,470,339,111,359,20,12,12,Gauche,2002,présidentielle
35,83,Coglès,470,339,111,359,20,13,21,Droite,2002,présidentielle
35,83,Coglès,470,339,111,359,20,14,15,Extrême Gauche,2002,présidentielle
35,83,Coglès,470,339,111,359,20,15,19,Extrême Gauche,2002,présidentielle
35,84,Comblessac,431,339,81,350,11,0,2,Extrême Droite,2002,présidentielle
35,84,Comblessac,431,339,81,350,11,1,2,Centre,2002,présidentielle
35,84,Comblessac,431,339,81,350,11,2,1,Extrême Gauche,2002,présidentielle
35,84,Comblessac,431,339,81,350,11,3,28,Centre,2002,présidentielle
35,84,Comblessac,431,339,81,350,11,4,80,Droite,2002,présidentielle
35,84,Comblessac,431,339,81,350,11,5,40,Extrême Droite,2002,présidentielle
35,84,Comblessac,431,339,81,350,11,6,7,Gauche,2002,présidentielle
35,84,Comblessac,431,339,81,350,11,7,25,Droite,2002,présidentielle
35,84,Comblessac,431,339,81,350,11,8,11,Écologie,2002,présidentielle
35,84,Comblessac,431,339,81,350,11,9,45,Gauche,2002,présidentielle
35,84,Comblessac,431,339,81,350,11,10,7,Droite,2002,présidentielle
35,84,Comblessac,431,339,81,350,11,11,3,Gauche,2002,présidentielle
35,84,Comblessac,431,339,81,350,11,12,6,Gauche,2002,présidentielle
35,84,Comblessac,431,339,81,350,11,13,56,Droite,2002,présidentielle
35,84,Comblessac,431,339,81,350,11,14,17,Extrême Gauche,2002,présidentielle
35,84,Comblessac,431,339,81,350,11,15,9,Extrême Gauche,2002,présidentielle
35,85,Combourg,3829,2694,1024,2805,111,0,28,Extrême Droite,2002,présidentielle
35,85,Combourg,3829,2694,1024,2805,111,1,40,Centre,2002,présidentielle
35,85,Combourg,3829,2694,1024,2805,111,2,12,Extrême Gauche,2002,présidentielle
35,85,Combourg,3829,2694,1024,2805,111,3,193,Centre,2002,présidentielle
35,85,Combourg,3829,2694,1024,2805,111,4,710,Droite,2002,présidentielle
35,85,Combourg,3829,2694,1024,2805,111,5,251,Extrême Droite,2002,présidentielle
35,85,Combourg,3829,2694,1024,2805,111,6,46,Gauche,2002,présidentielle
35,85,Combourg,3829,2694,1024,2805,111,7,134,Droite,2002,présidentielle
35,85,Combourg,3829,2694,1024,2805,111,8,131,Écologie,2002,présidentielle
35,85,Combourg,3829,2694,1024,2805,111,9,537,Gauche,2002,présidentielle
35,85,Combourg,3829,2694,1024,2805,111,10,41,Droite,2002,présidentielle
35,85,Combourg,3829,2694,1024,2805,111,11,51,Gauche,2002,présidentielle
35,85,Combourg,3829,2694,1024,2805,111,12,84,Gauche,2002,présidentielle
35,85,Combourg,3829,2694,1024,2805,111,13,111,Droite,2002,présidentielle
35,85,Combourg,3829,2694,1024,2805,111,14,191,Extrême Gauche,2002,présidentielle
35,85,Combourg,3829,2694,1024,2805,111,15,134,Extrême Gauche,2002,présidentielle
35,86,Combourtillé,342,265,61,281,16,0,7,Extrême Droite,2002,présidentielle
35,86,Combourtillé,342,265,61,281,16,1,3,Centre,2002,présidentielle
35,86,Combourtillé,342,265,61,281,16,2,3,Extrême Gauche,2002,présidentielle
35,86,Combourtillé,342,265,61,281,16,3,34,Centre,2002,présidentielle
35,86,Combourtillé,342,265,61,281,16,4,81,Droite,2002,présidentielle
35,86,Combourtillé,342,265,61,281,16,5,31,Extrême Droite,2002,présidentielle
35,86,Combourtillé,342,265,61,281,16,6,4,Gauche,2002,présidentielle
35,86,Combourtillé,342,265,61,281,16,7,14,Droite,2002,présidentielle
35,86,Combourtillé,342,265,61,281,16,8,11,Écologie,2002,présidentielle
35,86,Combourtillé,342,265,61,281,16,9,18,Gauche,2002,présidentielle
35,86,Combourtillé,342,265,61,281,16,10,1,Droite,2002,présidentielle
35,86,Combourtillé,342,265,61,281,16,11,3,Gauche,2002,présidentielle
35,86,Combourtillé,342,265,61,281,16,12,4,Gauche,2002,présidentielle
35,86,Combourtillé,342,265,61,281,16,13,13,Droite,2002,présidentielle
35,86,Combourtillé,342,265,61,281,16,14,27,Extrême Gauche,2002,présidentielle
35,86,Combourtillé,342,265,61,281,16,15,11,Extrême Gauche,2002,présidentielle
35,87,Cornillé,528,410,97,431,21,0,11,Extrême Droite,2002,présidentielle
35,87,Cornillé,528,410,97,431,21,1,6,Centre,2002,présidentielle
35,87,Cornillé,528,410,97,431,21,2,0,Extrême Gauche,2002,présidentielle
35,87,Cornillé,528,410,97,431,21,3,40,Centre,2002,présidentielle
35,87,Cornillé,528,410,97,431,21,4,92,Droite,2002,présidentielle
35,87,Cornillé,528,410,97,431,21,5,40,Extrême Droite,2002,présidentielle
35,87,Cornillé,528,410,97,431,21,6,8,Gauche,2002,présidentielle
35,87,Cornillé,528,410,97,431,21,7,33,Droite,2002,présidentielle
35,87,Cornillé,528,410,97,431,21,8,30,Écologie,2002,présidentielle
35,87,Cornillé,528,410,97,431,21,9,29,Gauche,2002,présidentielle
35,87,Cornillé,528,410,97,431,21,10,10,Droite,2002,présidentielle
35,87,Cornillé,528,410,97,431,21,11,1,Gauche,2002,présidentielle
35,87,Cornillé,528,410,97,431,21,12,11,Gauche,2002,présidentielle
35,87,Cornillé,528,410,97,431,21,13,45,Droite,2002,présidentielle
35,87,Cornillé,528,410,97,431,21,14,41,Extrême Gauche,2002,présidentielle
35,87,Cornillé,528,410,97,431,21,15,13,Extrême Gauche,2002,présidentielle
35,88,Corps-Nuds,1737,1299,394,1343,44,0,17,Extrême Droite,2002,présidentielle
35,88,Corps-Nuds,1737,1299,394,1343,44,1,38,Centre,2002,présidentielle
35,88,Corps-Nuds,1737,1299,394,1343,44,2,8,Extrême Gauche,2002,présidentielle
35,88,Corps-Nuds,1737,1299,394,1343,44,3,94,Centre,2002,présidentielle
35,88,Corps-Nuds,1737,1299,394,1343,44,4,239,Droite,2002,présidentielle
35,88,Corps-Nuds,1737,1299,394,1343,44,5,128,Extrême Droite,2002,présidentielle
35,88,Corps-Nuds,1737,1299,394,1343,44,6,39,Gauche,2002,présidentielle
35,88,Corps-Nuds,1737,1299,394,1343,44,7,40,Droite,2002,présidentielle
35,88,Corps-Nuds,1737,1299,394,1343,44,8,103,Écologie,2002,présidentielle
35,88,Corps-Nuds,1737,1299,394,1343,44,9,242,Gauche,2002,présidentielle
35,88,Corps-Nuds,1737,1299,394,1343,44,10,14,Droite,2002,présidentielle
35,88,Corps-Nuds,1737,1299,394,1343,44,11,43,Gauche,2002,présidentielle
35,88,Corps-Nuds,1737,1299,394,1343,44,12,53,Gauche,2002,présidentielle
35,88,Corps-Nuds,1737,1299,394,1343,44,13,49,Droite,2002,présidentielle
35,88,Corps-Nuds,1737,1299,394,1343,44,14,106,Extrême Gauche,2002,présidentielle
35,88,Corps-Nuds,1737,1299,394,1343,44,15,86,Extrême Gauche,2002,présidentielle
35,89,La Couyère,304,224,69,235,11,0,3,Extrême Droite,2002,présidentielle
35,89,La Couyère,304,224,69,235,11,1,5,Centre,2002,présidentielle
35,89,La Couyère,304,224,69,235,11,2,1,Extrême Gauche,2002,présidentielle
35,89,La Couyère,304,224,69,235,11,3,8,Centre,2002,présidentielle
35,89,La Couyère,304,224,69,235,11,4,47,Droite,2002,présidentielle
35,89,La Couyère,304,224,69,235,11,5,33,Extrême Droite,2002,présidentielle
35,89,La Couyère,304,224,69,235,11,6,6,Gauche,2002,présidentielle
35,89,La Couyère,304,224,69,235,11,7,6,Droite,2002,présidentielle
35,89,La Couyère,304,224,69,235,11,8,9,Écologie,2002,présidentielle
35,89,La Couyère,304,224,69,235,11,9,41,Gauche,2002,présidentielle
35,89,La Couyère,304,224,69,235,11,10,9,Droite,2002,présidentielle
35,89,La Couyère,304,224,69,235,11,11,1,Gauche,2002,présidentielle
35,89,La Couyère,304,224,69,235,11,12,11,Gauche,2002,présidentielle
35,89,La Couyère,304,224,69,235,11,13,20,Droite,2002,présidentielle
35,89,La Couyère,304,224,69,235,11,14,11,Extrême Gauche,2002,présidentielle
35,89,La Couyère,304,224,69,235,11,15,13,Extrême Gauche,2002,présidentielle
35,90,Crévin,1248,955,254,994,39,0,10,Extrême Droite,2002,présidentielle
35,90,Crévin,1248,955,254,994,39,1,30,Centre,2002,présidentielle
35,90,Crévin,1248,955,254,994,39,2,6,Extrême Gauche,2002,présidentielle
35,90,Crévin,1248,955,254,994,39,3,63,Centre,2002,présidentielle
35,90,Crévin,1248,955,254,994,39,4,169,Droite,2002,présidentielle
35,90,Crévin,1248,955,254,994,39,5,138,Extrême Droite,2002,présidentielle
35,90,Crévin,1248,955,254,994,39,6,22,Gauche,2002,présidentielle
35,90,Crévin,1248,955,254,994,39,7,25,Droite,2002,présidentielle
35,90,Crévin,1248,955,254,994,39,8,67,Écologie,2002,présidentielle
35,90,Crévin,1248,955,254,994,39,9,129,Gauche,2002,présidentielle
35,90,Crévin,1248,955,254,994,39,10,4,Droite,2002,présidentielle
35,90,Crévin,1248,955,254,994,39,11,19,Gauche,2002,présidentielle
35,90,Crévin,1248,955,254,994,39,12,28,Gauche,2002,présidentielle
35,90,Crévin,1248,955,254,994,39,13,67,Droite,2002,présidentielle
35,90,Crévin,1248,955,254,994,39,14,97,Extrême Gauche,2002,présidentielle
35,90,Crévin,1248,955,254,994,39,15,81,Extrême Gauche,2002,présidentielle
35,91,Le Crouais,281,203,64,217,14,0,3,Extrême Droite,2002,présidentielle
35,91,Le Crouais,281,203,64,217,14,1,4,Centre,2002,présidentielle
35,91,Le Crouais,281,203,64,217,14,2,3,Extrême Gauche,2002,présidentielle
35,91,Le Crouais,281,203,64,217,14,3,11,Centre,2002,présidentielle
35,91,Le Crouais,281,203,64,217,14,4,30,Droite,2002,présidentielle
35,91,Le Crouais,281,203,64,217,14,5,38,Extrême Droite,2002,présidentielle
35,91,Le Crouais,281,203,64,217,14,6,1,Gauche,2002,présidentielle
35,91,Le Crouais,281,203,64,217,14,7,15,Droite,2002,présidentielle
35,91,Le Crouais,281,203,64,217,14,8,9,Écologie,2002,présidentielle
35,91,Le Crouais,281,203,64,217,14,9,32,Gauche,2002,présidentielle
35,91,Le Crouais,281,203,64,217,14,10,4,Droite,2002,présidentielle
35,91,Le Crouais,281,203,64,217,14,11,8,Gauche,2002,présidentielle
35,91,Le Crouais,281,203,64,217,14,12,4,Gauche,2002,présidentielle
35,91,Le Crouais,281,203,64,217,14,13,11,Droite,2002,présidentielle
35,91,Le Crouais,281,203,64,217,14,14,20,Extrême Gauche,2002,présidentielle
35,91,Le Crouais,281,203,64,217,14,15,10,Extrême Gauche,2002,présidentielle
35,92,Cuguen,556,399,138,418,19,0,7,Extrême Droite,2002,présidentielle
35,92,Cuguen,556,399,138,418,19,1,1,Centre,2002,présidentielle
35,92,Cuguen,556,399,138,418,19,2,4,Extrême Gauche,2002,présidentielle
35,92,Cuguen,556,399,138,418,19,3,19,Centre,2002,présidentielle
35,92,Cuguen,556,399,138,418,19,4,89,Droite,2002,présidentielle
35,92,Cuguen,556,399,138,418,19,5,43,Extrême Droite,2002,présidentielle
35,92,Cuguen,556,399,138,418,19,6,8,Gauche,2002,présidentielle
35,92,Cuguen,556,399,138,418,19,7,23,Droite,2002,présidentielle
35,92,Cuguen,556,399,138,418,19,8,9,Écologie,2002,présidentielle
35,92,Cuguen,556,399,138,418,19,9,91,Gauche,2002,présidentielle
35,92,Cuguen,556,399,138,418,19,10,7,Droite,2002,présidentielle
35,92,Cuguen,556,399,138,418,19,11,19,Gauche,2002,présidentielle
35,92,Cuguen,556,399,138,418,19,12,5,Gauche,2002,présidentielle
35,92,Cuguen,556,399,138,418,19,13,18,Droite,2002,présidentielle
35,92,Cuguen,556,399,138,418,19,14,32,Extrême Gauche,2002,présidentielle
35,92,Cuguen,556,399,138,418,19,15,24,Extrême Gauche,2002,présidentielle
35,93,Dinard,8441,6043,2250,6191,148,0,92,Extrême Droite,2002,présidentielle
35,93,Dinard,8441,6043,2250,6191,148,1,124,Centre,2002,présidentielle
35,93,Dinard,8441,6043,2250,6191,148,2,15,Extrême Gauche,2002,présidentielle
35,93,Dinard,8441,6043,2250,6191,148,3,463,Centre,2002,présidentielle
35,93,Dinard,8441,6043,2250,6191,148,4,1647,Droite,2002,présidentielle
35,93,Dinard,8441,6043,2250,6191,148,5,843,Extrême Droite,2002,présidentielle
35,93,Dinard,8441,6043,2250,6191,148,6,86,Gauche,2002,présidentielle
35,93,Dinard,8441,6043,2250,6191,148,7,123,Droite,2002,présidentielle
35,93,Dinard,8441,6043,2250,6191,148,8,314,Écologie,2002,présidentielle
35,93,Dinard,8441,6043,2250,6191,148,9,931,Gauche,2002,présidentielle
35,93,Dinard,8441,6043,2250,6191,148,10,99,Droite,2002,présidentielle
35,93,Dinard,8441,6043,2250,6191,148,11,143,Gauche,2002,présidentielle
35,93,Dinard,8441,6043,2250,6191,148,12,357,Gauche,2002,présidentielle
35,93,Dinard,8441,6043,2250,6191,148,13,298,Droite,2002,présidentielle
35,93,Dinard,8441,6043,2250,6191,148,14,288,Extrême Gauche,2002,présidentielle
35,93,Dinard,8441,6043,2250,6191,148,15,220,Extrême Gauche,2002,présidentielle
35,94,Dingé,1019,765,217,802,37,0,9,Extrême Droite,2002,présidentielle
35,94,Dingé,1019,765,217,802,37,1,6,Centre,2002,présidentielle
35,94,Dingé,1019,765,217,802,37,2,8,Extrême Gauche,2002,présidentielle
35,94,Dingé,1019,765,217,802,37,3,26,Centre,2002,présidentielle
35,94,Dingé,1019,765,217,802,37,4,165,Droite,2002,présidentielle
35,94,Dingé,1019,765,217,802,37,5,69,Extrême Droite,2002,présidentielle
35,94,Dingé,1019,765,217,802,37,6,9,Gauche,2002,présidentielle
35,94,Dingé,1019,765,217,802,37,7,54,Droite,2002,présidentielle
35,94,Dingé,1019,765,217,802,37,8,49,Écologie,2002,présidentielle
35,94,Dingé,1019,765,217,802,37,9,190,Gauche,2002,présidentielle
35,94,Dingé,1019,765,217,802,37,10,4,Droite,2002,présidentielle
35,94,Dingé,1019,765,217,802,37,11,22,Gauche,2002,présidentielle
35,94,Dingé,1019,765,217,802,37,12,30,Gauche,2002,présidentielle
35,94,Dingé,1019,765,217,802,37,13,33,Droite,2002,présidentielle
35,94,Dingé,1019,765,217,802,37,14,51,Extrême Gauche,2002,présidentielle
35,94,Dingé,1019,765,217,802,37,15,40,Extrême Gauche,2002,présidentielle
35,95,Dol-de-Bretagne,3261,2283,881,2380,97,0,29,Extrême Droite,2002,présidentielle
35,95,Dol-de-Bretagne,3261,2283,881,2380,97,1,56,Centre,2002,présidentielle
35,95,Dol-de-Bretagne,3261,2283,881,2380,97,2,8,Extrême Gauche,2002,présidentielle
35,95,Dol-de-Bretagne,3261,2283,881,2380,97,3,163,Centre,2002,présidentielle
35,95,Dol-de-Bretagne,3261,2283,881,2380,97,4,549,Droite,2002,présidentielle
35,95,Dol-de-Bretagne,3261,2283,881,2380,97,5,271,Extrême Droite,2002,présidentielle
35,95,Dol-de-Bretagne,3261,2283,881,2380,97,6,45,Gauche,2002,présidentielle
35,95,Dol-de-Bretagne,3261,2283,881,2380,97,7,98,Droite,2002,présidentielle
35,95,Dol-de-Bretagne,3261,2283,881,2380,97,8,112,Écologie,2002,présidentielle
35,95,Dol-de-Bretagne,3261,2283,881,2380,97,9,457,Gauche,2002,présidentielle
35,95,Dol-de-Bretagne,3261,2283,881,2380,97,10,43,Droite,2002,présidentielle
35,95,Dol-de-Bretagne,3261,2283,881,2380,97,11,45,Gauche,2002,présidentielle
35,95,Dol-de-Bretagne,3261,2283,881,2380,97,12,77,Gauche,2002,présidentielle
35,95,Dol-de-Bretagne,3261,2283,881,2380,97,13,96,Droite,2002,présidentielle
35,95,Dol-de-Bretagne,3261,2283,881,2380,97,14,143,Extrême Gauche,2002,présidentielle
35,95,Dol-de-Bretagne,3261,2283,881,2380,97,15,91,Extrême Gauche,2002,présidentielle
35,96,Domagné,1319,1003,281,1038,35,0,6,Extrême Droite,2002,présidentielle
35,96,Domagné,1319,1003,281,1038,35,1,21,Centre,2002,présidentielle
35,96,Domagné,1319,1003,281,1038,35,2,5,Extrême Gauche,2002,présidentielle
35,96,Domagné,1319,1003,281,1038,35,3,114,Centre,2002,présidentielle
35,96,Domagné,1319,1003,281,1038,35,4,243,Droite,2002,présidentielle
35,96,Domagné,1319,1003,281,1038,35,5,88,Extrême Droite,2002,présidentielle
35,96,Domagné,1319,1003,281,1038,35,6,19,Gauche,2002,présidentielle
35,96,Domagné,1319,1003,281,1038,35,7,51,Droite,2002,présidentielle
35,96,Domagné,1319,1003,281,1038,35,8,89,Écologie,2002,présidentielle
35,96,Domagné,1319,1003,281,1038,35,9,102,Gauche,2002,présidentielle
35,96,Domagné,1319,1003,281,1038,35,10,23,Droite,2002,présidentielle
35,96,Domagné,1319,1003,281,1038,35,11,29,Gauche,2002,présidentielle
35,96,Domagné,1319,1003,281,1038,35,12,30,Gauche,2002,présidentielle
35,96,Domagné,1319,1003,281,1038,35,13,57,Droite,2002,présidentielle
35,96,Domagné,1319,1003,281,1038,35,14,75,Extrême Gauche,2002,présidentielle
35,96,Domagné,1319,1003,281,1038,35,15,51,Extrême Gauche,2002,présidentielle
35,97,Domalain,1124,800,268,856,56,0,9,Extrême Droite,2002,présidentielle
35,97,Domalain,1124,800,268,856,56,1,8,Centre,2002,présidentielle
35,97,Domalain,1124,800,268,856,56,2,7,Extrême Gauche,2002,présidentielle
35,97,Domalain,1124,800,268,856,56,3,80,Centre,2002,présidentielle
35,97,Domalain,1124,800,268,856,56,4,309,Droite,2002,présidentielle
35,97,Domalain,1124,800,268,856,56,5,70,Extrême Droite,2002,présidentielle
35,97,Domalain,1124,800,268,856,56,6,11,Gauche,2002,présidentielle
35,97,Domalain,1124,800,268,856,56,7,36,Droite,2002,présidentielle
35,97,Domalain,1124,800,268,856,56,8,18,Écologie,2002,présidentielle
35,97,Domalain,1124,800,268,856,56,9,75,Gauche,2002,présidentielle
35,97,Domalain,1124,800,268,856,56,10,12,Droite,2002,présidentielle
35,97,Domalain,1124,800,268,856,56,11,11,Gauche,2002,présidentielle
35,97,Domalain,1124,800,268,856,56,12,12,Gauche,2002,présidentielle
35,97,Domalain,1124,800,268,856,56,13,43,Droite,2002,présidentielle
35,97,Domalain,1124,800,268,856,56,14,50,Extrême Gauche,2002,présidentielle
35,97,Domalain,1124,800,268,856,56,15,49,Extrême Gauche,2002,présidentielle
35,98,La Dominelais,773,566,193,580,14,0,7,Extrême Droite,2002,présidentielle
35,98,La Dominelais,773,566,193,580,14,1,12,Centre,2002,présidentielle
35,98,La Dominelais,773,566,193,580,14,2,0,Extrême Gauche,2002,présidentielle
35,98,La Dominelais,773,566,193,580,14,3,37,Centre,2002,présidentielle
35,98,La Dominelais,773,566,193,580,14,4,107,Droite,2002,présidentielle
35,98,La Dominelais,773,566,193,580,14,5,86,Extrême Droite,2002,présidentielle
35,98,La Dominelais,773,566,193,580,14,6,5,Gauche,2002,présidentielle
35,98,La Dominelais,773,566,193,580,14,7,47,Droite,2002,présidentielle
35,98,La Dominelais,773,566,193,580,14,8,28,Écologie,2002,présidentielle
35,98,La Dominelais,773,566,193,580,14,9,71,Gauche,2002,présidentielle
35,98,La Dominelais,773,566,193,580,14,10,10,Droite,2002,présidentielle
35,98,La Dominelais,773,566,193,580,14,11,5,Gauche,2002,présidentielle
35,98,La Dominelais,773,566,193,580,14,12,23,Gauche,2002,présidentielle
35,98,La Dominelais,773,566,193,580,14,13,67,Droite,2002,présidentielle
35,98,La Dominelais,773,566,193,580,14,14,42,Extrême Gauche,2002,présidentielle
35,98,La Dominelais,773,566,193,580,14,15,19,Extrême Gauche,2002,présidentielle
35,99,Domloup,1592,1213,341,1251,38,0,13,Extrême Droite,2002,présidentielle
35,99,Domloup,1592,1213,341,1251,38,1,30,Centre,2002,présidentielle
35,99,Domloup,1592,1213,341,1251,38,2,9,Extrême Gauche,2002,présidentielle
35,99,Domloup,1592,1213,341,1251,38,3,86,Centre,2002,présidentielle
35,99,Domloup,1592,1213,341,1251,38,4,250,Droite,2002,présidentielle
35,99,Domloup,1592,1213,341,1251,38,5,109,Extrême Droite,2002,présidentielle
35,99,Domloup,1592,1213,341,1251,38,6,20,Gauche,2002,présidentielle
35,99,Domloup,1592,1213,341,1251,38,7,38,Droite,2002,présidentielle
35,99,Domloup,1592,1213,341,1251,38,8,100,Écologie,2002,présidentielle
35,99,Domloup,1592,1213,341,1251,38,9,245,Gauche,2002,présidentielle
35,99,Domloup,1592,1213,341,1251,38,10,18,Droite,2002,présidentielle
35,99,Domloup,1592,1213,341,1251,38,11,27,Gauche,2002,présidentielle
35,99,Domloup,1592,1213,341,1251,38,12,53,Gauche,2002,présidentielle
35,99,Domloup,1592,1213,341,1251,38,13,57,Droite,2002,présidentielle
35,99,Domloup,1592,1213,341,1251,38,14,90,Extrême Gauche,2002,présidentielle
35,99,Domloup,1592,1213,341,1251,38,15,68,Extrême Gauche,2002,présidentielle
35,100,Dompierre-du-Chemin,382,300,68,314,14,0,5,Extrême Droite,2002,présidentielle
35,100,Dompierre-du-Chemin,382,300,68,314,14,1,2,Centre,2002,présidentielle
35,100,Dompierre-du-Chemin,382,300,68,314,14,2,2,Extrême Gauche,2002,présidentielle
35,100,Dompierre-du-Chemin,382,300,68,314,14,3,22,Centre,2002,présidentielle
35,100,Dompierre-du-Chemin,382,300,68,314,14,4,88,Droite,2002,présidentielle
35,100,Dompierre-du-Chemin,382,300,68,314,14,5,38,Extrême Droite,2002,présidentielle
35,100,Dompierre-du-Chemin,382,300,68,314,14,6,2,Gauche,2002,présidentielle
35,100,Dompierre-du-Chemin,382,300,68,314,14,7,13,Droite,2002,présidentielle
35,100,Dompierre-du-Chemin,382,300,68,314,14,8,11,Écologie,2002,présidentielle
35,100,Dompierre-du-Chemin,382,300,68,314,14,9,44,Gauche,2002,présidentielle
35,100,Dompierre-du-Chemin,382,300,68,314,14,10,9,Droite,2002,présidentielle
35,100,Dompierre-du-Chemin,382,300,68,314,14,11,13,Gauche,2002,présidentielle
35,100,Dompierre-du-Chemin,382,300,68,314,14,12,11,Gauche,2002,présidentielle
35,100,Dompierre-du-Chemin,382,300,68,314,14,13,18,Droite,2002,présidentielle
35,100,Dompierre-du-Chemin,382,300,68,314,14,14,11,Extrême Gauche,2002,présidentielle
35,100,Dompierre-du-Chemin,382,300,68,314,14,15,11,Extrême Gauche,2002,présidentielle
35,101,Dourdain,483,358,97,386,28,0,2,Extrême Droite,2002,présidentielle
35,101,Dourdain,483,358,97,386,28,1,6,Centre,2002,présidentielle
35,101,Dourdain,483,358,97,386,28,2,2,Extrême Gauche,2002,présidentielle
35,101,Dourdain,483,358,97,386,28,3,23,Centre,2002,présidentielle
35,101,Dourdain,483,358,97,386,28,4,66,Droite,2002,présidentielle
35,101,Dourdain,483,358,97,386,28,5,35,Extrême Droite,2002,présidentielle
35,101,Dourdain,483,358,97,386,28,6,4,Gauche,2002,présidentielle
35,101,Dourdain,483,358,97,386,28,7,38,Droite,2002,présidentielle
35,101,Dourdain,483,358,97,386,28,8,18,Écologie,2002,présidentielle
35,101,Dourdain,483,358,97,386,28,9,75,Gauche,2002,présidentielle
35,101,Dourdain,483,358,97,386,28,10,6,Droite,2002,présidentielle
35,101,Dourdain,483,358,97,386,28,11,6,Gauche,2002,présidentielle
35,101,Dourdain,483,358,97,386,28,12,11,Gauche,2002,présidentielle
35,101,Dourdain,483,358,97,386,28,13,18,Droite,2002,présidentielle
35,101,Dourdain,483,358,97,386,28,14,37,Extrême Gauche,2002,présidentielle
35,101,Dourdain,483,358,97,386,28,15,11,Extrême Gauche,2002,présidentielle
35,102,Drouges,321,237,71,250,13,0,3,Extrême Droite,2002,présidentielle
35,102,Drouges,321,237,71,250,13,1,9,Centre,2002,présidentielle
35,102,Drouges,321,237,71,250,13,2,1,Extrême Gauche,2002,présidentielle
35,102,Drouges,321,237,71,250,13,3,16,Centre,2002,présidentielle
35,102,Drouges,321,237,71,250,13,4,94,Droite,2002,présidentielle
35,102,Drouges,321,237,71,250,13,5,20,Extrême Droite,2002,présidentielle
35,102,Drouges,321,237,71,250,13,6,5,Gauche,2002,présidentielle
35,102,Drouges,321,237,71,250,13,7,14,Droite,2002,présidentielle
35,102,Drouges,321,237,71,250,13,8,12,Écologie,2002,présidentielle
35,102,Drouges,321,237,71,250,13,9,8,Gauche,2002,présidentielle
35,102,Drouges,321,237,71,250,13,10,7,Droite,2002,présidentielle
35,102,Drouges,321,237,71,250,13,11,0,Gauche,2002,présidentielle
35,102,Drouges,321,237,71,250,13,12,4,Gauche,2002,présidentielle
35,102,Drouges,321,237,71,250,13,13,16,Droite,2002,présidentielle
35,102,Drouges,321,237,71,250,13,14,14,Extrême Gauche,2002,présidentielle
35,102,Drouges,321,237,71,250,13,15,14,Extrême Gauche,2002,présidentielle
35,103,Eancé,241,166,68,173,7,0,3,Extrême Droite,2002,présidentielle
35,103,Eancé,241,166,68,173,7,1,4,Centre,2002,présidentielle
35,103,Eancé,241,166,68,173,7,2,0,Extrême Gauche,2002,présidentielle
35,103,Eancé,241,166,68,173,7,3,28,Centre,2002,présidentielle
35,103,Eancé,241,166,68,173,7,4,48,Droite,2002,présidentielle
35,103,Eancé,241,166,68,173,7,5,19,Extrême Droite,2002,présidentielle
35,103,Eancé,241,166,68,173,7,6,0,Gauche,2002,présidentielle
35,103,Eancé,241,166,68,173,7,7,17,Droite,2002,présidentielle
35,103,Eancé,241,166,68,173,7,8,4,Écologie,2002,présidentielle
35,103,Eancé,241,166,68,173,7,9,16,Gauche,2002,présidentielle
35,103,Eancé,241,166,68,173,7,10,2,Droite,2002,présidentielle
35,103,Eancé,241,166,68,173,7,11,0,Gauche,2002,présidentielle
35,103,Eancé,241,166,68,173,7,12,5,Gauche,2002,présidentielle
35,103,Eancé,241,166,68,173,7,13,6,Droite,2002,présidentielle
35,103,Eancé,241,166,68,173,7,14,9,Extrême Gauche,2002,présidentielle
35,103,Eancé,241,166,68,173,7,15,5,Extrême Gauche,2002,présidentielle
35,104,Epiniac,848,635,179,669,34,0,10,Extrême Droite,2002,présidentielle
35,104,Epiniac,848,635,179,669,34,1,10,Centre,2002,présidentielle
35,104,Epiniac,848,635,179,669,34,2,4,Extrême Gauche,2002,présidentielle
35,104,Epiniac,848,635,179,669,34,3,62,Centre,2002,présidentielle
35,104,Epiniac,848,635,179,669,34,4,177,Droite,2002,présidentielle
35,104,Epiniac,848,635,179,669,34,5,56,Extrême Droite,2002,présidentielle
35,104,Epiniac,848,635,179,669,34,6,12,Gauche,2002,présidentielle
35,104,Epiniac,848,635,179,669,34,7,73,Droite,2002,présidentielle
35,104,Epiniac,848,635,179,669,34,8,34,Écologie,2002,présidentielle
35,104,Epiniac,848,635,179,669,34,9,77,Gauche,2002,présidentielle
35,104,Epiniac,848,635,179,669,34,10,11,Droite,2002,présidentielle
35,104,Epiniac,848,635,179,669,34,11,16,Gauche,2002,présidentielle
35,104,Epiniac,848,635,179,669,34,12,13,Gauche,2002,présidentielle
35,104,Epiniac,848,635,179,669,34,13,15,Droite,2002,présidentielle
35,104,Epiniac,848,635,179,669,34,14,38,Extrême Gauche,2002,présidentielle
35,104,Epiniac,848,635,179,669,34,15,27,Extrême Gauche,2002,présidentielle
35,105,Erbrée,1206,902,254,952,50,0,15,Extrême Droite,2002,présidentielle
35,105,Erbrée,1206,902,254,952,50,1,12,Centre,2002,présidentielle
35,105,Erbrée,1206,902,254,952,50,2,3,Extrême Gauche,2002,présidentielle
35,105,Erbrée,1206,902,254,952,50,3,108,Centre,2002,présidentielle
35,105,Erbrée,1206,902,254,952,50,4,228,Droite,2002,présidentielle
35,105,Erbrée,1206,902,254,952,50,5,126,Extrême Droite,2002,présidentielle
35,105,Erbrée,1206,902,254,952,50,6,8,Gauche,2002,présidentielle
35,105,Erbrée,1206,902,254,952,50,7,46,Droite,2002,présidentielle
35,105,Erbrée,1206,902,254,952,50,8,45,Écologie,2002,présidentielle
35,105,Erbrée,1206,902,254,952,50,9,79,Gauche,2002,présidentielle
35,105,Erbrée,1206,902,254,952,50,10,38,Droite,2002,présidentielle
35,105,Erbrée,1206,902,254,952,50,11,11,Gauche,2002,présidentielle
35,105,Erbrée,1206,902,254,952,50,12,34,Gauche,2002,présidentielle
35,105,Erbrée,1206,902,254,952,50,13,47,Droite,2002,présidentielle
35,105,Erbrée,1206,902,254,952,50,14,50,Extrême Gauche,2002,présidentielle
35,105,Erbrée,1206,902,254,952,50,15,52,Extrême Gauche,2002,présidentielle
35,106,Ercé-en-Lamée,905,622,256,649,27,0,11,Extrême Droite,2002,présidentielle
35,106,Ercé-en-Lamée,905,622,256,649,27,1,10,Centre,2002,présidentielle
35,106,Ercé-en-Lamée,905,622,256,649,27,2,1,Extrême Gauche,2002,présidentielle
35,106,Ercé-en-Lamée,905,622,256,649,27,3,36,Centre,2002,présidentielle
35,106,Ercé-en-Lamée,905,622,256,649,27,4,125,Droite,2002,présidentielle
35,106,Ercé-en-Lamée,905,622,256,649,27,5,74,Extrême Droite,2002,présidentielle
35,106,Ercé-en-Lamée,905,622,256,649,27,6,9,Gauche,2002,présidentielle
35,106,Ercé-en-Lamée,905,622,256,649,27,7,46,Droite,2002,présidentielle
35,106,Ercé-en-Lamée,905,622,256,649,27,8,26,Écologie,2002,présidentielle
35,106,Ercé-en-Lamée,905,622,256,649,27,9,88,Gauche,2002,présidentielle
35,106,Ercé-en-Lamée,905,622,256,649,27,10,7,Droite,2002,présidentielle
35,106,Ercé-en-Lamée,905,622,256,649,27,11,18,Gauche,2002,présidentielle
35,106,Ercé-en-Lamée,905,622,256,649,27,12,20,Gauche,2002,présidentielle
35,106,Ercé-en-Lamée,905,622,256,649,27,13,79,Droite,2002,présidentielle
35,106,Ercé-en-Lamée,905,622,256,649,27,14,35,Extrême Gauche,2002,présidentielle
35,106,Ercé-en-Lamée,905,622,256,649,27,15,37,Extrême Gauche,2002,présidentielle
35,107,Ercé-près-Liffré,1068,835,204,864,29,0,5,Extrême Droite,2002,présidentielle
35,107,Ercé-près-Liffré,1068,835,204,864,29,1,21,Centre,2002,présidentielle
35,107,Ercé-près-Liffré,1068,835,204,864,29,2,4,Extrême Gauche,2002,présidentielle
35,107,Ercé-près-Liffré,1068,835,204,864,29,3,52,Centre,2002,présidentielle
35,107,Ercé-près-Liffré,1068,835,204,864,29,4,155,Droite,2002,présidentielle
35,107,Ercé-près-Liffré,1068,835,204,864,29,5,83,Extrême Droite,2002,présidentielle
35,107,Ercé-près-Liffré,1068,835,204,864,29,6,24,Gauche,2002,présidentielle
35,107,Ercé-près-Liffré,1068,835,204,864,29,7,35,Droite,2002,présidentielle
35,107,Ercé-près-Liffré,1068,835,204,864,29,8,57,Écologie,2002,présidentielle
35,107,Ercé-près-Liffré,1068,835,204,864,29,9,163,Gauche,2002,présidentielle
35,107,Ercé-près-Liffré,1068,835,204,864,29,10,16,Droite,2002,présidentielle
35,107,Ercé-près-Liffré,1068,835,204,864,29,11,28,Gauche,2002,présidentielle
35,107,Ercé-près-Liffré,1068,835,204,864,29,12,36,Gauche,2002,présidentielle
35,107,Ercé-près-Liffré,1068,835,204,864,29,13,27,Droite,2002,présidentielle
35,107,Ercé-près-Liffré,1068,835,204,864,29,14,69,Extrême Gauche,2002,présidentielle
35,107,Ercé-près-Liffré,1068,835,204,864,29,15,60,Extrême Gauche,2002,présidentielle
35,108,Essé,645,479,139,506,27,0,6,Extrême Droite,2002,présidentielle
35,108,Essé,645,479,139,506,27,1,12,Centre,2002,présidentielle
35,108,Essé,645,479,139,506,27,2,5,Extrême Gauche,2002,présidentielle
35,108,Essé,645,479,139,506,27,3,36,Centre,2002,présidentielle
35,108,Essé,645,479,139,506,27,4,141,Droite,2002,présidentielle
35,108,Essé,645,479,139,506,27,5,63,Extrême Droite,2002,présidentielle
35,108,Essé,645,479,139,506,27,6,9,Gauche,2002,présidentielle
35,108,Essé,645,479,139,506,27,7,29,Droite,2002,présidentielle
35,108,Essé,645,479,139,506,27,8,21,Écologie,2002,présidentielle
35,108,Essé,645,479,139,506,27,9,52,Gauche,2002,présidentielle
35,108,Essé,645,479,139,506,27,10,5,Droite,2002,présidentielle
35,108,Essé,645,479,139,506,27,11,5,Gauche,2002,présidentielle
35,108,Essé,645,479,139,506,27,12,6,Gauche,2002,présidentielle
35,108,Essé,645,479,139,506,27,13,35,Droite,2002,présidentielle
35,108,Essé,645,479,139,506,27,14,26,Extrême Gauche,2002,présidentielle
35,108,Essé,645,479,139,506,27,15,28,Extrême Gauche,2002,présidentielle
35,109,Etrelles,1483,1144,293,1190,46,0,20,Extrême Droite,2002,présidentielle
35,109,Etrelles,1483,1144,293,1190,46,1,33,Centre,2002,présidentielle
35,109,Etrelles,1483,1144,293,1190,46,2,1,Extrême Gauche,2002,présidentielle
35,109,Etrelles,1483,1144,293,1190,46,3,117,Centre,2002,présidentielle
35,109,Etrelles,1483,1144,293,1190,46,4,287,Droite,2002,présidentielle
35,109,Etrelles,1483,1144,293,1190,46,5,129,Extrême Droite,2002,présidentielle
35,109,Etrelles,1483,1144,293,1190,46,6,22,Gauche,2002,présidentielle
35,109,Etrelles,1483,1144,293,1190,46,7,28,Droite,2002,présidentielle
35,109,Etrelles,1483,1144,293,1190,46,8,67,Écologie,2002,présidentielle
35,109,Etrelles,1483,1144,293,1190,46,9,142,Gauche,2002,présidentielle
35,109,Etrelles,1483,1144,293,1190,46,10,29,Droite,2002,présidentielle
35,109,Etrelles,1483,1144,293,1190,46,11,8,Gauche,2002,présidentielle
35,109,Etrelles,1483,1144,293,1190,46,12,31,Gauche,2002,présidentielle
35,109,Etrelles,1483,1144,293,1190,46,13,87,Droite,2002,présidentielle
35,109,Etrelles,1483,1144,293,1190,46,14,93,Extrême Gauche,2002,présidentielle
35,109,Etrelles,1483,1144,293,1190,46,15,50,Extrême Gauche,2002,présidentielle
35,110,Feins,544,419,116,428,9,0,5,Extrême Droite,2002,présidentielle
35,110,Feins,544,419,116,428,9,1,11,Centre,2002,présidentielle
35,110,Feins,544,419,116,428,9,2,10,Extrême Gauche,2002,présidentielle
35,110,Feins,544,419,116,428,9,3,31,Centre,2002,présidentielle
35,110,Feins,544,419,116,428,9,4,59,Droite,2002,présidentielle
35,110,Feins,544,419,116,428,9,5,40,Extrême Droite,2002,présidentielle
35,110,Feins,544,419,116,428,9,6,9,Gauche,2002,présidentielle
35,110,Feins,544,419,116,428,9,7,32,Droite,2002,présidentielle
35,110,Feins,544,419,116,428,9,8,20,Écologie,2002,présidentielle
35,110,Feins,544,419,116,428,9,9,96,Gauche,2002,présidentielle
35,110,Feins,544,419,116,428,9,10,5,Droite,2002,présidentielle
35,110,Feins,544,419,116,428,9,11,13,Gauche,2002,présidentielle
35,110,Feins,544,419,116,428,9,12,12,Gauche,2002,présidentielle
35,110,Feins,544,419,116,428,9,13,17,Droite,2002,présidentielle
35,110,Feins,544,419,116,428,9,14,33,Extrême Gauche,2002,présidentielle
35,110,Feins,544,419,116,428,9,15,26,Extrême Gauche,2002,présidentielle
35,111,Le Ferré,440,325,90,350,25,0,4,Extrême Droite,2002,présidentielle
35,111,Le Ferré,440,325,90,350,25,1,7,Centre,2002,présidentielle
35,111,Le Ferré,440,325,90,350,25,2,1,Extrême Gauche,2002,présidentielle
35,111,Le Ferré,440,325,90,350,25,3,16,Centre,2002,présidentielle
35,111,Le Ferré,440,325,90,350,25,4,96,Droite,2002,présidentielle
35,111,Le Ferré,440,325,90,350,25,5,48,Extrême Droite,2002,présidentielle
35,111,Le Ferré,440,325,90,350,25,6,4,Gauche,2002,présidentielle
35,111,Le Ferré,440,325,90,350,25,7,22,Droite,2002,présidentielle
35,111,Le Ferré,440,325,90,350,25,8,16,Écologie,2002,présidentielle
35,111,Le Ferré,440,325,90,350,25,9,42,Gauche,2002,présidentielle
35,111,Le Ferré,440,325,90,350,25,10,5,Droite,2002,présidentielle
35,111,Le Ferré,440,325,90,350,25,11,7,Gauche,2002,présidentielle
35,111,Le Ferré,440,325,90,350,25,12,6,Gauche,2002,présidentielle
35,111,Le Ferré,440,325,90,350,25,13,24,Droite,2002,présidentielle
35,111,Le Ferré,440,325,90,350,25,14,14,Extrême Gauche,2002,présidentielle
35,111,Le Ferré,440,325,90,350,25,15,13,Extrême Gauche,2002,présidentielle
35,112,Fleurigné,720,544,156,564,20,0,4,Extrême Droite,2002,présidentielle
35,112,Fleurigné,720,544,156,564,20,1,14,Centre,2002,présidentielle
35,112,Fleurigné,720,544,156,564,20,2,2,Extrême Gauche,2002,présidentielle
35,112,Fleurigné,720,544,156,564,20,3,48,Centre,2002,présidentielle
35,112,Fleurigné,720,544,156,564,20,4,171,Droite,2002,présidentielle
35,112,Fleurigné,720,544,156,564,20,5,61,Extrême Droite,2002,présidentielle
35,112,Fleurigné,720,544,156,564,20,6,16,Gauche,2002,présidentielle
35,112,Fleurigné,720,544,156,564,20,7,25,Droite,2002,présidentielle
35,112,Fleurigné,720,544,156,564,20,8,27,Écologie,2002,présidentielle
35,112,Fleurigné,720,544,156,564,20,9,57,Gauche,2002,présidentielle
35,112,Fleurigné,720,544,156,564,20,10,9,Droite,2002,présidentielle
35,112,Fleurigné,720,544,156,564,20,11,3,Gauche,2002,présidentielle
35,112,Fleurigné,720,544,156,564,20,12,13,Gauche,2002,présidentielle
35,112,Fleurigné,720,544,156,564,20,13,38,Droite,2002,présidentielle
35,112,Fleurigné,720,544,156,564,20,14,38,Extrême Gauche,2002,présidentielle
35,112,Fleurigné,720,544,156,564,20,15,18,Extrême Gauche,2002,présidentielle
35,113,La Fontenelle,428,332,87,341,9,0,1,Extrême Droite,2002,présidentielle
35,113,La Fontenelle,428,332,87,341,9,1,7,Centre,2002,présidentielle
35,113,La Fontenelle,428,332,87,341,9,2,3,Extrême Gauche,2002,présidentielle
35,113,La Fontenelle,428,332,87,341,9,3,24,Centre,2002,présidentielle
35,113,La Fontenelle,428,332,87,341,9,4,83,Droite,2002,présidentielle
35,113,La Fontenelle,428,332,87,341,9,5,30,Extrême Droite,2002,présidentielle
35,113,La Fontenelle,428,332,87,341,9,6,5,Gauche,2002,présidentielle
35,113,La Fontenelle,428,332,87,341,9,7,33,Droite,2002,présidentielle
35,113,La Fontenelle,428,332,87,341,9,8,10,Écologie,2002,présidentielle
35,113,La Fontenelle,428,332,87,341,9,9,49,Gauche,2002,présidentielle
35,113,La Fontenelle,428,332,87,341,9,10,7,Droite,2002,présidentielle
35,113,La Fontenelle,428,332,87,341,9,11,8,Gauche,2002,présidentielle
35,113,La Fontenelle,428,332,87,341,9,12,9,Gauche,2002,présidentielle
35,113,La Fontenelle,428,332,87,341,9,13,23,Droite,2002,présidentielle
35,113,La Fontenelle,428,332,87,341,9,14,28,Extrême Gauche,2002,présidentielle
35,113,La Fontenelle,428,332,87,341,9,15,12,Extrême Gauche,2002,présidentielle
35,114,Forges-la-Forêt,194,142,44,150,8,0,3,Extrême Droite,2002,présidentielle
35,114,Forges-la-Forêt,194,142,44,150,8,1,5,Centre,2002,présidentielle
35,114,Forges-la-Forêt,194,142,44,150,8,2,1,Extrême Gauche,2002,présidentielle
35,114,Forges-la-Forêt,194,142,44,150,8,3,7,Centre,2002,présidentielle
35,114,Forges-la-Forêt,194,142,44,150,8,4,42,Droite,2002,présidentielle
35,114,Forges-la-Forêt,194,142,44,150,8,5,13,Extrême Droite,2002,présidentielle
35,114,Forges-la-Forêt,194,142,44,150,8,6,1,Gauche,2002,présidentielle
35,114,Forges-la-Forêt,194,142,44,150,8,7,20,Droite,2002,présidentielle
35,114,Forges-la-Forêt,194,142,44,150,8,8,2,Écologie,2002,présidentielle
35,114,Forges-la-Forêt,194,142,44,150,8,9,9,Gauche,2002,présidentielle
35,114,Forges-la-Forêt,194,142,44,150,8,10,3,Droite,2002,présidentielle
35,114,Forges-la-Forêt,194,142,44,150,8,11,2,Gauche,2002,présidentielle
35,114,Forges-la-Forêt,194,142,44,150,8,12,5,Gauche,2002,présidentielle
35,114,Forges-la-Forêt,194,142,44,150,8,13,12,Droite,2002,présidentielle
35,114,Forges-la-Forêt,194,142,44,150,8,14,12,Extrême Gauche,2002,présidentielle
35,114,Forges-la-Forêt,194,142,44,150,8,15,5,Extrême Gauche,2002,présidentielle
35,115,Fougères,15758,10443,4928,10830,387,0,122,Extrême Droite,2002,présidentielle
35,115,Fougères,15758,10443,4928,10830,387,1,217,Centre,2002,présidentielle
35,115,Fougères,15758,10443,4928,10830,387,2,49,Extrême Gauche,2002,présidentielle
35,115,Fougères,15758,10443,4928,10830,387,3,858,Centre,2002,présidentielle
35,115,Fougères,15758,10443,4928,10830,387,4,2478,Droite,2002,présidentielle
35,115,Fougères,15758,10443,4928,10830,387,5,993,Extrême Droite,2002,présidentielle
35,115,Fougères,15758,10443,4928,10830,387,6,218,Gauche,2002,présidentielle
35,115,Fougères,15758,10443,4928,10830,387,7,266,Droite,2002,présidentielle
35,115,Fougères,15758,10443,4928,10830,387,8,630,Écologie,2002,présidentielle
35,115,Fougères,15758,10443,4928,10830,387,9,1858,Gauche,2002,présidentielle
35,115,Fougères,15758,10443,4928,10830,387,10,157,Droite,2002,présidentielle
35,115,Fougères,15758,10443,4928,10830,387,11,340,Gauche,2002,présidentielle
35,115,Fougères,15758,10443,4928,10830,387,12,427,Gauche,2002,présidentielle
35,115,Fougères,15758,10443,4928,10830,387,13,483,Droite,2002,présidentielle
35,115,Fougères,15758,10443,4928,10830,387,14,825,Extrême Gauche,2002,présidentielle
35,115,Fougères,15758,10443,4928,10830,387,15,522,Extrême Gauche,2002,présidentielle
35,116,La Fresnais,1449,1105,296,1153,48,0,15,Extrême Droite,2002,présidentielle
35,116,La Fresnais,1449,1105,296,1153,48,1,22,Centre,2002,présidentielle
35,116,La Fresnais,1449,1105,296,1153,48,2,4,Extrême Gauche,2002,présidentielle
35,116,La Fresnais,1449,1105,296,1153,48,3,85,Centre,2002,présidentielle
35,116,La Fresnais,1449,1105,296,1153,48,4,273,Droite,2002,présidentielle
35,116,La Fresnais,1449,1105,296,1153,48,5,120,Extrême Droite,2002,présidentielle
35,116,La Fresnais,1449,1105,296,1153,48,6,14,Gauche,2002,présidentielle
35,116,La Fresnais,1449,1105,296,1153,48,7,78,Droite,2002,présidentielle
35,116,La Fresnais,1449,1105,296,1153,48,8,62,Écologie,2002,présidentielle
35,116,La Fresnais,1449,1105,296,1153,48,9,156,Gauche,2002,présidentielle
35,116,La Fresnais,1449,1105,296,1153,48,10,19,Droite,2002,présidentielle
35,116,La Fresnais,1449,1105,296,1153,48,11,16,Gauche,2002,présidentielle
35,116,La Fresnais,1449,1105,296,1153,48,12,37,Gauche,2002,présidentielle
35,116,La Fresnais,1449,1105,296,1153,48,13,59,Droite,2002,présidentielle
35,116,La Fresnais,1449,1105,296,1153,48,14,91,Extrême Gauche,2002,présidentielle
35,116,La Fresnais,1449,1105,296,1153,48,15,54,Extrême Gauche,2002,présidentielle
35,117,Gaël,1167,800,343,824,24,0,17,Extrême Droite,2002,présidentielle
35,117,Gaël,1167,800,343,824,24,1,8,Centre,2002,présidentielle
35,117,Gaël,1167,800,343,824,24,2,2,Extrême Gauche,2002,présidentielle
35,117,Gaël,1167,800,343,824,24,3,36,Centre,2002,présidentielle
35,117,Gaël,1167,800,343,824,24,4,239,Droite,2002,présidentielle
35,117,Gaël,1167,800,343,824,24,5,131,Extrême Droite,2002,présidentielle
35,117,Gaël,1167,800,343,824,24,6,11,Gauche,2002,présidentielle
35,117,Gaël,1167,800,343,824,24,7,38,Droite,2002,présidentielle
35,117,Gaël,1167,800,343,824,24,8,32,Écologie,2002,présidentielle
35,117,Gaël,1167,800,343,824,24,9,107,Gauche,2002,présidentielle
35,117,Gaël,1167,800,343,824,24,10,13,Droite,2002,présidentielle
35,117,Gaël,1167,800,343,824,24,11,9,Gauche,2002,présidentielle
35,117,Gaël,1167,800,343,824,24,12,26,Gauche,2002,présidentielle
35,117,Gaël,1167,800,343,824,24,13,52,Droite,2002,présidentielle
35,117,Gaël,1167,800,343,824,24,14,46,Extrême Gauche,2002,présidentielle
35,117,Gaël,1167,800,343,824,24,15,33,Extrême Gauche,2002,présidentielle
35,118,Gahard,795,545,220,575,30,0,10,Extrême Droite,2002,présidentielle
35,118,Gahard,795,545,220,575,30,1,9,Centre,2002,présidentielle
35,118,Gahard,795,545,220,575,30,2,4,Extrême Gauche,2002,présidentielle
35,118,Gahard,795,545,220,575,30,3,33,Centre,2002,présidentielle
35,118,Gahard,795,545,220,575,30,4,113,Droite,2002,présidentielle
35,118,Gahard,795,545,220,575,30,5,35,Extrême Droite,2002,présidentielle
35,118,Gahard,795,545,220,575,30,6,18,Gauche,2002,présidentielle
35,118,Gahard,795,545,220,575,30,7,25,Droite,2002,présidentielle
35,118,Gahard,795,545,220,575,30,8,40,Écologie,2002,présidentielle
35,118,Gahard,795,545,220,575,30,9,102,Gauche,2002,présidentielle
35,118,Gahard,795,545,220,575,30,10,10,Droite,2002,présidentielle
35,118,Gahard,795,545,220,575,30,11,27,Gauche,2002,présidentielle
35,118,Gahard,795,545,220,575,30,12,19,Gauche,2002,présidentielle
35,118,Gahard,795,545,220,575,30,13,35,Droite,2002,présidentielle
35,118,Gahard,795,545,220,575,30,14,26,Extrême Gauche,2002,présidentielle
35,118,Gahard,795,545,220,575,30,15,39,Extrême Gauche,2002,présidentielle
35,119,Gennes-sur-Seiche,546,398,130,416,18,0,6,Extrême Droite,2002,présidentielle
35,119,Gennes-sur-Seiche,546,398,130,416,18,1,5,Centre,2002,présidentielle
35,119,Gennes-sur-Seiche,546,398,130,416,18,2,1,Extrême Gauche,2002,présidentielle
35,119,Gennes-sur-Seiche,546,398,130,416,18,3,25,Centre,2002,présidentielle
35,119,Gennes-sur-Seiche,546,398,130,416,18,4,183,Droite,2002,présidentielle
35,119,Gennes-sur-Seiche,546,398,130,416,18,5,26,Extrême Droite,2002,présidentielle
35,119,Gennes-sur-Seiche,546,398,130,416,18,6,3,Gauche,2002,présidentielle
35,119,Gennes-sur-Seiche,546,398,130,416,18,7,20,Droite,2002,présidentielle
35,119,Gennes-sur-Seiche,546,398,130,416,18,8,17,Écologie,2002,présidentielle
35,119,Gennes-sur-Seiche,546,398,130,416,18,9,43,Gauche,2002,présidentielle
35,119,Gennes-sur-Seiche,546,398,130,416,18,10,5,Droite,2002,présidentielle
35,119,Gennes-sur-Seiche,546,398,130,416,18,11,3,Gauche,2002,présidentielle
35,119,Gennes-sur-Seiche,546,398,130,416,18,12,5,Gauche,2002,présidentielle
35,119,Gennes-sur-Seiche,546,398,130,416,18,13,24,Droite,2002,présidentielle
35,119,Gennes-sur-Seiche,546,398,130,416,18,14,17,Extrême Gauche,2002,présidentielle
35,119,Gennes-sur-Seiche,546,398,130,416,18,15,15,Extrême Gauche,2002,présidentielle
35,120,Gévezé,2178,1648,467,1711,63,0,23,Extrême Droite,2002,présidentielle
35,120,Gévezé,2178,1648,467,1711,63,1,42,Centre,2002,présidentielle
35,120,Gévezé,2178,1648,467,1711,63,2,11,Extrême Gauche,2002,présidentielle
35,120,Gévezé,2178,1648,467,1711,63,3,117,Centre,2002,présidentielle
35,120,Gévezé,2178,1648,467,1711,63,4,274,Droite,2002,présidentielle
35,120,Gévezé,2178,1648,467,1711,63,5,194,Extrême Droite,2002,présidentielle
35,120,Gévezé,2178,1648,467,1711,63,6,42,Gauche,2002,présidentielle
35,120,Gévezé,2178,1648,467,1711,63,7,47,Droite,2002,présidentielle
35,120,Gévezé,2178,1648,467,1711,63,8,114,Écologie,2002,présidentielle
35,120,Gévezé,2178,1648,467,1711,63,9,282,Gauche,2002,présidentielle
35,120,Gévezé,2178,1648,467,1711,63,10,21,Droite,2002,présidentielle
35,120,Gévezé,2178,1648,467,1711,63,11,47,Gauche,2002,présidentielle
35,120,Gévezé,2178,1648,467,1711,63,12,73,Gauche,2002,présidentielle
35,120,Gévezé,2178,1648,467,1711,63,13,79,Droite,2002,présidentielle
35,120,Gévezé,2178,1648,467,1711,63,14,165,Extrême Gauche,2002,présidentielle
35,120,Gévezé,2178,1648,467,1711,63,15,117,Extrême Gauche,2002,présidentielle
35,121,Gosné,1046,767,245,801,34,0,12,Extrême Droite,2002,présidentielle
35,121,Gosné,1046,767,245,801,34,1,22,Centre,2002,présidentielle
35,121,Gosné,1046,767,245,801,34,2,5,Extrême Gauche,2002,présidentielle
35,121,Gosné,1046,767,245,801,34,3,58,Centre,2002,présidentielle
35,121,Gosné,1046,767,245,801,34,4,163,Droite,2002,présidentielle
35,121,Gosné,1046,767,245,801,34,5,92,Extrême Droite,2002,présidentielle
35,121,Gosné,1046,767,245,801,34,6,10,Gauche,2002,présidentielle
35,121,Gosné,1046,767,245,801,34,7,38,Droite,2002,présidentielle
35,121,Gosné,1046,767,245,801,34,8,37,Écologie,2002,présidentielle
35,121,Gosné,1046,767,245,801,34,9,147,Gauche,2002,présidentielle
35,121,Gosné,1046,767,245,801,34,10,10,Droite,2002,présidentielle
35,121,Gosné,1046,767,245,801,34,11,10,Gauche,2002,présidentielle
35,121,Gosné,1046,767,245,801,34,12,19,Gauche,2002,présidentielle
35,121,Gosné,1046,767,245,801,34,13,50,Droite,2002,présidentielle
35,121,Gosné,1046,767,245,801,34,14,45,Extrême Gauche,2002,présidentielle
35,121,Gosné,1046,767,245,801,34,15,49,Extrême Gauche,2002,présidentielle
35,122,La Gouesnière,834,616,193,641,25,0,5,Extrême Droite,2002,présidentielle
35,122,La Gouesnière,834,616,193,641,25,1,11,Centre,2002,présidentielle
35,122,La Gouesnière,834,616,193,641,25,2,2,Extrême Gauche,2002,présidentielle
35,122,La Gouesnière,834,616,193,641,25,3,35,Centre,2002,présidentielle
35,122,La Gouesnière,834,616,193,641,25,4,115,Droite,2002,présidentielle
35,122,La Gouesnière,834,616,193,641,25,5,83,Extrême Droite,2002,présidentielle
35,122,La Gouesnière,834,616,193,641,25,6,13,Gauche,2002,présidentielle
35,122,La Gouesnière,834,616,193,641,25,7,41,Droite,2002,présidentielle
35,122,La Gouesnière,834,616,193,641,25,8,29,Écologie,2002,présidentielle
35,122,La Gouesnière,834,616,193,641,25,9,109,Gauche,2002,présidentielle
35,122,La Gouesnière,834,616,193,641,25,10,9,Droite,2002,présidentielle
35,122,La Gouesnière,834,616,193,641,25,11,15,Gauche,2002,présidentielle
35,122,La Gouesnière,834,616,193,641,25,12,36,Gauche,2002,présidentielle
35,122,La Gouesnière,834,616,193,641,25,13,29,Droite,2002,présidentielle
35,122,La Gouesnière,834,616,193,641,25,14,52,Extrême Gauche,2002,présidentielle
35,122,La Gouesnière,834,616,193,641,25,15,32,Extrême Gauche,2002,présidentielle
35,123,Goven,2393,1736,596,1797,61,0,23,Extrême Droite,2002,présidentielle
35,123,Goven,2393,1736,596,1797,61,1,49,Centre,2002,présidentielle
35,123,Goven,2393,1736,596,1797,61,2,10,Extrême Gauche,2002,présidentielle
35,123,Goven,2393,1736,596,1797,61,3,101,Centre,2002,présidentielle
35,123,Goven,2393,1736,596,1797,61,4,289,Droite,2002,présidentielle
35,123,Goven,2393,1736,596,1797,61,5,214,Extrême Droite,2002,présidentielle
35,123,Goven,2393,1736,596,1797,61,6,36,Gauche,2002,présidentielle
35,123,Goven,2393,1736,596,1797,61,7,64,Droite,2002,présidentielle
35,123,Goven,2393,1736,596,1797,61,8,112,Écologie,2002,présidentielle
35,123,Goven,2393,1736,596,1797,61,9,297,Gauche,2002,présidentielle
35,123,Goven,2393,1736,596,1797,61,10,27,Droite,2002,présidentielle
35,123,Goven,2393,1736,596,1797,61,11,42,Gauche,2002,présidentielle
35,123,Goven,2393,1736,596,1797,61,12,61,Gauche,2002,présidentielle
35,123,Goven,2393,1736,596,1797,61,13,144,Droite,2002,présidentielle
35,123,Goven,2393,1736,596,1797,61,14,147,Extrême Gauche,2002,présidentielle
35,123,Goven,2393,1736,596,1797,61,15,120,Extrême Gauche,2002,présidentielle
35,124,Grand-Fougeray,1438,1019,387,1051,32,0,19,Extrême Droite,2002,présidentielle
35,124,Grand-Fougeray,1438,1019,387,1051,32,1,13,Centre,2002,présidentielle
35,124,Grand-Fougeray,1438,1019,387,1051,32,2,3,Extrême Gauche,2002,présidentielle
35,124,Grand-Fougeray,1438,1019,387,1051,32,3,61,Centre,2002,présidentielle
35,124,Grand-Fougeray,1438,1019,387,1051,32,4,282,Droite,2002,présidentielle
35,124,Grand-Fougeray,1438,1019,387,1051,32,5,136,Extrême Droite,2002,présidentielle
35,124,Grand-Fougeray,1438,1019,387,1051,32,6,12,Gauche,2002,présidentielle
35,124,Grand-Fougeray,1438,1019,387,1051,32,7,53,Droite,2002,présidentielle
35,124,Grand-Fougeray,1438,1019,387,1051,32,8,45,Écologie,2002,présidentielle
35,124,Grand-Fougeray,1438,1019,387,1051,32,9,101,Gauche,2002,présidentielle
35,124,Grand-Fougeray,1438,1019,387,1051,32,10,22,Droite,2002,présidentielle
35,124,Grand-Fougeray,1438,1019,387,1051,32,11,17,Gauche,2002,présidentielle
35,124,Grand-Fougeray,1438,1019,387,1051,32,12,24,Gauche,2002,présidentielle
35,124,Grand-Fougeray,1438,1019,387,1051,32,13,136,Droite,2002,présidentielle
35,124,Grand-Fougeray,1438,1019,387,1051,32,14,54,Extrême Gauche,2002,présidentielle
35,124,Grand-Fougeray,1438,1019,387,1051,32,15,41,Extrême Gauche,2002,présidentielle
35,125,La Guerche-de-Bretagne,2973,2207,679,2294,87,0,25,Extrême Droite,2002,présidentielle
35,125,La Guerche-de-Bretagne,2973,2207,679,2294,87,1,37,Centre,2002,présidentielle
35,125,La Guerche-de-Bretagne,2973,2207,679,2294,87,2,11,Extrême Gauche,2002,présidentielle
35,125,La Guerche-de-Bretagne,2973,2207,679,2294,87,3,199,Centre,2002,présidentielle
35,125,La Guerche-de-Bretagne,2973,2207,679,2294,87,4,786,Droite,2002,présidentielle
35,125,La Guerche-de-Bretagne,2973,2207,679,2294,87,5,196,Extrême Droite,2002,présidentielle
35,125,La Guerche-de-Bretagne,2973,2207,679,2294,87,6,27,Gauche,2002,présidentielle
35,125,La Guerche-de-Bretagne,2973,2207,679,2294,87,7,55,Droite,2002,présidentielle
35,125,La Guerche-de-Bretagne,2973,2207,679,2294,87,8,80,Écologie,2002,présidentielle
35,125,La Guerche-de-Bretagne,2973,2207,679,2294,87,9,337,Gauche,2002,présidentielle
35,125,La Guerche-de-Bretagne,2973,2207,679,2294,87,10,39,Droite,2002,présidentielle
35,125,La Guerche-de-Bretagne,2973,2207,679,2294,87,11,21,Gauche,2002,présidentielle
35,125,La Guerche-de-Bretagne,2973,2207,679,2294,87,12,76,Gauche,2002,présidentielle
35,125,La Guerche-de-Bretagne,2973,2207,679,2294,87,13,128,Droite,2002,présidentielle
35,125,La Guerche-de-Bretagne,2973,2207,679,2294,87,14,105,Extrême Gauche,2002,présidentielle
35,125,La Guerche-de-Bretagne,2973,2207,679,2294,87,15,85,Extrême Gauche,2002,présidentielle
35,126,Guichen,4751,3408,1213,3538,130,0,43,Extrême Droite,2002,présidentielle
35,126,Guichen,4751,3408,1213,3538,130,1,100,Centre,2002,présidentielle
35,126,Guichen,4751,3408,1213,3538,130,2,27,Extrême Gauche,2002,présidentielle
35,126,Guichen,4751,3408,1213,3538,130,3,241,Centre,2002,présidentielle
35,126,Guichen,4751,3408,1213,3538,130,4,528,Droite,2002,présidentielle
35,126,Guichen,4751,3408,1213,3538,130,5,378,Extrême Droite,2002,présidentielle
35,126,Guichen,4751,3408,1213,3538,130,6,94,Gauche,2002,présidentielle
35,126,Guichen,4751,3408,1213,3538,130,7,122,Droite,2002,présidentielle
35,126,Guichen,4751,3408,1213,3538,130,8,279,Écologie,2002,présidentielle
35,126,Guichen,4751,3408,1213,3538,130,9,607,Gauche,2002,présidentielle
35,126,Guichen,4751,3408,1213,3538,130,10,26,Droite,2002,présidentielle
35,126,Guichen,4751,3408,1213,3538,130,11,77,Gauche,2002,présidentielle
35,126,Guichen,4751,3408,1213,3538,130,12,157,Gauche,2002,présidentielle
35,126,Guichen,4751,3408,1213,3538,130,13,246,Droite,2002,présidentielle
35,126,Guichen,4751,3408,1213,3538,130,14,264,Extrême Gauche,2002,présidentielle
35,126,Guichen,4751,3408,1213,3538,130,15,219,Extrême Gauche,2002,présidentielle
35,127,Guignen,1890,1395,438,1452,57,0,17,Extrême Droite,2002,présidentielle
35,127,Guignen,1890,1395,438,1452,57,1,26,Centre,2002,présidentielle
35,127,Guignen,1890,1395,438,1452,57,2,6,Extrême Gauche,2002,présidentielle
35,127,Guignen,1890,1395,438,1452,57,3,62,Centre,2002,présidentielle
35,127,Guignen,1890,1395,438,1452,57,4,221,Droite,2002,présidentielle
35,127,Guignen,1890,1395,438,1452,57,5,184,Extrême Droite,2002,présidentielle
35,127,Guignen,1890,1395,438,1452,57,6,20,Gauche,2002,présidentielle
35,127,Guignen,1890,1395,438,1452,57,7,70,Droite,2002,présidentielle
35,127,Guignen,1890,1395,438,1452,57,8,84,Écologie,2002,présidentielle
35,127,Guignen,1890,1395,438,1452,57,9,267,Gauche,2002,présidentielle
35,127,Guignen,1890,1395,438,1452,57,10,19,Droite,2002,présidentielle
35,127,Guignen,1890,1395,438,1452,57,11,32,Gauche,2002,présidentielle
35,127,Guignen,1890,1395,438,1452,57,12,47,Gauche,2002,présidentielle
35,127,Guignen,1890,1395,438,1452,57,13,113,Droite,2002,présidentielle
35,127,Guignen,1890,1395,438,1452,57,14,133,Extrême Gauche,2002,présidentielle
35,127,Guignen,1890,1395,438,1452,57,15,94,Extrême Gauche,2002,présidentielle
35,128,Guipel,1143,818,303,840,22,0,9,Extrême Droite,2002,présidentielle
35,128,Guipel,1143,818,303,840,22,1,12,Centre,2002,présidentielle
35,128,Guipel,1143,818,303,840,22,2,2,Extrême Gauche,2002,présidentielle
35,128,Guipel,1143,818,303,840,22,3,51,Centre,2002,présidentielle
35,128,Guipel,1143,818,303,840,22,4,146,Droite,2002,présidentielle
35,128,Guipel,1143,818,303,840,22,5,98,Extrême Droite,2002,présidentielle
35,128,Guipel,1143,818,303,840,22,6,22,Gauche,2002,présidentielle
35,128,Guipel,1143,818,303,840,22,7,39,Droite,2002,présidentielle
35,128,Guipel,1143,818,303,840,22,8,72,Écologie,2002,présidentielle
35,128,Guipel,1143,818,303,840,22,9,139,Gauche,2002,présidentielle
35,128,Guipel,1143,818,303,840,22,10,16,Droite,2002,présidentielle
35,128,Guipel,1143,818,303,840,22,11,12,Gauche,2002,présidentielle
35,128,Guipel,1143,818,303,840,22,12,36,Gauche,2002,présidentielle
35,128,Guipel,1143,818,303,840,22,13,32,Droite,2002,présidentielle
35,128,Guipel,1143,818,303,840,22,14,70,Extrême Gauche,2002,présidentielle
35,128,Guipel,1143,818,303,840,22,15,62,Extrême Gauche,2002,présidentielle
35,129,Guipry,2229,1587,592,1637,50,0,26,Extrême Droite,2002,présidentielle
35,129,Guipry,2229,1587,592,1637,50,1,32,Centre,2002,présidentielle
35,129,Guipry,2229,1587,592,1637,50,2,8,Extrême Gauche,2002,présidentielle
35,129,Guipry,2229,1587,592,1637,50,3,97,Centre,2002,présidentielle
35,129,Guipry,2229,1587,592,1637,50,4,348,Droite,2002,présidentielle
35,129,Guipry,2229,1587,592,1637,50,5,253,Extrême Droite,2002,présidentielle
35,129,Guipry,2229,1587,592,1637,50,6,18,Gauche,2002,présidentielle
35,129,Guipry,2229,1587,592,1637,50,7,72,Droite,2002,présidentielle
35,129,Guipry,2229,1587,592,1637,50,8,72,Écologie,2002,présidentielle
35,129,Guipry,2229,1587,592,1637,50,9,225,Gauche,2002,présidentielle
35,129,Guipry,2229,1587,592,1637,50,10,16,Droite,2002,présidentielle
35,129,Guipry,2229,1587,592,1637,50,11,27,Gauche,2002,présidentielle
35,129,Guipry,2229,1587,592,1637,50,12,43,Gauche,2002,présidentielle
35,129,Guipry,2229,1587,592,1637,50,13,171,Droite,2002,présidentielle
35,129,Guipry,2229,1587,592,1637,50,14,102,Extrême Gauche,2002,présidentielle
35,129,Guipry,2229,1587,592,1637,50,15,77,Extrême Gauche,2002,présidentielle
35,130,Hédé,1392,1075,269,1123,48,0,9,Extrême Droite,2002,présidentielle
35,130,Hédé,1392,1075,269,1123,48,1,27,Centre,2002,présidentielle
35,130,Hédé,1392,1075,269,1123,48,2,5,Extrême Gauche,2002,présidentielle
35,130,Hédé,1392,1075,269,1123,48,3,91,Centre,2002,présidentielle
35,130,Hédé,1392,1075,269,1123,48,4,244,Droite,2002,présidentielle
35,130,Hédé,1392,1075,269,1123,48,5,101,Extrême Droite,2002,présidentielle
35,130,Hédé,1392,1075,269,1123,48,6,28,Gauche,2002,présidentielle
35,130,Hédé,1392,1075,269,1123,48,7,49,Droite,2002,présidentielle
35,130,Hédé,1392,1075,269,1123,48,8,80,Écologie,2002,présidentielle
35,130,Hédé,1392,1075,269,1123,48,9,186,Gauche,2002,présidentielle
35,130,Hédé,1392,1075,269,1123,48,10,21,Droite,2002,présidentielle
35,130,Hédé,1392,1075,269,1123,48,11,13,Gauche,2002,présidentielle
35,130,Hédé,1392,1075,269,1123,48,12,37,Gauche,2002,présidentielle
35,130,Hédé,1392,1075,269,1123,48,13,64,Droite,2002,présidentielle
35,130,Hédé,1392,1075,269,1123,48,14,62,Extrême Gauche,2002,présidentielle
35,130,Hédé,1392,1075,269,1123,48,15,58,Extrême Gauche,2002,présidentielle
35,131,L'Hermitage,2647,1928,648,1999,71,0,23,Extrême Droite,2002,présidentielle
35,131,L'Hermitage,2647,1928,648,1999,71,1,46,Centre,2002,présidentielle
35,131,L'Hermitage,2647,1928,648,1999,71,2,5,Extrême Gauche,2002,présidentielle
35,131,L'Hermitage,2647,1928,648,1999,71,3,137,Centre,2002,présidentielle
35,131,L'Hermitage,2647,1928,648,1999,71,4,299,Droite,2002,présidentielle
35,131,L'Hermitage,2647,1928,648,1999,71,5,204,Extrême Droite,2002,présidentielle
35,131,L'Hermitage,2647,1928,648,1999,71,6,69,Gauche,2002,présidentielle
35,131,L'Hermitage,2647,1928,648,1999,71,7,45,Droite,2002,présidentielle
35,131,L'Hermitage,2647,1928,648,1999,71,8,148,Écologie,2002,présidentielle
35,131,L'Hermitage,2647,1928,648,1999,71,9,416,Gauche,2002,présidentielle
35,131,L'Hermitage,2647,1928,648,1999,71,10,33,Droite,2002,présidentielle
35,131,L'Hermitage,2647,1928,648,1999,71,11,47,Gauche,2002,présidentielle
35,131,L'Hermitage,2647,1928,648,1999,71,12,127,Gauche,2002,présidentielle
35,131,L'Hermitage,2647,1928,648,1999,71,13,65,Droite,2002,présidentielle
35,131,L'Hermitage,2647,1928,648,1999,71,14,156,Extrême Gauche,2002,présidentielle
35,131,L'Hermitage,2647,1928,648,1999,71,15,108,Extrême Gauche,2002,présidentielle
35,132,Hirel,917,705,185,732,27,0,6,Extrême Droite,2002,présidentielle
35,132,Hirel,917,705,185,732,27,1,15,Centre,2002,présidentielle
35,132,Hirel,917,705,185,732,27,2,3,Extrême Gauche,2002,présidentielle
35,132,Hirel,917,705,185,732,27,3,43,Centre,2002,présidentielle
35,132,Hirel,917,705,185,732,27,4,184,Droite,2002,présidentielle
35,132,Hirel,917,705,185,732,27,5,93,Extrême Droite,2002,présidentielle
35,132,Hirel,917,705,185,732,27,6,18,Gauche,2002,présidentielle
35,132,Hirel,917,705,185,732,27,7,72,Droite,2002,présidentielle
35,132,Hirel,917,705,185,732,27,8,24,Écologie,2002,présidentielle
35,132,Hirel,917,705,185,732,27,9,100,Gauche,2002,présidentielle
35,132,Hirel,917,705,185,732,27,10,9,Droite,2002,présidentielle
35,132,Hirel,917,705,185,732,27,11,14,Gauche,2002,présidentielle
35,132,Hirel,917,705,185,732,27,12,37,Gauche,2002,présidentielle
35,132,Hirel,917,705,185,732,27,13,21,Droite,2002,présidentielle
35,132,Hirel,917,705,185,732,27,14,38,Extrême Gauche,2002,présidentielle
35,132,Hirel,917,705,185,732,27,15,28,Extrême Gauche,2002,présidentielle
35,133,Iffendic,2320,1738,517,1803,65,0,22,Extrême Droite,2002,présidentielle
35,133,Iffendic,2320,1738,517,1803,65,1,41,Centre,2002,présidentielle
35,133,Iffendic,2320,1738,517,1803,65,2,7,Extrême Gauche,2002,présidentielle
35,133,Iffendic,2320,1738,517,1803,65,3,96,Centre,2002,présidentielle
35,133,Iffendic,2320,1738,517,1803,65,4,385,Droite,2002,présidentielle
35,133,Iffendic,2320,1738,517,1803,65,5,194,Extrême Droite,2002,présidentielle
35,133,Iffendic,2320,1738,517,1803,65,6,40,Gauche,2002,présidentielle
35,133,Iffendic,2320,1738,517,1803,65,7,110,Droite,2002,présidentielle
35,133,Iffendic,2320,1738,517,1803,65,8,120,Écologie,2002,présidentielle
35,133,Iffendic,2320,1738,517,1803,65,9,275,Gauche,2002,présidentielle
35,133,Iffendic,2320,1738,517,1803,65,10,41,Droite,2002,présidentielle
35,133,Iffendic,2320,1738,517,1803,65,11,31,Gauche,2002,présidentielle
35,133,Iffendic,2320,1738,517,1803,65,12,69,Gauche,2002,présidentielle
35,133,Iffendic,2320,1738,517,1803,65,13,94,Droite,2002,présidentielle
35,133,Iffendic,2320,1738,517,1803,65,14,115,Extrême Gauche,2002,présidentielle
35,133,Iffendic,2320,1738,517,1803,65,15,98,Extrême Gauche,2002,présidentielle
35,134,Les Iffs,167,126,37,130,4,0,0,Extrême Droite,2002,présidentielle
35,134,Les Iffs,167,126,37,130,4,1,2,Centre,2002,présidentielle
35,134,Les Iffs,167,126,37,130,4,2,3,Extrême Gauche,2002,présidentielle
35,134,Les Iffs,167,126,37,130,4,3,9,Centre,2002,présidentielle
35,134,Les Iffs,167,126,37,130,4,4,19,Droite,2002,présidentielle
35,134,Les Iffs,167,126,37,130,4,5,18,Extrême Droite,2002,présidentielle
35,134,Les Iffs,167,126,37,130,4,6,2,Gauche,2002,présidentielle
35,134,Les Iffs,167,126,37,130,4,7,4,Droite,2002,présidentielle
35,134,Les Iffs,167,126,37,130,4,8,7,Écologie,2002,présidentielle
35,134,Les Iffs,167,126,37,130,4,9,24,Gauche,2002,présidentielle
35,134,Les Iffs,167,126,37,130,4,10,12,Droite,2002,présidentielle
35,134,Les Iffs,167,126,37,130,4,11,2,Gauche,2002,présidentielle
35,134,Les Iffs,167,126,37,130,4,12,5,Gauche,2002,présidentielle
35,134,Les Iffs,167,126,37,130,4,13,11,Droite,2002,présidentielle
35,134,Les Iffs,167,126,37,130,4,14,6,Extrême Gauche,2002,présidentielle
35,134,Les Iffs,167,126,37,130,4,15,2,Extrême Gauche,2002,présidentielle
35,135,Irodouër,1156,865,259,897,32,0,5,Extrême Droite,2002,présidentielle
35,135,Irodouër,1156,865,259,897,32,1,24,Centre,2002,présidentielle
35,135,Irodouër,1156,865,259,897,32,2,1,Extrême Gauche,2002,présidentielle
35,135,Irodouër,1156,865,259,897,32,3,63,Centre,2002,présidentielle
35,135,Irodouër,1156,865,259,897,32,4,228,Droite,2002,présidentielle
35,135,Irodouër,1156,865,259,897,32,5,115,Extrême Droite,2002,présidentielle
35,135,Irodouër,1156,865,259,897,32,6,19,Gauche,2002,présidentielle
35,135,Irodouër,1156,865,259,897,32,7,29,Droite,2002,présidentielle
35,135,Irodouër,1156,865,259,897,32,8,43,Écologie,2002,présidentielle
35,135,Irodouër,1156,865,259,897,32,9,127,Gauche,2002,présidentielle
35,135,Irodouër,1156,865,259,897,32,10,17,Droite,2002,présidentielle
35,135,Irodouër,1156,865,259,897,32,11,19,Gauche,2002,présidentielle
35,135,Irodouër,1156,865,259,897,32,12,29,Gauche,2002,présidentielle
35,135,Irodouër,1156,865,259,897,32,13,38,Droite,2002,présidentielle
35,135,Irodouër,1156,865,259,897,32,14,66,Extrême Gauche,2002,présidentielle
35,135,Irodouër,1156,865,259,897,32,15,42,Extrême Gauche,2002,présidentielle
35,136,Janzé,4210,2993,1082,3128,135,0,34,Extrême Droite,2002,présidentielle
35,136,Janzé,4210,2993,1082,3128,135,1,65,Centre,2002,présidentielle
35,136,Janzé,4210,2993,1082,3128,135,2,13,Extrême Gauche,2002,présidentielle
35,136,Janzé,4210,2993,1082,3128,135,3,275,Centre,2002,présidentielle
35,136,Janzé,4210,2993,1082,3128,135,4,774,Droite,2002,présidentielle
35,136,Janzé,4210,2993,1082,3128,135,5,353,Extrême Droite,2002,présidentielle
35,136,Janzé,4210,2993,1082,3128,135,6,48,Gauche,2002,présidentielle
35,136,Janzé,4210,2993,1082,3128,135,7,126,Droite,2002,présidentielle
35,136,Janzé,4210,2993,1082,3128,135,8,158,Écologie,2002,présidentielle
35,136,Janzé,4210,2993,1082,3128,135,9,442,Gauche,2002,présidentielle
35,136,Janzé,4210,2993,1082,3128,135,10,53,Droite,2002,présidentielle
35,136,Janzé,4210,2993,1082,3128,135,11,44,Gauche,2002,présidentielle
35,136,Janzé,4210,2993,1082,3128,135,12,81,Gauche,2002,présidentielle
35,136,Janzé,4210,2993,1082,3128,135,13,189,Droite,2002,présidentielle
35,136,Janzé,4210,2993,1082,3128,135,14,198,Extrême Gauche,2002,présidentielle
35,136,Janzé,4210,2993,1082,3128,135,15,140,Extrême Gauche,2002,présidentielle
35,137,Javené,1110,866,189,921,55,0,13,Extrême Droite,2002,présidentielle
35,137,Javené,1110,866,189,921,55,1,21,Centre,2002,présidentielle
35,137,Javené,1110,866,189,921,55,2,2,Extrême Gauche,2002,présidentielle
35,137,Javené,1110,866,189,921,55,3,77,Centre,2002,présidentielle
35,137,Javené,1110,866,189,921,55,4,227,Droite,2002,présidentielle
35,137,Javené,1110,866,189,921,55,5,70,Extrême Droite,2002,présidentielle
35,137,Javené,1110,866,189,921,55,6,17,Gauche,2002,présidentielle
35,137,Javené,1110,866,189,921,55,7,41,Droite,2002,présidentielle
35,137,Javené,1110,866,189,921,55,8,56,Écologie,2002,présidentielle
35,137,Javené,1110,866,189,921,55,9,120,Gauche,2002,présidentielle
35,137,Javené,1110,866,189,921,55,10,20,Droite,2002,présidentielle
35,137,Javené,1110,866,189,921,55,11,20,Gauche,2002,présidentielle
35,137,Javené,1110,866,189,921,55,12,28,Gauche,2002,présidentielle
35,137,Javené,1110,866,189,921,55,13,49,Droite,2002,présidentielle
35,137,Javené,1110,866,189,921,55,14,62,Extrême Gauche,2002,présidentielle
35,137,Javené,1110,866,189,921,55,15,43,Extrême Gauche,2002,présidentielle
35,138,Laignelet,664,514,134,530,16,0,5,Extrême Droite,2002,présidentielle
35,138,Laignelet,664,514,134,530,16,1,10,Centre,2002,présidentielle
35,138,Laignelet,664,514,134,530,16,2,1,Extrême Gauche,2002,présidentielle
35,138,Laignelet,664,514,134,530,16,3,53,Centre,2002,présidentielle
35,138,Laignelet,664,514,134,530,16,4,134,Droite,2002,présidentielle
35,138,Laignelet,664,514,134,530,16,5,64,Extrême Droite,2002,présidentielle
35,138,Laignelet,664,514,134,530,16,6,9,Gauche,2002,présidentielle
35,138,Laignelet,664,514,134,530,16,7,17,Droite,2002,présidentielle
35,138,Laignelet,664,514,134,530,16,8,31,Écologie,2002,présidentielle
35,138,Laignelet,664,514,134,530,16,9,65,Gauche,2002,présidentielle
35,138,Laignelet,664,514,134,530,16,10,10,Droite,2002,présidentielle
35,138,Laignelet,664,514,134,530,16,11,6,Gauche,2002,présidentielle
35,138,Laignelet,664,514,134,530,16,12,27,Gauche,2002,présidentielle
35,138,Laignelet,664,514,134,530,16,13,30,Droite,2002,présidentielle
35,138,Laignelet,664,514,134,530,16,14,25,Extrême Gauche,2002,présidentielle
35,138,Laignelet,664,514,134,530,16,15,27,Extrême Gauche,2002,présidentielle
35,139,Laillé,2753,2078,596,2157,79,0,19,Extrême Droite,2002,présidentielle
35,139,Laillé,2753,2078,596,2157,79,1,70,Centre,2002,présidentielle
35,139,Laillé,2753,2078,596,2157,79,2,9,Extrême Gauche,2002,présidentielle
35,139,Laillé,2753,2078,596,2157,79,3,154,Centre,2002,présidentielle
35,139,Laillé,2753,2078,596,2157,79,4,321,Droite,2002,présidentielle
35,139,Laillé,2753,2078,596,2157,79,5,221,Extrême Droite,2002,présidentielle
35,139,Laillé,2753,2078,596,2157,79,6,70,Gauche,2002,présidentielle
35,139,Laillé,2753,2078,596,2157,79,7,83,Droite,2002,présidentielle
35,139,Laillé,2753,2078,596,2157,79,8,190,Écologie,2002,présidentielle
35,139,Laillé,2753,2078,596,2157,79,9,328,Gauche,2002,présidentielle
35,139,Laillé,2753,2078,596,2157,79,10,18,Droite,2002,présidentielle
35,139,Laillé,2753,2078,596,2157,79,11,42,Gauche,2002,présidentielle
35,139,Laillé,2753,2078,596,2157,79,12,103,Gauche,2002,présidentielle
35,139,Laillé,2753,2078,596,2157,79,13,149,Droite,2002,présidentielle
35,139,Laillé,2753,2078,596,2157,79,14,170,Extrême Gauche,2002,présidentielle
35,139,Laillé,2753,2078,596,2157,79,15,131,Extrême Gauche,2002,présidentielle
35,140,Lalleu,357,249,87,270,21,0,3,Extrême Droite,2002,présidentielle
35,140,Lalleu,357,249,87,270,21,1,2,Centre,2002,présidentielle
35,140,Lalleu,357,249,87,270,21,2,3,Extrême Gauche,2002,présidentielle
35,140,Lalleu,357,249,87,270,21,3,16,Centre,2002,présidentielle
35,140,Lalleu,357,249,87,270,21,4,69,Droite,2002,présidentielle
35,140,Lalleu,357,249,87,270,21,5,40,Extrême Droite,2002,présidentielle
35,140,Lalleu,357,249,87,270,21,6,0,Gauche,2002,présidentielle
35,140,Lalleu,357,249,87,270,21,7,15,Droite,2002,présidentielle
35,140,Lalleu,357,249,87,270,21,8,8,Écologie,2002,présidentielle
35,140,Lalleu,357,249,87,270,21,9,21,Gauche,2002,présidentielle
35,140,Lalleu,357,249,87,270,21,10,1,Droite,2002,présidentielle
35,140,Lalleu,357,249,87,270,21,11,4,Gauche,2002,présidentielle
35,140,Lalleu,357,249,87,270,21,12,8,Gauche,2002,présidentielle
35,140,Lalleu,357,249,87,270,21,13,21,Droite,2002,présidentielle
35,140,Lalleu,357,249,87,270,21,14,21,Extrême Gauche,2002,présidentielle
35,140,Lalleu,357,249,87,270,21,15,17,Extrême Gauche,2002,présidentielle
35,141,Landavran,310,224,49,261,37,0,12,Extrême Droite,2002,présidentielle
35,141,Landavran,310,224,49,261,37,1,6,Centre,2002,présidentielle
35,141,Landavran,310,224,49,261,37,2,1,Extrême Gauche,2002,présidentielle
35,141,Landavran,310,224,49,261,37,3,21,Centre,2002,présidentielle
35,141,Landavran,310,224,49,261,37,4,54,Droite,2002,présidentielle
35,141,Landavran,310,224,49,261,37,5,25,Extrême Droite,2002,présidentielle
35,141,Landavran,310,224,49,261,37,6,6,Gauche,2002,présidentielle
35,141,Landavran,310,224,49,261,37,7,9,Droite,2002,présidentielle
35,141,Landavran,310,224,49,261,37,8,20,Écologie,2002,présidentielle
35,141,Landavran,310,224,49,261,37,9,22,Gauche,2002,présidentielle
35,141,Landavran,310,224,49,261,37,10,8,Droite,2002,présidentielle
35,141,Landavran,310,224,49,261,37,11,1,Gauche,2002,présidentielle
35,141,Landavran,310,224,49,261,37,12,7,Gauche,2002,présidentielle
35,141,Landavran,310,224,49,261,37,13,12,Droite,2002,présidentielle
35,141,Landavran,310,224,49,261,37,14,9,Extrême Gauche,2002,présidentielle
35,141,Landavran,310,224,49,261,37,15,11,Extrême Gauche,2002,présidentielle
35,142,Landéan,992,756,211,781,25,0,7,Extrême Droite,2002,présidentielle
35,142,Landéan,992,756,211,781,25,1,17,Centre,2002,présidentielle
35,142,Landéan,992,756,211,781,25,2,3,Extrême Gauche,2002,présidentielle
35,142,Landéan,992,756,211,781,25,3,47,Centre,2002,présidentielle
35,142,Landéan,992,756,211,781,25,4,239,Droite,2002,présidentielle
35,142,Landéan,992,756,211,781,25,5,91,Extrême Droite,2002,présidentielle
35,142,Landéan,992,756,211,781,25,6,22,Gauche,2002,présidentielle
35,142,Landéan,992,756,211,781,25,7,28,Droite,2002,présidentielle
35,142,Landéan,992,756,211,781,25,8,39,Écologie,2002,présidentielle
35,142,Landéan,992,756,211,781,25,9,76,Gauche,2002,présidentielle
35,142,Landéan,992,756,211,781,25,10,22,Droite,2002,présidentielle
35,142,Landéan,992,756,211,781,25,11,6,Gauche,2002,présidentielle
35,142,Landéan,992,756,211,781,25,12,34,Gauche,2002,présidentielle
35,142,Landéan,992,756,211,781,25,13,39,Droite,2002,présidentielle
35,142,Landéan,992,756,211,781,25,14,39,Extrême Gauche,2002,présidentielle
35,142,Landéan,992,756,211,781,25,15,47,Extrême Gauche,2002,présidentielle
35,143,Landujan,560,432,114,446,14,0,2,Extrême Droite,2002,présidentielle
35,143,Landujan,560,432,114,446,14,1,7,Centre,2002,présidentielle
35,143,Landujan,560,432,114,446,14,2,4,Extrême Gauche,2002,présidentielle
35,143,Landujan,560,432,114,446,14,3,37,Centre,2002,présidentielle
35,143,Landujan,560,432,114,446,14,4,120,Droite,2002,présidentielle
35,143,Landujan,560,432,114,446,14,5,44,Extrême Droite,2002,présidentielle
35,143,Landujan,560,432,114,446,14,6,11,Gauche,2002,présidentielle
35,143,Landujan,560,432,114,446,14,7,25,Droite,2002,présidentielle
35,143,Landujan,560,432,114,446,14,8,28,Écologie,2002,présidentielle
35,143,Landujan,560,432,114,446,14,9,56,Gauche,2002,présidentielle
35,143,Landujan,560,432,114,446,14,10,9,Droite,2002,présidentielle
35,143,Landujan,560,432,114,446,14,11,8,Gauche,2002,présidentielle
35,143,Landujan,560,432,114,446,14,12,13,Gauche,2002,présidentielle
35,143,Landujan,560,432,114,446,14,13,17,Droite,2002,présidentielle
35,143,Landujan,560,432,114,446,14,14,29,Extrême Gauche,2002,présidentielle
35,143,Landujan,560,432,114,446,14,15,22,Extrême Gauche,2002,présidentielle
35,144,Langan,643,438,190,453,15,0,2,Extrême Droite,2002,présidentielle
35,144,Langan,643,438,190,453,15,1,10,Centre,2002,présidentielle
35,144,Langan,643,438,190,453,15,2,9,Extrême Gauche,2002,présidentielle
35,144,Langan,643,438,190,453,15,3,16,Centre,2002,présidentielle
35,144,Langan,643,438,190,453,15,4,74,Droite,2002,présidentielle
35,144,Langan,643,438,190,453,15,5,54,Extrême Droite,2002,présidentielle
35,144,Langan,643,438,190,453,15,6,14,Gauche,2002,présidentielle
35,144,Langan,643,438,190,453,15,7,31,Droite,2002,présidentielle
35,144,Langan,643,438,190,453,15,8,37,Écologie,2002,présidentielle
35,144,Langan,643,438,190,453,15,9,87,Gauche,2002,présidentielle
35,144,Langan,643,438,190,453,15,10,5,Droite,2002,présidentielle
35,144,Langan,643,438,190,453,15,11,5,Gauche,2002,présidentielle
35,144,Langan,643,438,190,453,15,12,15,Gauche,2002,présidentielle
35,144,Langan,643,438,190,453,15,13,12,Droite,2002,présidentielle
35,144,Langan,643,438,190,453,15,14,38,Extrême Gauche,2002,présidentielle
35,144,Langan,643,438,190,453,15,15,29,Extrême Gauche,2002,présidentielle
35,145,Langon,988,781,191,797,16,0,10,Extrême Droite,2002,présidentielle
35,145,Langon,988,781,191,797,16,1,6,Centre,2002,présidentielle
35,145,Langon,988,781,191,797,16,2,7,Extrême Gauche,2002,présidentielle
35,145,Langon,988,781,191,797,16,3,27,Centre,2002,présidentielle
35,145,Langon,988,781,191,797,16,4,143,Droite,2002,présidentielle
35,145,Langon,988,781,191,797,16,5,95,Extrême Droite,2002,présidentielle
35,145,Langon,988,781,191,797,16,6,10,Gauche,2002,présidentielle
35,145,Langon,988,781,191,797,16,7,60,Droite,2002,présidentielle
35,145,Langon,988,781,191,797,16,8,43,Écologie,2002,présidentielle
35,145,Langon,988,781,191,797,16,9,126,Gauche,2002,présidentielle
35,145,Langon,988,781,191,797,16,10,18,Droite,2002,présidentielle
35,145,Langon,988,781,191,797,16,11,18,Gauche,2002,présidentielle
35,145,Langon,988,781,191,797,16,12,27,Gauche,2002,présidentielle
35,145,Langon,988,781,191,797,16,13,88,Droite,2002,présidentielle
35,145,Langon,988,781,191,797,16,14,68,Extrême Gauche,2002,présidentielle
35,145,Langon,988,781,191,797,16,15,35,Extrême Gauche,2002,présidentielle
35,146,Langouet,366,280,74,292,12,0,7,Extrême Droite,2002,présidentielle
35,146,Langouet,366,280,74,292,12,1,6,Centre,2002,présidentielle
35,146,Langouet,366,280,74,292,12,2,1,Extrême Gauche,2002,présidentielle
35,146,Langouet,366,280,74,292,12,3,18,Centre,2002,présidentielle
35,146,Langouet,366,280,74,292,12,4,56,Droite,2002,présidentielle
35,146,Langouet,366,280,74,292,12,5,37,Extrême Droite,2002,présidentielle
35,146,Langouet,366,280,74,292,12,6,5,Gauche,2002,présidentielle
35,146,Langouet,366,280,74,292,12,7,5,Droite,2002,présidentielle
35,146,Langouet,366,280,74,292,12,8,19,Écologie,2002,présidentielle
35,146,Langouet,366,280,74,292,12,9,38,Gauche,2002,présidentielle
35,146,Langouet,366,280,74,292,12,10,7,Droite,2002,présidentielle
35,146,Langouet,366,280,74,292,12,11,3,Gauche,2002,présidentielle
35,146,Langouet,366,280,74,292,12,12,13,Gauche,2002,présidentielle
35,146,Langouet,366,280,74,292,12,13,19,Droite,2002,présidentielle
35,146,Langouet,366,280,74,292,12,14,17,Extrême Gauche,2002,présidentielle
35,146,Langouet,366,280,74,292,12,15,29,Extrême Gauche,2002,présidentielle
35,147,Lanhélin,491,372,104,387,15,0,12,Extrême Droite,2002,présidentielle
35,147,Lanhélin,491,372,104,387,15,1,5,Centre,2002,présidentielle
35,147,Lanhélin,491,372,104,387,15,2,2,Extrême Gauche,2002,présidentielle
35,147,Lanhélin,491,372,104,387,15,3,22,Centre,2002,présidentielle
35,147,Lanhélin,491,372,104,387,15,4,84,Droite,2002,présidentielle
35,147,Lanhélin,491,372,104,387,15,5,49,Extrême Droite,2002,présidentielle
35,147,Lanhélin,491,372,104,387,15,6,3,Gauche,2002,présidentielle
35,147,Lanhélin,491,372,104,387,15,7,33,Droite,2002,présidentielle
35,147,Lanhélin,491,372,104,387,15,8,11,Écologie,2002,présidentielle
35,147,Lanhélin,491,372,104,387,15,9,68,Gauche,2002,présidentielle
35,147,Lanhélin,491,372,104,387,15,10,8,Droite,2002,présidentielle
35,147,Lanhélin,491,372,104,387,15,11,8,Gauche,2002,présidentielle
35,147,Lanhélin,491,372,104,387,15,12,13,Gauche,2002,présidentielle
35,147,Lanhélin,491,372,104,387,15,13,10,Droite,2002,présidentielle
35,147,Lanhélin,491,372,104,387,15,14,24,Extrême Gauche,2002,présidentielle
35,147,Lanhélin,491,372,104,387,15,15,20,Extrême Gauche,2002,présidentielle
35,148,Lanrigan,80,59,18,62,3,0,1,Extrême Droite,2002,présidentielle
35,148,Lanrigan,80,59,18,62,3,1,0,Centre,2002,présidentielle
35,148,Lanrigan,80,59,18,62,3,2,1,Extrême Gauche,2002,présidentielle
35,148,Lanrigan,80,59,18,62,3,3,2,Centre,2002,présidentielle
35,148,Lanrigan,80,59,18,62,3,4,8,Droite,2002,présidentielle
35,148,Lanrigan,80,59,18,62,3,5,9,Extrême Droite,2002,présidentielle
35,148,Lanrigan,80,59,18,62,3,6,0,Gauche,2002,présidentielle
35,148,Lanrigan,80,59,18,62,3,7,9,Droite,2002,présidentielle
35,148,Lanrigan,80,59,18,62,3,8,0,Écologie,2002,présidentielle
35,148,Lanrigan,80,59,18,62,3,9,14,Gauche,2002,présidentielle
35,148,Lanrigan,80,59,18,62,3,10,4,Droite,2002,présidentielle
35,148,Lanrigan,80,59,18,62,3,11,2,Gauche,2002,présidentielle
35,148,Lanrigan,80,59,18,62,3,12,3,Gauche,2002,présidentielle
35,148,Lanrigan,80,59,18,62,3,13,0,Droite,2002,présidentielle
35,148,Lanrigan,80,59,18,62,3,14,2,Extrême Gauche,2002,présidentielle
35,148,Lanrigan,80,59,18,62,3,15,4,Extrême Gauche,2002,présidentielle
35,149,Lassy,764,587,155,609,22,0,3,Extrême Droite,2002,présidentielle
35,149,Lassy,764,587,155,609,22,1,19,Centre,2002,présidentielle
35,149,Lassy,764,587,155,609,22,2,7,Extrême Gauche,2002,présidentielle
35,149,Lassy,764,587,155,609,22,3,24,Centre,2002,présidentielle
35,149,Lassy,764,587,155,609,22,4,71,Droite,2002,présidentielle
35,149,Lassy,764,587,155,609,22,5,74,Extrême Droite,2002,présidentielle
35,149,Lassy,764,587,155,609,22,6,13,Gauche,2002,présidentielle
35,149,Lassy,764,587,155,609,22,7,26,Droite,2002,présidentielle
35,149,Lassy,764,587,155,609,22,8,45,Écologie,2002,présidentielle
35,149,Lassy,764,587,155,609,22,9,92,Gauche,2002,présidentielle
35,149,Lassy,764,587,155,609,22,10,12,Droite,2002,présidentielle
35,149,Lassy,764,587,155,609,22,11,16,Gauche,2002,présidentielle
35,149,Lassy,764,587,155,609,22,12,26,Gauche,2002,présidentielle
35,149,Lassy,764,587,155,609,22,13,53,Droite,2002,présidentielle
35,149,Lassy,764,587,155,609,22,14,65,Extrême Gauche,2002,présidentielle
35,149,Lassy,764,587,155,609,22,15,41,Extrême Gauche,2002,présidentielle
35,150,Lécousse,2413,1727,596,1817,90,0,32,Extrême Droite,2002,présidentielle
35,150,Lécousse,2413,1727,596,1817,90,1,42,Centre,2002,présidentielle
35,150,Lécousse,2413,1727,596,1817,90,2,16,Extrême Gauche,2002,présidentielle
35,150,Lécousse,2413,1727,596,1817,90,3,184,Centre,2002,présidentielle
35,150,Lécousse,2413,1727,596,1817,90,4,363,Droite,2002,présidentielle
35,150,Lécousse,2413,1727,596,1817,90,5,190,Extrême Droite,2002,présidentielle
35,150,Lécousse,2413,1727,596,1817,90,6,35,Gauche,2002,présidentielle
35,150,Lécousse,2413,1727,596,1817,90,7,50,Droite,2002,présidentielle
35,150,Lécousse,2413,1727,596,1817,90,8,104,Écologie,2002,présidentielle
35,150,Lécousse,2413,1727,596,1817,90,9,245,Gauche,2002,présidentielle
35,150,Lécousse,2413,1727,596,1817,90,10,29,Droite,2002,présidentielle
35,150,Lécousse,2413,1727,596,1817,90,11,37,Gauche,2002,présidentielle
35,150,Lécousse,2413,1727,596,1817,90,12,67,Gauche,2002,présidentielle
35,150,Lécousse,2413,1727,596,1817,90,13,98,Droite,2002,présidentielle
35,150,Lécousse,2413,1727,596,1817,90,14,111,Extrême Gauche,2002,présidentielle
35,150,Lécousse,2413,1727,596,1817,90,15,124,Extrême Gauche,2002,présidentielle
35,151,Lieuron,432,313,109,323,10,0,6,Extrême Droite,2002,présidentielle
35,151,Lieuron,432,313,109,323,10,1,3,Centre,2002,présidentielle
35,151,Lieuron,432,313,109,323,10,2,3,Extrême Gauche,2002,présidentielle
35,151,Lieuron,432,313,109,323,10,3,5,Centre,2002,présidentielle
35,151,Lieuron,432,313,109,323,10,4,68,Droite,2002,présidentielle
35,151,Lieuron,432,313,109,323,10,5,45,Extrême Droite,2002,présidentielle
35,151,Lieuron,432,313,109,323,10,6,3,Gauche,2002,présidentielle
35,151,Lieuron,432,313,109,323,10,7,28,Droite,2002,présidentielle
35,151,Lieuron,432,313,109,323,10,8,9,Écologie,2002,présidentielle
35,151,Lieuron,432,313,109,323,10,9,57,Gauche,2002,présidentielle
35,151,Lieuron,432,313,109,323,10,10,2,Droite,2002,présidentielle
35,151,Lieuron,432,313,109,323,10,11,1,Gauche,2002,présidentielle
35,151,Lieuron,432,313,109,323,10,12,5,Gauche,2002,présidentielle
35,151,Lieuron,432,313,109,323,10,13,44,Droite,2002,présidentielle
35,151,Lieuron,432,313,109,323,10,14,22,Extrême Gauche,2002,présidentielle
35,151,Lieuron,432,313,109,323,10,15,12,Extrême Gauche,2002,présidentielle
35,152,Liffré,4452,3420,914,3538,118,0,34,Extrême Droite,2002,présidentielle
35,152,Liffré,4452,3420,914,3538,118,1,97,Centre,2002,présidentielle
35,152,Liffré,4452,3420,914,3538,118,2,21,Extrême Gauche,2002,présidentielle
35,152,Liffré,4452,3420,914,3538,118,3,250,Centre,2002,présidentielle
35,152,Liffré,4452,3420,914,3538,118,4,669,Droite,2002,présidentielle
35,152,Liffré,4452,3420,914,3538,118,5,340,Extrême Droite,2002,présidentielle
35,152,Liffré,4452,3420,914,3538,118,6,67,Gauche,2002,présidentielle
35,152,Liffré,4452,3420,914,3538,118,7,81,Droite,2002,présidentielle
35,152,Liffré,4452,3420,914,3538,118,8,282,Écologie,2002,présidentielle
35,152,Liffré,4452,3420,914,3538,118,9,695,Gauche,2002,présidentielle
35,152,Liffré,4452,3420,914,3538,118,10,47,Droite,2002,présidentielle
35,152,Liffré,4452,3420,914,3538,118,11,105,Gauche,2002,présidentielle
35,152,Liffré,4452,3420,914,3538,118,12,159,Gauche,2002,présidentielle
35,152,Liffré,4452,3420,914,3538,118,13,140,Droite,2002,présidentielle
35,152,Liffré,4452,3420,914,3538,118,14,230,Extrême Gauche,2002,présidentielle
35,152,Liffré,4452,3420,914,3538,118,15,203,Extrême Gauche,2002,présidentielle
35,153,Lillemer,171,118,47,124,6,0,2,Extrême Droite,2002,présidentielle
35,153,Lillemer,171,118,47,124,6,1,1,Centre,2002,présidentielle
35,153,Lillemer,171,118,47,124,6,2,4,Extrême Gauche,2002,présidentielle
35,153,Lillemer,171,118,47,124,6,3,8,Centre,2002,présidentielle
35,153,Lillemer,171,118,47,124,6,4,21,Droite,2002,présidentielle
35,153,Lillemer,171,118,47,124,6,5,19,Extrême Droite,2002,présidentielle
35,153,Lillemer,171,118,47,124,6,6,0,Gauche,2002,présidentielle
35,153,Lillemer,171,118,47,124,6,7,21,Droite,2002,présidentielle
35,153,Lillemer,171,118,47,124,6,8,0,Écologie,2002,présidentielle
35,153,Lillemer,171,118,47,124,6,9,18,Gauche,2002,présidentielle
35,153,Lillemer,171,118,47,124,6,10,1,Droite,2002,présidentielle
35,153,Lillemer,171,118,47,124,6,11,8,Gauche,2002,présidentielle
35,153,Lillemer,171,118,47,124,6,12,2,Gauche,2002,présidentielle
35,153,Lillemer,171,118,47,124,6,13,5,Droite,2002,présidentielle
35,153,Lillemer,171,118,47,124,6,14,3,Extrême Gauche,2002,présidentielle
35,153,Lillemer,171,118,47,124,6,15,5,Extrême Gauche,2002,présidentielle
35,154,Livré-sur-Changeon,892,671,190,702,31,0,5,Extrême Droite,2002,présidentielle
35,154,Livré-sur-Changeon,892,671,190,702,31,1,13,Centre,2002,présidentielle
35,154,Livré-sur-Changeon,892,671,190,702,31,2,4,Extrême Gauche,2002,présidentielle
35,154,Livré-sur-Changeon,892,671,190,702,31,3,59,Centre,2002,présidentielle
35,154,Livré-sur-Changeon,892,671,190,702,31,4,197,Droite,2002,présidentielle
35,154,Livré-sur-Changeon,892,671,190,702,31,5,71,Extrême Droite,2002,présidentielle
35,154,Livré-sur-Changeon,892,671,190,702,31,6,13,Gauche,2002,présidentielle
35,154,Livré-sur-Changeon,892,671,190,702,31,7,34,Droite,2002,présidentielle
35,154,Livré-sur-Changeon,892,671,190,702,31,8,30,Écologie,2002,présidentielle
35,154,Livré-sur-Changeon,892,671,190,702,31,9,124,Gauche,2002,présidentielle
35,154,Livré-sur-Changeon,892,671,190,702,31,10,12,Droite,2002,présidentielle
35,154,Livré-sur-Changeon,892,671,190,702,31,11,2,Gauche,2002,présidentielle
35,154,Livré-sur-Changeon,892,671,190,702,31,12,14,Gauche,2002,présidentielle
35,154,Livré-sur-Changeon,892,671,190,702,31,13,28,Droite,2002,présidentielle
35,154,Livré-sur-Changeon,892,671,190,702,31,14,39,Extrême Gauche,2002,présidentielle
35,154,Livré-sur-Changeon,892,671,190,702,31,15,26,Extrême Gauche,2002,présidentielle
35,155,Lohéac,436,335,88,348,13,0,4,Extrême Droite,2002,présidentielle
35,155,Lohéac,436,335,88,348,13,1,8,Centre,2002,présidentielle
35,155,Lohéac,436,335,88,348,13,2,5,Extrême Gauche,2002,présidentielle
35,155,Lohéac,436,335,88,348,13,3,16,Centre,2002,présidentielle
35,155,Lohéac,436,335,88,348,13,4,64,Droite,2002,présidentielle
35,155,Lohéac,436,335,88,348,13,5,47,Extrême Droite,2002,présidentielle
35,155,Lohéac,436,335,88,348,13,6,9,Gauche,2002,présidentielle
35,155,Lohéac,436,335,88,348,13,7,17,Droite,2002,présidentielle
35,155,Lohéac,436,335,88,348,13,8,19,Écologie,2002,présidentielle
35,155,Lohéac,436,335,88,348,13,9,55,Gauche,2002,présidentielle
35,155,Lohéac,436,335,88,348,13,10,3,Droite,2002,présidentielle
35,155,Lohéac,436,335,88,348,13,11,6,Gauche,2002,présidentielle
35,155,Lohéac,436,335,88,348,13,12,12,Gauche,2002,présidentielle
35,155,Lohéac,436,335,88,348,13,13,37,Droite,2002,présidentielle
35,155,Lohéac,436,335,88,348,13,14,18,Extrême Gauche,2002,présidentielle
35,155,Lohéac,436,335,88,348,13,15,15,Extrême Gauche,2002,présidentielle
35,156,Longaulnay,290,232,52,238,6,0,2,Extrême Droite,2002,présidentielle
35,156,Longaulnay,290,232,52,238,6,1,5,Centre,2002,présidentielle
35,156,Longaulnay,290,232,52,238,6,2,0,Extrême Gauche,2002,présidentielle
35,156,Longaulnay,290,232,52,238,6,3,17,Centre,2002,présidentielle
35,156,Longaulnay,290,232,52,238,6,4,54,Droite,2002,présidentielle
35,156,Longaulnay,290,232,52,238,6,5,30,Extrême Droite,2002,présidentielle
35,156,Longaulnay,290,232,52,238,6,6,6,Gauche,2002,présidentielle
35,156,Longaulnay,290,232,52,238,6,7,15,Droite,2002,présidentielle
35,156,Longaulnay,290,232,52,238,6,8,8,Écologie,2002,présidentielle
35,156,Longaulnay,290,232,52,238,6,9,41,Gauche,2002,présidentielle
35,156,Longaulnay,290,232,52,238,6,10,5,Droite,2002,présidentielle
35,156,Longaulnay,290,232,52,238,6,11,1,Gauche,2002,présidentielle
35,156,Longaulnay,290,232,52,238,6,12,5,Gauche,2002,présidentielle
35,156,Longaulnay,290,232,52,238,6,13,12,Droite,2002,présidentielle
35,156,Longaulnay,290,232,52,238,6,14,21,Extrême Gauche,2002,présidentielle
35,156,Longaulnay,290,232,52,238,6,15,10,Extrême Gauche,2002,présidentielle
35,157,Le Loroux,410,314,74,336,22,0,5,Extrême Droite,2002,présidentielle
35,157,Le Loroux,410,314,74,336,22,1,4,Centre,2002,présidentielle
35,157,Le Loroux,410,314,74,336,22,2,1,Extrême Gauche,2002,présidentielle
35,157,Le Loroux,410,314,74,336,22,3,27,Centre,2002,présidentielle
35,157,Le Loroux,410,314,74,336,22,4,132,Droite,2002,présidentielle
35,157,Le Loroux,410,314,74,336,22,5,35,Extrême Droite,2002,présidentielle
35,157,Le Loroux,410,314,74,336,22,6,6,Gauche,2002,présidentielle
35,157,Le Loroux,410,314,74,336,22,7,9,Droite,2002,présidentielle
35,157,Le Loroux,410,314,74,336,22,8,11,Écologie,2002,présidentielle
35,157,Le Loroux,410,314,74,336,22,9,20,Gauche,2002,présidentielle
35,157,Le Loroux,410,314,74,336,22,10,8,Droite,2002,présidentielle
35,157,Le Loroux,410,314,74,336,22,11,2,Gauche,2002,présidentielle
35,157,Le Loroux,410,314,74,336,22,12,6,Gauche,2002,présidentielle
35,157,Le Loroux,410,314,74,336,22,13,24,Droite,2002,présidentielle
35,157,Le Loroux,410,314,74,336,22,14,12,Extrême Gauche,2002,présidentielle
35,157,Le Loroux,410,314,74,336,22,15,12,Extrême Gauche,2002,présidentielle
35,158,Le Lou-du-Lac,105,79,26,79,0,0,3,Extrême Droite,2002,présidentielle
35,158,Le Lou-du-Lac,105,79,26,79,0,1,3,Centre,2002,présidentielle
35,158,Le Lou-du-Lac,105,79,26,79,0,2,1,Extrême Gauche,2002,présidentielle
35,158,Le Lou-du-Lac,105,79,26,79,0,3,4,Centre,2002,présidentielle
35,158,Le Lou-du-Lac,105,79,26,79,0,4,24,Droite,2002,présidentielle
35,158,Le Lou-du-Lac,105,79,26,79,0,5,12,Extrême Droite,2002,présidentielle
35,158,Le Lou-du-Lac,105,79,26,79,0,6,3,Gauche,2002,présidentielle
35,158,Le Lou-du-Lac,105,79,26,79,0,7,1,Droite,2002,présidentielle
35,158,Le Lou-du-Lac,105,79,26,79,0,8,5,Écologie,2002,présidentielle
35,158,Le Lou-du-Lac,105,79,26,79,0,9,7,Gauche,2002,présidentielle
35,158,Le Lou-du-Lac,105,79,26,79,0,10,1,Droite,2002,présidentielle
35,158,Le Lou-du-Lac,105,79,26,79,0,11,1,Gauche,2002,présidentielle
35,158,Le Lou-du-Lac,105,79,26,79,0,12,4,Gauche,2002,présidentielle
35,158,Le Lou-du-Lac,105,79,26,79,0,13,3,Droite,2002,présidentielle
35,158,Le Lou-du-Lac,105,79,26,79,0,14,6,Extrême Gauche,2002,présidentielle
35,158,Le Lou-du-Lac,105,79,26,79,0,15,1,Extrême Gauche,2002,présidentielle
35,159,Lourmais,192,145,43,149,4,0,3,Extrême Droite,2002,présidentielle
35,159,Lourmais,192,145,43,149,4,1,2,Centre,2002,présidentielle
35,159,Lourmais,192,145,43,149,4,2,2,Extrême Gauche,2002,présidentielle
35,159,Lourmais,192,145,43,149,4,3,6,Centre,2002,présidentielle
35,159,Lourmais,192,145,43,149,4,4,46,Droite,2002,présidentielle
35,159,Lourmais,192,145,43,149,4,5,14,Extrême Droite,2002,présidentielle
35,159,Lourmais,192,145,43,149,4,6,1,Gauche,2002,présidentielle
35,159,Lourmais,192,145,43,149,4,7,11,Droite,2002,présidentielle
35,159,Lourmais,192,145,43,149,4,8,5,Écologie,2002,présidentielle
35,159,Lourmais,192,145,43,149,4,9,24,Gauche,2002,présidentielle
35,159,Lourmais,192,145,43,149,4,10,4,Droite,2002,présidentielle
35,159,Lourmais,192,145,43,149,4,11,1,Gauche,2002,présidentielle
35,159,Lourmais,192,145,43,149,4,12,2,Gauche,2002,présidentielle
35,159,Lourmais,192,145,43,149,4,13,3,Droite,2002,présidentielle
35,159,Lourmais,192,145,43,149,4,14,12,Extrême Gauche,2002,présidentielle
35,159,Lourmais,192,145,43,149,4,15,9,Extrême Gauche,2002,présidentielle
35,160,Loutehel,164,118,45,119,1,0,0,Extrême Droite,2002,présidentielle
35,160,Loutehel,164,118,45,119,1,1,3,Centre,2002,présidentielle
35,160,Loutehel,164,118,45,119,1,2,0,Extrême Gauche,2002,présidentielle
35,160,Loutehel,164,118,45,119,1,3,13,Centre,2002,présidentielle
35,160,Loutehel,164,118,45,119,1,4,26,Droite,2002,présidentielle
35,160,Loutehel,164,118,45,119,1,5,16,Extrême Droite,2002,présidentielle
35,160,Loutehel,164,118,45,119,1,6,1,Gauche,2002,présidentielle
35,160,Loutehel,164,118,45,119,1,7,7,Droite,2002,présidentielle
35,160,Loutehel,164,118,45,119,1,8,5,Écologie,2002,présidentielle
35,160,Loutehel,164,118,45,119,1,9,23,Gauche,2002,présidentielle
35,160,Loutehel,164,118,45,119,1,10,4,Droite,2002,présidentielle
35,160,Loutehel,164,118,45,119,1,11,1,Gauche,2002,présidentielle
35,160,Loutehel,164,118,45,119,1,12,3,Gauche,2002,présidentielle
35,160,Loutehel,164,118,45,119,1,13,7,Droite,2002,présidentielle
35,160,Loutehel,164,118,45,119,1,14,4,Extrême Gauche,2002,présidentielle
35,160,Loutehel,164,118,45,119,1,15,5,Extrême Gauche,2002,présidentielle
35,161,Louvigné-de-Bais,1020,768,221,799,31,0,23,Extrême Droite,2002,présidentielle
35,161,Louvigné-de-Bais,1020,768,221,799,31,1,10,Centre,2002,présidentielle
35,161,Louvigné-de-Bais,1020,768,221,799,31,2,2,Extrême Gauche,2002,présidentielle
35,161,Louvigné-de-Bais,1020,768,221,799,31,3,78,Centre,2002,présidentielle
35,161,Louvigné-de-Bais,1020,768,221,799,31,4,242,Droite,2002,présidentielle
35,161,Louvigné-de-Bais,1020,768,221,799,31,5,103,Extrême Droite,2002,présidentielle
35,161,Louvigné-de-Bais,1020,768,221,799,31,6,14,Gauche,2002,présidentielle
35,161,Louvigné-de-Bais,1020,768,221,799,31,7,33,Droite,2002,présidentielle
35,161,Louvigné-de-Bais,1020,768,221,799,31,8,34,Écologie,2002,présidentielle
35,161,Louvigné-de-Bais,1020,768,221,799,31,9,74,Gauche,2002,présidentielle
35,161,Louvigné-de-Bais,1020,768,221,799,31,10,10,Droite,2002,présidentielle
35,161,Louvigné-de-Bais,1020,768,221,799,31,11,9,Gauche,2002,présidentielle
35,161,Louvigné-de-Bais,1020,768,221,799,31,12,7,Gauche,2002,présidentielle
35,161,Louvigné-de-Bais,1020,768,221,799,31,13,43,Droite,2002,présidentielle
35,161,Louvigné-de-Bais,1020,768,221,799,31,14,53,Extrême Gauche,2002,présidentielle
35,161,Louvigné-de-Bais,1020,768,221,799,31,15,33,Extrême Gauche,2002,présidentielle
35,162,Louvigné-du-Désert,3076,2190,770,2306,116,0,50,Extrême Droite,2002,présidentielle
35,162,Louvigné-du-Désert,3076,2190,770,2306,116,1,39,Centre,2002,présidentielle
35,162,Louvigné-du-Désert,3076,2190,770,2306,116,2,10,Extrême Gauche,2002,présidentielle
35,162,Louvigné-du-Désert,3076,2190,770,2306,116,3,136,Centre,2002,présidentielle
35,162,Louvigné-du-Désert,3076,2190,770,2306,116,4,665,Droite,2002,présidentielle
35,162,Louvigné-du-Désert,3076,2190,770,2306,116,5,281,Extrême Droite,2002,présidentielle
35,162,Louvigné-du-Désert,3076,2190,770,2306,116,6,31,Gauche,2002,présidentielle
35,162,Louvigné-du-Désert,3076,2190,770,2306,116,7,107,Droite,2002,présidentielle
35,162,Louvigné-du-Désert,3076,2190,770,2306,116,8,65,Écologie,2002,présidentielle
35,162,Louvigné-du-Désert,3076,2190,770,2306,116,9,257,Gauche,2002,présidentielle
35,162,Louvigné-du-Désert,3076,2190,770,2306,116,10,33,Droite,2002,présidentielle
35,162,Louvigné-du-Désert,3076,2190,770,2306,116,11,34,Gauche,2002,présidentielle
35,162,Louvigné-du-Désert,3076,2190,770,2306,116,12,53,Gauche,2002,présidentielle
35,162,Louvigné-du-Désert,3076,2190,770,2306,116,13,172,Droite,2002,présidentielle
35,162,Louvigné-du-Désert,3076,2190,770,2306,116,14,173,Extrême Gauche,2002,présidentielle
35,162,Louvigné-du-Désert,3076,2190,770,2306,116,15,84,Extrême Gauche,2002,présidentielle
35,163,Luitré,937,714,186,751,37,0,4,Extrême Droite,2002,présidentielle
35,163,Luitré,937,714,186,751,37,1,17,Centre,2002,présidentielle
35,163,Luitré,937,714,186,751,37,2,8,Extrême Gauche,2002,présidentielle
35,163,Luitré,937,714,186,751,37,3,44,Centre,2002,présidentielle
35,163,Luitré,937,714,186,751,37,4,301,Droite,2002,présidentielle
35,163,Luitré,937,714,186,751,37,5,53,Extrême Droite,2002,présidentielle
35,163,Luitré,937,714,186,751,37,6,9,Gauche,2002,présidentielle
35,163,Luitré,937,714,186,751,37,7,43,Droite,2002,présidentielle
35,163,Luitré,937,714,186,751,37,8,34,Écologie,2002,présidentielle
35,163,Luitré,937,714,186,751,37,9,62,Gauche,2002,présidentielle
35,163,Luitré,937,714,186,751,37,10,15,Droite,2002,présidentielle
35,163,Luitré,937,714,186,751,37,11,8,Gauche,2002,présidentielle
35,163,Luitré,937,714,186,751,37,12,19,Gauche,2002,présidentielle
35,163,Luitré,937,714,186,751,37,13,37,Droite,2002,présidentielle
35,163,Luitré,937,714,186,751,37,14,34,Extrême Gauche,2002,présidentielle
35,163,Luitré,937,714,186,751,37,15,26,Extrême Gauche,2002,présidentielle
35,164,Marcillé-Raoul,498,347,132,366,19,0,2,Extrême Droite,2002,présidentielle
35,164,Marcillé-Raoul,498,347,132,366,19,1,6,Centre,2002,présidentielle
35,164,Marcillé-Raoul,498,347,132,366,19,2,2,Extrême Gauche,2002,présidentielle
35,164,Marcillé-Raoul,498,347,132,366,19,3,19,Centre,2002,présidentielle
35,164,Marcillé-Raoul,498,347,132,366,19,4,86,Droite,2002,présidentielle
35,164,Marcillé-Raoul,498,347,132,366,19,5,38,Extrême Droite,2002,présidentielle
35,164,Marcillé-Raoul,498,347,132,366,19,6,12,Gauche,2002,présidentielle
35,164,Marcillé-Raoul,498,347,132,366,19,7,28,Droite,2002,présidentielle
35,164,Marcillé-Raoul,498,347,132,366,19,8,16,Écologie,2002,présidentielle
35,164,Marcillé-Raoul,498,347,132,366,19,9,50,Gauche,2002,présidentielle
35,164,Marcillé-Raoul,498,347,132,366,19,10,5,Droite,2002,présidentielle
35,164,Marcillé-Raoul,498,347,132,366,19,11,9,Gauche,2002,présidentielle
35,164,Marcillé-Raoul,498,347,132,366,19,12,11,Gauche,2002,présidentielle
35,164,Marcillé-Raoul,498,347,132,366,19,13,16,Droite,2002,présidentielle
35,164,Marcillé-Raoul,498,347,132,366,19,14,26,Extrême Gauche,2002,présidentielle
35,164,Marcillé-Raoul,498,347,132,366,19,15,21,Extrême Gauche,2002,présidentielle
35,165,Marcillé-Robert,614,436,146,468,32,0,7,Extrême Droite,2002,présidentielle
35,165,Marcillé-Robert,614,436,146,468,32,1,6,Centre,2002,présidentielle
35,165,Marcillé-Robert,614,436,146,468,32,2,0,Extrême Gauche,2002,présidentielle
35,165,Marcillé-Robert,614,436,146,468,32,3,38,Centre,2002,présidentielle
35,165,Marcillé-Robert,614,436,146,468,32,4,141,Droite,2002,présidentielle
35,165,Marcillé-Robert,614,436,146,468,32,5,68,Extrême Droite,2002,présidentielle
35,165,Marcillé-Robert,614,436,146,468,32,6,11,Gauche,2002,présidentielle
35,165,Marcillé-Robert,614,436,146,468,32,7,22,Droite,2002,présidentielle
35,165,Marcillé-Robert,614,436,146,468,32,8,17,Écologie,2002,présidentielle
35,165,Marcillé-Robert,614,436,146,468,32,9,38,Gauche,2002,présidentielle
35,165,Marcillé-Robert,614,436,146,468,32,10,7,Droite,2002,présidentielle
35,165,Marcillé-Robert,614,436,146,468,32,11,3,Gauche,2002,présidentielle
35,165,Marcillé-Robert,614,436,146,468,32,12,12,Gauche,2002,présidentielle
35,165,Marcillé-Robert,614,436,146,468,32,13,22,Droite,2002,présidentielle
35,165,Marcillé-Robert,614,436,146,468,32,14,19,Extrême Gauche,2002,présidentielle
35,165,Marcillé-Robert,614,436,146,468,32,15,25,Extrême Gauche,2002,présidentielle
35,166,Marpiré,620,460,138,482,22,0,9,Extrême Droite,2002,présidentielle
35,166,Marpiré,620,460,138,482,22,1,14,Centre,2002,présidentielle
35,166,Marpiré,620,460,138,482,22,2,6,Extrême Gauche,2002,présidentielle
35,166,Marpiré,620,460,138,482,22,3,62,Centre,2002,présidentielle
35,166,Marpiré,620,460,138,482,22,4,115,Droite,2002,présidentielle
35,166,Marpiré,620,460,138,482,22,5,44,Extrême Droite,2002,présidentielle
35,166,Marpiré,620,460,138,482,22,6,14,Gauche,2002,présidentielle
35,166,Marpiré,620,460,138,482,22,7,22,Droite,2002,présidentielle
35,166,Marpiré,620,460,138,482,22,8,24,Écologie,2002,présidentielle
35,166,Marpiré,620,460,138,482,22,9,45,Gauche,2002,présidentielle
35,166,Marpiré,620,460,138,482,22,10,5,Droite,2002,présidentielle
35,166,Marpiré,620,460,138,482,22,11,9,Gauche,2002,présidentielle
35,166,Marpiré,620,460,138,482,22,12,10,Gauche,2002,présidentielle
35,166,Marpiré,620,460,138,482,22,13,21,Droite,2002,présidentielle
35,166,Marpiré,620,460,138,482,22,14,35,Extrême Gauche,2002,présidentielle
35,166,Marpiré,620,460,138,482,22,15,25,Extrême Gauche,2002,présidentielle
35,167,Martigné-Ferchaud,2105,1453,584,1521,68,0,21,Extrême Droite,2002,présidentielle
35,167,Martigné-Ferchaud,2105,1453,584,1521,68,1,26,Centre,2002,présidentielle
35,167,Martigné-Ferchaud,2105,1453,584,1521,68,2,2,Extrême Gauche,2002,présidentielle
35,167,Martigné-Ferchaud,2105,1453,584,1521,68,3,149,Centre,2002,présidentielle
35,167,Martigné-Ferchaud,2105,1453,584,1521,68,4,468,Droite,2002,présidentielle
35,167,Martigné-Ferchaud,2105,1453,584,1521,68,5,164,Extrême Droite,2002,présidentielle
35,167,Martigné-Ferchaud,2105,1453,584,1521,68,6,20,Gauche,2002,présidentielle
35,167,Martigné-Ferchaud,2105,1453,584,1521,68,7,79,Droite,2002,présidentielle
35,167,Martigné-Ferchaud,2105,1453,584,1521,68,8,62,Écologie,2002,présidentielle
35,167,Martigné-Ferchaud,2105,1453,584,1521,68,9,170,Gauche,2002,présidentielle
35,167,Martigné-Ferchaud,2105,1453,584,1521,68,10,23,Droite,2002,présidentielle
35,167,Martigné-Ferchaud,2105,1453,584,1521,68,11,13,Gauche,2002,présidentielle
35,167,Martigné-Ferchaud,2105,1453,584,1521,68,12,31,Gauche,2002,présidentielle
35,167,Martigné-Ferchaud,2105,1453,584,1521,68,13,96,Droite,2002,présidentielle
35,167,Martigné-Ferchaud,2105,1453,584,1521,68,14,68,Extrême Gauche,2002,présidentielle
35,167,Martigné-Ferchaud,2105,1453,584,1521,68,15,61,Extrême Gauche,2002,présidentielle
35,168,Maure-de-Bretagne,2057,1453,552,1505,52,0,8,Extrême Droite,2002,présidentielle
35,168,Maure-de-Bretagne,2057,1453,552,1505,52,1,27,Centre,2002,présidentielle
35,168,Maure-de-Bretagne,2057,1453,552,1505,52,2,4,Extrême Gauche,2002,présidentielle
35,168,Maure-de-Bretagne,2057,1453,552,1505,52,3,88,Centre,2002,présidentielle
35,168,Maure-de-Bretagne,2057,1453,552,1505,52,4,381,Droite,2002,présidentielle
35,168,Maure-de-Bretagne,2057,1453,552,1505,52,5,239,Extrême Droite,2002,présidentielle
35,168,Maure-de-Bretagne,2057,1453,552,1505,52,6,23,Gauche,2002,présidentielle
35,168,Maure-de-Bretagne,2057,1453,552,1505,52,7,61,Droite,2002,présidentielle
35,168,Maure-de-Bretagne,2057,1453,552,1505,52,8,68,Écologie,2002,présidentielle
35,168,Maure-de-Bretagne,2057,1453,552,1505,52,9,227,Gauche,2002,présidentielle
35,168,Maure-de-Bretagne,2057,1453,552,1505,52,10,13,Droite,2002,présidentielle
35,168,Maure-de-Bretagne,2057,1453,552,1505,52,11,26,Gauche,2002,présidentielle
35,168,Maure-de-Bretagne,2057,1453,552,1505,52,12,27,Gauche,2002,présidentielle
35,168,Maure-de-Bretagne,2057,1453,552,1505,52,13,114,Droite,2002,présidentielle
35,168,Maure-de-Bretagne,2057,1453,552,1505,52,14,92,Extrême Gauche,2002,présidentielle
35,168,Maure-de-Bretagne,2057,1453,552,1505,52,15,55,Extrême Gauche,2002,présidentielle
35,169,Maxent,872,634,215,657,23,0,8,Extrême Droite,2002,présidentielle
35,169,Maxent,872,634,215,657,23,1,16,Centre,2002,présidentielle
35,169,Maxent,872,634,215,657,23,2,3,Extrême Gauche,2002,présidentielle
35,169,Maxent,872,634,215,657,23,3,26,Centre,2002,présidentielle
35,169,Maxent,872,634,215,657,23,4,154,Droite,2002,présidentielle
35,169,Maxent,872,634,215,657,23,5,75,Extrême Droite,2002,présidentielle
35,169,Maxent,872,634,215,657,23,6,11,Gauche,2002,présidentielle
35,169,Maxent,872,634,215,657,23,7,33,Droite,2002,présidentielle
35,169,Maxent,872,634,215,657,23,8,26,Écologie,2002,présidentielle
35,169,Maxent,872,634,215,657,23,9,91,Gauche,2002,présidentielle
35,169,Maxent,872,634,215,657,23,10,7,Droite,2002,présidentielle
35,169,Maxent,872,634,215,657,23,11,25,Gauche,2002,présidentielle
35,169,Maxent,872,634,215,657,23,12,29,Gauche,2002,présidentielle
35,169,Maxent,872,634,215,657,23,13,61,Droite,2002,présidentielle
35,169,Maxent,872,634,215,657,23,14,35,Extrême Gauche,2002,présidentielle
35,169,Maxent,872,634,215,657,23,15,34,Extrême Gauche,2002,présidentielle
35,170,Mecé,378,308,57,321,13,0,6,Extrême Droite,2002,présidentielle
35,170,Mecé,378,308,57,321,13,1,9,Centre,2002,présidentielle
35,170,Mecé,378,308,57,321,13,2,2,Extrême Gauche,2002,présidentielle
35,170,Mecé,378,308,57,321,13,3,20,Centre,2002,présidentielle
35,170,Mecé,378,308,57,321,13,4,109,Droite,2002,présidentielle
35,170,Mecé,378,308,57,321,13,5,24,Extrême Droite,2002,présidentielle
35,170,Mecé,378,308,57,321,13,6,10,Gauche,2002,présidentielle
35,170,Mecé,378,308,57,321,13,7,23,Droite,2002,présidentielle
35,170,Mecé,378,308,57,321,13,8,15,Écologie,2002,présidentielle
35,170,Mecé,378,308,57,321,13,9,35,Gauche,2002,présidentielle
35,170,Mecé,378,308,57,321,13,10,4,Droite,2002,présidentielle
35,170,Mecé,378,308,57,321,13,11,4,Gauche,2002,présidentielle
35,170,Mecé,378,308,57,321,13,12,7,Gauche,2002,présidentielle
35,170,Mecé,378,308,57,321,13,13,13,Droite,2002,présidentielle
35,170,Mecé,378,308,57,321,13,14,19,Extrême Gauche,2002,présidentielle
35,170,Mecé,378,308,57,321,13,15,8,Extrême Gauche,2002,présidentielle
35,171,Médréac,1148,862,264,884,22,0,7,Extrême Droite,2002,présidentielle
35,171,Médréac,1148,862,264,884,22,1,21,Centre,2002,présidentielle
35,171,Médréac,1148,862,264,884,22,2,9,Extrême Gauche,2002,présidentielle
35,171,Médréac,1148,862,264,884,22,3,63,Centre,2002,présidentielle
35,171,Médréac,1148,862,264,884,22,4,210,Droite,2002,présidentielle
35,171,Médréac,1148,862,264,884,22,5,104,Extrême Droite,2002,présidentielle
35,171,Médréac,1148,862,264,884,22,6,16,Gauche,2002,présidentielle
35,171,Médréac,1148,862,264,884,22,7,35,Droite,2002,présidentielle
35,171,Médréac,1148,862,264,884,22,8,50,Écologie,2002,présidentielle
35,171,Médréac,1148,862,264,884,22,9,144,Gauche,2002,présidentielle
35,171,Médréac,1148,862,264,884,22,10,12,Droite,2002,présidentielle
35,171,Médréac,1148,862,264,884,22,11,18,Gauche,2002,présidentielle
35,171,Médréac,1148,862,264,884,22,12,28,Gauche,2002,présidentielle
35,171,Médréac,1148,862,264,884,22,13,46,Droite,2002,présidentielle
35,171,Médréac,1148,862,264,884,22,14,68,Extrême Gauche,2002,présidentielle
35,171,Médréac,1148,862,264,884,22,15,31,Extrême Gauche,2002,présidentielle
35,172,Meillac,1093,786,282,811,25,0,12,Extrême Droite,2002,présidentielle
35,172,Meillac,1093,786,282,811,25,1,16,Centre,2002,présidentielle
35,172,Meillac,1093,786,282,811,25,2,5,Extrême Gauche,2002,présidentielle
35,172,Meillac,1093,786,282,811,25,3,65,Centre,2002,présidentielle
35,172,Meillac,1093,786,282,811,25,4,175,Droite,2002,présidentielle
35,172,Meillac,1093,786,282,811,25,5,76,Extrême Droite,2002,présidentielle
35,172,Meillac,1093,786,282,811,25,6,18,Gauche,2002,présidentielle
35,172,Meillac,1093,786,282,811,25,7,72,Droite,2002,présidentielle
35,172,Meillac,1093,786,282,811,25,8,34,Écologie,2002,présidentielle
35,172,Meillac,1093,786,282,811,25,9,120,Gauche,2002,présidentielle
35,172,Meillac,1093,786,282,811,25,10,3,Droite,2002,présidentielle
35,172,Meillac,1093,786,282,811,25,11,19,Gauche,2002,présidentielle
35,172,Meillac,1093,786,282,811,25,12,31,Gauche,2002,présidentielle
35,172,Meillac,1093,786,282,811,25,13,28,Droite,2002,présidentielle
35,172,Meillac,1093,786,282,811,25,14,61,Extrême Gauche,2002,présidentielle
35,172,Meillac,1093,786,282,811,25,15,51,Extrême Gauche,2002,présidentielle
35,173,Melesse,4031,2904,1019,3012,108,0,30,Extrême Droite,2002,présidentielle
35,173,Melesse,4031,2904,1019,3012,108,1,66,Centre,2002,présidentielle
35,173,Melesse,4031,2904,1019,3012,108,2,13,Extrême Gauche,2002,présidentielle
35,173,Melesse,4031,2904,1019,3012,108,3,255,Centre,2002,présidentielle
35,173,Melesse,4031,2904,1019,3012,108,4,573,Droite,2002,présidentielle
35,173,Melesse,4031,2904,1019,3012,108,5,306,Extrême Droite,2002,présidentielle
35,173,Melesse,4031,2904,1019,3012,108,6,81,Gauche,2002,présidentielle
35,173,Melesse,4031,2904,1019,3012,108,7,85,Droite,2002,présidentielle
35,173,Melesse,4031,2904,1019,3012,108,8,237,Écologie,2002,présidentielle
35,173,Melesse,4031,2904,1019,3012,108,9,508,Gauche,2002,présidentielle
35,173,Melesse,4031,2904,1019,3012,108,10,45,Droite,2002,présidentielle
35,173,Melesse,4031,2904,1019,3012,108,11,43,Gauche,2002,présidentielle
35,173,Melesse,4031,2904,1019,3012,108,12,159,Gauche,2002,présidentielle
35,173,Melesse,4031,2904,1019,3012,108,13,106,Droite,2002,présidentielle
35,173,Melesse,4031,2904,1019,3012,108,14,198,Extrême Gauche,2002,présidentielle
35,173,Melesse,4031,2904,1019,3012,108,15,199,Extrême Gauche,2002,présidentielle
35,174,Mellé,543,393,132,411,18,0,8,Extrême Droite,2002,présidentielle
35,174,Mellé,543,393,132,411,18,1,10,Centre,2002,présidentielle
35,174,Mellé,543,393,132,411,18,2,4,Extrême Gauche,2002,présidentielle
35,174,Mellé,543,393,132,411,18,3,21,Centre,2002,présidentielle
35,174,Mellé,543,393,132,411,18,4,115,Droite,2002,présidentielle
35,174,Mellé,543,393,132,411,18,5,72,Extrême Droite,2002,présidentielle
35,174,Mellé,543,393,132,411,18,6,1,Gauche,2002,présidentielle
35,174,Mellé,543,393,132,411,18,7,20,Droite,2002,présidentielle
35,174,Mellé,543,393,132,411,18,8,5,Écologie,2002,présidentielle
35,174,Mellé,543,393,132,411,18,9,39,Gauche,2002,présidentielle
35,174,Mellé,543,393,132,411,18,10,10,Droite,2002,présidentielle
35,174,Mellé,543,393,132,411,18,11,7,Gauche,2002,présidentielle
35,174,Mellé,543,393,132,411,18,12,12,Gauche,2002,présidentielle
35,174,Mellé,543,393,132,411,18,13,28,Droite,2002,présidentielle
35,174,Mellé,543,393,132,411,18,14,30,Extrême Gauche,2002,présidentielle
35,174,Mellé,543,393,132,411,18,15,11,Extrême Gauche,2002,présidentielle
35,175,Mernel,626,481,136,490,9,0,9,Extrême Droite,2002,présidentielle
35,175,Mernel,626,481,136,490,9,1,6,Centre,2002,présidentielle
35,175,Mernel,626,481,136,490,9,2,1,Extrême Gauche,2002,présidentielle
35,175,Mernel,626,481,136,490,9,3,27,Centre,2002,présidentielle
35,175,Mernel,626,481,136,490,9,4,141,Droite,2002,présidentielle
35,175,Mernel,626,481,136,490,9,5,46,Extrême Droite,2002,présidentielle
35,175,Mernel,626,481,136,490,9,6,7,Gauche,2002,présidentielle
35,175,Mernel,626,481,136,490,9,7,17,Droite,2002,présidentielle
35,175,Mernel,626,481,136,490,9,8,29,Écologie,2002,présidentielle
35,175,Mernel,626,481,136,490,9,9,73,Gauche,2002,présidentielle
35,175,Mernel,626,481,136,490,9,10,4,Droite,2002,présidentielle
35,175,Mernel,626,481,136,490,9,11,8,Gauche,2002,présidentielle
35,175,Mernel,626,481,136,490,9,12,13,Gauche,2002,présidentielle
35,175,Mernel,626,481,136,490,9,13,33,Droite,2002,présidentielle
35,175,Mernel,626,481,136,490,9,14,39,Extrême Gauche,2002,présidentielle
35,175,Mernel,626,481,136,490,9,15,28,Extrême Gauche,2002,présidentielle
35,176,Messac,1794,1317,441,1353,36,0,14,Extrême Droite,2002,présidentielle
35,176,Messac,1794,1317,441,1353,36,1,27,Centre,2002,présidentielle
35,176,Messac,1794,1317,441,1353,36,2,7,Extrême Gauche,2002,présidentielle
35,176,Messac,1794,1317,441,1353,36,3,75,Centre,2002,présidentielle
35,176,Messac,1794,1317,441,1353,36,4,298,Droite,2002,présidentielle
35,176,Messac,1794,1317,441,1353,36,5,193,Extrême Droite,2002,présidentielle
35,176,Messac,1794,1317,441,1353,36,6,20,Gauche,2002,présidentielle
35,176,Messac,1794,1317,441,1353,36,7,48,Droite,2002,présidentielle
35,176,Messac,1794,1317,441,1353,36,8,60,Écologie,2002,présidentielle
35,176,Messac,1794,1317,441,1353,36,9,172,Gauche,2002,présidentielle
35,176,Messac,1794,1317,441,1353,36,10,22,Droite,2002,présidentielle
35,176,Messac,1794,1317,441,1353,36,11,48,Gauche,2002,présidentielle
35,176,Messac,1794,1317,441,1353,36,12,43,Gauche,2002,présidentielle
35,176,Messac,1794,1317,441,1353,36,13,122,Droite,2002,présidentielle
35,176,Messac,1794,1317,441,1353,36,14,91,Extrême Gauche,2002,présidentielle
35,176,Messac,1794,1317,441,1353,36,15,77,Extrême Gauche,2002,présidentielle
35,177,La Mézière,2194,1677,447,1747,70,0,17,Extrême Droite,2002,présidentielle
35,177,La Mézière,2194,1677,447,1747,70,1,56,Centre,2002,présidentielle
35,177,La Mézière,2194,1677,447,1747,70,2,8,Extrême Gauche,2002,présidentielle
35,177,La Mézière,2194,1677,447,1747,70,3,108,Centre,2002,présidentielle
35,177,La Mézière,2194,1677,447,1747,70,4,289,Droite,2002,présidentielle
35,177,La Mézière,2194,1677,447,1747,70,5,164,Extrême Droite,2002,présidentielle
35,177,La Mézière,2194,1677,447,1747,70,6,49,Gauche,2002,présidentielle
35,177,La Mézière,2194,1677,447,1747,70,7,35,Droite,2002,présidentielle
35,177,La Mézière,2194,1677,447,1747,70,8,170,Écologie,2002,présidentielle
35,177,La Mézière,2194,1677,447,1747,70,9,344,Gauche,2002,présidentielle
35,177,La Mézière,2194,1677,447,1747,70,10,15,Droite,2002,présidentielle
35,177,La Mézière,2194,1677,447,1747,70,11,24,Gauche,2002,présidentielle
35,177,La Mézière,2194,1677,447,1747,70,12,81,Gauche,2002,présidentielle
35,177,La Mézière,2194,1677,447,1747,70,13,66,Droite,2002,présidentielle
35,177,La Mézière,2194,1677,447,1747,70,14,140,Extrême Gauche,2002,présidentielle
35,177,La Mézière,2194,1677,447,1747,70,15,111,Extrême Gauche,2002,présidentielle
35,178,Mézières-sur-Couesnon,727,514,191,536,22,0,9,Extrême Droite,2002,présidentielle
35,178,Mézières-sur-Couesnon,727,514,191,536,22,1,11,Centre,2002,présidentielle
35,178,Mézières-sur-Couesnon,727,514,191,536,22,2,2,Extrême Gauche,2002,présidentielle
35,178,Mézières-sur-Couesnon,727,514,191,536,22,3,29,Centre,2002,présidentielle
35,178,Mézières-sur-Couesnon,727,514,191,536,22,4,119,Droite,2002,présidentielle
35,178,Mézières-sur-Couesnon,727,514,191,536,22,5,70,Extrême Droite,2002,présidentielle
35,178,Mézières-sur-Couesnon,727,514,191,536,22,6,13,Gauche,2002,présidentielle
35,178,Mézières-sur-Couesnon,727,514,191,536,22,7,31,Droite,2002,présidentielle
35,178,Mézières-sur-Couesnon,727,514,191,536,22,8,17,Écologie,2002,présidentielle
35,178,Mézières-sur-Couesnon,727,514,191,536,22,9,79,Gauche,2002,présidentielle
35,178,Mézières-sur-Couesnon,727,514,191,536,22,10,10,Droite,2002,présidentielle
35,178,Mézières-sur-Couesnon,727,514,191,536,22,11,6,Gauche,2002,présidentielle
35,178,Mézières-sur-Couesnon,727,514,191,536,22,12,20,Gauche,2002,présidentielle
35,178,Mézières-sur-Couesnon,727,514,191,536,22,13,21,Droite,2002,présidentielle
35,178,Mézières-sur-Couesnon,727,514,191,536,22,14,47,Extrême Gauche,2002,présidentielle
35,178,Mézières-sur-Couesnon,727,514,191,536,22,15,30,Extrême Gauche,2002,présidentielle
35,179,Miniac-Morvan,2174,1572,537,1637,65,0,40,Extrême Droite,2002,présidentielle
35,179,Miniac-Morvan,2174,1572,537,1637,65,1,16,Centre,2002,présidentielle
35,179,Miniac-Morvan,2174,1572,537,1637,65,2,7,Extrême Gauche,2002,présidentielle
35,179,Miniac-Morvan,2174,1572,537,1637,65,3,53,Centre,2002,présidentielle
35,179,Miniac-Morvan,2174,1572,537,1637,65,4,336,Droite,2002,présidentielle
35,179,Miniac-Morvan,2174,1572,537,1637,65,5,253,Extrême Droite,2002,présidentielle
35,179,Miniac-Morvan,2174,1572,537,1637,65,6,25,Gauche,2002,présidentielle
35,179,Miniac-Morvan,2174,1572,537,1637,65,7,113,Droite,2002,présidentielle
35,179,Miniac-Morvan,2174,1572,537,1637,65,8,83,Écologie,2002,présidentielle
35,179,Miniac-Morvan,2174,1572,537,1637,65,9,250,Gauche,2002,présidentielle
35,179,Miniac-Morvan,2174,1572,537,1637,65,10,16,Droite,2002,présidentielle
35,179,Miniac-Morvan,2174,1572,537,1637,65,11,33,Gauche,2002,présidentielle
35,179,Miniac-Morvan,2174,1572,537,1637,65,12,46,Gauche,2002,présidentielle
35,179,Miniac-Morvan,2174,1572,537,1637,65,13,73,Droite,2002,présidentielle
35,179,Miniac-Morvan,2174,1572,537,1637,65,14,135,Extrême Gauche,2002,présidentielle
35,179,Miniac-Morvan,2174,1572,537,1637,65,15,93,Extrême Gauche,2002,présidentielle
35,180,Miniac-sous-Bécherel,458,331,118,340,9,0,6,Extrême Droite,2002,présidentielle
35,180,Miniac-sous-Bécherel,458,331,118,340,9,1,7,Centre,2002,présidentielle
35,180,Miniac-sous-Bécherel,458,331,118,340,9,2,1,Extrême Gauche,2002,présidentielle
35,180,Miniac-sous-Bécherel,458,331,118,340,9,3,25,Centre,2002,présidentielle
35,180,Miniac-sous-Bécherel,458,331,118,340,9,4,90,Droite,2002,présidentielle
35,180,Miniac-sous-Bécherel,458,331,118,340,9,5,37,Extrême Droite,2002,présidentielle
35,180,Miniac-sous-Bécherel,458,331,118,340,9,6,6,Gauche,2002,présidentielle
35,180,Miniac-sous-Bécherel,458,331,118,340,9,7,16,Droite,2002,présidentielle
35,180,Miniac-sous-Bécherel,458,331,118,340,9,8,24,Écologie,2002,présidentielle
35,180,Miniac-sous-Bécherel,458,331,118,340,9,9,40,Gauche,2002,présidentielle
35,180,Miniac-sous-Bécherel,458,331,118,340,9,10,2,Droite,2002,présidentielle
35,180,Miniac-sous-Bécherel,458,331,118,340,9,11,1,Gauche,2002,présidentielle
35,180,Miniac-sous-Bécherel,458,331,118,340,9,12,13,Gauche,2002,présidentielle
35,180,Miniac-sous-Bécherel,458,331,118,340,9,13,21,Droite,2002,présidentielle
35,180,Miniac-sous-Bécherel,458,331,118,340,9,14,22,Extrême Gauche,2002,présidentielle
35,180,Miniac-sous-Bécherel,458,331,118,340,9,15,20,Extrême Gauche,2002,présidentielle
35,181,Le Minihic-sur-Rance,1033,752,263,770,18,0,4,Extrême Droite,2002,présidentielle
35,181,Le Minihic-sur-Rance,1033,752,263,770,18,1,25,Centre,2002,présidentielle
35,181,Le Minihic-sur-Rance,1033,752,263,770,18,2,5,Extrême Gauche,2002,présidentielle
35,181,Le Minihic-sur-Rance,1033,752,263,770,18,3,61,Centre,2002,présidentielle
35,181,Le Minihic-sur-Rance,1033,752,263,770,18,4,142,Droite,2002,présidentielle
35,181,Le Minihic-sur-Rance,1033,752,263,770,18,5,120,Extrême Droite,2002,présidentielle
35,181,Le Minihic-sur-Rance,1033,752,263,770,18,6,31,Gauche,2002,présidentielle
35,181,Le Minihic-sur-Rance,1033,752,263,770,18,7,29,Droite,2002,présidentielle
35,181,Le Minihic-sur-Rance,1033,752,263,770,18,8,40,Écologie,2002,présidentielle
35,181,Le Minihic-sur-Rance,1033,752,263,770,18,9,126,Gauche,2002,présidentielle
35,181,Le Minihic-sur-Rance,1033,752,263,770,18,10,14,Droite,2002,présidentielle
35,181,Le Minihic-sur-Rance,1033,752,263,770,18,11,24,Gauche,2002,présidentielle
35,181,Le Minihic-sur-Rance,1033,752,263,770,18,12,45,Gauche,2002,présidentielle
35,181,Le Minihic-sur-Rance,1033,752,263,770,18,13,19,Droite,2002,présidentielle
35,181,Le Minihic-sur-Rance,1033,752,263,770,18,14,37,Extrême Gauche,2002,présidentielle
35,181,Le Minihic-sur-Rance,1033,752,263,770,18,15,30,Extrême Gauche,2002,présidentielle
35,183,Mondevert,459,341,101,358,17,0,7,Extrême Droite,2002,présidentielle
35,183,Mondevert,459,341,101,358,17,1,4,Centre,2002,présidentielle
35,183,Mondevert,459,341,101,358,17,2,1,Extrême Gauche,2002,présidentielle
35,183,Mondevert,459,341,101,358,17,3,21,Centre,2002,présidentielle
35,183,Mondevert,459,341,101,358,17,4,92,Droite,2002,présidentielle
35,183,Mondevert,459,341,101,358,17,5,36,Extrême Droite,2002,présidentielle
35,183,Mondevert,459,341,101,358,17,6,6,Gauche,2002,présidentielle
35,183,Mondevert,459,341,101,358,17,7,19,Droite,2002,présidentielle
35,183,Mondevert,459,341,101,358,17,8,16,Écologie,2002,présidentielle
35,183,Mondevert,459,341,101,358,17,9,40,Gauche,2002,présidentielle
35,183,Mondevert,459,341,101,358,17,10,9,Droite,2002,présidentielle
35,183,Mondevert,459,341,101,358,17,11,4,Gauche,2002,présidentielle
35,183,Mondevert,459,341,101,358,17,12,8,Gauche,2002,présidentielle
35,183,Mondevert,459,341,101,358,17,13,17,Droite,2002,présidentielle
35,183,Mondevert,459,341,101,358,17,14,35,Extrême Gauche,2002,présidentielle
35,183,Mondevert,459,341,101,358,17,15,26,Extrême Gauche,2002,présidentielle
35,184,Montauban-de-Bretagne,3275,2367,829,2446,79,0,20,Extrême Droite,2002,présidentielle
35,184,Montauban-de-Bretagne,3275,2367,829,2446,79,1,58,Centre,2002,présidentielle
35,184,Montauban-de-Bretagne,3275,2367,829,2446,79,2,13,Extrême Gauche,2002,présidentielle
35,184,Montauban-de-Bretagne,3275,2367,829,2446,79,3,166,Centre,2002,présidentielle
35,184,Montauban-de-Bretagne,3275,2367,829,2446,79,4,621,Droite,2002,présidentielle
35,184,Montauban-de-Bretagne,3275,2367,829,2446,79,5,222,Extrême Droite,2002,présidentielle
35,184,Montauban-de-Bretagne,3275,2367,829,2446,79,6,63,Gauche,2002,présidentielle
35,184,Montauban-de-Bretagne,3275,2367,829,2446,79,7,75,Droite,2002,présidentielle
35,184,Montauban-de-Bretagne,3275,2367,829,2446,79,8,121,Écologie,2002,présidentielle
35,184,Montauban-de-Bretagne,3275,2367,829,2446,79,9,451,Gauche,2002,présidentielle
35,184,Montauban-de-Bretagne,3275,2367,829,2446,79,10,31,Droite,2002,présidentielle
35,184,Montauban-de-Bretagne,3275,2367,829,2446,79,11,62,Gauche,2002,présidentielle
35,184,Montauban-de-Bretagne,3275,2367,829,2446,79,12,63,Gauche,2002,présidentielle
35,184,Montauban-de-Bretagne,3275,2367,829,2446,79,13,105,Droite,2002,présidentielle
35,184,Montauban-de-Bretagne,3275,2367,829,2446,79,14,153,Extrême Gauche,2002,présidentielle
35,184,Montauban-de-Bretagne,3275,2367,829,2446,79,15,143,Extrême Gauche,2002,présidentielle
35,185,Montautour,183,143,32,151,8,0,3,Extrême Droite,2002,présidentielle
35,185,Montautour,183,143,32,151,8,1,0,Centre,2002,présidentielle
35,185,Montautour,183,143,32,151,8,2,1,Extrême Gauche,2002,présidentielle
35,185,Montautour,183,143,32,151,8,3,8,Centre,2002,présidentielle
35,185,Montautour,183,143,32,151,8,4,45,Droite,2002,présidentielle
35,185,Montautour,183,143,32,151,8,5,14,Extrême Droite,2002,présidentielle
35,185,Montautour,183,143,32,151,8,6,4,Gauche,2002,présidentielle
35,185,Montautour,183,143,32,151,8,7,8,Droite,2002,présidentielle
35,185,Montautour,183,143,32,151,8,8,3,Écologie,2002,présidentielle
35,185,Montautour,183,143,32,151,8,9,11,Gauche,2002,présidentielle
35,185,Montautour,183,143,32,151,8,10,6,Droite,2002,présidentielle
35,185,Montautour,183,143,32,151,8,11,0,Gauche,2002,présidentielle
35,185,Montautour,183,143,32,151,8,12,4,Gauche,2002,présidentielle
35,185,Montautour,183,143,32,151,8,13,19,Droite,2002,présidentielle
35,185,Montautour,183,143,32,151,8,14,12,Extrême Gauche,2002,présidentielle
35,185,Montautour,183,143,32,151,8,15,5,Extrême Gauche,2002,présidentielle
35,186,Mont-Dol,889,663,207,682,19,0,8,Extrême Droite,2002,présidentielle
35,186,Mont-Dol,889,663,207,682,19,1,9,Centre,2002,présidentielle
35,186,Mont-Dol,889,663,207,682,19,2,2,Extrême Gauche,2002,présidentielle
35,186,Mont-Dol,889,663,207,682,19,3,35,Centre,2002,présidentielle
35,186,Mont-Dol,889,663,207,682,19,4,149,Droite,2002,présidentielle
35,186,Mont-Dol,889,663,207,682,19,5,81,Extrême Droite,2002,présidentielle
35,186,Mont-Dol,889,663,207,682,19,6,30,Gauche,2002,présidentielle
35,186,Mont-Dol,889,663,207,682,19,7,60,Droite,2002,présidentielle
35,186,Mont-Dol,889,663,207,682,19,8,41,Écologie,2002,présidentielle
35,186,Mont-Dol,889,663,207,682,19,9,95,Gauche,2002,présidentielle
35,186,Mont-Dol,889,663,207,682,19,10,8,Droite,2002,présidentielle
35,186,Mont-Dol,889,663,207,682,19,11,25,Gauche,2002,présidentielle
35,186,Mont-Dol,889,663,207,682,19,12,29,Gauche,2002,présidentielle
35,186,Mont-Dol,889,663,207,682,19,13,40,Droite,2002,présidentielle
35,186,Mont-Dol,889,663,207,682,19,14,30,Extrême Gauche,2002,présidentielle
35,186,Mont-Dol,889,663,207,682,19,15,21,Extrême Gauche,2002,présidentielle
35,187,Monterfil,770,598,148,622,24,0,6,Extrême Droite,2002,présidentielle
35,187,Monterfil,770,598,148,622,24,1,20,Centre,2002,présidentielle
35,187,Monterfil,770,598,148,622,24,2,1,Extrême Gauche,2002,présidentielle
35,187,Monterfil,770,598,148,622,24,3,60,Centre,2002,présidentielle
35,187,Monterfil,770,598,148,622,24,4,105,Droite,2002,présidentielle
35,187,Monterfil,770,598,148,622,24,5,71,Extrême Droite,2002,présidentielle
35,187,Monterfil,770,598,148,622,24,6,6,Gauche,2002,présidentielle
35,187,Monterfil,770,598,148,622,24,7,25,Droite,2002,présidentielle
35,187,Monterfil,770,598,148,622,24,8,45,Écologie,2002,présidentielle
35,187,Monterfil,770,598,148,622,24,9,81,Gauche,2002,présidentielle
35,187,Monterfil,770,598,148,622,24,10,11,Droite,2002,présidentielle
35,187,Monterfil,770,598,148,622,24,11,10,Gauche,2002,présidentielle
35,187,Monterfil,770,598,148,622,24,12,19,Gauche,2002,présidentielle
35,187,Monterfil,770,598,148,622,24,13,60,Droite,2002,présidentielle
35,187,Monterfil,770,598,148,622,24,14,37,Extrême Gauche,2002,présidentielle
35,187,Monterfil,770,598,148,622,24,15,41,Extrême Gauche,2002,présidentielle
35,188,Montfort-sur-Meu,3989,2855,1043,2946,91,0,26,Extrême Droite,2002,présidentielle
35,188,Montfort-sur-Meu,3989,2855,1043,2946,91,1,93,Centre,2002,présidentielle
35,188,Montfort-sur-Meu,3989,2855,1043,2946,91,2,24,Extrême Gauche,2002,présidentielle
35,188,Montfort-sur-Meu,3989,2855,1043,2946,91,3,210,Centre,2002,présidentielle
35,188,Montfort-sur-Meu,3989,2855,1043,2946,91,4,550,Droite,2002,présidentielle
35,188,Montfort-sur-Meu,3989,2855,1043,2946,91,5,254,Extrême Droite,2002,présidentielle
35,188,Montfort-sur-Meu,3989,2855,1043,2946,91,6,84,Gauche,2002,présidentielle
35,188,Montfort-sur-Meu,3989,2855,1043,2946,91,7,67,Droite,2002,présidentielle
35,188,Montfort-sur-Meu,3989,2855,1043,2946,91,8,256,Écologie,2002,présidentielle
35,188,Montfort-sur-Meu,3989,2855,1043,2946,91,9,568,Gauche,2002,présidentielle
35,188,Montfort-sur-Meu,3989,2855,1043,2946,91,10,46,Droite,2002,présidentielle
35,188,Montfort-sur-Meu,3989,2855,1043,2946,91,11,49,Gauche,2002,présidentielle
35,188,Montfort-sur-Meu,3989,2855,1043,2946,91,12,152,Gauche,2002,présidentielle
35,188,Montfort-sur-Meu,3989,2855,1043,2946,91,13,106,Droite,2002,présidentielle
35,188,Montfort-sur-Meu,3989,2855,1043,2946,91,14,204,Extrême Gauche,2002,présidentielle
35,188,Montfort-sur-Meu,3989,2855,1043,2946,91,15,166,Extrême Gauche,2002,présidentielle
35,189,Montgermont,2040,1568,424,1616,48,0,7,Extrême Droite,2002,présidentielle
35,189,Montgermont,2040,1568,424,1616,48,1,42,Centre,2002,présidentielle
35,189,Montgermont,2040,1568,424,1616,48,2,8,Extrême Gauche,2002,présidentielle
35,189,Montgermont,2040,1568,424,1616,48,3,166,Centre,2002,présidentielle
35,189,Montgermont,2040,1568,424,1616,48,4,258,Droite,2002,présidentielle
35,189,Montgermont,2040,1568,424,1616,48,5,116,Extrême Droite,2002,présidentielle
35,189,Montgermont,2040,1568,424,1616,48,6,40,Gauche,2002,présidentielle
35,189,Montgermont,2040,1568,424,1616,48,7,26,Droite,2002,présidentielle
35,189,Montgermont,2040,1568,424,1616,48,8,138,Écologie,2002,présidentielle
35,189,Montgermont,2040,1568,424,1616,48,9,366,Gauche,2002,présidentielle
35,189,Montgermont,2040,1568,424,1616,48,10,22,Droite,2002,présidentielle
35,189,Montgermont,2040,1568,424,1616,48,11,29,Gauche,2002,présidentielle
35,189,Montgermont,2040,1568,424,1616,48,12,109,Gauche,2002,présidentielle
35,189,Montgermont,2040,1568,424,1616,48,13,69,Droite,2002,présidentielle
35,189,Montgermont,2040,1568,424,1616,48,14,93,Extrême Gauche,2002,présidentielle
35,189,Montgermont,2040,1568,424,1616,48,15,79,Extrême Gauche,2002,présidentielle
35,190,Monthault,204,147,51,153,6,0,2,Extrême Droite,2002,présidentielle
35,190,Monthault,204,147,51,153,6,1,2,Centre,2002,présidentielle
35,190,Monthault,204,147,51,153,6,2,0,Extrême Gauche,2002,présidentielle
35,190,Monthault,204,147,51,153,6,3,6,Centre,2002,présidentielle
35,190,Monthault,204,147,51,153,6,4,46,Droite,2002,présidentielle
35,190,Monthault,204,147,51,153,6,5,39,Extrême Droite,2002,présidentielle
35,190,Monthault,204,147,51,153,6,6,0,Gauche,2002,présidentielle
35,190,Monthault,204,147,51,153,6,7,12,Droite,2002,présidentielle
35,190,Monthault,204,147,51,153,6,8,7,Écologie,2002,présidentielle
35,190,Monthault,204,147,51,153,6,9,11,Gauche,2002,présidentielle
35,190,Monthault,204,147,51,153,6,10,2,Droite,2002,présidentielle
35,190,Monthault,204,147,51,153,6,11,1,Gauche,2002,présidentielle
35,190,Monthault,204,147,51,153,6,12,3,Gauche,2002,présidentielle
35,190,Monthault,204,147,51,153,6,13,10,Droite,2002,présidentielle
35,190,Monthault,204,147,51,153,6,14,5,Extrême Gauche,2002,présidentielle
35,190,Monthault,204,147,51,153,6,15,1,Extrême Gauche,2002,présidentielle
35,191,Montours,605,475,107,498,23,0,6,Extrême Droite,2002,présidentielle
35,191,Montours,605,475,107,498,23,1,11,Centre,2002,présidentielle
35,191,Montours,605,475,107,498,23,2,2,Extrême Gauche,2002,présidentielle
35,191,Montours,605,475,107,498,23,3,52,Centre,2002,présidentielle
35,191,Montours,605,475,107,498,23,4,150,Droite,2002,présidentielle
35,191,Montours,605,475,107,498,23,5,40,Extrême Droite,2002,présidentielle
35,191,Montours,605,475,107,498,23,6,10,Gauche,2002,présidentielle
35,191,Montours,605,475,107,498,23,7,28,Droite,2002,présidentielle
35,191,Montours,605,475,107,498,23,8,19,Écologie,2002,présidentielle
35,191,Montours,605,475,107,498,23,9,65,Gauche,2002,présidentielle
35,191,Montours,605,475,107,498,23,10,3,Droite,2002,présidentielle
35,191,Montours,605,475,107,498,23,11,3,Gauche,2002,présidentielle
35,191,Montours,605,475,107,498,23,12,13,Gauche,2002,présidentielle
35,191,Montours,605,475,107,498,23,13,25,Droite,2002,présidentielle
35,191,Montours,605,475,107,498,23,14,29,Extrême Gauche,2002,présidentielle
35,191,Montours,605,475,107,498,23,15,19,Extrême Gauche,2002,présidentielle
35,192,Montreuil-des-Landes,154,124,26,128,4,0,1,Extrême Droite,2002,présidentielle
35,192,Montreuil-des-Landes,154,124,26,128,4,1,0,Centre,2002,présidentielle
35,192,Montreuil-des-Landes,154,124,26,128,4,2,1,Extrême Gauche,2002,présidentielle
35,192,Montreuil-des-Landes,154,124,26,128,4,3,15,Centre,2002,présidentielle
35,192,Montreuil-des-Landes,154,124,26,128,4,4,29,Droite,2002,présidentielle
35,192,Montreuil-des-Landes,154,124,26,128,4,5,18,Extrême Droite,2002,présidentielle
35,192,Montreuil-des-Landes,154,124,26,128,4,6,2,Gauche,2002,présidentielle
35,192,Montreuil-des-Landes,154,124,26,128,4,7,12,Droite,2002,présidentielle
35,192,Montreuil-des-Landes,154,124,26,128,4,8,4,Écologie,2002,présidentielle
35,192,Montreuil-des-Landes,154,124,26,128,4,9,12,Gauche,2002,présidentielle
35,192,Montreuil-des-Landes,154,124,26,128,4,10,1,Droite,2002,présidentielle
35,192,Montreuil-des-Landes,154,124,26,128,4,11,5,Gauche,2002,présidentielle
35,192,Montreuil-des-Landes,154,124,26,128,4,12,1,Gauche,2002,présidentielle
35,192,Montreuil-des-Landes,154,124,26,128,4,13,6,Droite,2002,présidentielle
35,192,Montreuil-des-Landes,154,124,26,128,4,14,9,Extrême Gauche,2002,présidentielle
35,192,Montreuil-des-Landes,154,124,26,128,4,15,8,Extrême Gauche,2002,présidentielle
35,193,Montreuil-le-Gast,1181,892,271,910,18,0,7,Extrême Droite,2002,présidentielle
35,193,Montreuil-le-Gast,1181,892,271,910,18,1,19,Centre,2002,présidentielle
35,193,Montreuil-le-Gast,1181,892,271,910,18,2,8,Extrême Gauche,2002,présidentielle
35,193,Montreuil-le-Gast,1181,892,271,910,18,3,46,Centre,2002,présidentielle
35,193,Montreuil-le-Gast,1181,892,271,910,18,4,136,Droite,2002,présidentielle
35,193,Montreuil-le-Gast,1181,892,271,910,18,5,102,Extrême Droite,2002,présidentielle
35,193,Montreuil-le-Gast,1181,892,271,910,18,6,29,Gauche,2002,présidentielle
35,193,Montreuil-le-Gast,1181,892,271,910,18,7,22,Droite,2002,présidentielle
35,193,Montreuil-le-Gast,1181,892,271,910,18,8,72,Écologie,2002,présidentielle
35,193,Montreuil-le-Gast,1181,892,271,910,18,9,164,Gauche,2002,présidentielle
35,193,Montreuil-le-Gast,1181,892,271,910,18,10,11,Droite,2002,présidentielle
35,193,Montreuil-le-Gast,1181,892,271,910,18,11,18,Gauche,2002,présidentielle
35,193,Montreuil-le-Gast,1181,892,271,910,18,12,37,Gauche,2002,présidentielle
35,193,Montreuil-le-Gast,1181,892,271,910,18,13,36,Droite,2002,présidentielle
35,193,Montreuil-le-Gast,1181,892,271,910,18,14,87,Extrême Gauche,2002,présidentielle
35,193,Montreuil-le-Gast,1181,892,271,910,18,15,98,Extrême Gauche,2002,présidentielle
35,194,Montreuil-sous-Pérouse,807,597,168,639,42,0,7,Extrême Droite,2002,présidentielle
35,194,Montreuil-sous-Pérouse,807,597,168,639,42,1,17,Centre,2002,présidentielle
35,194,Montreuil-sous-Pérouse,807,597,168,639,42,2,3,Extrême Gauche,2002,présidentielle
35,194,Montreuil-sous-Pérouse,807,597,168,639,42,3,88,Centre,2002,présidentielle
35,194,Montreuil-sous-Pérouse,807,597,168,639,42,4,131,Droite,2002,présidentielle
35,194,Montreuil-sous-Pérouse,807,597,168,639,42,5,54,Extrême Droite,2002,présidentielle
35,194,Montreuil-sous-Pérouse,807,597,168,639,42,6,17,Gauche,2002,présidentielle
35,194,Montreuil-sous-Pérouse,807,597,168,639,42,7,21,Droite,2002,présidentielle
35,194,Montreuil-sous-Pérouse,807,597,168,639,42,8,31,Écologie,2002,présidentielle
35,194,Montreuil-sous-Pérouse,807,597,168,639,42,9,67,Gauche,2002,présidentielle
35,194,Montreuil-sous-Pérouse,807,597,168,639,42,10,9,Droite,2002,présidentielle
35,194,Montreuil-sous-Pérouse,807,597,168,639,42,11,7,Gauche,2002,présidentielle
35,194,Montreuil-sous-Pérouse,807,597,168,639,42,12,22,Gauche,2002,présidentielle
35,194,Montreuil-sous-Pérouse,807,597,168,639,42,13,44,Droite,2002,présidentielle
35,194,Montreuil-sous-Pérouse,807,597,168,639,42,14,43,Extrême Gauche,2002,présidentielle
35,194,Montreuil-sous-Pérouse,807,597,168,639,42,15,36,Extrême Gauche,2002,présidentielle
35,195,Montreuil-sur-Ille,1231,812,376,855,43,0,12,Extrême Droite,2002,présidentielle
35,195,Montreuil-sur-Ille,1231,812,376,855,43,1,12,Centre,2002,présidentielle
35,195,Montreuil-sur-Ille,1231,812,376,855,43,2,5,Extrême Gauche,2002,présidentielle
35,195,Montreuil-sur-Ille,1231,812,376,855,43,3,54,Centre,2002,présidentielle
35,195,Montreuil-sur-Ille,1231,812,376,855,43,4,142,Droite,2002,présidentielle
35,195,Montreuil-sur-Ille,1231,812,376,855,43,5,116,Extrême Droite,2002,présidentielle
35,195,Montreuil-sur-Ille,1231,812,376,855,43,6,16,Gauche,2002,présidentielle
35,195,Montreuil-sur-Ille,1231,812,376,855,43,7,35,Droite,2002,présidentielle
35,195,Montreuil-sur-Ille,1231,812,376,855,43,8,51,Écologie,2002,présidentielle
35,195,Montreuil-sur-Ille,1231,812,376,855,43,9,136,Gauche,2002,présidentielle
35,195,Montreuil-sur-Ille,1231,812,376,855,43,10,5,Droite,2002,présidentielle
35,195,Montreuil-sur-Ille,1231,812,376,855,43,11,28,Gauche,2002,présidentielle
35,195,Montreuil-sur-Ille,1231,812,376,855,43,12,26,Gauche,2002,présidentielle
35,195,Montreuil-sur-Ille,1231,812,376,855,43,13,27,Droite,2002,présidentielle
35,195,Montreuil-sur-Ille,1231,812,376,855,43,14,86,Extrême Gauche,2002,présidentielle
35,195,Montreuil-sur-Ille,1231,812,376,855,43,15,61,Extrême Gauche,2002,présidentielle
35,196,Mordelles,4476,3286,1057,3419,133,0,41,Extrême Droite,2002,présidentielle
35,196,Mordelles,4476,3286,1057,3419,133,1,87,Centre,2002,présidentielle
35,196,Mordelles,4476,3286,1057,3419,133,2,10,Extrême Gauche,2002,présidentielle
35,196,Mordelles,4476,3286,1057,3419,133,3,231,Centre,2002,présidentielle
35,196,Mordelles,4476,3286,1057,3419,133,4,718,Droite,2002,présidentielle
35,196,Mordelles,4476,3286,1057,3419,133,5,357,Extrême Droite,2002,présidentielle
35,196,Mordelles,4476,3286,1057,3419,133,6,72,Gauche,2002,présidentielle
35,196,Mordelles,4476,3286,1057,3419,133,7,76,Droite,2002,présidentielle
35,196,Mordelles,4476,3286,1057,3419,133,8,257,Écologie,2002,présidentielle
35,196,Mordelles,4476,3286,1057,3419,133,9,558,Gauche,2002,présidentielle
35,196,Mordelles,4476,3286,1057,3419,133,10,32,Droite,2002,présidentielle
35,196,Mordelles,4476,3286,1057,3419,133,11,62,Gauche,2002,présidentielle
35,196,Mordelles,4476,3286,1057,3419,133,12,165,Gauche,2002,présidentielle
35,196,Mordelles,4476,3286,1057,3419,133,13,176,Droite,2002,présidentielle
35,196,Mordelles,4476,3286,1057,3419,133,14,240,Extrême Gauche,2002,présidentielle
35,196,Mordelles,4476,3286,1057,3419,133,15,204,Extrême Gauche,2002,présidentielle
35,197,Mouazé,768,579,166,602,23,0,5,Extrême Droite,2002,présidentielle
35,197,Mouazé,768,579,166,602,23,1,21,Centre,2002,présidentielle
35,197,Mouazé,768,579,166,602,23,2,2,Extrême Gauche,2002,présidentielle
35,197,Mouazé,768,579,166,602,23,3,35,Centre,2002,présidentielle
35,197,Mouazé,768,579,166,602,23,4,92,Droite,2002,présidentielle
35,197,Mouazé,768,579,166,602,23,5,65,Extrême Droite,2002,présidentielle
35,197,Mouazé,768,579,166,602,23,6,12,Gauche,2002,présidentielle
35,197,Mouazé,768,579,166,602,23,7,16,Droite,2002,présidentielle
35,197,Mouazé,768,579,166,602,23,8,52,Écologie,2002,présidentielle
35,197,Mouazé,768,579,166,602,23,9,116,Gauche,2002,présidentielle
35,197,Mouazé,768,579,166,602,23,10,9,Droite,2002,présidentielle
35,197,Mouazé,768,579,166,602,23,11,19,Gauche,2002,présidentielle
35,197,Mouazé,768,579,166,602,23,12,29,Gauche,2002,présidentielle
35,197,Mouazé,768,579,166,602,23,13,13,Droite,2002,présidentielle
35,197,Mouazé,768,579,166,602,23,14,54,Extrême Gauche,2002,présidentielle
35,197,Mouazé,768,579,166,602,23,15,39,Extrême Gauche,2002,présidentielle
35,198,Moulins,428,309,97,331,22,0,6,Extrême Droite,2002,présidentielle
35,198,Moulins,428,309,97,331,22,1,2,Centre,2002,présidentielle
35,198,Moulins,428,309,97,331,22,2,3,Extrême Gauche,2002,présidentielle
35,198,Moulins,428,309,97,331,22,3,28,Centre,2002,présidentielle
35,198,Moulins,428,309,97,331,22,4,81,Droite,2002,présidentielle
35,198,Moulins,428,309,97,331,22,5,38,Extrême Droite,2002,présidentielle
35,198,Moulins,428,309,97,331,22,6,5,Gauche,2002,présidentielle
35,198,Moulins,428,309,97,331,22,7,17,Droite,2002,présidentielle
35,198,Moulins,428,309,97,331,22,8,23,Écologie,2002,présidentielle
35,198,Moulins,428,309,97,331,22,9,49,Gauche,2002,présidentielle
35,198,Moulins,428,309,97,331,22,10,4,Droite,2002,présidentielle
35,198,Moulins,428,309,97,331,22,11,2,Gauche,2002,présidentielle
35,198,Moulins,428,309,97,331,22,12,11,Gauche,2002,présidentielle
35,198,Moulins,428,309,97,331,22,13,14,Droite,2002,présidentielle
35,198,Moulins,428,309,97,331,22,14,18,Extrême Gauche,2002,présidentielle
35,198,Moulins,428,309,97,331,22,15,8,Extrême Gauche,2002,présidentielle
35,199,Moussé,165,121,31,134,13,0,1,Extrême Droite,2002,présidentielle
35,199,Moussé,165,121,31,134,13,1,2,Centre,2002,présidentielle
35,199,Moussé,165,121,31,134,13,2,0,Extrême Gauche,2002,présidentielle
35,199,Moussé,165,121,31,134,13,3,9,Centre,2002,présidentielle
35,199,Moussé,165,121,31,134,13,4,42,Droite,2002,présidentielle
35,199,Moussé,165,121,31,134,13,5,17,Extrême Droite,2002,présidentielle
35,199,Moussé,165,121,31,134,13,6,0,Gauche,2002,présidentielle
35,199,Moussé,165,121,31,134,13,7,3,Droite,2002,présidentielle
35,199,Moussé,165,121,31,134,13,8,7,Écologie,2002,présidentielle
35,199,Moussé,165,121,31,134,13,9,11,Gauche,2002,présidentielle
35,199,Moussé,165,121,31,134,13,10,0,Droite,2002,présidentielle
35,199,Moussé,165,121,31,134,13,11,1,Gauche,2002,présidentielle
35,199,Moussé,165,121,31,134,13,12,3,Gauche,2002,présidentielle
35,199,Moussé,165,121,31,134,13,13,8,Droite,2002,présidentielle
35,199,Moussé,165,121,31,134,13,14,9,Extrême Gauche,2002,présidentielle
35,199,Moussé,165,121,31,134,13,15,8,Extrême Gauche,2002,présidentielle
35,200,Moutiers,575,388,159,416,28,0,8,Extrême Droite,2002,présidentielle
35,200,Moutiers,575,388,159,416,28,1,4,Centre,2002,présidentielle
35,200,Moutiers,575,388,159,416,28,2,4,Extrême Gauche,2002,présidentielle
35,200,Moutiers,575,388,159,416,28,3,33,Centre,2002,présidentielle
35,200,Moutiers,575,388,159,416,28,4,137,Droite,2002,présidentielle
35,200,Moutiers,575,388,159,416,28,5,31,Extrême Droite,2002,présidentielle
35,200,Moutiers,575,388,159,416,28,6,4,Gauche,2002,présidentielle
35,200,Moutiers,575,388,159,416,28,7,31,Droite,2002,présidentielle
35,200,Moutiers,575,388,159,416,28,8,18,Écologie,2002,présidentielle
35,200,Moutiers,575,388,159,416,28,9,38,Gauche,2002,présidentielle
35,200,Moutiers,575,388,159,416,28,10,8,Droite,2002,présidentielle
35,200,Moutiers,575,388,159,416,28,11,2,Gauche,2002,présidentielle
35,200,Moutiers,575,388,159,416,28,12,12,Gauche,2002,présidentielle
35,200,Moutiers,575,388,159,416,28,13,25,Droite,2002,présidentielle
35,200,Moutiers,575,388,159,416,28,14,26,Extrême Gauche,2002,présidentielle
35,200,Moutiers,575,388,159,416,28,15,7,Extrême Gauche,2002,présidentielle
35,201,Muel,519,352,146,373,21,0,1,Extrême Droite,2002,présidentielle
35,201,Muel,519,352,146,373,21,1,11,Centre,2002,présidentielle
35,201,Muel,519,352,146,373,21,2,1,Extrême Gauche,2002,présidentielle
35,201,Muel,519,352,146,373,21,3,11,Centre,2002,présidentielle
35,201,Muel,519,352,146,373,21,4,83,Droite,2002,présidentielle
35,201,Muel,519,352,146,373,21,5,40,Extrême Droite,2002,présidentielle
35,201,Muel,519,352,146,373,21,6,7,Gauche,2002,présidentielle
35,201,Muel,519,352,146,373,21,7,36,Droite,2002,présidentielle
35,201,Muel,519,352,146,373,21,8,19,Écologie,2002,présidentielle
35,201,Muel,519,352,146,373,21,9,56,Gauche,2002,présidentielle
35,201,Muel,519,352,146,373,21,10,3,Droite,2002,présidentielle
35,201,Muel,519,352,146,373,21,11,12,Gauche,2002,présidentielle
35,201,Muel,519,352,146,373,21,12,10,Gauche,2002,présidentielle
35,201,Muel,519,352,146,373,21,13,25,Droite,2002,présidentielle
35,201,Muel,519,352,146,373,21,14,24,Extrême Gauche,2002,présidentielle
35,201,Muel,519,352,146,373,21,15,13,Extrême Gauche,2002,présidentielle
35,202,La Noë-Blanche,694,473,190,504,31,0,8,Extrême Droite,2002,présidentielle
35,202,La Noë-Blanche,694,473,190,504,31,1,8,Centre,2002,présidentielle
35,202,La Noë-Blanche,694,473,190,504,31,2,5,Extrême Gauche,2002,présidentielle
35,202,La Noë-Blanche,694,473,190,504,31,3,22,Centre,2002,présidentielle
35,202,La Noë-Blanche,694,473,190,504,31,4,116,Droite,2002,présidentielle
35,202,La Noë-Blanche,694,473,190,504,31,5,76,Extrême Droite,2002,présidentielle
35,202,La Noë-Blanche,694,473,190,504,31,6,3,Gauche,2002,présidentielle
35,202,La Noë-Blanche,694,473,190,504,31,7,47,Droite,2002,présidentielle
35,202,La Noë-Blanche,694,473,190,504,31,8,18,Écologie,2002,présidentielle
35,202,La Noë-Blanche,694,473,190,504,31,9,43,Gauche,2002,présidentielle
35,202,La Noë-Blanche,694,473,190,504,31,10,2,Droite,2002,présidentielle
35,202,La Noë-Blanche,694,473,190,504,31,11,5,Gauche,2002,présidentielle
35,202,La Noë-Blanche,694,473,190,504,31,12,7,Gauche,2002,présidentielle
35,202,La Noë-Blanche,694,473,190,504,31,13,72,Droite,2002,présidentielle
35,202,La Noë-Blanche,694,473,190,504,31,14,24,Extrême Gauche,2002,présidentielle
35,202,La Noë-Blanche,694,473,190,504,31,15,17,Extrême Gauche,2002,présidentielle
35,203,La Nouaye,180,137,40,140,3,0,0,Extrême Droite,2002,présidentielle
35,203,La Nouaye,180,137,40,140,3,1,6,Centre,2002,présidentielle
35,203,La Nouaye,180,137,40,140,3,2,3,Extrême Gauche,2002,présidentielle
35,203,La Nouaye,180,137,40,140,3,3,13,Centre,2002,présidentielle
35,203,La Nouaye,180,137,40,140,3,4,20,Droite,2002,présidentielle
35,203,La Nouaye,180,137,40,140,3,5,12,Extrême Droite,2002,présidentielle
35,203,La Nouaye,180,137,40,140,3,6,6,Gauche,2002,présidentielle
35,203,La Nouaye,180,137,40,140,3,7,9,Droite,2002,présidentielle
35,203,La Nouaye,180,137,40,140,3,8,14,Écologie,2002,présidentielle
35,203,La Nouaye,180,137,40,140,3,9,21,Gauche,2002,présidentielle
35,203,La Nouaye,180,137,40,140,3,10,1,Droite,2002,présidentielle
35,203,La Nouaye,180,137,40,140,3,11,3,Gauche,2002,présidentielle
35,203,La Nouaye,180,137,40,140,3,12,4,Gauche,2002,présidentielle
35,203,La Nouaye,180,137,40,140,3,13,8,Droite,2002,présidentielle
35,203,La Nouaye,180,137,40,140,3,14,13,Extrême Gauche,2002,présidentielle
35,203,La Nouaye,180,137,40,140,3,15,4,Extrême Gauche,2002,présidentielle
35,204,Nouvoitou,1883,1392,445,1438,46,0,13,Extrême Droite,2002,présidentielle
35,204,Nouvoitou,1883,1392,445,1438,46,1,50,Centre,2002,présidentielle
35,204,Nouvoitou,1883,1392,445,1438,46,2,8,Extrême Gauche,2002,présidentielle
35,204,Nouvoitou,1883,1392,445,1438,46,3,117,Centre,2002,présidentielle
35,204,Nouvoitou,1883,1392,445,1438,46,4,243,Droite,2002,présidentielle
35,204,Nouvoitou,1883,1392,445,1438,46,5,151,Extrême Droite,2002,présidentielle
35,204,Nouvoitou,1883,1392,445,1438,46,6,53,Gauche,2002,présidentielle
35,204,Nouvoitou,1883,1392,445,1438,46,7,21,Droite,2002,présidentielle
35,204,Nouvoitou,1883,1392,445,1438,46,8,124,Écologie,2002,présidentielle
35,204,Nouvoitou,1883,1392,445,1438,46,9,222,Gauche,2002,présidentielle
35,204,Nouvoitou,1883,1392,445,1438,46,10,15,Droite,2002,présidentielle
35,204,Nouvoitou,1883,1392,445,1438,46,11,37,Gauche,2002,présidentielle
35,204,Nouvoitou,1883,1392,445,1438,46,12,49,Gauche,2002,présidentielle
35,204,Nouvoitou,1883,1392,445,1438,46,13,85,Droite,2002,présidentielle
35,204,Nouvoitou,1883,1392,445,1438,46,14,111,Extrême Gauche,2002,présidentielle
35,204,Nouvoitou,1883,1392,445,1438,46,15,93,Extrême Gauche,2002,présidentielle
35,205,Noyal-sous-Bazouges,267,206,55,212,6,0,1,Extrême Droite,2002,présidentielle
35,205,Noyal-sous-Bazouges,267,206,55,212,6,1,1,Centre,2002,présidentielle
35,205,Noyal-sous-Bazouges,267,206,55,212,6,2,0,Extrême Gauche,2002,présidentielle
35,205,Noyal-sous-Bazouges,267,206,55,212,6,3,7,Centre,2002,présidentielle
35,205,Noyal-sous-Bazouges,267,206,55,212,6,4,84,Droite,2002,présidentielle
35,205,Noyal-sous-Bazouges,267,206,55,212,6,5,16,Extrême Droite,2002,présidentielle
35,205,Noyal-sous-Bazouges,267,206,55,212,6,6,0,Gauche,2002,présidentielle
35,205,Noyal-sous-Bazouges,267,206,55,212,6,7,15,Droite,2002,présidentielle
35,205,Noyal-sous-Bazouges,267,206,55,212,6,8,4,Écologie,2002,présidentielle
35,205,Noyal-sous-Bazouges,267,206,55,212,6,9,38,Gauche,2002,présidentielle
35,205,Noyal-sous-Bazouges,267,206,55,212,6,10,5,Droite,2002,présidentielle
35,205,Noyal-sous-Bazouges,267,206,55,212,6,11,1,Gauche,2002,présidentielle
35,205,Noyal-sous-Bazouges,267,206,55,212,6,12,7,Gauche,2002,présidentielle
35,205,Noyal-sous-Bazouges,267,206,55,212,6,13,13,Droite,2002,présidentielle
35,205,Noyal-sous-Bazouges,267,206,55,212,6,14,11,Extrême Gauche,2002,présidentielle
35,205,Noyal-sous-Bazouges,267,206,55,212,6,15,3,Extrême Gauche,2002,présidentielle
35,206,Noyal-Châtillon-sur-Seiche,4042,3089,864,3178,89,0,26,Extrême Droite,2002,présidentielle
35,206,Noyal-Châtillon-sur-Seiche,4042,3089,864,3178,89,1,102,Centre,2002,présidentielle
35,206,Noyal-Châtillon-sur-Seiche,4042,3089,864,3178,89,2,15,Extrême Gauche,2002,présidentielle
35,206,Noyal-Châtillon-sur-Seiche,4042,3089,864,3178,89,3,266,Centre,2002,présidentielle
35,206,Noyal-Châtillon-sur-Seiche,4042,3089,864,3178,89,4,536,Droite,2002,présidentielle
35,206,Noyal-Châtillon-sur-Seiche,4042,3089,864,3178,89,5,288,Extrême Droite,2002,présidentielle
35,206,Noyal-Châtillon-sur-Seiche,4042,3089,864,3178,89,6,91,Gauche,2002,présidentielle
35,206,Noyal-Châtillon-sur-Seiche,4042,3089,864,3178,89,7,64,Droite,2002,présidentielle
35,206,Noyal-Châtillon-sur-Seiche,4042,3089,864,3178,89,8,291,Écologie,2002,présidentielle
35,206,Noyal-Châtillon-sur-Seiche,4042,3089,864,3178,89,9,626,Gauche,2002,présidentielle
35,206,Noyal-Châtillon-sur-Seiche,4042,3089,864,3178,89,10,27,Droite,2002,présidentielle
35,206,Noyal-Châtillon-sur-Seiche,4042,3089,864,3178,89,11,53,Gauche,2002,présidentielle
35,206,Noyal-Châtillon-sur-Seiche,4042,3089,864,3178,89,12,173,Gauche,2002,présidentielle
35,206,Noyal-Châtillon-sur-Seiche,4042,3089,864,3178,89,13,129,Droite,2002,présidentielle
35,206,Noyal-Châtillon-sur-Seiche,4042,3089,864,3178,89,14,212,Extrême Gauche,2002,présidentielle
35,206,Noyal-Châtillon-sur-Seiche,4042,3089,864,3178,89,15,190,Extrême Gauche,2002,présidentielle
35,207,Noyal-sur-Vilaine,3544,2659,801,2743,84,0,20,Extrême Droite,2002,présidentielle
35,207,Noyal-sur-Vilaine,3544,2659,801,2743,84,1,88,Centre,2002,présidentielle
35,207,Noyal-sur-Vilaine,3544,2659,801,2743,84,2,21,Extrême Gauche,2002,présidentielle
35,207,Noyal-sur-Vilaine,3544,2659,801,2743,84,3,214,Centre,2002,présidentielle
35,207,Noyal-sur-Vilaine,3544,2659,801,2743,84,4,568,Droite,2002,présidentielle
35,207,Noyal-sur-Vilaine,3544,2659,801,2743,84,5,254,Extrême Droite,2002,présidentielle
35,207,Noyal-sur-Vilaine,3544,2659,801,2743,84,6,59,Gauche,2002,présidentielle
35,207,Noyal-sur-Vilaine,3544,2659,801,2743,84,7,69,Droite,2002,présidentielle
35,207,Noyal-sur-Vilaine,3544,2659,801,2743,84,8,212,Écologie,2002,présidentielle
35,207,Noyal-sur-Vilaine,3544,2659,801,2743,84,9,492,Gauche,2002,présidentielle
35,207,Noyal-sur-Vilaine,3544,2659,801,2743,84,10,24,Droite,2002,présidentielle
35,207,Noyal-sur-Vilaine,3544,2659,801,2743,84,11,59,Gauche,2002,présidentielle
35,207,Noyal-sur-Vilaine,3544,2659,801,2743,84,12,137,Gauche,2002,présidentielle
35,207,Noyal-sur-Vilaine,3544,2659,801,2743,84,13,113,Droite,2002,présidentielle
35,207,Noyal-sur-Vilaine,3544,2659,801,2743,84,14,192,Extrême Gauche,2002,présidentielle
35,207,Noyal-sur-Vilaine,3544,2659,801,2743,84,15,137,Extrême Gauche,2002,présidentielle
35,208,Orgères,2274,1764,452,1822,58,0,20,Extrême Droite,2002,présidentielle
35,208,Orgères,2274,1764,452,1822,58,1,60,Centre,2002,présidentielle
35,208,Orgères,2274,1764,452,1822,58,2,8,Extrême Gauche,2002,présidentielle
35,208,Orgères,2274,1764,452,1822,58,3,131,Centre,2002,présidentielle
35,208,Orgères,2274,1764,452,1822,58,4,263,Droite,2002,présidentielle
35,208,Orgères,2274,1764,452,1822,58,5,201,Extrême Droite,2002,présidentielle
35,208,Orgères,2274,1764,452,1822,58,6,43,Gauche,2002,présidentielle
35,208,Orgères,2274,1764,452,1822,58,7,51,Droite,2002,présidentielle
35,208,Orgères,2274,1764,452,1822,58,8,164,Écologie,2002,présidentielle
35,208,Orgères,2274,1764,452,1822,58,9,309,Gauche,2002,présidentielle
35,208,Orgères,2274,1764,452,1822,58,10,21,Droite,2002,présidentielle
35,208,Orgères,2274,1764,452,1822,58,11,41,Gauche,2002,présidentielle
35,208,Orgères,2274,1764,452,1822,58,12,90,Gauche,2002,présidentielle
35,208,Orgères,2274,1764,452,1822,58,13,99,Droite,2002,présidentielle
35,208,Orgères,2274,1764,452,1822,58,14,142,Extrême Gauche,2002,présidentielle
35,208,Orgères,2274,1764,452,1822,58,15,121,Extrême Gauche,2002,présidentielle
35,209,Ossé,671,484,158,513,29,0,5,Extrême Droite,2002,présidentielle
35,209,Ossé,671,484,158,513,29,1,16,Centre,2002,présidentielle
35,209,Ossé,671,484,158,513,29,2,2,Extrême Gauche,2002,présidentielle
35,209,Ossé,671,484,158,513,29,3,31,Centre,2002,présidentielle
35,209,Ossé,671,484,158,513,29,4,107,Droite,2002,présidentielle
35,209,Ossé,671,484,158,513,29,5,61,Extrême Droite,2002,présidentielle
35,209,Ossé,671,484,158,513,29,6,14,Gauche,2002,présidentielle
35,209,Ossé,671,484,158,513,29,7,13,Droite,2002,présidentielle
35,209,Ossé,671,484,158,513,29,8,40,Écologie,2002,présidentielle
35,209,Ossé,671,484,158,513,29,9,62,Gauche,2002,présidentielle
35,209,Ossé,671,484,158,513,29,10,8,Droite,2002,présidentielle
35,209,Ossé,671,484,158,513,29,11,6,Gauche,2002,présidentielle
35,209,Ossé,671,484,158,513,29,12,15,Gauche,2002,présidentielle
35,209,Ossé,671,484,158,513,29,13,29,Droite,2002,présidentielle
35,209,Ossé,671,484,158,513,29,14,40,Extrême Gauche,2002,présidentielle
35,209,Ossé,671,484,158,513,29,15,35,Extrême Gauche,2002,présidentielle
35,210,Pacé,5752,4285,1336,4416,131,0,33,Extrême Droite,2002,présidentielle
35,210,Pacé,5752,4285,1336,4416,131,1,143,Centre,2002,présidentielle
35,210,Pacé,5752,4285,1336,4416,131,2,9,Extrême Gauche,2002,présidentielle
35,210,Pacé,5752,4285,1336,4416,131,3,482,Centre,2002,présidentielle
35,210,Pacé,5752,4285,1336,4416,131,4,850,Droite,2002,présidentielle
35,210,Pacé,5752,4285,1336,4416,131,5,357,Extrême Droite,2002,présidentielle
35,210,Pacé,5752,4285,1336,4416,131,6,116,Gauche,2002,présidentielle
35,210,Pacé,5752,4285,1336,4416,131,7,79,Droite,2002,présidentielle
35,210,Pacé,5752,4285,1336,4416,131,8,369,Écologie,2002,présidentielle
35,210,Pacé,5752,4285,1336,4416,131,9,821,Gauche,2002,présidentielle
35,210,Pacé,5752,4285,1336,4416,131,10,66,Droite,2002,présidentielle
35,210,Pacé,5752,4285,1336,4416,131,11,62,Gauche,2002,présidentielle
35,210,Pacé,5752,4285,1336,4416,131,12,241,Gauche,2002,présidentielle
35,210,Pacé,5752,4285,1336,4416,131,13,216,Droite,2002,présidentielle
35,210,Pacé,5752,4285,1336,4416,131,14,225,Extrême Gauche,2002,présidentielle
35,210,Pacé,5752,4285,1336,4416,131,15,216,Extrême Gauche,2002,présidentielle
35,211,Paimpont,1198,884,298,900,16,0,9,Extrême Droite,2002,présidentielle
35,211,Paimpont,1198,884,298,900,16,1,31,Centre,2002,présidentielle
35,211,Paimpont,1198,884,298,900,16,2,9,Extrême Gauche,2002,présidentielle
35,211,Paimpont,1198,884,298,900,16,3,38,Centre,2002,présidentielle
35,211,Paimpont,1198,884,298,900,16,4,215,Droite,2002,présidentielle
35,211,Paimpont,1198,884,298,900,16,5,109,Extrême Droite,2002,présidentielle
35,211,Paimpont,1198,884,298,900,16,6,17,Gauche,2002,présidentielle
35,211,Paimpont,1198,884,298,900,16,7,41,Droite,2002,présidentielle
35,211,Paimpont,1198,884,298,900,16,8,48,Écologie,2002,présidentielle
35,211,Paimpont,1198,884,298,900,16,9,158,Gauche,2002,présidentielle
35,211,Paimpont,1198,884,298,900,16,10,12,Droite,2002,présidentielle
35,211,Paimpont,1198,884,298,900,16,11,32,Gauche,2002,présidentielle
35,211,Paimpont,1198,884,298,900,16,12,50,Gauche,2002,présidentielle
35,211,Paimpont,1198,884,298,900,16,13,46,Droite,2002,présidentielle
35,211,Paimpont,1198,884,298,900,16,14,33,Extrême Gauche,2002,présidentielle
35,211,Paimpont,1198,884,298,900,16,15,36,Extrême Gauche,2002,présidentielle
35,212,Pancé,734,529,184,550,21,0,3,Extrême Droite,2002,présidentielle
35,212,Pancé,734,529,184,550,21,1,13,Centre,2002,présidentielle
35,212,Pancé,734,529,184,550,21,2,4,Extrême Gauche,2002,présidentielle
35,212,Pancé,734,529,184,550,21,3,47,Centre,2002,présidentielle
35,212,Pancé,734,529,184,550,21,4,101,Droite,2002,présidentielle
35,212,Pancé,734,529,184,550,21,5,64,Extrême Droite,2002,présidentielle
35,212,Pancé,734,529,184,550,21,6,14,Gauche,2002,présidentielle
35,212,Pancé,734,529,184,550,21,7,15,Droite,2002,présidentielle
35,212,Pancé,734,529,184,550,21,8,38,Écologie,2002,présidentielle
35,212,Pancé,734,529,184,550,21,9,89,Gauche,2002,présidentielle
35,212,Pancé,734,529,184,550,21,10,3,Droite,2002,présidentielle
35,212,Pancé,734,529,184,550,21,11,3,Gauche,2002,présidentielle
35,212,Pancé,734,529,184,550,21,12,16,Gauche,2002,présidentielle
35,212,Pancé,734,529,184,550,21,13,51,Droite,2002,présidentielle
35,212,Pancé,734,529,184,550,21,14,36,Extrême Gauche,2002,présidentielle
35,212,Pancé,734,529,184,550,21,15,32,Extrême Gauche,2002,présidentielle
35,214,Parcé,465,347,97,368,21,0,2,Extrême Droite,2002,présidentielle
35,214,Parcé,465,347,97,368,21,1,5,Centre,2002,présidentielle
35,214,Parcé,465,347,97,368,21,2,5,Extrême Gauche,2002,présidentielle
35,214,Parcé,465,347,97,368,21,3,19,Centre,2002,présidentielle
35,214,Parcé,465,347,97,368,21,4,132,Droite,2002,présidentielle
35,214,Parcé,465,347,97,368,21,5,33,Extrême Droite,2002,présidentielle
35,214,Parcé,465,347,97,368,21,6,4,Gauche,2002,présidentielle
35,214,Parcé,465,347,97,368,21,7,36,Droite,2002,présidentielle
35,214,Parcé,465,347,97,368,21,8,14,Écologie,2002,présidentielle
35,214,Parcé,465,347,97,368,21,9,35,Gauche,2002,présidentielle
35,214,Parcé,465,347,97,368,21,10,3,Droite,2002,présidentielle
35,214,Parcé,465,347,97,368,21,11,4,Gauche,2002,présidentielle
35,214,Parcé,465,347,97,368,21,12,13,Gauche,2002,présidentielle
35,214,Parcé,465,347,97,368,21,13,13,Droite,2002,présidentielle
35,214,Parcé,465,347,97,368,21,14,16,Extrême Gauche,2002,présidentielle
35,214,Parcé,465,347,97,368,21,15,13,Extrême Gauche,2002,présidentielle
35,215,Parigné,825,661,136,689,28,0,13,Extrême Droite,2002,présidentielle
35,215,Parigné,825,661,136,689,28,1,10,Centre,2002,présidentielle
35,215,Parigné,825,661,136,689,28,2,1,Extrême Gauche,2002,présidentielle
35,215,Parigné,825,661,136,689,28,3,55,Centre,2002,présidentielle
35,215,Parigné,825,661,136,689,28,4,208,Droite,2002,présidentielle
35,215,Parigné,825,661,136,689,28,5,78,Extrême Droite,2002,présidentielle
35,215,Parigné,825,661,136,689,28,6,8,Gauche,2002,présidentielle
35,215,Parigné,825,661,136,689,28,7,19,Droite,2002,présidentielle
35,215,Parigné,825,661,136,689,28,8,24,Écologie,2002,présidentielle
35,215,Parigné,825,661,136,689,28,9,63,Gauche,2002,présidentielle
35,215,Parigné,825,661,136,689,28,10,25,Droite,2002,présidentielle
35,215,Parigné,825,661,136,689,28,11,9,Gauche,2002,présidentielle
35,215,Parigné,825,661,136,689,28,12,20,Gauche,2002,présidentielle
35,215,Parigné,825,661,136,689,28,13,45,Droite,2002,présidentielle
35,215,Parigné,825,661,136,689,28,14,61,Extrême Gauche,2002,présidentielle
35,215,Parigné,825,661,136,689,28,15,22,Extrême Gauche,2002,présidentielle
35,216,Parthenay-de-Bretagne,491,398,76,415,17,0,3,Extrême Droite,2002,présidentielle
35,216,Parthenay-de-Bretagne,491,398,76,415,17,1,9,Centre,2002,présidentielle
35,216,Parthenay-de-Bretagne,491,398,76,415,17,2,3,Extrême Gauche,2002,présidentielle
35,216,Parthenay-de-Bretagne,491,398,76,415,17,3,23,Centre,2002,présidentielle
35,216,Parthenay-de-Bretagne,491,398,76,415,17,4,57,Droite,2002,présidentielle
35,216,Parthenay-de-Bretagne,491,398,76,415,17,5,35,Extrême Droite,2002,présidentielle
35,216,Parthenay-de-Bretagne,491,398,76,415,17,6,9,Gauche,2002,présidentielle
35,216,Parthenay-de-Bretagne,491,398,76,415,17,7,8,Droite,2002,présidentielle
35,216,Parthenay-de-Bretagne,491,398,76,415,17,8,30,Écologie,2002,présidentielle
35,216,Parthenay-de-Bretagne,491,398,76,415,17,9,90,Gauche,2002,présidentielle
35,216,Parthenay-de-Bretagne,491,398,76,415,17,10,7,Droite,2002,présidentielle
35,216,Parthenay-de-Bretagne,491,398,76,415,17,11,8,Gauche,2002,présidentielle
35,216,Parthenay-de-Bretagne,491,398,76,415,17,12,21,Gauche,2002,présidentielle
35,216,Parthenay-de-Bretagne,491,398,76,415,17,13,22,Droite,2002,présidentielle
35,216,Parthenay-de-Bretagne,491,398,76,415,17,14,27,Extrême Gauche,2002,présidentielle
35,216,Parthenay-de-Bretagne,491,398,76,415,17,15,46,Extrême Gauche,2002,présidentielle
35,217,Le Pertre,1085,805,246,839,34,0,18,Extrême Droite,2002,présidentielle
35,217,Le Pertre,1085,805,246,839,34,1,16,Centre,2002,présidentielle
35,217,Le Pertre,1085,805,246,839,34,2,2,Extrême Gauche,2002,présidentielle
35,217,Le Pertre,1085,805,246,839,34,3,64,Centre,2002,présidentielle
35,217,Le Pertre,1085,805,246,839,34,4,329,Droite,2002,présidentielle
35,217,Le Pertre,1085,805,246,839,34,5,72,Extrême Droite,2002,présidentielle
35,217,Le Pertre,1085,805,246,839,34,6,13,Gauche,2002,présidentielle
35,217,Le Pertre,1085,805,246,839,34,7,25,Droite,2002,présidentielle
35,217,Le Pertre,1085,805,246,839,34,8,28,Écologie,2002,présidentielle
35,217,Le Pertre,1085,805,246,839,34,9,67,Gauche,2002,présidentielle
35,217,Le Pertre,1085,805,246,839,34,10,22,Droite,2002,présidentielle
35,217,Le Pertre,1085,805,246,839,34,11,7,Gauche,2002,présidentielle
35,217,Le Pertre,1085,805,246,839,34,12,19,Gauche,2002,présidentielle
35,217,Le Pertre,1085,805,246,839,34,13,52,Droite,2002,présidentielle
35,217,Le Pertre,1085,805,246,839,34,14,53,Extrême Gauche,2002,présidentielle
35,217,Le Pertre,1085,805,246,839,34,15,18,Extrême Gauche,2002,présidentielle
35,218,Le Petit-Fougeray,340,268,60,280,12,0,5,Extrême Droite,2002,présidentielle
35,218,Le Petit-Fougeray,340,268,60,280,12,1,8,Centre,2002,présidentielle
35,218,Le Petit-Fougeray,340,268,60,280,12,2,1,Extrême Gauche,2002,présidentielle
35,218,Le Petit-Fougeray,340,268,60,280,12,3,15,Centre,2002,présidentielle
35,218,Le Petit-Fougeray,340,268,60,280,12,4,50,Droite,2002,présidentielle
35,218,Le Petit-Fougeray,340,268,60,280,12,5,36,Extrême Droite,2002,présidentielle
35,218,Le Petit-Fougeray,340,268,60,280,12,6,4,Gauche,2002,présidentielle
35,218,Le Petit-Fougeray,340,268,60,280,12,7,6,Droite,2002,présidentielle
35,218,Le Petit-Fougeray,340,268,60,280,12,8,13,Écologie,2002,présidentielle
35,218,Le Petit-Fougeray,340,268,60,280,12,9,44,Gauche,2002,présidentielle
35,218,Le Petit-Fougeray,340,268,60,280,12,10,2,Droite,2002,présidentielle
35,218,Le Petit-Fougeray,340,268,60,280,12,11,6,Gauche,2002,présidentielle
35,218,Le Petit-Fougeray,340,268,60,280,12,12,9,Gauche,2002,présidentielle
35,218,Le Petit-Fougeray,340,268,60,280,12,13,30,Droite,2002,présidentielle
35,218,Le Petit-Fougeray,340,268,60,280,12,14,24,Extrême Gauche,2002,présidentielle
35,218,Le Petit-Fougeray,340,268,60,280,12,15,15,Extrême Gauche,2002,présidentielle
35,219,Pipriac,2249,1587,622,1627,40,0,20,Extrême Droite,2002,présidentielle
35,219,Pipriac,2249,1587,622,1627,40,1,27,Centre,2002,présidentielle
35,219,Pipriac,2249,1587,622,1627,40,2,10,Extrême Gauche,2002,présidentielle
35,219,Pipriac,2249,1587,622,1627,40,3,92,Centre,2002,présidentielle
35,219,Pipriac,2249,1587,622,1627,40,4,392,Droite,2002,présidentielle
35,219,Pipriac,2249,1587,622,1627,40,5,265,Extrême Droite,2002,présidentielle
35,219,Pipriac,2249,1587,622,1627,40,6,19,Gauche,2002,présidentielle
35,219,Pipriac,2249,1587,622,1627,40,7,93,Droite,2002,présidentielle
35,219,Pipriac,2249,1587,622,1627,40,8,63,Écologie,2002,présidentielle
35,219,Pipriac,2249,1587,622,1627,40,9,194,Gauche,2002,présidentielle
35,219,Pipriac,2249,1587,622,1627,40,10,14,Droite,2002,présidentielle
35,219,Pipriac,2249,1587,622,1627,40,11,26,Gauche,2002,présidentielle
35,219,Pipriac,2249,1587,622,1627,40,12,37,Gauche,2002,présidentielle
35,219,Pipriac,2249,1587,622,1627,40,13,141,Droite,2002,présidentielle
35,219,Pipriac,2249,1587,622,1627,40,14,118,Extrême Gauche,2002,présidentielle
35,219,Pipriac,2249,1587,622,1627,40,15,76,Extrême Gauche,2002,présidentielle
35,220,Piré-sur-Seiche,1380,1061,284,1096,35,0,12,Extrême Droite,2002,présidentielle
35,220,Piré-sur-Seiche,1380,1061,284,1096,35,1,31,Centre,2002,présidentielle
35,220,Piré-sur-Seiche,1380,1061,284,1096,35,2,1,Extrême Gauche,2002,présidentielle
35,220,Piré-sur-Seiche,1380,1061,284,1096,35,3,103,Centre,2002,présidentielle
35,220,Piré-sur-Seiche,1380,1061,284,1096,35,4,335,Droite,2002,présidentielle
35,220,Piré-sur-Seiche,1380,1061,284,1096,35,5,114,Extrême Droite,2002,présidentielle
35,220,Piré-sur-Seiche,1380,1061,284,1096,35,6,11,Gauche,2002,présidentielle
35,220,Piré-sur-Seiche,1380,1061,284,1096,35,7,54,Droite,2002,présidentielle
35,220,Piré-sur-Seiche,1380,1061,284,1096,35,8,62,Écologie,2002,présidentielle
35,220,Piré-sur-Seiche,1380,1061,284,1096,35,9,118,Gauche,2002,présidentielle
35,220,Piré-sur-Seiche,1380,1061,284,1096,35,10,24,Droite,2002,présidentielle
35,220,Piré-sur-Seiche,1380,1061,284,1096,35,11,10,Gauche,2002,présidentielle
35,220,Piré-sur-Seiche,1380,1061,284,1096,35,12,27,Gauche,2002,présidentielle
35,220,Piré-sur-Seiche,1380,1061,284,1096,35,13,39,Droite,2002,présidentielle
35,220,Piré-sur-Seiche,1380,1061,284,1096,35,14,60,Extrême Gauche,2002,présidentielle
35,220,Piré-sur-Seiche,1380,1061,284,1096,35,15,60,Extrême Gauche,2002,présidentielle
35,221,Pléchâtel,1496,1104,349,1147,43,0,18,Extrême Droite,2002,présidentielle
35,221,Pléchâtel,1496,1104,349,1147,43,1,24,Centre,2002,présidentielle
35,221,Pléchâtel,1496,1104,349,1147,43,2,4,Extrême Gauche,2002,présidentielle
35,221,Pléchâtel,1496,1104,349,1147,43,3,69,Centre,2002,présidentielle
35,221,Pléchâtel,1496,1104,349,1147,43,4,235,Droite,2002,présidentielle
35,221,Pléchâtel,1496,1104,349,1147,43,5,158,Extrême Droite,2002,présidentielle
35,221,Pléchâtel,1496,1104,349,1147,43,6,23,Gauche,2002,présidentielle
35,221,Pléchâtel,1496,1104,349,1147,43,7,68,Droite,2002,présidentielle
35,221,Pléchâtel,1496,1104,349,1147,43,8,64,Écologie,2002,présidentielle
35,221,Pléchâtel,1496,1104,349,1147,43,9,91,Gauche,2002,présidentielle
35,221,Pléchâtel,1496,1104,349,1147,43,10,20,Droite,2002,présidentielle
35,221,Pléchâtel,1496,1104,349,1147,43,11,29,Gauche,2002,présidentielle
35,221,Pléchâtel,1496,1104,349,1147,43,12,30,Gauche,2002,présidentielle
35,221,Pléchâtel,1496,1104,349,1147,43,13,110,Droite,2002,présidentielle
35,221,Pléchâtel,1496,1104,349,1147,43,14,94,Extrême Gauche,2002,présidentielle
35,221,Pléchâtel,1496,1104,349,1147,43,15,67,Extrême Gauche,2002,présidentielle
35,222,Pleine-Fougères,1346,997,300,1046,49,0,17,Extrême Droite,2002,présidentielle
35,222,Pleine-Fougères,1346,997,300,1046,49,1,7,Centre,2002,présidentielle
35,222,Pleine-Fougères,1346,997,300,1046,49,2,2,Extrême Gauche,2002,présidentielle
35,222,Pleine-Fougères,1346,997,300,1046,49,3,53,Centre,2002,présidentielle
35,222,Pleine-Fougères,1346,997,300,1046,49,4,240,Droite,2002,présidentielle
35,222,Pleine-Fougères,1346,997,300,1046,49,5,132,Extrême Droite,2002,présidentielle
35,222,Pleine-Fougères,1346,997,300,1046,49,6,22,Gauche,2002,présidentielle
35,222,Pleine-Fougères,1346,997,300,1046,49,7,92,Droite,2002,présidentielle
35,222,Pleine-Fougères,1346,997,300,1046,49,8,40,Écologie,2002,présidentielle
35,222,Pleine-Fougères,1346,997,300,1046,49,9,171,Gauche,2002,présidentielle
35,222,Pleine-Fougères,1346,997,300,1046,49,10,11,Droite,2002,présidentielle
35,222,Pleine-Fougères,1346,997,300,1046,49,11,19,Gauche,2002,présidentielle
35,222,Pleine-Fougères,1346,997,300,1046,49,12,26,Gauche,2002,présidentielle
35,222,Pleine-Fougères,1346,997,300,1046,49,13,31,Droite,2002,présidentielle
35,222,Pleine-Fougères,1346,997,300,1046,49,14,95,Extrême Gauche,2002,présidentielle
35,222,Pleine-Fougères,1346,997,300,1046,49,15,39,Extrême Gauche,2002,présidentielle
35,223,Plélan-le-Grand,2367,1797,501,1866,69,0,23,Extrême Droite,2002,présidentielle
35,223,Plélan-le-Grand,2367,1797,501,1866,69,1,25,Centre,2002,présidentielle
35,223,Plélan-le-Grand,2367,1797,501,1866,69,2,5,Extrême Gauche,2002,présidentielle
35,223,Plélan-le-Grand,2367,1797,501,1866,69,3,107,Centre,2002,présidentielle
35,223,Plélan-le-Grand,2367,1797,501,1866,69,4,417,Droite,2002,présidentielle
35,223,Plélan-le-Grand,2367,1797,501,1866,69,5,260,Extrême Droite,2002,présidentielle
35,223,Plélan-le-Grand,2367,1797,501,1866,69,6,30,Gauche,2002,présidentielle
35,223,Plélan-le-Grand,2367,1797,501,1866,69,7,62,Droite,2002,présidentielle
35,223,Plélan-le-Grand,2367,1797,501,1866,69,8,80,Écologie,2002,présidentielle
35,223,Plélan-le-Grand,2367,1797,501,1866,69,9,293,Gauche,2002,présidentielle
35,223,Plélan-le-Grand,2367,1797,501,1866,69,10,19,Droite,2002,présidentielle
35,223,Plélan-le-Grand,2367,1797,501,1866,69,11,36,Gauche,2002,présidentielle
35,223,Plélan-le-Grand,2367,1797,501,1866,69,12,80,Gauche,2002,présidentielle
35,223,Plélan-le-Grand,2367,1797,501,1866,69,13,151,Droite,2002,présidentielle
35,223,Plélan-le-Grand,2367,1797,501,1866,69,14,126,Extrême Gauche,2002,présidentielle
35,223,Plélan-le-Grand,2367,1797,501,1866,69,15,83,Extrême Gauche,2002,présidentielle
35,224,Plerguer,1528,1101,388,1140,39,0,17,Extrême Droite,2002,présidentielle
35,224,Plerguer,1528,1101,388,1140,39,1,17,Centre,2002,présidentielle
35,224,Plerguer,1528,1101,388,1140,39,2,4,Extrême Gauche,2002,présidentielle
35,224,Plerguer,1528,1101,388,1140,39,3,69,Centre,2002,présidentielle
35,224,Plerguer,1528,1101,388,1140,39,4,228,Droite,2002,présidentielle
35,224,Plerguer,1528,1101,388,1140,39,5,172,Extrême Droite,2002,présidentielle
35,224,Plerguer,1528,1101,388,1140,39,6,19,Gauche,2002,présidentielle
35,224,Plerguer,1528,1101,388,1140,39,7,100,Droite,2002,présidentielle
35,224,Plerguer,1528,1101,388,1140,39,8,50,Écologie,2002,présidentielle
35,224,Plerguer,1528,1101,388,1140,39,9,162,Gauche,2002,présidentielle
35,224,Plerguer,1528,1101,388,1140,39,10,36,Droite,2002,présidentielle
35,224,Plerguer,1528,1101,388,1140,39,11,12,Gauche,2002,présidentielle
35,224,Plerguer,1528,1101,388,1140,39,12,42,Gauche,2002,présidentielle
35,224,Plerguer,1528,1101,388,1140,39,13,53,Droite,2002,présidentielle
35,224,Plerguer,1528,1101,388,1140,39,14,56,Extrême Gauche,2002,présidentielle
35,224,Plerguer,1528,1101,388,1140,39,15,64,Extrême Gauche,2002,présidentielle
35,225,Plesder,449,334,109,340,6,0,8,Extrême Droite,2002,présidentielle
35,225,Plesder,449,334,109,340,6,1,8,Centre,2002,présidentielle
35,225,Plesder,449,334,109,340,6,2,1,Extrême Gauche,2002,présidentielle
35,225,Plesder,449,334,109,340,6,3,23,Centre,2002,présidentielle
35,225,Plesder,449,334,109,340,6,4,59,Droite,2002,présidentielle
35,225,Plesder,449,334,109,340,6,5,48,Extrême Droite,2002,présidentielle
35,225,Plesder,449,334,109,340,6,6,16,Gauche,2002,présidentielle
35,225,Plesder,449,334,109,340,6,7,15,Droite,2002,présidentielle
35,225,Plesder,449,334,109,340,6,8,13,Écologie,2002,présidentielle
35,225,Plesder,449,334,109,340,6,9,68,Gauche,2002,présidentielle
35,225,Plesder,449,334,109,340,6,10,11,Droite,2002,présidentielle
35,225,Plesder,449,334,109,340,6,11,11,Gauche,2002,présidentielle
35,225,Plesder,449,334,109,340,6,12,8,Gauche,2002,présidentielle
35,225,Plesder,449,334,109,340,6,13,10,Droite,2002,présidentielle
35,225,Plesder,449,334,109,340,6,14,17,Extrême Gauche,2002,présidentielle
35,225,Plesder,449,334,109,340,6,15,18,Extrême Gauche,2002,présidentielle
35,226,Pleugueneuc,1058,766,265,793,27,0,4,Extrême Droite,2002,présidentielle
35,226,Pleugueneuc,1058,766,265,793,27,1,7,Centre,2002,présidentielle
35,226,Pleugueneuc,1058,766,265,793,27,2,5,Extrême Gauche,2002,présidentielle
35,226,Pleugueneuc,1058,766,265,793,27,3,31,Centre,2002,présidentielle
35,226,Pleugueneuc,1058,766,265,793,27,4,156,Droite,2002,présidentielle
35,226,Pleugueneuc,1058,766,265,793,27,5,76,Extrême Droite,2002,présidentielle
35,226,Pleugueneuc,1058,766,265,793,27,6,31,Gauche,2002,présidentielle
35,226,Pleugueneuc,1058,766,265,793,27,7,40,Droite,2002,présidentielle
35,226,Pleugueneuc,1058,766,265,793,27,8,38,Écologie,2002,présidentielle
35,226,Pleugueneuc,1058,766,265,793,27,9,173,Gauche,2002,présidentielle
35,226,Pleugueneuc,1058,766,265,793,27,10,9,Droite,2002,présidentielle
35,226,Pleugueneuc,1058,766,265,793,27,11,27,Gauche,2002,présidentielle
35,226,Pleugueneuc,1058,766,265,793,27,12,27,Gauche,2002,présidentielle
35,226,Pleugueneuc,1058,766,265,793,27,13,33,Droite,2002,présidentielle
35,226,Pleugueneuc,1058,766,265,793,27,14,73,Extrême Gauche,2002,présidentielle
35,226,Pleugueneuc,1058,766,265,793,27,15,36,Extrême Gauche,2002,présidentielle
35,227,Pleumeleuc,1574,1180,351,1223,43,0,12,Extrême Droite,2002,présidentielle
35,227,Pleumeleuc,1574,1180,351,1223,43,1,25,Centre,2002,présidentielle
35,227,Pleumeleuc,1574,1180,351,1223,43,2,10,Extrême Gauche,2002,présidentielle
35,227,Pleumeleuc,1574,1180,351,1223,43,3,96,Centre,2002,présidentielle
35,227,Pleumeleuc,1574,1180,351,1223,43,4,207,Droite,2002,présidentielle
35,227,Pleumeleuc,1574,1180,351,1223,43,5,137,Extrême Droite,2002,présidentielle
35,227,Pleumeleuc,1574,1180,351,1223,43,6,32,Gauche,2002,présidentielle
35,227,Pleumeleuc,1574,1180,351,1223,43,7,42,Droite,2002,présidentielle
35,227,Pleumeleuc,1574,1180,351,1223,43,8,93,Écologie,2002,présidentielle
35,227,Pleumeleuc,1574,1180,351,1223,43,9,223,Gauche,2002,présidentielle
35,227,Pleumeleuc,1574,1180,351,1223,43,10,18,Droite,2002,présidentielle
35,227,Pleumeleuc,1574,1180,351,1223,43,11,23,Gauche,2002,présidentielle
35,227,Pleumeleuc,1574,1180,351,1223,43,12,48,Gauche,2002,présidentielle
35,227,Pleumeleuc,1574,1180,351,1223,43,13,52,Droite,2002,présidentielle
35,227,Pleumeleuc,1574,1180,351,1223,43,14,83,Extrême Gauche,2002,présidentielle
35,227,Pleumeleuc,1574,1180,351,1223,43,15,79,Extrême Gauche,2002,présidentielle
35,228,Pleurtuit,3420,2470,877,2543,73,0,39,Extrême Droite,2002,présidentielle
35,228,Pleurtuit,3420,2470,877,2543,73,1,60,Centre,2002,présidentielle
35,228,Pleurtuit,3420,2470,877,2543,73,2,16,Extrême Gauche,2002,présidentielle
35,228,Pleurtuit,3420,2470,877,2543,73,3,157,Centre,2002,présidentielle
35,228,Pleurtuit,3420,2470,877,2543,73,4,560,Droite,2002,présidentielle
35,228,Pleurtuit,3420,2470,877,2543,73,5,350,Extrême Droite,2002,présidentielle
35,228,Pleurtuit,3420,2470,877,2543,73,6,47,Gauche,2002,présidentielle
35,228,Pleurtuit,3420,2470,877,2543,73,7,123,Droite,2002,présidentielle
35,228,Pleurtuit,3420,2470,877,2543,73,8,124,Écologie,2002,présidentielle
35,228,Pleurtuit,3420,2470,877,2543,73,9,422,Gauche,2002,présidentielle
35,228,Pleurtuit,3420,2470,877,2543,73,10,38,Droite,2002,présidentielle
35,228,Pleurtuit,3420,2470,877,2543,73,11,56,Gauche,2002,présidentielle
35,228,Pleurtuit,3420,2470,877,2543,73,12,80,Gauche,2002,présidentielle
35,228,Pleurtuit,3420,2470,877,2543,73,13,107,Droite,2002,présidentielle
35,228,Pleurtuit,3420,2470,877,2543,73,14,162,Extrême Gauche,2002,présidentielle
35,228,Pleurtuit,3420,2470,877,2543,73,15,129,Extrême Gauche,2002,présidentielle
35,229,Pocé-les-Bois,705,559,116,589,30,0,5,Extrême Droite,2002,présidentielle
35,229,Pocé-les-Bois,705,559,116,589,30,1,10,Centre,2002,présidentielle
35,229,Pocé-les-Bois,705,559,116,589,30,2,4,Extrême Gauche,2002,présidentielle
35,229,Pocé-les-Bois,705,559,116,589,30,3,64,Centre,2002,présidentielle
35,229,Pocé-les-Bois,705,559,116,589,30,4,166,Droite,2002,présidentielle
35,229,Pocé-les-Bois,705,559,116,589,30,5,45,Extrême Droite,2002,présidentielle
35,229,Pocé-les-Bois,705,559,116,589,30,6,6,Gauche,2002,présidentielle
35,229,Pocé-les-Bois,705,559,116,589,30,7,14,Droite,2002,présidentielle
35,229,Pocé-les-Bois,705,559,116,589,30,8,41,Écologie,2002,présidentielle
35,229,Pocé-les-Bois,705,559,116,589,30,9,66,Gauche,2002,présidentielle
35,229,Pocé-les-Bois,705,559,116,589,30,10,11,Droite,2002,présidentielle
35,229,Pocé-les-Bois,705,559,116,589,30,11,1,Gauche,2002,présidentielle
35,229,Pocé-les-Bois,705,559,116,589,30,12,19,Gauche,2002,présidentielle
35,229,Pocé-les-Bois,705,559,116,589,30,13,34,Droite,2002,présidentielle
35,229,Pocé-les-Bois,705,559,116,589,30,14,32,Extrême Gauche,2002,présidentielle
35,229,Pocé-les-Bois,705,559,116,589,30,15,41,Extrême Gauche,2002,présidentielle
35,230,Poilley,330,224,97,233,9,0,2,Extrême Droite,2002,présidentielle
35,230,Poilley,330,224,97,233,9,1,5,Centre,2002,présidentielle
35,230,Poilley,330,224,97,233,9,2,3,Extrême Gauche,2002,présidentielle
35,230,Poilley,330,224,97,233,9,3,30,Centre,2002,présidentielle
35,230,Poilley,330,224,97,233,9,4,66,Droite,2002,présidentielle
35,230,Poilley,330,224,97,233,9,5,22,Extrême Droite,2002,présidentielle
35,230,Poilley,330,224,97,233,9,6,3,Gauche,2002,présidentielle
35,230,Poilley,330,224,97,233,9,7,19,Droite,2002,présidentielle
35,230,Poilley,330,224,97,233,9,8,3,Écologie,2002,présidentielle
35,230,Poilley,330,224,97,233,9,9,14,Gauche,2002,présidentielle
35,230,Poilley,330,224,97,233,9,10,6,Droite,2002,présidentielle
35,230,Poilley,330,224,97,233,9,11,3,Gauche,2002,présidentielle
35,230,Poilley,330,224,97,233,9,12,6,Gauche,2002,présidentielle
35,230,Poilley,330,224,97,233,9,13,23,Droite,2002,présidentielle
35,230,Poilley,330,224,97,233,9,14,9,Extrême Gauche,2002,présidentielle
35,230,Poilley,330,224,97,233,9,15,10,Extrême Gauche,2002,présidentielle
35,231,Poligné,619,462,130,489,27,0,6,Extrême Droite,2002,présidentielle
35,231,Poligné,619,462,130,489,27,1,15,Centre,2002,présidentielle
35,231,Poligné,619,462,130,489,27,2,4,Extrême Gauche,2002,présidentielle
35,231,Poligné,619,462,130,489,27,3,28,Centre,2002,présidentielle
35,231,Poligné,619,462,130,489,27,4,81,Droite,2002,présidentielle
35,231,Poligné,619,462,130,489,27,5,62,Extrême Droite,2002,présidentielle
35,231,Poligné,619,462,130,489,27,6,12,Gauche,2002,présidentielle
35,231,Poligné,619,462,130,489,27,7,14,Droite,2002,présidentielle
35,231,Poligné,619,462,130,489,27,8,32,Écologie,2002,présidentielle
35,231,Poligné,619,462,130,489,27,9,70,Gauche,2002,présidentielle
35,231,Poligné,619,462,130,489,27,10,8,Droite,2002,présidentielle
35,231,Poligné,619,462,130,489,27,11,4,Gauche,2002,présidentielle
35,231,Poligné,619,462,130,489,27,12,20,Gauche,2002,présidentielle
35,231,Poligné,619,462,130,489,27,13,45,Droite,2002,présidentielle
35,231,Poligné,619,462,130,489,27,14,29,Extrême Gauche,2002,présidentielle
35,231,Poligné,619,462,130,489,27,15,32,Extrême Gauche,2002,présidentielle
35,232,Princé,282,221,51,231,10,0,1,Extrême Droite,2002,présidentielle
35,232,Princé,282,221,51,231,10,1,2,Centre,2002,présidentielle
35,232,Princé,282,221,51,231,10,2,2,Extrême Gauche,2002,présidentielle
35,232,Princé,282,221,51,231,10,3,29,Centre,2002,présidentielle
35,232,Princé,282,221,51,231,10,4,87,Droite,2002,présidentielle
35,232,Princé,282,221,51,231,10,5,20,Extrême Droite,2002,présidentielle
35,232,Princé,282,221,51,231,10,6,2,Gauche,2002,présidentielle
35,232,Princé,282,221,51,231,10,7,18,Droite,2002,présidentielle
35,232,Princé,282,221,51,231,10,8,9,Écologie,2002,présidentielle
35,232,Princé,282,221,51,231,10,9,16,Gauche,2002,présidentielle
35,232,Princé,282,221,51,231,10,10,3,Droite,2002,présidentielle
35,232,Princé,282,221,51,231,10,11,1,Gauche,2002,présidentielle
35,232,Princé,282,221,51,231,10,12,1,Gauche,2002,présidentielle
35,232,Princé,282,221,51,231,10,13,9,Droite,2002,présidentielle
35,232,Princé,282,221,51,231,10,14,13,Extrême Gauche,2002,présidentielle
35,232,Princé,282,221,51,231,10,15,8,Extrême Gauche,2002,présidentielle
35,233,Québriac,869,631,214,655,24,0,9,Extrême Droite,2002,présidentielle
35,233,Québriac,869,631,214,655,24,1,10,Centre,2002,présidentielle
35,233,Québriac,869,631,214,655,24,2,4,Extrême Gauche,2002,présidentielle
35,233,Québriac,869,631,214,655,24,3,34,Centre,2002,présidentielle
35,233,Québriac,869,631,214,655,24,4,129,Droite,2002,présidentielle
35,233,Québriac,869,631,214,655,24,5,63,Extrême Droite,2002,présidentielle
35,233,Québriac,869,631,214,655,24,6,14,Gauche,2002,présidentielle
35,233,Québriac,869,631,214,655,24,7,42,Droite,2002,présidentielle
35,233,Québriac,869,631,214,655,24,8,49,Écologie,2002,présidentielle
35,233,Québriac,869,631,214,655,24,9,114,Gauche,2002,présidentielle
35,233,Québriac,869,631,214,655,24,10,13,Droite,2002,présidentielle
35,233,Québriac,869,631,214,655,24,11,16,Gauche,2002,présidentielle
35,233,Québriac,869,631,214,655,24,12,24,Gauche,2002,présidentielle
35,233,Québriac,869,631,214,655,24,13,22,Droite,2002,présidentielle
35,233,Québriac,869,631,214,655,24,14,46,Extrême Gauche,2002,présidentielle
35,233,Québriac,869,631,214,655,24,15,42,Extrême Gauche,2002,présidentielle
35,234,Quédillac,772,561,184,588,27,0,5,Extrême Droite,2002,présidentielle
35,234,Quédillac,772,561,184,588,27,1,15,Centre,2002,présidentielle
35,234,Quédillac,772,561,184,588,27,2,4,Extrême Gauche,2002,présidentielle
35,234,Quédillac,772,561,184,588,27,3,24,Centre,2002,présidentielle
35,234,Quédillac,772,561,184,588,27,4,194,Droite,2002,présidentielle
35,234,Quédillac,772,561,184,588,27,5,67,Extrême Droite,2002,présidentielle
35,234,Quédillac,772,561,184,588,27,6,8,Gauche,2002,présidentielle
35,234,Quédillac,772,561,184,588,27,7,17,Droite,2002,présidentielle
35,234,Quédillac,772,561,184,588,27,8,17,Écologie,2002,présidentielle
35,234,Quédillac,772,561,184,588,27,9,67,Gauche,2002,présidentielle
35,234,Quédillac,772,561,184,588,27,10,6,Droite,2002,présidentielle
35,234,Quédillac,772,561,184,588,27,11,7,Gauche,2002,présidentielle
35,234,Quédillac,772,561,184,588,27,12,19,Gauche,2002,présidentielle
35,234,Quédillac,772,561,184,588,27,13,41,Droite,2002,présidentielle
35,234,Quédillac,772,561,184,588,27,14,34,Extrême Gauche,2002,présidentielle
35,234,Quédillac,772,561,184,588,27,15,36,Extrême Gauche,2002,présidentielle
35,235,Rannée,897,683,181,716,33,0,14,Extrême Droite,2002,présidentielle
35,235,Rannée,897,683,181,716,33,1,8,Centre,2002,présidentielle
35,235,Rannée,897,683,181,716,33,2,7,Extrême Gauche,2002,présidentielle
35,235,Rannée,897,683,181,716,33,3,49,Centre,2002,présidentielle
35,235,Rannée,897,683,181,716,33,4,236,Droite,2002,présidentielle
35,235,Rannée,897,683,181,716,33,5,66,Extrême Droite,2002,présidentielle
35,235,Rannée,897,683,181,716,33,6,11,Gauche,2002,présidentielle
35,235,Rannée,897,683,181,716,33,7,33,Droite,2002,présidentielle
35,235,Rannée,897,683,181,716,33,8,31,Écologie,2002,présidentielle
35,235,Rannée,897,683,181,716,33,9,70,Gauche,2002,présidentielle
35,235,Rannée,897,683,181,716,33,10,18,Droite,2002,présidentielle
35,235,Rannée,897,683,181,716,33,11,2,Gauche,2002,présidentielle
35,235,Rannée,897,683,181,716,33,12,14,Gauche,2002,présidentielle
35,235,Rannée,897,683,181,716,33,13,45,Droite,2002,présidentielle
35,235,Rannée,897,683,181,716,33,14,41,Extrême Gauche,2002,présidentielle
35,235,Rannée,897,683,181,716,33,15,38,Extrême Gauche,2002,présidentielle
35,236,Redon,6261,4297,1830,4431,134,0,47,Extrême Droite,2002,présidentielle
35,236,Redon,6261,4297,1830,4431,134,1,117,Centre,2002,présidentielle
35,236,Redon,6261,4297,1830,4431,134,2,12,Extrême Gauche,2002,présidentielle
35,236,Redon,6261,4297,1830,4431,134,3,296,Centre,2002,présidentielle
35,236,Redon,6261,4297,1830,4431,134,4,717,Droite,2002,présidentielle
35,236,Redon,6261,4297,1830,4431,134,5,479,Extrême Droite,2002,présidentielle
35,236,Redon,6261,4297,1830,4431,134,6,135,Gauche,2002,présidentielle
35,236,Redon,6261,4297,1830,4431,134,7,85,Droite,2002,présidentielle
35,236,Redon,6261,4297,1830,4431,134,8,322,Écologie,2002,présidentielle
35,236,Redon,6261,4297,1830,4431,134,9,853,Gauche,2002,présidentielle
35,236,Redon,6261,4297,1830,4431,134,10,93,Droite,2002,présidentielle
35,236,Redon,6261,4297,1830,4431,134,11,158,Gauche,2002,présidentielle
35,236,Redon,6261,4297,1830,4431,134,12,201,Gauche,2002,présidentielle
35,236,Redon,6261,4297,1830,4431,134,13,391,Droite,2002,présidentielle
35,236,Redon,6261,4297,1830,4431,134,14,188,Extrême Gauche,2002,présidentielle
35,236,Redon,6261,4297,1830,4431,134,15,203,Extrême Gauche,2002,présidentielle
35,237,Renac,641,459,169,472,13,0,3,Extrême Droite,2002,présidentielle
35,237,Renac,641,459,169,472,13,1,9,Centre,2002,présidentielle
35,237,Renac,641,459,169,472,13,2,1,Extrême Gauche,2002,présidentielle
35,237,Renac,641,459,169,472,13,3,20,Centre,2002,présidentielle
35,237,Renac,641,459,169,472,13,4,95,Droite,2002,présidentielle
35,237,Renac,641,459,169,472,13,5,79,Extrême Droite,2002,présidentielle
35,237,Renac,641,459,169,472,13,6,5,Gauche,2002,présidentielle
35,237,Renac,641,459,169,472,13,7,32,Droite,2002,présidentielle
35,237,Renac,641,459,169,472,13,8,30,Écologie,2002,présidentielle
35,237,Renac,641,459,169,472,13,9,75,Gauche,2002,présidentielle
35,237,Renac,641,459,169,472,13,10,3,Droite,2002,présidentielle
35,237,Renac,641,459,169,472,13,11,4,Gauche,2002,présidentielle
35,237,Renac,641,459,169,472,13,12,16,Gauche,2002,présidentielle
35,237,Renac,641,459,169,472,13,13,45,Droite,2002,présidentielle
35,237,Renac,641,459,169,472,13,14,26,Extrême Gauche,2002,présidentielle
35,237,Renac,641,459,169,472,13,15,16,Extrême Gauche,2002,présidentielle
35,238,Rennes,114619,77002,35779,78840,1838,0,641,Extrême Droite,2002,présidentielle
35,238,Rennes,114619,77002,35779,78840,1838,1,2014,Centre,2002,présidentielle
35,238,Rennes,114619,77002,35779,78840,1838,2,360,Extrême Gauche,2002,présidentielle
35,238,Rennes,114619,77002,35779,78840,1838,3,6216,Centre,2002,présidentielle
35,238,Rennes,114619,77002,35779,78840,1838,4,12989,Droite,2002,présidentielle
35,238,Rennes,114619,77002,35779,78840,1838,5,6450,Extrême Droite,2002,présidentielle
35,238,Rennes,114619,77002,35779,78840,1838,6,2933,Gauche,2002,présidentielle
35,238,Rennes,114619,77002,35779,78840,1838,7,712,Droite,2002,présidentielle
35,238,Rennes,114619,77002,35779,78840,1838,8,7388,Écologie,2002,présidentielle
35,238,Rennes,114619,77002,35779,78840,1838,9,17460,Gauche,2002,présidentielle
35,238,Rennes,114619,77002,35779,78840,1838,10,1560,Droite,2002,présidentielle
35,238,Rennes,114619,77002,35779,78840,1838,11,2080,Gauche,2002,présidentielle
35,238,Rennes,114619,77002,35779,78840,1838,12,4666,Gauche,2002,présidentielle
35,238,Rennes,114619,77002,35779,78840,1838,13,2452,Droite,2002,présidentielle
35,238,Rennes,114619,77002,35779,78840,1838,14,4677,Extrême Gauche,2002,présidentielle
35,238,Rennes,114619,77002,35779,78840,1838,15,4404,Extrême Gauche,2002,présidentielle
35,239,Retiers,2637,1839,709,1928,89,0,14,Extrême Droite,2002,présidentielle
35,239,Retiers,2637,1839,709,1928,89,1,40,Centre,2002,présidentielle
35,239,Retiers,2637,1839,709,1928,89,2,7,Extrême Gauche,2002,présidentielle
35,239,Retiers,2637,1839,709,1928,89,3,186,Centre,2002,présidentielle
35,239,Retiers,2637,1839,709,1928,89,4,513,Droite,2002,présidentielle
35,239,Retiers,2637,1839,709,1928,89,5,170,Extrême Droite,2002,présidentielle
35,239,Retiers,2637,1839,709,1928,89,6,25,Gauche,2002,présidentielle
35,239,Retiers,2637,1839,709,1928,89,7,74,Droite,2002,présidentielle
35,239,Retiers,2637,1839,709,1928,89,8,107,Écologie,2002,présidentielle
35,239,Retiers,2637,1839,709,1928,89,9,255,Gauche,2002,présidentielle
35,239,Retiers,2637,1839,709,1928,89,10,31,Droite,2002,présidentielle
35,239,Retiers,2637,1839,709,1928,89,11,36,Gauche,2002,présidentielle
35,239,Retiers,2637,1839,709,1928,89,12,63,Gauche,2002,présidentielle
35,239,Retiers,2637,1839,709,1928,89,13,90,Droite,2002,présidentielle
35,239,Retiers,2637,1839,709,1928,89,14,143,Extrême Gauche,2002,présidentielle
35,239,Retiers,2637,1839,709,1928,89,15,85,Extrême Gauche,2002,présidentielle
35,240,Le Rheu,4327,3210,1017,3310,100,0,22,Extrême Droite,2002,présidentielle
35,240,Le Rheu,4327,3210,1017,3310,100,1,94,Centre,2002,présidentielle
35,240,Le Rheu,4327,3210,1017,3310,100,2,13,Extrême Gauche,2002,présidentielle
35,240,Le Rheu,4327,3210,1017,3310,100,3,295,Centre,2002,présidentielle
35,240,Le Rheu,4327,3210,1017,3310,100,4,567,Droite,2002,présidentielle
35,240,Le Rheu,4327,3210,1017,3310,100,5,274,Extrême Droite,2002,présidentielle
35,240,Le Rheu,4327,3210,1017,3310,100,6,118,Gauche,2002,présidentielle
35,240,Le Rheu,4327,3210,1017,3310,100,7,58,Droite,2002,présidentielle
35,240,Le Rheu,4327,3210,1017,3310,100,8,266,Écologie,2002,présidentielle
35,240,Le Rheu,4327,3210,1017,3310,100,9,707,Gauche,2002,présidentielle
35,240,Le Rheu,4327,3210,1017,3310,100,10,40,Droite,2002,présidentielle
35,240,Le Rheu,4327,3210,1017,3310,100,11,81,Gauche,2002,présidentielle
35,240,Le Rheu,4327,3210,1017,3310,100,12,183,Gauche,2002,présidentielle
35,240,Le Rheu,4327,3210,1017,3310,100,13,131,Droite,2002,présidentielle
35,240,Le Rheu,4327,3210,1017,3310,100,14,204,Extrême Gauche,2002,présidentielle
35,240,Le Rheu,4327,3210,1017,3310,100,15,157,Extrême Gauche,2002,présidentielle
35,241,La Richardais,1697,1279,376,1321,42,0,21,Extrême Droite,2002,présidentielle
35,241,La Richardais,1697,1279,376,1321,42,1,34,Centre,2002,présidentielle
35,241,La Richardais,1697,1279,376,1321,42,2,8,Extrême Gauche,2002,présidentielle
35,241,La Richardais,1697,1279,376,1321,42,3,101,Centre,2002,présidentielle
35,241,La Richardais,1697,1279,376,1321,42,4,238,Droite,2002,présidentielle
35,241,La Richardais,1697,1279,376,1321,42,5,174,Extrême Droite,2002,présidentielle
35,241,La Richardais,1697,1279,376,1321,42,6,25,Gauche,2002,présidentielle
35,241,La Richardais,1697,1279,376,1321,42,7,52,Droite,2002,présidentielle
35,241,La Richardais,1697,1279,376,1321,42,8,81,Écologie,2002,présidentielle
35,241,La Richardais,1697,1279,376,1321,42,9,242,Gauche,2002,présidentielle
35,241,La Richardais,1697,1279,376,1321,42,10,13,Droite,2002,présidentielle
35,241,La Richardais,1697,1279,376,1321,42,11,35,Gauche,2002,présidentielle
35,241,La Richardais,1697,1279,376,1321,42,12,62,Gauche,2002,présidentielle
35,241,La Richardais,1697,1279,376,1321,42,13,57,Droite,2002,présidentielle
35,241,La Richardais,1697,1279,376,1321,42,14,73,Extrême Gauche,2002,présidentielle
35,241,La Richardais,1697,1279,376,1321,42,15,63,Extrême Gauche,2002,présidentielle
35,242,Rimou,283,192,79,204,12,0,3,Extrême Droite,2002,présidentielle
35,242,Rimou,283,192,79,204,12,1,3,Centre,2002,présidentielle
35,242,Rimou,283,192,79,204,12,2,0,Extrême Gauche,2002,présidentielle
35,242,Rimou,283,192,79,204,12,3,6,Centre,2002,présidentielle
35,242,Rimou,283,192,79,204,12,4,53,Droite,2002,présidentielle
35,242,Rimou,283,192,79,204,12,5,18,Extrême Droite,2002,présidentielle
35,242,Rimou,283,192,79,204,12,6,7,Gauche,2002,présidentielle
35,242,Rimou,283,192,79,204,12,7,7,Droite,2002,présidentielle
35,242,Rimou,283,192,79,204,12,8,9,Écologie,2002,présidentielle
35,242,Rimou,283,192,79,204,12,9,46,Gauche,2002,présidentielle
35,242,Rimou,283,192,79,204,12,10,2,Droite,2002,présidentielle
35,242,Rimou,283,192,79,204,12,11,7,Gauche,2002,présidentielle
35,242,Rimou,283,192,79,204,12,12,3,Gauche,2002,présidentielle
35,242,Rimou,283,192,79,204,12,13,8,Droite,2002,présidentielle
35,242,Rimou,283,192,79,204,12,14,10,Extrême Gauche,2002,présidentielle
35,242,Rimou,283,192,79,204,12,15,10,Extrême Gauche,2002,présidentielle
35,243,Romagné,1481,1052,373,1108,56,0,21,Extrême Droite,2002,présidentielle
35,243,Romagné,1481,1052,373,1108,56,1,24,Centre,2002,présidentielle
35,243,Romagné,1481,1052,373,1108,56,2,3,Extrême Gauche,2002,présidentielle
35,243,Romagné,1481,1052,373,1108,56,3,103,Centre,2002,présidentielle
35,243,Romagné,1481,1052,373,1108,56,4,267,Droite,2002,présidentielle
35,243,Romagné,1481,1052,373,1108,56,5,122,Extrême Droite,2002,présidentielle
35,243,Romagné,1481,1052,373,1108,56,6,24,Gauche,2002,présidentielle
35,243,Romagné,1481,1052,373,1108,56,7,85,Droite,2002,présidentielle
35,243,Romagné,1481,1052,373,1108,56,8,44,Écologie,2002,présidentielle
35,243,Romagné,1481,1052,373,1108,56,9,122,Gauche,2002,présidentielle
35,243,Romagné,1481,1052,373,1108,56,10,14,Droite,2002,présidentielle
35,243,Romagné,1481,1052,373,1108,56,11,13,Gauche,2002,présidentielle
35,243,Romagné,1481,1052,373,1108,56,12,25,Gauche,2002,présidentielle
35,243,Romagné,1481,1052,373,1108,56,13,74,Droite,2002,présidentielle
35,243,Romagné,1481,1052,373,1108,56,14,78,Extrême Gauche,2002,présidentielle
35,243,Romagné,1481,1052,373,1108,56,15,33,Extrême Gauche,2002,présidentielle
35,244,Romazy,207,149,51,156,7,0,6,Extrême Droite,2002,présidentielle
35,244,Romazy,207,149,51,156,7,1,2,Centre,2002,présidentielle
35,244,Romazy,207,149,51,156,7,2,1,Extrême Gauche,2002,présidentielle
35,244,Romazy,207,149,51,156,7,3,8,Centre,2002,présidentielle
35,244,Romazy,207,149,51,156,7,4,32,Droite,2002,présidentielle
35,244,Romazy,207,149,51,156,7,5,19,Extrême Droite,2002,présidentielle
35,244,Romazy,207,149,51,156,7,6,5,Gauche,2002,présidentielle
35,244,Romazy,207,149,51,156,7,7,11,Droite,2002,présidentielle
35,244,Romazy,207,149,51,156,7,8,5,Écologie,2002,présidentielle
35,244,Romazy,207,149,51,156,7,9,26,Gauche,2002,présidentielle
35,244,Romazy,207,149,51,156,7,10,6,Droite,2002,présidentielle
35,244,Romazy,207,149,51,156,7,11,4,Gauche,2002,présidentielle
35,244,Romazy,207,149,51,156,7,12,4,Gauche,2002,présidentielle
35,244,Romazy,207,149,51,156,7,13,4,Droite,2002,présidentielle
35,244,Romazy,207,149,51,156,7,14,9,Extrême Gauche,2002,présidentielle
35,244,Romazy,207,149,51,156,7,15,7,Extrême Gauche,2002,présidentielle
35,245,Romillé,2053,1523,452,1601,78,0,14,Extrême Droite,2002,présidentielle
35,245,Romillé,2053,1523,452,1601,78,1,35,Centre,2002,présidentielle
35,245,Romillé,2053,1523,452,1601,78,2,7,Extrême Gauche,2002,présidentielle
35,245,Romillé,2053,1523,452,1601,78,3,95,Centre,2002,présidentielle
35,245,Romillé,2053,1523,452,1601,78,4,374,Droite,2002,présidentielle
35,245,Romillé,2053,1523,452,1601,78,5,150,Extrême Droite,2002,présidentielle
35,245,Romillé,2053,1523,452,1601,78,6,47,Gauche,2002,présidentielle
35,245,Romillé,2053,1523,452,1601,78,7,51,Droite,2002,présidentielle
35,245,Romillé,2053,1523,452,1601,78,8,96,Écologie,2002,présidentielle
35,245,Romillé,2053,1523,452,1601,78,9,284,Gauche,2002,présidentielle
35,245,Romillé,2053,1523,452,1601,78,10,27,Droite,2002,présidentielle
35,245,Romillé,2053,1523,452,1601,78,11,21,Gauche,2002,présidentielle
35,245,Romillé,2053,1523,452,1601,78,12,54,Gauche,2002,présidentielle
35,245,Romillé,2053,1523,452,1601,78,13,68,Droite,2002,présidentielle
35,245,Romillé,2053,1523,452,1601,78,14,109,Extrême Gauche,2002,présidentielle
35,245,Romillé,2053,1523,452,1601,78,15,91,Extrême Gauche,2002,présidentielle
35,246,Roz-Landrieux,848,547,264,584,37,0,9,Extrême Droite,2002,présidentielle
35,246,Roz-Landrieux,848,547,264,584,37,1,8,Centre,2002,présidentielle
35,246,Roz-Landrieux,848,547,264,584,37,2,5,Extrême Gauche,2002,présidentielle
35,246,Roz-Landrieux,848,547,264,584,37,3,21,Centre,2002,présidentielle
35,246,Roz-Landrieux,848,547,264,584,37,4,130,Droite,2002,présidentielle
35,246,Roz-Landrieux,848,547,264,584,37,5,57,Extrême Droite,2002,présidentielle
35,246,Roz-Landrieux,848,547,264,584,37,6,19,Gauche,2002,présidentielle
35,246,Roz-Landrieux,848,547,264,584,37,7,39,Droite,2002,présidentielle
35,246,Roz-Landrieux,848,547,264,584,37,8,29,Écologie,2002,présidentielle
35,246,Roz-Landrieux,848,547,264,584,37,9,101,Gauche,2002,présidentielle
35,246,Roz-Landrieux,848,547,264,584,37,10,6,Droite,2002,présidentielle
35,246,Roz-Landrieux,848,547,264,584,37,11,13,Gauche,2002,présidentielle
35,246,Roz-Landrieux,848,547,264,584,37,12,29,Gauche,2002,présidentielle
35,246,Roz-Landrieux,848,547,264,584,37,13,25,Droite,2002,présidentielle
35,246,Roz-Landrieux,848,547,264,584,37,14,37,Extrême Gauche,2002,présidentielle
35,246,Roz-Landrieux,848,547,264,584,37,15,19,Extrême Gauche,2002,présidentielle
35,247,Roz-sur-Couesnon,774,569,177,597,28,0,7,Extrême Droite,2002,présidentielle
35,247,Roz-sur-Couesnon,774,569,177,597,28,1,10,Centre,2002,présidentielle
35,247,Roz-sur-Couesnon,774,569,177,597,28,2,4,Extrême Gauche,2002,présidentielle
35,247,Roz-sur-Couesnon,774,569,177,597,28,3,37,Centre,2002,présidentielle
35,247,Roz-sur-Couesnon,774,569,177,597,28,4,140,Droite,2002,présidentielle
35,247,Roz-sur-Couesnon,774,569,177,597,28,5,59,Extrême Droite,2002,présidentielle
35,247,Roz-sur-Couesnon,774,569,177,597,28,6,6,Gauche,2002,présidentielle
35,247,Roz-sur-Couesnon,774,569,177,597,28,7,65,Droite,2002,présidentielle
35,247,Roz-sur-Couesnon,774,569,177,597,28,8,23,Écologie,2002,présidentielle
35,247,Roz-sur-Couesnon,774,569,177,597,28,9,89,Gauche,2002,présidentielle
35,247,Roz-sur-Couesnon,774,569,177,597,28,10,6,Droite,2002,présidentielle
35,247,Roz-sur-Couesnon,774,569,177,597,28,11,7,Gauche,2002,présidentielle
35,247,Roz-sur-Couesnon,774,569,177,597,28,12,29,Gauche,2002,présidentielle
35,247,Roz-sur-Couesnon,774,569,177,597,28,13,26,Droite,2002,présidentielle
35,247,Roz-sur-Couesnon,774,569,177,597,28,14,34,Extrême Gauche,2002,présidentielle
35,247,Roz-sur-Couesnon,774,569,177,597,28,15,27,Extrême Gauche,2002,présidentielle
35,248,Sains,385,267,108,277,10,0,4,Extrême Droite,2002,présidentielle
35,248,Sains,385,267,108,277,10,1,4,Centre,2002,présidentielle
35,248,Sains,385,267,108,277,10,2,2,Extrême Gauche,2002,présidentielle
35,248,Sains,385,267,108,277,10,3,7,Centre,2002,présidentielle
35,248,Sains,385,267,108,277,10,4,55,Droite,2002,présidentielle
35,248,Sains,385,267,108,277,10,5,27,Extrême Droite,2002,présidentielle
35,248,Sains,385,267,108,277,10,6,4,Gauche,2002,présidentielle
35,248,Sains,385,267,108,277,10,7,26,Droite,2002,présidentielle
35,248,Sains,385,267,108,277,10,8,13,Écologie,2002,présidentielle
35,248,Sains,385,267,108,277,10,9,70,Gauche,2002,présidentielle
35,248,Sains,385,267,108,277,10,10,1,Droite,2002,présidentielle
35,248,Sains,385,267,108,277,10,11,9,Gauche,2002,présidentielle
35,248,Sains,385,267,108,277,10,12,12,Gauche,2002,présidentielle
35,248,Sains,385,267,108,277,10,13,8,Droite,2002,présidentielle
35,248,Sains,385,267,108,277,10,14,9,Extrême Gauche,2002,présidentielle
35,248,Sains,385,267,108,277,10,15,16,Extrême Gauche,2002,présidentielle
35,249,Sainte-Anne-sur-Vilaine,623,501,105,518,17,0,7,Extrême Droite,2002,présidentielle
35,249,Sainte-Anne-sur-Vilaine,623,501,105,518,17,1,4,Centre,2002,présidentielle
35,249,Sainte-Anne-sur-Vilaine,623,501,105,518,17,2,0,Extrême Gauche,2002,présidentielle
35,249,Sainte-Anne-sur-Vilaine,623,501,105,518,17,3,47,Centre,2002,présidentielle
35,249,Sainte-Anne-sur-Vilaine,623,501,105,518,17,4,155,Droite,2002,présidentielle
35,249,Sainte-Anne-sur-Vilaine,623,501,105,518,17,5,50,Extrême Droite,2002,présidentielle
35,249,Sainte-Anne-sur-Vilaine,623,501,105,518,17,6,5,Gauche,2002,présidentielle
35,249,Sainte-Anne-sur-Vilaine,623,501,105,518,17,7,36,Droite,2002,présidentielle
35,249,Sainte-Anne-sur-Vilaine,623,501,105,518,17,8,27,Écologie,2002,présidentielle
35,249,Sainte-Anne-sur-Vilaine,623,501,105,518,17,9,55,Gauche,2002,présidentielle
35,249,Sainte-Anne-sur-Vilaine,623,501,105,518,17,10,9,Droite,2002,présidentielle
35,249,Sainte-Anne-sur-Vilaine,623,501,105,518,17,11,5,Gauche,2002,présidentielle
35,249,Sainte-Anne-sur-Vilaine,623,501,105,518,17,12,8,Gauche,2002,présidentielle
35,249,Sainte-Anne-sur-Vilaine,623,501,105,518,17,13,50,Droite,2002,présidentielle
35,249,Sainte-Anne-sur-Vilaine,623,501,105,518,17,14,21,Extrême Gauche,2002,présidentielle
35,249,Sainte-Anne-sur-Vilaine,623,501,105,518,17,15,22,Extrême Gauche,2002,présidentielle
35,250,Saint-Armel,1047,796,215,832,36,0,8,Extrême Droite,2002,présidentielle
35,250,Saint-Armel,1047,796,215,832,36,1,22,Centre,2002,présidentielle
35,250,Saint-Armel,1047,796,215,832,36,2,6,Extrême Gauche,2002,présidentielle
35,250,Saint-Armel,1047,796,215,832,36,3,46,Centre,2002,présidentielle
35,250,Saint-Armel,1047,796,215,832,36,4,125,Droite,2002,présidentielle
35,250,Saint-Armel,1047,796,215,832,36,5,64,Extrême Droite,2002,présidentielle
35,250,Saint-Armel,1047,796,215,832,36,6,28,Gauche,2002,présidentielle
35,250,Saint-Armel,1047,796,215,832,36,7,19,Droite,2002,présidentielle
35,250,Saint-Armel,1047,796,215,832,36,8,68,Écologie,2002,présidentielle
35,250,Saint-Armel,1047,796,215,832,36,9,164,Gauche,2002,présidentielle
35,250,Saint-Armel,1047,796,215,832,36,10,5,Droite,2002,présidentielle
35,250,Saint-Armel,1047,796,215,832,36,11,21,Gauche,2002,présidentielle
35,250,Saint-Armel,1047,796,215,832,36,12,51,Gauche,2002,présidentielle
35,250,Saint-Armel,1047,796,215,832,36,13,41,Droite,2002,présidentielle
35,250,Saint-Armel,1047,796,215,832,36,14,64,Extrême Gauche,2002,présidentielle
35,250,Saint-Armel,1047,796,215,832,36,15,64,Extrême Gauche,2002,présidentielle
35,251,Saint-Aubin-d'Aubigné,1908,1388,464,1444,56,0,18,Extrême Droite,2002,présidentielle
35,251,Saint-Aubin-d'Aubigné,1908,1388,464,1444,56,1,39,Centre,2002,présidentielle
35,251,Saint-Aubin-d'Aubigné,1908,1388,464,1444,56,2,12,Extrême Gauche,2002,présidentielle
35,251,Saint-Aubin-d'Aubigné,1908,1388,464,1444,56,3,83,Centre,2002,présidentielle
35,251,Saint-Aubin-d'Aubigné,1908,1388,464,1444,56,4,291,Droite,2002,présidentielle
35,251,Saint-Aubin-d'Aubigné,1908,1388,464,1444,56,5,154,Extrême Droite,2002,présidentielle
35,251,Saint-Aubin-d'Aubigné,1908,1388,464,1444,56,6,27,Gauche,2002,présidentielle
35,251,Saint-Aubin-d'Aubigné,1908,1388,464,1444,56,7,56,Droite,2002,présidentielle
35,251,Saint-Aubin-d'Aubigné,1908,1388,464,1444,56,8,96,Écologie,2002,présidentielle
35,251,Saint-Aubin-d'Aubigné,1908,1388,464,1444,56,9,277,Gauche,2002,présidentielle
35,251,Saint-Aubin-d'Aubigné,1908,1388,464,1444,56,10,17,Droite,2002,présidentielle
35,251,Saint-Aubin-d'Aubigné,1908,1388,464,1444,56,11,28,Gauche,2002,présidentielle
35,251,Saint-Aubin-d'Aubigné,1908,1388,464,1444,56,12,44,Gauche,2002,présidentielle
35,251,Saint-Aubin-d'Aubigné,1908,1388,464,1444,56,13,56,Droite,2002,présidentielle
35,251,Saint-Aubin-d'Aubigné,1908,1388,464,1444,56,14,111,Extrême Gauche,2002,présidentielle
35,251,Saint-Aubin-d'Aubigné,1908,1388,464,1444,56,15,79,Extrême Gauche,2002,présidentielle
35,252,Saint-Aubin-des-Landes,632,486,119,513,27,0,10,Extrême Droite,2002,présidentielle
35,252,Saint-Aubin-des-Landes,632,486,119,513,27,1,10,Centre,2002,présidentielle
35,252,Saint-Aubin-des-Landes,632,486,119,513,27,2,3,Extrême Gauche,2002,présidentielle
35,252,Saint-Aubin-des-Landes,632,486,119,513,27,3,67,Centre,2002,présidentielle
35,252,Saint-Aubin-des-Landes,632,486,119,513,27,4,110,Droite,2002,présidentielle
35,252,Saint-Aubin-des-Landes,632,486,119,513,27,5,66,Extrême Droite,2002,présidentielle
35,252,Saint-Aubin-des-Landes,632,486,119,513,27,6,6,Gauche,2002,présidentielle
35,252,Saint-Aubin-des-Landes,632,486,119,513,27,7,31,Droite,2002,présidentielle
35,252,Saint-Aubin-des-Landes,632,486,119,513,27,8,13,Écologie,2002,présidentielle
35,252,Saint-Aubin-des-Landes,632,486,119,513,27,9,33,Gauche,2002,présidentielle
35,252,Saint-Aubin-des-Landes,632,486,119,513,27,10,13,Droite,2002,présidentielle
35,252,Saint-Aubin-des-Landes,632,486,119,513,27,11,3,Gauche,2002,présidentielle
35,252,Saint-Aubin-des-Landes,632,486,119,513,27,12,17,Gauche,2002,présidentielle
35,252,Saint-Aubin-des-Landes,632,486,119,513,27,13,22,Droite,2002,présidentielle
35,252,Saint-Aubin-des-Landes,632,486,119,513,27,14,49,Extrême Gauche,2002,présidentielle
35,252,Saint-Aubin-des-Landes,632,486,119,513,27,15,33,Extrême Gauche,2002,présidentielle
35,253,Saint-Aubin-du-Cormier,1766,1263,453,1313,50,0,23,Extrême Droite,2002,présidentielle
35,253,Saint-Aubin-du-Cormier,1766,1263,453,1313,50,1,19,Centre,2002,présidentielle
35,253,Saint-Aubin-du-Cormier,1766,1263,453,1313,50,2,2,Extrême Gauche,2002,présidentielle
35,253,Saint-Aubin-du-Cormier,1766,1263,453,1313,50,3,102,Centre,2002,présidentielle
35,253,Saint-Aubin-du-Cormier,1766,1263,453,1313,50,4,322,Droite,2002,présidentielle
35,253,Saint-Aubin-du-Cormier,1766,1263,453,1313,50,5,138,Extrême Droite,2002,présidentielle
35,253,Saint-Aubin-du-Cormier,1766,1263,453,1313,50,6,30,Gauche,2002,présidentielle
35,253,Saint-Aubin-du-Cormier,1766,1263,453,1313,50,7,54,Droite,2002,présidentielle
35,253,Saint-Aubin-du-Cormier,1766,1263,453,1313,50,8,71,Écologie,2002,présidentielle
35,253,Saint-Aubin-du-Cormier,1766,1263,453,1313,50,9,208,Gauche,2002,présidentielle
35,253,Saint-Aubin-du-Cormier,1766,1263,453,1313,50,10,13,Droite,2002,présidentielle
35,253,Saint-Aubin-du-Cormier,1766,1263,453,1313,50,11,20,Gauche,2002,présidentielle
35,253,Saint-Aubin-du-Cormier,1766,1263,453,1313,50,12,45,Gauche,2002,présidentielle
35,253,Saint-Aubin-du-Cormier,1766,1263,453,1313,50,13,65,Droite,2002,présidentielle
35,253,Saint-Aubin-du-Cormier,1766,1263,453,1313,50,14,101,Extrême Gauche,2002,présidentielle
35,253,Saint-Aubin-du-Cormier,1766,1263,453,1313,50,15,50,Extrême Gauche,2002,présidentielle
35,254,Saint-Aubin-du-Pavail,418,325,79,339,14,0,5,Extrême Droite,2002,présidentielle
35,254,Saint-Aubin-du-Pavail,418,325,79,339,14,1,12,Centre,2002,présidentielle
35,254,Saint-Aubin-du-Pavail,418,325,79,339,14,2,3,Extrême Gauche,2002,présidentielle
35,254,Saint-Aubin-du-Pavail,418,325,79,339,14,3,11,Centre,2002,présidentielle
35,254,Saint-Aubin-du-Pavail,418,325,79,339,14,4,70,Droite,2002,présidentielle
35,254,Saint-Aubin-du-Pavail,418,325,79,339,14,5,32,Extrême Droite,2002,présidentielle
35,254,Saint-Aubin-du-Pavail,418,325,79,339,14,6,9,Gauche,2002,présidentielle
35,254,Saint-Aubin-du-Pavail,418,325,79,339,14,7,12,Droite,2002,présidentielle
35,254,Saint-Aubin-du-Pavail,418,325,79,339,14,8,24,Écologie,2002,présidentielle
35,254,Saint-Aubin-du-Pavail,418,325,79,339,14,9,55,Gauche,2002,présidentielle
35,254,Saint-Aubin-du-Pavail,418,325,79,339,14,10,2,Droite,2002,présidentielle
35,254,Saint-Aubin-du-Pavail,418,325,79,339,14,11,7,Gauche,2002,présidentielle
35,254,Saint-Aubin-du-Pavail,418,325,79,339,14,12,14,Gauche,2002,présidentielle
35,254,Saint-Aubin-du-Pavail,418,325,79,339,14,13,16,Droite,2002,présidentielle
35,254,Saint-Aubin-du-Pavail,418,325,79,339,14,14,31,Extrême Gauche,2002,présidentielle
35,254,Saint-Aubin-du-Pavail,418,325,79,339,14,15,22,Extrême Gauche,2002,présidentielle
35,255,Saint-Benoît-des-Ondes,703,557,129,574,17,0,4,Extrême Droite,2002,présidentielle
35,255,Saint-Benoît-des-Ondes,703,557,129,574,17,1,11,Centre,2002,présidentielle
35,255,Saint-Benoît-des-Ondes,703,557,129,574,17,2,1,Extrême Gauche,2002,présidentielle
35,255,Saint-Benoît-des-Ondes,703,557,129,574,17,3,32,Centre,2002,présidentielle
35,255,Saint-Benoît-des-Ondes,703,557,129,574,17,4,105,Droite,2002,présidentielle
35,255,Saint-Benoît-des-Ondes,703,557,129,574,17,5,65,Extrême Droite,2002,présidentielle
35,255,Saint-Benoît-des-Ondes,703,557,129,574,17,6,9,Gauche,2002,présidentielle
35,255,Saint-Benoît-des-Ondes,703,557,129,574,17,7,58,Droite,2002,présidentielle
35,255,Saint-Benoît-des-Ondes,703,557,129,574,17,8,25,Écologie,2002,présidentielle
35,255,Saint-Benoît-des-Ondes,703,557,129,574,17,9,96,Gauche,2002,présidentielle
35,255,Saint-Benoît-des-Ondes,703,557,129,574,17,10,4,Droite,2002,présidentielle
35,255,Saint-Benoît-des-Ondes,703,557,129,574,17,11,14,Gauche,2002,présidentielle
35,255,Saint-Benoît-des-Ondes,703,557,129,574,17,12,27,Gauche,2002,présidentielle
35,255,Saint-Benoît-des-Ondes,703,557,129,574,17,13,26,Droite,2002,présidentielle
35,255,Saint-Benoît-des-Ondes,703,557,129,574,17,14,53,Extrême Gauche,2002,présidentielle
35,255,Saint-Benoît-des-Ondes,703,557,129,574,17,15,27,Extrême Gauche,2002,présidentielle
35,256,Saint-Briac-sur-Mer,2009,1520,453,1556,36,0,12,Extrême Droite,2002,présidentielle
35,256,Saint-Briac-sur-Mer,2009,1520,453,1556,36,1,39,Centre,2002,présidentielle
35,256,Saint-Briac-sur-Mer,2009,1520,453,1556,36,2,7,Extrême Gauche,2002,présidentielle
35,256,Saint-Briac-sur-Mer,2009,1520,453,1556,36,3,136,Centre,2002,présidentielle
35,256,Saint-Briac-sur-Mer,2009,1520,453,1556,36,4,415,Droite,2002,présidentielle
35,256,Saint-Briac-sur-Mer,2009,1520,453,1556,36,5,186,Extrême Droite,2002,présidentielle
35,256,Saint-Briac-sur-Mer,2009,1520,453,1556,36,6,33,Gauche,2002,présidentielle
35,256,Saint-Briac-sur-Mer,2009,1520,453,1556,36,7,37,Droite,2002,présidentielle
35,256,Saint-Briac-sur-Mer,2009,1520,453,1556,36,8,67,Écologie,2002,présidentielle
35,256,Saint-Briac-sur-Mer,2009,1520,453,1556,36,9,246,Gauche,2002,présidentielle
35,256,Saint-Briac-sur-Mer,2009,1520,453,1556,36,10,38,Droite,2002,présidentielle
35,256,Saint-Briac-sur-Mer,2009,1520,453,1556,36,11,25,Gauche,2002,présidentielle
35,256,Saint-Briac-sur-Mer,2009,1520,453,1556,36,12,68,Gauche,2002,présidentielle
35,256,Saint-Briac-sur-Mer,2009,1520,453,1556,36,13,98,Droite,2002,présidentielle
35,256,Saint-Briac-sur-Mer,2009,1520,453,1556,36,14,62,Extrême Gauche,2002,présidentielle
35,256,Saint-Briac-sur-Mer,2009,1520,453,1556,36,15,51,Extrême Gauche,2002,présidentielle
35,257,Saint-Brice-en-Coglès,1892,1381,410,1482,101,0,19,Extrême Droite,2002,présidentielle
35,257,Saint-Brice-en-Coglès,1892,1381,410,1482,101,1,30,Centre,2002,présidentielle
35,257,Saint-Brice-en-Coglès,1892,1381,410,1482,101,2,9,Extrême Gauche,2002,présidentielle
35,257,Saint-Brice-en-Coglès,1892,1381,410,1482,101,3,115,Centre,2002,présidentielle
35,257,Saint-Brice-en-Coglès,1892,1381,410,1482,101,4,301,Droite,2002,présidentielle
35,257,Saint-Brice-en-Coglès,1892,1381,410,1482,101,5,192,Extrême Droite,2002,présidentielle
35,257,Saint-Brice-en-Coglès,1892,1381,410,1482,101,6,28,Gauche,2002,présidentielle
35,257,Saint-Brice-en-Coglès,1892,1381,410,1482,101,7,76,Droite,2002,présidentielle
35,257,Saint-Brice-en-Coglès,1892,1381,410,1482,101,8,54,Écologie,2002,présidentielle
35,257,Saint-Brice-en-Coglès,1892,1381,410,1482,101,9,248,Gauche,2002,présidentielle
35,257,Saint-Brice-en-Coglès,1892,1381,410,1482,101,10,15,Droite,2002,présidentielle
35,257,Saint-Brice-en-Coglès,1892,1381,410,1482,101,11,28,Gauche,2002,présidentielle
35,257,Saint-Brice-en-Coglès,1892,1381,410,1482,101,12,35,Gauche,2002,présidentielle
35,257,Saint-Brice-en-Coglès,1892,1381,410,1482,101,13,82,Droite,2002,présidentielle
35,257,Saint-Brice-en-Coglès,1892,1381,410,1482,101,14,84,Extrême Gauche,2002,présidentielle
35,257,Saint-Brice-en-Coglès,1892,1381,410,1482,101,15,65,Extrême Gauche,2002,présidentielle
35,258,Saint-Brieuc-des-Iffs,227,176,44,183,7,0,0,Extrême Droite,2002,présidentielle
35,258,Saint-Brieuc-des-Iffs,227,176,44,183,7,1,2,Centre,2002,présidentielle
35,258,Saint-Brieuc-des-Iffs,227,176,44,183,7,2,3,Extrême Gauche,2002,présidentielle
35,258,Saint-Brieuc-des-Iffs,227,176,44,183,7,3,15,Centre,2002,présidentielle
35,258,Saint-Brieuc-des-Iffs,227,176,44,183,7,4,42,Droite,2002,présidentielle
35,258,Saint-Brieuc-des-Iffs,227,176,44,183,7,5,14,Extrême Droite,2002,présidentielle
35,258,Saint-Brieuc-des-Iffs,227,176,44,183,7,6,4,Gauche,2002,présidentielle
35,258,Saint-Brieuc-des-Iffs,227,176,44,183,7,7,11,Droite,2002,présidentielle
35,258,Saint-Brieuc-des-Iffs,227,176,44,183,7,8,19,Écologie,2002,présidentielle
35,258,Saint-Brieuc-des-Iffs,227,176,44,183,7,9,30,Gauche,2002,présidentielle
35,258,Saint-Brieuc-des-Iffs,227,176,44,183,7,10,2,Droite,2002,présidentielle
35,258,Saint-Brieuc-des-Iffs,227,176,44,183,7,11,3,Gauche,2002,présidentielle
35,258,Saint-Brieuc-des-Iffs,227,176,44,183,7,12,3,Gauche,2002,présidentielle
35,258,Saint-Brieuc-des-Iffs,227,176,44,183,7,13,10,Droite,2002,présidentielle
35,258,Saint-Brieuc-des-Iffs,227,176,44,183,7,14,11,Extrême Gauche,2002,présidentielle
35,258,Saint-Brieuc-des-Iffs,227,176,44,183,7,15,7,Extrême Gauche,2002,présidentielle
35,259,Saint-Broladre,760,565,176,584,19,0,7,Extrême Droite,2002,présidentielle
35,259,Saint-Broladre,760,565,176,584,19,1,13,Centre,2002,présidentielle
35,259,Saint-Broladre,760,565,176,584,19,2,3,Extrême Gauche,2002,présidentielle
35,259,Saint-Broladre,760,565,176,584,19,3,27,Centre,2002,présidentielle
35,259,Saint-Broladre,760,565,176,584,19,4,122,Droite,2002,présidentielle
35,259,Saint-Broladre,760,565,176,584,19,5,45,Extrême Droite,2002,présidentielle
35,259,Saint-Broladre,760,565,176,584,19,6,6,Gauche,2002,présidentielle
35,259,Saint-Broladre,760,565,176,584,19,7,77,Droite,2002,présidentielle
35,259,Saint-Broladre,760,565,176,584,19,8,15,Écologie,2002,présidentielle
35,259,Saint-Broladre,760,565,176,584,19,9,92,Gauche,2002,présidentielle
35,259,Saint-Broladre,760,565,176,584,19,10,34,Droite,2002,présidentielle
35,259,Saint-Broladre,760,565,176,584,19,11,24,Gauche,2002,présidentielle
35,259,Saint-Broladre,760,565,176,584,19,12,17,Gauche,2002,présidentielle
35,259,Saint-Broladre,760,565,176,584,19,13,28,Droite,2002,présidentielle
35,259,Saint-Broladre,760,565,176,584,19,14,34,Extrême Gauche,2002,présidentielle
35,259,Saint-Broladre,760,565,176,584,19,15,21,Extrême Gauche,2002,présidentielle
35,260,Saint-Christophe-des-Bois,365,280,70,295,15,0,7,Extrême Droite,2002,présidentielle
35,260,Saint-Christophe-des-Bois,365,280,70,295,15,1,8,Centre,2002,présidentielle
35,260,Saint-Christophe-des-Bois,365,280,70,295,15,2,2,Extrême Gauche,2002,présidentielle
35,260,Saint-Christophe-des-Bois,365,280,70,295,15,3,25,Centre,2002,présidentielle
35,260,Saint-Christophe-des-Bois,365,280,70,295,15,4,75,Droite,2002,présidentielle
35,260,Saint-Christophe-des-Bois,365,280,70,295,15,5,43,Extrême Droite,2002,présidentielle
35,260,Saint-Christophe-des-Bois,365,280,70,295,15,6,4,Gauche,2002,présidentielle
35,260,Saint-Christophe-des-Bois,365,280,70,295,15,7,20,Droite,2002,présidentielle
35,260,Saint-Christophe-des-Bois,365,280,70,295,15,8,8,Écologie,2002,présidentielle
35,260,Saint-Christophe-des-Bois,365,280,70,295,15,9,19,Gauche,2002,présidentielle
35,260,Saint-Christophe-des-Bois,365,280,70,295,15,10,6,Droite,2002,présidentielle
35,260,Saint-Christophe-des-Bois,365,280,70,295,15,11,1,Gauche,2002,présidentielle
35,260,Saint-Christophe-des-Bois,365,280,70,295,15,12,12,Gauche,2002,présidentielle
35,260,Saint-Christophe-des-Bois,365,280,70,295,15,13,16,Droite,2002,présidentielle
35,260,Saint-Christophe-des-Bois,365,280,70,295,15,14,17,Extrême Gauche,2002,présidentielle
35,260,Saint-Christophe-des-Bois,365,280,70,295,15,15,17,Extrême Gauche,2002,présidentielle
35,261,Saint-Christophe-de-Valains,106,87,15,91,4,0,3,Extrême Droite,2002,présidentielle
35,261,Saint-Christophe-de-Valains,106,87,15,91,4,1,1,Centre,2002,présidentielle
35,261,Saint-Christophe-de-Valains,106,87,15,91,4,2,0,Extrême Gauche,2002,présidentielle
35,261,Saint-Christophe-de-Valains,106,87,15,91,4,3,5,Centre,2002,présidentielle
35,261,Saint-Christophe-de-Valains,106,87,15,91,4,4,14,Droite,2002,présidentielle
35,261,Saint-Christophe-de-Valains,106,87,15,91,4,5,12,Extrême Droite,2002,présidentielle
35,261,Saint-Christophe-de-Valains,106,87,15,91,4,6,6,Gauche,2002,présidentielle
35,261,Saint-Christophe-de-Valains,106,87,15,91,4,7,1,Droite,2002,présidentielle
35,261,Saint-Christophe-de-Valains,106,87,15,91,4,8,7,Écologie,2002,présidentielle
35,261,Saint-Christophe-de-Valains,106,87,15,91,4,9,12,Gauche,2002,présidentielle
35,261,Saint-Christophe-de-Valains,106,87,15,91,4,10,2,Droite,2002,présidentielle
35,261,Saint-Christophe-de-Valains,106,87,15,91,4,11,2,Gauche,2002,présidentielle
35,261,Saint-Christophe-de-Valains,106,87,15,91,4,12,5,Gauche,2002,présidentielle
35,261,Saint-Christophe-de-Valains,106,87,15,91,4,13,1,Droite,2002,présidentielle
35,261,Saint-Christophe-de-Valains,106,87,15,91,4,14,11,Extrême Gauche,2002,présidentielle
35,261,Saint-Christophe-de-Valains,106,87,15,91,4,15,5,Extrême Gauche,2002,présidentielle
35,262,Sainte-Colombe,212,148,58,154,6,0,2,Extrême Droite,2002,présidentielle
35,262,Sainte-Colombe,212,148,58,154,6,1,2,Centre,2002,présidentielle
35,262,Sainte-Colombe,212,148,58,154,6,2,0,Extrême Gauche,2002,présidentielle
35,262,Sainte-Colombe,212,148,58,154,6,3,13,Centre,2002,présidentielle
35,262,Sainte-Colombe,212,148,58,154,6,4,45,Droite,2002,présidentielle
35,262,Sainte-Colombe,212,148,58,154,6,5,11,Extrême Droite,2002,présidentielle
35,262,Sainte-Colombe,212,148,58,154,6,6,1,Gauche,2002,présidentielle
35,262,Sainte-Colombe,212,148,58,154,6,7,15,Droite,2002,présidentielle
35,262,Sainte-Colombe,212,148,58,154,6,8,7,Écologie,2002,présidentielle
35,262,Sainte-Colombe,212,148,58,154,6,9,17,Gauche,2002,présidentielle
35,262,Sainte-Colombe,212,148,58,154,6,10,4,Droite,2002,présidentielle
35,262,Sainte-Colombe,212,148,58,154,6,11,2,Gauche,2002,présidentielle
35,262,Sainte-Colombe,212,148,58,154,6,12,3,Gauche,2002,présidentielle
35,262,Sainte-Colombe,212,148,58,154,6,13,15,Droite,2002,présidentielle
35,262,Sainte-Colombe,212,148,58,154,6,14,4,Extrême Gauche,2002,présidentielle
35,262,Sainte-Colombe,212,148,58,154,6,15,7,Extrême Gauche,2002,présidentielle
35,263,Saint-Coulomb,1732,1279,424,1308,29,0,19,Extrême Droite,2002,présidentielle
35,263,Saint-Coulomb,1732,1279,424,1308,29,1,36,Centre,2002,présidentielle
35,263,Saint-Coulomb,1732,1279,424,1308,29,2,3,Extrême Gauche,2002,présidentielle
35,263,Saint-Coulomb,1732,1279,424,1308,29,3,104,Centre,2002,présidentielle
35,263,Saint-Coulomb,1732,1279,424,1308,29,4,279,Droite,2002,présidentielle
35,263,Saint-Coulomb,1732,1279,424,1308,29,5,150,Extrême Droite,2002,présidentielle
35,263,Saint-Coulomb,1732,1279,424,1308,29,6,28,Gauche,2002,présidentielle
35,263,Saint-Coulomb,1732,1279,424,1308,29,7,104,Droite,2002,présidentielle
35,263,Saint-Coulomb,1732,1279,424,1308,29,8,55,Écologie,2002,présidentielle
35,263,Saint-Coulomb,1732,1279,424,1308,29,9,161,Gauche,2002,présidentielle
35,263,Saint-Coulomb,1732,1279,424,1308,29,10,26,Droite,2002,présidentielle
35,263,Saint-Coulomb,1732,1279,424,1308,29,11,22,Gauche,2002,présidentielle
35,263,Saint-Coulomb,1732,1279,424,1308,29,12,65,Gauche,2002,présidentielle
35,263,Saint-Coulomb,1732,1279,424,1308,29,13,70,Droite,2002,présidentielle
35,263,Saint-Coulomb,1732,1279,424,1308,29,14,90,Extrême Gauche,2002,présidentielle
35,263,Saint-Coulomb,1732,1279,424,1308,29,15,67,Extrême Gauche,2002,présidentielle
35,264,Saint-Didier,992,721,229,763,42,0,12,Extrême Droite,2002,présidentielle
35,264,Saint-Didier,992,721,229,763,42,1,18,Centre,2002,présidentielle
35,264,Saint-Didier,992,721,229,763,42,2,3,Extrême Gauche,2002,présidentielle
35,264,Saint-Didier,992,721,229,763,42,3,58,Centre,2002,présidentielle
35,264,Saint-Didier,992,721,229,763,42,4,175,Droite,2002,présidentielle
35,264,Saint-Didier,992,721,229,763,42,5,87,Extrême Droite,2002,présidentielle
35,264,Saint-Didier,992,721,229,763,42,6,21,Gauche,2002,présidentielle
35,264,Saint-Didier,992,721,229,763,42,7,32,Droite,2002,présidentielle
35,264,Saint-Didier,992,721,229,763,42,8,55,Écologie,2002,présidentielle
35,264,Saint-Didier,992,721,229,763,42,9,85,Gauche,2002,présidentielle
35,264,Saint-Didier,992,721,229,763,42,10,22,Droite,2002,présidentielle
35,264,Saint-Didier,992,721,229,763,42,11,6,Gauche,2002,présidentielle
35,264,Saint-Didier,992,721,229,763,42,12,31,Gauche,2002,présidentielle
35,264,Saint-Didier,992,721,229,763,42,13,25,Droite,2002,présidentielle
35,264,Saint-Didier,992,721,229,763,42,14,62,Extrême Gauche,2002,présidentielle
35,264,Saint-Didier,992,721,229,763,42,15,29,Extrême Gauche,2002,présidentielle
35,265,Saint-Domineuc,1218,913,275,943,30,0,8,Extrême Droite,2002,présidentielle
35,265,Saint-Domineuc,1218,913,275,943,30,1,17,Centre,2002,présidentielle
35,265,Saint-Domineuc,1218,913,275,943,30,2,6,Extrême Gauche,2002,présidentielle
35,265,Saint-Domineuc,1218,913,275,943,30,3,44,Centre,2002,présidentielle
35,265,Saint-Domineuc,1218,913,275,943,30,4,215,Droite,2002,présidentielle
35,265,Saint-Domineuc,1218,913,275,943,30,5,99,Extrême Droite,2002,présidentielle
35,265,Saint-Domineuc,1218,913,275,943,30,6,18,Gauche,2002,présidentielle
35,265,Saint-Domineuc,1218,913,275,943,30,7,51,Droite,2002,présidentielle
35,265,Saint-Domineuc,1218,913,275,943,30,8,47,Écologie,2002,présidentielle
35,265,Saint-Domineuc,1218,913,275,943,30,9,195,Gauche,2002,présidentielle
35,265,Saint-Domineuc,1218,913,275,943,30,10,4,Droite,2002,présidentielle
35,265,Saint-Domineuc,1218,913,275,943,30,11,32,Gauche,2002,présidentielle
35,265,Saint-Domineuc,1218,913,275,943,30,12,30,Gauche,2002,présidentielle
35,265,Saint-Domineuc,1218,913,275,943,30,13,26,Droite,2002,présidentielle
35,265,Saint-Domineuc,1218,913,275,943,30,14,64,Extrême Gauche,2002,présidentielle
35,265,Saint-Domineuc,1218,913,275,943,30,15,57,Extrême Gauche,2002,présidentielle
35,266,Saint-Erblon,1694,1338,313,1381,43,0,17,Extrême Droite,2002,présidentielle
35,266,Saint-Erblon,1694,1338,313,1381,43,1,37,Centre,2002,présidentielle
35,266,Saint-Erblon,1694,1338,313,1381,43,2,6,Extrême Gauche,2002,présidentielle
35,266,Saint-Erblon,1694,1338,313,1381,43,3,137,Centre,2002,présidentielle
35,266,Saint-Erblon,1694,1338,313,1381,43,4,206,Droite,2002,présidentielle
35,266,Saint-Erblon,1694,1338,313,1381,43,5,134,Extrême Droite,2002,présidentielle
35,266,Saint-Erblon,1694,1338,313,1381,43,6,38,Gauche,2002,présidentielle
35,266,Saint-Erblon,1694,1338,313,1381,43,7,31,Droite,2002,présidentielle
35,266,Saint-Erblon,1694,1338,313,1381,43,8,143,Écologie,2002,présidentielle
35,266,Saint-Erblon,1694,1338,313,1381,43,9,235,Gauche,2002,présidentielle
35,266,Saint-Erblon,1694,1338,313,1381,43,10,20,Droite,2002,présidentielle
35,266,Saint-Erblon,1694,1338,313,1381,43,11,23,Gauche,2002,présidentielle
35,266,Saint-Erblon,1694,1338,313,1381,43,12,56,Gauche,2002,présidentielle
35,266,Saint-Erblon,1694,1338,313,1381,43,13,74,Droite,2002,présidentielle
35,266,Saint-Erblon,1694,1338,313,1381,43,14,98,Extrême Gauche,2002,présidentielle
35,266,Saint-Erblon,1694,1338,313,1381,43,15,83,Extrême Gauche,2002,présidentielle
35,267,Saint-Etienne-en-Coglès,1169,844,286,883,39,0,14,Extrême Droite,2002,présidentielle
35,267,Saint-Etienne-en-Coglès,1169,844,286,883,39,1,4,Centre,2002,présidentielle
35,267,Saint-Etienne-en-Coglès,1169,844,286,883,39,2,2,Extrême Gauche,2002,présidentielle
35,267,Saint-Etienne-en-Coglès,1169,844,286,883,39,3,69,Centre,2002,présidentielle
35,267,Saint-Etienne-en-Coglès,1169,844,286,883,39,4,211,Droite,2002,présidentielle
35,267,Saint-Etienne-en-Coglès,1169,844,286,883,39,5,118,Extrême Droite,2002,présidentielle
35,267,Saint-Etienne-en-Coglès,1169,844,286,883,39,6,25,Gauche,2002,présidentielle
35,267,Saint-Etienne-en-Coglès,1169,844,286,883,39,7,46,Droite,2002,présidentielle
35,267,Saint-Etienne-en-Coglès,1169,844,286,883,39,8,32,Écologie,2002,présidentielle
35,267,Saint-Etienne-en-Coglès,1169,844,286,883,39,9,139,Gauche,2002,présidentielle
35,267,Saint-Etienne-en-Coglès,1169,844,286,883,39,10,19,Droite,2002,présidentielle
35,267,Saint-Etienne-en-Coglès,1169,844,286,883,39,11,9,Gauche,2002,présidentielle
35,267,Saint-Etienne-en-Coglès,1169,844,286,883,39,12,24,Gauche,2002,présidentielle
35,267,Saint-Etienne-en-Coglès,1169,844,286,883,39,13,47,Droite,2002,présidentielle
35,267,Saint-Etienne-en-Coglès,1169,844,286,883,39,14,48,Extrême Gauche,2002,présidentielle
35,267,Saint-Etienne-en-Coglès,1169,844,286,883,39,15,37,Extrême Gauche,2002,présidentielle
35,268,Saint-Ganton,345,237,99,246,9,0,7,Extrême Droite,2002,présidentielle
35,268,Saint-Ganton,345,237,99,246,9,1,4,Centre,2002,présidentielle
35,268,Saint-Ganton,345,237,99,246,9,2,7,Extrême Gauche,2002,présidentielle
35,268,Saint-Ganton,345,237,99,246,9,3,5,Centre,2002,présidentielle
35,268,Saint-Ganton,345,237,99,246,9,4,52,Droite,2002,présidentielle
35,268,Saint-Ganton,345,237,99,246,9,5,37,Extrême Droite,2002,présidentielle
35,268,Saint-Ganton,345,237,99,246,9,6,4,Gauche,2002,présidentielle
35,268,Saint-Ganton,345,237,99,246,9,7,9,Droite,2002,présidentielle
35,268,Saint-Ganton,345,237,99,246,9,8,12,Écologie,2002,présidentielle
35,268,Saint-Ganton,345,237,99,246,9,9,26,Gauche,2002,présidentielle
35,268,Saint-Ganton,345,237,99,246,9,10,4,Droite,2002,présidentielle
35,268,Saint-Ganton,345,237,99,246,9,11,2,Gauche,2002,présidentielle
35,268,Saint-Ganton,345,237,99,246,9,12,6,Gauche,2002,présidentielle
35,268,Saint-Ganton,345,237,99,246,9,13,35,Droite,2002,présidentielle
35,268,Saint-Ganton,345,237,99,246,9,14,16,Extrême Gauche,2002,présidentielle
35,268,Saint-Ganton,345,237,99,246,9,15,11,Extrême Gauche,2002,présidentielle
35,269,Saint-Georges-de-Chesné,323,224,91,232,8,0,3,Extrême Droite,2002,présidentielle
35,269,Saint-Georges-de-Chesné,323,224,91,232,8,1,10,Centre,2002,présidentielle
35,269,Saint-Georges-de-Chesné,323,224,91,232,8,2,1,Extrême Gauche,2002,présidentielle
35,269,Saint-Georges-de-Chesné,323,224,91,232,8,3,19,Centre,2002,présidentielle
35,269,Saint-Georges-de-Chesné,323,224,91,232,8,4,83,Droite,2002,présidentielle
35,269,Saint-Georges-de-Chesné,323,224,91,232,8,5,24,Extrême Droite,2002,présidentielle
35,269,Saint-Georges-de-Chesné,323,224,91,232,8,6,4,Gauche,2002,présidentielle
35,269,Saint-Georges-de-Chesné,323,224,91,232,8,7,9,Droite,2002,présidentielle
35,269,Saint-Georges-de-Chesné,323,224,91,232,8,8,10,Écologie,2002,présidentielle
35,269,Saint-Georges-de-Chesné,323,224,91,232,8,9,20,Gauche,2002,présidentielle
35,269,Saint-Georges-de-Chesné,323,224,91,232,8,10,6,Droite,2002,présidentielle
35,269,Saint-Georges-de-Chesné,323,224,91,232,8,11,2,Gauche,2002,présidentielle
35,269,Saint-Georges-de-Chesné,323,224,91,232,8,12,5,Gauche,2002,présidentielle
35,269,Saint-Georges-de-Chesné,323,224,91,232,8,13,10,Droite,2002,présidentielle
35,269,Saint-Georges-de-Chesné,323,224,91,232,8,14,15,Extrême Gauche,2002,présidentielle
35,269,Saint-Georges-de-Chesné,323,224,91,232,8,15,3,Extrême Gauche,2002,présidentielle
35,270,Saint-Georges-de-Gréhaigne,313,232,70,243,11,0,3,Extrême Droite,2002,présidentielle
35,270,Saint-Georges-de-Gréhaigne,313,232,70,243,11,1,2,Centre,2002,présidentielle
35,270,Saint-Georges-de-Gréhaigne,313,232,70,243,11,2,1,Extrême Gauche,2002,présidentielle
35,270,Saint-Georges-de-Gréhaigne,313,232,70,243,11,3,12,Centre,2002,présidentielle
35,270,Saint-Georges-de-Gréhaigne,313,232,70,243,11,4,45,Droite,2002,présidentielle
35,270,Saint-Georges-de-Gréhaigne,313,232,70,243,11,5,43,Extrême Droite,2002,présidentielle
35,270,Saint-Georges-de-Gréhaigne,313,232,70,243,11,6,4,Gauche,2002,présidentielle
35,270,Saint-Georges-de-Gréhaigne,313,232,70,243,11,7,34,Droite,2002,présidentielle
35,270,Saint-Georges-de-Gréhaigne,313,232,70,243,11,8,5,Écologie,2002,présidentielle
35,270,Saint-Georges-de-Gréhaigne,313,232,70,243,11,9,27,Gauche,2002,présidentielle
35,270,Saint-Georges-de-Gréhaigne,313,232,70,243,11,10,1,Droite,2002,présidentielle
35,270,Saint-Georges-de-Gréhaigne,313,232,70,243,11,11,8,Gauche,2002,présidentielle
35,270,Saint-Georges-de-Gréhaigne,313,232,70,243,11,12,5,Gauche,2002,présidentielle
35,270,Saint-Georges-de-Gréhaigne,313,232,70,243,11,13,10,Droite,2002,présidentielle
35,270,Saint-Georges-de-Gréhaigne,313,232,70,243,11,14,18,Extrême Gauche,2002,présidentielle
35,270,Saint-Georges-de-Gréhaigne,313,232,70,243,11,15,14,Extrême Gauche,2002,présidentielle
35,271,Saint-Georges-de-Reintembault,1193,782,362,831,49,0,11,Extrême Droite,2002,présidentielle
35,271,Saint-Georges-de-Reintembault,1193,782,362,831,49,1,11,Centre,2002,présidentielle
35,271,Saint-Georges-de-Reintembault,1193,782,362,831,49,2,3,Extrême Gauche,2002,présidentielle
35,271,Saint-Georges-de-Reintembault,1193,782,362,831,49,3,53,Centre,2002,présidentielle
35,271,Saint-Georges-de-Reintembault,1193,782,362,831,49,4,239,Droite,2002,présidentielle
35,271,Saint-Georges-de-Reintembault,1193,782,362,831,49,5,113,Extrême Droite,2002,présidentielle
35,271,Saint-Georges-de-Reintembault,1193,782,362,831,49,6,23,Gauche,2002,présidentielle
35,271,Saint-Georges-de-Reintembault,1193,782,362,831,49,7,52,Droite,2002,présidentielle
35,271,Saint-Georges-de-Reintembault,1193,782,362,831,49,8,30,Écologie,2002,présidentielle
35,271,Saint-Georges-de-Reintembault,1193,782,362,831,49,9,68,Gauche,2002,présidentielle
35,271,Saint-Georges-de-Reintembault,1193,782,362,831,49,10,16,Droite,2002,présidentielle
35,271,Saint-Georges-de-Reintembault,1193,782,362,831,49,11,7,Gauche,2002,présidentielle
35,271,Saint-Georges-de-Reintembault,1193,782,362,831,49,12,12,Gauche,2002,présidentielle
35,271,Saint-Georges-de-Reintembault,1193,782,362,831,49,13,82,Droite,2002,présidentielle
35,271,Saint-Georges-de-Reintembault,1193,782,362,831,49,14,42,Extrême Gauche,2002,présidentielle
35,271,Saint-Georges-de-Reintembault,1193,782,362,831,49,15,20,Extrême Gauche,2002,présidentielle
35,272,Saint-Germain-du-Pinel,540,384,132,408,24,0,10,Extrême Droite,2002,présidentielle
35,272,Saint-Germain-du-Pinel,540,384,132,408,24,1,5,Centre,2002,présidentielle
35,272,Saint-Germain-du-Pinel,540,384,132,408,24,2,0,Extrême Gauche,2002,présidentielle
35,272,Saint-Germain-du-Pinel,540,384,132,408,24,3,45,Centre,2002,présidentielle
35,272,Saint-Germain-du-Pinel,540,384,132,408,24,4,150,Droite,2002,présidentielle
35,272,Saint-Germain-du-Pinel,540,384,132,408,24,5,40,Extrême Droite,2002,présidentielle
35,272,Saint-Germain-du-Pinel,540,384,132,408,24,6,2,Gauche,2002,présidentielle
35,272,Saint-Germain-du-Pinel,540,384,132,408,24,7,20,Droite,2002,présidentielle
35,272,Saint-Germain-du-Pinel,540,384,132,408,24,8,10,Écologie,2002,présidentielle
35,272,Saint-Germain-du-Pinel,540,384,132,408,24,9,26,Gauche,2002,présidentielle
35,272,Saint-Germain-du-Pinel,540,384,132,408,24,10,15,Droite,2002,présidentielle
35,272,Saint-Germain-du-Pinel,540,384,132,408,24,11,0,Gauche,2002,présidentielle
35,272,Saint-Germain-du-Pinel,540,384,132,408,24,12,6,Gauche,2002,présidentielle
35,272,Saint-Germain-du-Pinel,540,384,132,408,24,13,17,Droite,2002,présidentielle
35,272,Saint-Germain-du-Pinel,540,384,132,408,24,14,23,Extrême Gauche,2002,présidentielle
35,272,Saint-Germain-du-Pinel,540,384,132,408,24,15,15,Extrême Gauche,2002,présidentielle
35,273,Saint-Germain-en-Coglès,1417,1055,295,1122,67,0,11,Extrême Droite,2002,présidentielle
35,273,Saint-Germain-en-Coglès,1417,1055,295,1122,67,1,26,Centre,2002,présidentielle
35,273,Saint-Germain-en-Coglès,1417,1055,295,1122,67,2,6,Extrême Gauche,2002,présidentielle
35,273,Saint-Germain-en-Coglès,1417,1055,295,1122,67,3,90,Centre,2002,présidentielle
35,273,Saint-Germain-en-Coglès,1417,1055,295,1122,67,4,340,Droite,2002,présidentielle
35,273,Saint-Germain-en-Coglès,1417,1055,295,1122,67,5,102,Extrême Droite,2002,présidentielle
35,273,Saint-Germain-en-Coglès,1417,1055,295,1122,67,6,20,Gauche,2002,présidentielle
35,273,Saint-Germain-en-Coglès,1417,1055,295,1122,67,7,62,Droite,2002,présidentielle
35,273,Saint-Germain-en-Coglès,1417,1055,295,1122,67,8,59,Écologie,2002,présidentielle
35,273,Saint-Germain-en-Coglès,1417,1055,295,1122,67,9,109,Gauche,2002,présidentielle
35,273,Saint-Germain-en-Coglès,1417,1055,295,1122,67,10,23,Droite,2002,présidentielle
35,273,Saint-Germain-en-Coglès,1417,1055,295,1122,67,11,15,Gauche,2002,présidentielle
35,273,Saint-Germain-en-Coglès,1417,1055,295,1122,67,12,22,Gauche,2002,présidentielle
35,273,Saint-Germain-en-Coglès,1417,1055,295,1122,67,13,63,Droite,2002,présidentielle
35,273,Saint-Germain-en-Coglès,1417,1055,295,1122,67,14,62,Extrême Gauche,2002,présidentielle
35,273,Saint-Germain-en-Coglès,1417,1055,295,1122,67,15,45,Extrême Gauche,2002,présidentielle
35,274,Saint-Germain-sur-Ille,531,376,129,402,26,0,3,Extrême Droite,2002,présidentielle
35,274,Saint-Germain-sur-Ille,531,376,129,402,26,1,7,Centre,2002,présidentielle
35,274,Saint-Germain-sur-Ille,531,376,129,402,26,2,1,Extrême Gauche,2002,présidentielle
35,274,Saint-Germain-sur-Ille,531,376,129,402,26,3,25,Centre,2002,présidentielle
35,274,Saint-Germain-sur-Ille,531,376,129,402,26,4,68,Droite,2002,présidentielle
35,274,Saint-Germain-sur-Ille,531,376,129,402,26,5,41,Extrême Droite,2002,présidentielle
35,274,Saint-Germain-sur-Ille,531,376,129,402,26,6,16,Gauche,2002,présidentielle
35,274,Saint-Germain-sur-Ille,531,376,129,402,26,7,10,Droite,2002,présidentielle
35,274,Saint-Germain-sur-Ille,531,376,129,402,26,8,44,Écologie,2002,présidentielle
35,274,Saint-Germain-sur-Ille,531,376,129,402,26,9,65,Gauche,2002,présidentielle
35,274,Saint-Germain-sur-Ille,531,376,129,402,26,10,8,Droite,2002,présidentielle
35,274,Saint-Germain-sur-Ille,531,376,129,402,26,11,8,Gauche,2002,présidentielle
35,274,Saint-Germain-sur-Ille,531,376,129,402,26,12,16,Gauche,2002,présidentielle
35,274,Saint-Germain-sur-Ille,531,376,129,402,26,13,9,Droite,2002,présidentielle
35,274,Saint-Germain-sur-Ille,531,376,129,402,26,14,32,Extrême Gauche,2002,présidentielle
35,274,Saint-Germain-sur-Ille,531,376,129,402,26,15,23,Extrême Gauche,2002,présidentielle
35,275,Saint-Gilles,2692,1933,672,2020,87,0,16,Extrême Droite,2002,présidentielle
35,275,Saint-Gilles,2692,1933,672,2020,87,1,44,Centre,2002,présidentielle
35,275,Saint-Gilles,2692,1933,672,2020,87,2,7,Extrême Gauche,2002,présidentielle
35,275,Saint-Gilles,2692,1933,672,2020,87,3,169,Centre,2002,présidentielle
35,275,Saint-Gilles,2692,1933,672,2020,87,4,369,Droite,2002,présidentielle
35,275,Saint-Gilles,2692,1933,672,2020,87,5,186,Extrême Droite,2002,présidentielle
35,275,Saint-Gilles,2692,1933,672,2020,87,6,33,Gauche,2002,présidentielle
35,275,Saint-Gilles,2692,1933,672,2020,87,7,51,Droite,2002,présidentielle
35,275,Saint-Gilles,2692,1933,672,2020,87,8,179,Écologie,2002,présidentielle
35,275,Saint-Gilles,2692,1933,672,2020,87,9,372,Gauche,2002,présidentielle
35,275,Saint-Gilles,2692,1933,672,2020,87,10,14,Droite,2002,présidentielle
35,275,Saint-Gilles,2692,1933,672,2020,87,11,41,Gauche,2002,présidentielle
35,275,Saint-Gilles,2692,1933,672,2020,87,12,102,Gauche,2002,présidentielle
35,275,Saint-Gilles,2692,1933,672,2020,87,13,84,Droite,2002,présidentielle
35,275,Saint-Gilles,2692,1933,672,2020,87,14,124,Extrême Gauche,2002,présidentielle
35,275,Saint-Gilles,2692,1933,672,2020,87,15,142,Extrême Gauche,2002,présidentielle
35,276,Saint-Gondran,372,263,98,274,11,0,3,Extrême Droite,2002,présidentielle
35,276,Saint-Gondran,372,263,98,274,11,1,2,Centre,2002,présidentielle
35,276,Saint-Gondran,372,263,98,274,11,2,0,Extrême Gauche,2002,présidentielle
35,276,Saint-Gondran,372,263,98,274,11,3,15,Centre,2002,présidentielle
35,276,Saint-Gondran,372,263,98,274,11,4,60,Droite,2002,présidentielle
35,276,Saint-Gondran,372,263,98,274,11,5,39,Extrême Droite,2002,présidentielle
35,276,Saint-Gondran,372,263,98,274,11,6,11,Gauche,2002,présidentielle
35,276,Saint-Gondran,372,263,98,274,11,7,11,Droite,2002,présidentielle
35,276,Saint-Gondran,372,263,98,274,11,8,24,Écologie,2002,présidentielle
35,276,Saint-Gondran,372,263,98,274,11,9,39,Gauche,2002,présidentielle
35,276,Saint-Gondran,372,263,98,274,11,10,0,Droite,2002,présidentielle
35,276,Saint-Gondran,372,263,98,274,11,11,5,Gauche,2002,présidentielle
35,276,Saint-Gondran,372,263,98,274,11,12,6,Gauche,2002,présidentielle
35,276,Saint-Gondran,372,263,98,274,11,13,10,Droite,2002,présidentielle
35,276,Saint-Gondran,372,263,98,274,11,14,24,Extrême Gauche,2002,présidentielle
35,276,Saint-Gondran,372,263,98,274,11,15,14,Extrême Gauche,2002,présidentielle
35,277,Saint-Gonlay,225,163,58,167,4,0,0,Extrême Droite,2002,présidentielle
35,277,Saint-Gonlay,225,163,58,167,4,1,3,Centre,2002,présidentielle
35,277,Saint-Gonlay,225,163,58,167,4,2,2,Extrême Gauche,2002,présidentielle
35,277,Saint-Gonlay,225,163,58,167,4,3,19,Centre,2002,présidentielle
35,277,Saint-Gonlay,225,163,58,167,4,4,34,Droite,2002,présidentielle
35,277,Saint-Gonlay,225,163,58,167,4,5,31,Extrême Droite,2002,présidentielle
35,277,Saint-Gonlay,225,163,58,167,4,6,5,Gauche,2002,présidentielle
35,277,Saint-Gonlay,225,163,58,167,4,7,6,Droite,2002,présidentielle
35,277,Saint-Gonlay,225,163,58,167,4,8,15,Écologie,2002,présidentielle
35,277,Saint-Gonlay,225,163,58,167,4,9,25,Gauche,2002,présidentielle
35,277,Saint-Gonlay,225,163,58,167,4,10,0,Droite,2002,présidentielle
35,277,Saint-Gonlay,225,163,58,167,4,11,1,Gauche,2002,présidentielle
35,277,Saint-Gonlay,225,163,58,167,4,12,3,Gauche,2002,présidentielle
35,277,Saint-Gonlay,225,163,58,167,4,13,8,Droite,2002,présidentielle
35,277,Saint-Gonlay,225,163,58,167,4,14,8,Extrême Gauche,2002,présidentielle
35,277,Saint-Gonlay,225,163,58,167,4,15,3,Extrême Gauche,2002,présidentielle
35,278,Saint-Grégoire,5845,4354,1381,4464,110,0,47,Extrême Droite,2002,présidentielle
35,278,Saint-Grégoire,5845,4354,1381,4464,110,1,180,Centre,2002,présidentielle
35,278,Saint-Grégoire,5845,4354,1381,4464,110,2,15,Extrême Gauche,2002,présidentielle
35,278,Saint-Grégoire,5845,4354,1381,4464,110,3,512,Centre,2002,présidentielle
35,278,Saint-Grégoire,5845,4354,1381,4464,110,4,885,Droite,2002,présidentielle
35,278,Saint-Grégoire,5845,4354,1381,4464,110,5,284,Extrême Droite,2002,présidentielle
35,278,Saint-Grégoire,5845,4354,1381,4464,110,6,127,Gauche,2002,présidentielle
35,278,Saint-Grégoire,5845,4354,1381,4464,110,7,59,Droite,2002,présidentielle
35,278,Saint-Grégoire,5845,4354,1381,4464,110,8,378,Écologie,2002,présidentielle
35,278,Saint-Grégoire,5845,4354,1381,4464,110,9,763,Gauche,2002,présidentielle
35,278,Saint-Grégoire,5845,4354,1381,4464,110,10,79,Droite,2002,présidentielle
35,278,Saint-Grégoire,5845,4354,1381,4464,110,11,65,Gauche,2002,présidentielle
35,278,Saint-Grégoire,5845,4354,1381,4464,110,12,326,Gauche,2002,présidentielle
35,278,Saint-Grégoire,5845,4354,1381,4464,110,13,270,Droite,2002,présidentielle
35,278,Saint-Grégoire,5845,4354,1381,4464,110,14,183,Extrême Gauche,2002,présidentielle
35,278,Saint-Grégoire,5845,4354,1381,4464,110,15,181,Extrême Gauche,2002,présidentielle
35,279,Saint-Guinoux,577,440,118,459,19,0,4,Extrême Droite,2002,présidentielle
35,279,Saint-Guinoux,577,440,118,459,19,1,9,Centre,2002,présidentielle
35,279,Saint-Guinoux,577,440,118,459,19,2,4,Extrême Gauche,2002,présidentielle
35,279,Saint-Guinoux,577,440,118,459,19,3,24,Centre,2002,présidentielle
35,279,Saint-Guinoux,577,440,118,459,19,4,97,Droite,2002,présidentielle
35,279,Saint-Guinoux,577,440,118,459,19,5,48,Extrême Droite,2002,présidentielle
35,279,Saint-Guinoux,577,440,118,459,19,6,6,Gauche,2002,présidentielle
35,279,Saint-Guinoux,577,440,118,459,19,7,43,Droite,2002,présidentielle
35,279,Saint-Guinoux,577,440,118,459,19,8,26,Écologie,2002,présidentielle
35,279,Saint-Guinoux,577,440,118,459,19,9,52,Gauche,2002,présidentielle
35,279,Saint-Guinoux,577,440,118,459,19,10,4,Droite,2002,présidentielle
35,279,Saint-Guinoux,577,440,118,459,19,11,13,Gauche,2002,présidentielle
35,279,Saint-Guinoux,577,440,118,459,19,12,24,Gauche,2002,présidentielle
35,279,Saint-Guinoux,577,440,118,459,19,13,14,Droite,2002,présidentielle
35,279,Saint-Guinoux,577,440,118,459,19,14,38,Extrême Gauche,2002,présidentielle
35,279,Saint-Guinoux,577,440,118,459,19,15,34,Extrême Gauche,2002,présidentielle
35,280,Saint-Hilaire-des-Landes,704,501,176,528,27,0,4,Extrême Droite,2002,présidentielle
35,280,Saint-Hilaire-des-Landes,704,501,176,528,27,1,3,Centre,2002,présidentielle
35,280,Saint-Hilaire-des-Landes,704,501,176,528,27,2,2,Extrême Gauche,2002,présidentielle
35,280,Saint-Hilaire-des-Landes,704,501,176,528,27,3,32,Centre,2002,présidentielle
35,280,Saint-Hilaire-des-Landes,704,501,176,528,27,4,128,Droite,2002,présidentielle
35,280,Saint-Hilaire-des-Landes,704,501,176,528,27,5,64,Extrême Droite,2002,présidentielle
35,280,Saint-Hilaire-des-Landes,704,501,176,528,27,6,8,Gauche,2002,présidentielle
35,280,Saint-Hilaire-des-Landes,704,501,176,528,27,7,25,Droite,2002,présidentielle
35,280,Saint-Hilaire-des-Landes,704,501,176,528,27,8,17,Écologie,2002,présidentielle
35,280,Saint-Hilaire-des-Landes,704,501,176,528,27,9,96,Gauche,2002,présidentielle
35,280,Saint-Hilaire-des-Landes,704,501,176,528,27,10,5,Droite,2002,présidentielle
35,280,Saint-Hilaire-des-Landes,704,501,176,528,27,11,14,Gauche,2002,présidentielle
35,280,Saint-Hilaire-des-Landes,704,501,176,528,27,12,21,Gauche,2002,présidentielle
35,280,Saint-Hilaire-des-Landes,704,501,176,528,27,13,24,Droite,2002,présidentielle
35,280,Saint-Hilaire-des-Landes,704,501,176,528,27,14,32,Extrême Gauche,2002,présidentielle
35,280,Saint-Hilaire-des-Landes,704,501,176,528,27,15,26,Extrême Gauche,2002,présidentielle
35,281,Saint-Jacques-de-la-Lande,5209,3785,1298,3911,126,0,41,Extrême Droite,2002,présidentielle
35,281,Saint-Jacques-de-la-Lande,5209,3785,1298,3911,126,1,109,Centre,2002,présidentielle
35,281,Saint-Jacques-de-la-Lande,5209,3785,1298,3911,126,2,16,Extrême Gauche,2002,présidentielle
35,281,Saint-Jacques-de-la-Lande,5209,3785,1298,3911,126,3,251,Centre,2002,présidentielle
35,281,Saint-Jacques-de-la-Lande,5209,3785,1298,3911,126,4,602,Droite,2002,présidentielle
35,281,Saint-Jacques-de-la-Lande,5209,3785,1298,3911,126,5,389,Extrême Droite,2002,présidentielle
35,281,Saint-Jacques-de-la-Lande,5209,3785,1298,3911,126,6,106,Gauche,2002,présidentielle
35,281,Saint-Jacques-de-la-Lande,5209,3785,1298,3911,126,7,49,Droite,2002,présidentielle
35,281,Saint-Jacques-de-la-Lande,5209,3785,1298,3911,126,8,300,Écologie,2002,présidentielle
35,281,Saint-Jacques-de-la-Lande,5209,3785,1298,3911,126,9,890,Gauche,2002,présidentielle
35,281,Saint-Jacques-de-la-Lande,5209,3785,1298,3911,126,10,25,Droite,2002,présidentielle
35,281,Saint-Jacques-de-la-Lande,5209,3785,1298,3911,126,11,120,Gauche,2002,présidentielle
35,281,Saint-Jacques-de-la-Lande,5209,3785,1298,3911,126,12,237,Gauche,2002,présidentielle
35,281,Saint-Jacques-de-la-Lande,5209,3785,1298,3911,126,13,119,Droite,2002,présidentielle
35,281,Saint-Jacques-de-la-Lande,5209,3785,1298,3911,126,14,305,Extrême Gauche,2002,présidentielle
35,281,Saint-Jacques-de-la-Lande,5209,3785,1298,3911,126,15,226,Extrême Gauche,2002,présidentielle
35,282,Saint-Jean-sur-Couesnon,686,502,169,517,15,0,10,Extrême Droite,2002,présidentielle
35,282,Saint-Jean-sur-Couesnon,686,502,169,517,15,1,12,Centre,2002,présidentielle
35,282,Saint-Jean-sur-Couesnon,686,502,169,517,15,2,2,Extrême Gauche,2002,présidentielle
35,282,Saint-Jean-sur-Couesnon,686,502,169,517,15,3,48,Centre,2002,présidentielle
35,282,Saint-Jean-sur-Couesnon,686,502,169,517,15,4,146,Droite,2002,présidentielle
35,282,Saint-Jean-sur-Couesnon,686,502,169,517,15,5,46,Extrême Droite,2002,présidentielle
35,282,Saint-Jean-sur-Couesnon,686,502,169,517,15,6,11,Gauche,2002,présidentielle
35,282,Saint-Jean-sur-Couesnon,686,502,169,517,15,7,29,Droite,2002,présidentielle
35,282,Saint-Jean-sur-Couesnon,686,502,169,517,15,8,15,Écologie,2002,présidentielle
35,282,Saint-Jean-sur-Couesnon,686,502,169,517,15,9,66,Gauche,2002,présidentielle
35,282,Saint-Jean-sur-Couesnon,686,502,169,517,15,10,10,Droite,2002,présidentielle
35,282,Saint-Jean-sur-Couesnon,686,502,169,517,15,11,13,Gauche,2002,présidentielle
35,282,Saint-Jean-sur-Couesnon,686,502,169,517,15,12,14,Gauche,2002,présidentielle
35,282,Saint-Jean-sur-Couesnon,686,502,169,517,15,13,32,Droite,2002,présidentielle
35,282,Saint-Jean-sur-Couesnon,686,502,169,517,15,14,31,Extrême Gauche,2002,présidentielle
35,282,Saint-Jean-sur-Couesnon,686,502,169,517,15,15,17,Extrême Gauche,2002,présidentielle
35,283,Saint-Jean-sur-Vilaine,639,491,124,515,24,0,3,Extrême Droite,2002,présidentielle
35,283,Saint-Jean-sur-Vilaine,639,491,124,515,24,1,16,Centre,2002,présidentielle
35,283,Saint-Jean-sur-Vilaine,639,491,124,515,24,2,2,Extrême Gauche,2002,présidentielle
35,283,Saint-Jean-sur-Vilaine,639,491,124,515,24,3,43,Centre,2002,présidentielle
35,283,Saint-Jean-sur-Vilaine,639,491,124,515,24,4,114,Droite,2002,présidentielle
35,283,Saint-Jean-sur-Vilaine,639,491,124,515,24,5,52,Extrême Droite,2002,présidentielle
35,283,Saint-Jean-sur-Vilaine,639,491,124,515,24,6,14,Gauche,2002,présidentielle
35,283,Saint-Jean-sur-Vilaine,639,491,124,515,24,7,26,Droite,2002,présidentielle
35,283,Saint-Jean-sur-Vilaine,639,491,124,515,24,8,38,Écologie,2002,présidentielle
35,283,Saint-Jean-sur-Vilaine,639,491,124,515,24,9,60,Gauche,2002,présidentielle
35,283,Saint-Jean-sur-Vilaine,639,491,124,515,24,10,13,Droite,2002,présidentielle
35,283,Saint-Jean-sur-Vilaine,639,491,124,515,24,11,7,Gauche,2002,présidentielle
35,283,Saint-Jean-sur-Vilaine,639,491,124,515,24,12,15,Gauche,2002,présidentielle
35,283,Saint-Jean-sur-Vilaine,639,491,124,515,24,13,24,Droite,2002,présidentielle
35,283,Saint-Jean-sur-Vilaine,639,491,124,515,24,14,36,Extrême Gauche,2002,présidentielle
35,283,Saint-Jean-sur-Vilaine,639,491,124,515,24,15,28,Extrême Gauche,2002,présidentielle
35,284,Saint-Jouan-des-Guérets,1917,1369,499,1418,49,0,15,Extrême Droite,2002,présidentielle
35,284,Saint-Jouan-des-Guérets,1917,1369,499,1418,49,1,30,Centre,2002,présidentielle
35,284,Saint-Jouan-des-Guérets,1917,1369,499,1418,49,2,8,Extrême Gauche,2002,présidentielle
35,284,Saint-Jouan-des-Guérets,1917,1369,499,1418,49,3,72,Centre,2002,présidentielle
35,284,Saint-Jouan-des-Guérets,1917,1369,499,1418,49,4,303,Droite,2002,présidentielle
35,284,Saint-Jouan-des-Guérets,1917,1369,499,1418,49,5,185,Extrême Droite,2002,présidentielle
35,284,Saint-Jouan-des-Guérets,1917,1369,499,1418,49,6,38,Gauche,2002,présidentielle
35,284,Saint-Jouan-des-Guérets,1917,1369,499,1418,49,7,75,Droite,2002,présidentielle
35,284,Saint-Jouan-des-Guérets,1917,1369,499,1418,49,8,85,Écologie,2002,présidentielle
35,284,Saint-Jouan-des-Guérets,1917,1369,499,1418,49,9,203,Gauche,2002,présidentielle
35,284,Saint-Jouan-des-Guérets,1917,1369,499,1418,49,10,22,Droite,2002,présidentielle
35,284,Saint-Jouan-des-Guérets,1917,1369,499,1418,49,11,25,Gauche,2002,présidentielle
35,284,Saint-Jouan-des-Guérets,1917,1369,499,1418,49,12,62,Gauche,2002,présidentielle
35,284,Saint-Jouan-des-Guérets,1917,1369,499,1418,49,13,52,Droite,2002,présidentielle
35,284,Saint-Jouan-des-Guérets,1917,1369,499,1418,49,14,110,Extrême Gauche,2002,présidentielle
35,284,Saint-Jouan-des-Guérets,1917,1369,499,1418,49,15,84,Extrême Gauche,2002,présidentielle
35,285,Saint-Just,845,601,229,616,15,0,8,Extrême Droite,2002,présidentielle
35,285,Saint-Just,845,601,229,616,15,1,6,Centre,2002,présidentielle
35,285,Saint-Just,845,601,229,616,15,2,7,Extrême Gauche,2002,présidentielle
35,285,Saint-Just,845,601,229,616,15,3,33,Centre,2002,présidentielle
35,285,Saint-Just,845,601,229,616,15,4,121,Droite,2002,présidentielle
35,285,Saint-Just,845,601,229,616,15,5,85,Extrême Droite,2002,présidentielle
35,285,Saint-Just,845,601,229,616,15,6,10,Gauche,2002,présidentielle
35,285,Saint-Just,845,601,229,616,15,7,50,Droite,2002,présidentielle
35,285,Saint-Just,845,601,229,616,15,8,34,Écologie,2002,présidentielle
35,285,Saint-Just,845,601,229,616,15,9,82,Gauche,2002,présidentielle
35,285,Saint-Just,845,601,229,616,15,10,6,Droite,2002,présidentielle
35,285,Saint-Just,845,601,229,616,15,11,4,Gauche,2002,présidentielle
35,285,Saint-Just,845,601,229,616,15,12,17,Gauche,2002,présidentielle
35,285,Saint-Just,845,601,229,616,15,13,60,Droite,2002,présidentielle
35,285,Saint-Just,845,601,229,616,15,14,45,Extrême Gauche,2002,présidentielle
35,285,Saint-Just,845,601,229,616,15,15,33,Extrême Gauche,2002,présidentielle
35,286,Saint-Léger-des-Prés,199,153,41,158,5,0,0,Extrême Droite,2002,présidentielle
35,286,Saint-Léger-des-Prés,199,153,41,158,5,1,3,Centre,2002,présidentielle
35,286,Saint-Léger-des-Prés,199,153,41,158,5,2,0,Extrême Gauche,2002,présidentielle
35,286,Saint-Léger-des-Prés,199,153,41,158,5,3,9,Centre,2002,présidentielle
35,286,Saint-Léger-des-Prés,199,153,41,158,5,4,33,Droite,2002,présidentielle
35,286,Saint-Léger-des-Prés,199,153,41,158,5,5,9,Extrême Droite,2002,présidentielle
35,286,Saint-Léger-des-Prés,199,153,41,158,5,6,6,Gauche,2002,présidentielle
35,286,Saint-Léger-des-Prés,199,153,41,158,5,7,8,Droite,2002,présidentielle
35,286,Saint-Léger-des-Prés,199,153,41,158,5,8,9,Écologie,2002,présidentielle
35,286,Saint-Léger-des-Prés,199,153,41,158,5,9,35,Gauche,2002,présidentielle
35,286,Saint-Léger-des-Prés,199,153,41,158,5,10,2,Droite,2002,présidentielle
35,286,Saint-Léger-des-Prés,199,153,41,158,5,11,4,Gauche,2002,présidentielle
35,286,Saint-Léger-des-Prés,199,153,41,158,5,12,9,Gauche,2002,présidentielle
35,286,Saint-Léger-des-Prés,199,153,41,158,5,13,9,Droite,2002,présidentielle
35,286,Saint-Léger-des-Prés,199,153,41,158,5,14,7,Extrême Gauche,2002,présidentielle
35,286,Saint-Léger-des-Prés,199,153,41,158,5,15,10,Extrême Gauche,2002,présidentielle
35,287,Saint-Lunaire,1883,1424,432,1451,27,0,24,Extrême Droite,2002,présidentielle
35,287,Saint-Lunaire,1883,1424,432,1451,27,1,47,Centre,2002,présidentielle
35,287,Saint-Lunaire,1883,1424,432,1451,27,2,1,Extrême Gauche,2002,présidentielle
35,287,Saint-Lunaire,1883,1424,432,1451,27,3,102,Centre,2002,présidentielle
35,287,Saint-Lunaire,1883,1424,432,1451,27,4,310,Droite,2002,présidentielle
35,287,Saint-Lunaire,1883,1424,432,1451,27,5,194,Extrême Droite,2002,présidentielle
35,287,Saint-Lunaire,1883,1424,432,1451,27,6,36,Gauche,2002,présidentielle
35,287,Saint-Lunaire,1883,1424,432,1451,27,7,47,Droite,2002,présidentielle
35,287,Saint-Lunaire,1883,1424,432,1451,27,8,64,Écologie,2002,présidentielle
35,287,Saint-Lunaire,1883,1424,432,1451,27,9,186,Gauche,2002,présidentielle
35,287,Saint-Lunaire,1883,1424,432,1451,27,10,29,Droite,2002,présidentielle
35,287,Saint-Lunaire,1883,1424,432,1451,27,11,28,Gauche,2002,présidentielle
35,287,Saint-Lunaire,1883,1424,432,1451,27,12,92,Gauche,2002,présidentielle
35,287,Saint-Lunaire,1883,1424,432,1451,27,13,86,Droite,2002,présidentielle
35,287,Saint-Lunaire,1883,1424,432,1451,27,14,92,Extrême Gauche,2002,présidentielle
35,287,Saint-Lunaire,1883,1424,432,1451,27,15,86,Extrême Gauche,2002,présidentielle
35,288,Saint-Malo,36415,25111,10551,25864,753,0,298,Extrême Droite,2002,présidentielle
35,288,Saint-Malo,36415,25111,10551,25864,753,1,595,Centre,2002,présidentielle
35,288,Saint-Malo,36415,25111,10551,25864,753,2,154,Extrême Gauche,2002,présidentielle
35,288,Saint-Malo,36415,25111,10551,25864,753,3,1961,Centre,2002,présidentielle
35,288,Saint-Malo,36415,25111,10551,25864,753,4,6128,Droite,2002,présidentielle
35,288,Saint-Malo,36415,25111,10551,25864,753,5,2906,Extrême Droite,2002,présidentielle
35,288,Saint-Malo,36415,25111,10551,25864,753,6,496,Gauche,2002,présidentielle
35,288,Saint-Malo,36415,25111,10551,25864,753,7,540,Droite,2002,présidentielle
35,288,Saint-Malo,36415,25111,10551,25864,753,8,1564,Écologie,2002,présidentielle
35,288,Saint-Malo,36415,25111,10551,25864,753,9,4448,Gauche,2002,présidentielle
35,288,Saint-Malo,36415,25111,10551,25864,753,10,333,Droite,2002,présidentielle
35,288,Saint-Malo,36415,25111,10551,25864,753,11,490,Gauche,2002,présidentielle
35,288,Saint-Malo,36415,25111,10551,25864,753,12,1311,Gauche,2002,présidentielle
35,288,Saint-Malo,36415,25111,10551,25864,753,13,1123,Droite,2002,présidentielle
35,288,Saint-Malo,36415,25111,10551,25864,753,14,1603,Extrême Gauche,2002,présidentielle
35,288,Saint-Malo,36415,25111,10551,25864,753,15,1161,Extrême Gauche,2002,présidentielle
35,289,Saint-Malo-de-Phily,521,402,103,418,16,0,7,Extrême Droite,2002,présidentielle
35,289,Saint-Malo-de-Phily,521,402,103,418,16,1,9,Centre,2002,présidentielle
35,289,Saint-Malo-de-Phily,521,402,103,418,16,2,3,Extrême Gauche,2002,présidentielle
35,289,Saint-Malo-de-Phily,521,402,103,418,16,3,26,Centre,2002,présidentielle
35,289,Saint-Malo-de-Phily,521,402,103,418,16,4,94,Droite,2002,présidentielle
35,289,Saint-Malo-de-Phily,521,402,103,418,16,5,42,Extrême Droite,2002,présidentielle
35,289,Saint-Malo-de-Phily,521,402,103,418,16,6,6,Gauche,2002,présidentielle
35,289,Saint-Malo-de-Phily,521,402,103,418,16,7,22,Droite,2002,présidentielle
35,289,Saint-Malo-de-Phily,521,402,103,418,16,8,15,Écologie,2002,présidentielle
35,289,Saint-Malo-de-Phily,521,402,103,418,16,9,56,Gauche,2002,présidentielle
35,289,Saint-Malo-de-Phily,521,402,103,418,16,10,7,Droite,2002,présidentielle
35,289,Saint-Malo-de-Phily,521,402,103,418,16,11,10,Gauche,2002,présidentielle
35,289,Saint-Malo-de-Phily,521,402,103,418,16,12,12,Gauche,2002,présidentielle
35,289,Saint-Malo-de-Phily,521,402,103,418,16,13,36,Droite,2002,présidentielle
35,289,Saint-Malo-de-Phily,521,402,103,418,16,14,32,Extrême Gauche,2002,présidentielle
35,289,Saint-Malo-de-Phily,521,402,103,418,16,15,25,Extrême Gauche,2002,présidentielle
35,290,Saint-Malon-sur-Mel,373,275,92,281,6,0,0,Extrême Droite,2002,présidentielle
35,290,Saint-Malon-sur-Mel,373,275,92,281,6,1,10,Centre,2002,présidentielle
35,290,Saint-Malon-sur-Mel,373,275,92,281,6,2,2,Extrême Gauche,2002,présidentielle
35,290,Saint-Malon-sur-Mel,373,275,92,281,6,3,17,Centre,2002,présidentielle
35,290,Saint-Malon-sur-Mel,373,275,92,281,6,4,56,Droite,2002,présidentielle
35,290,Saint-Malon-sur-Mel,373,275,92,281,6,5,54,Extrême Droite,2002,présidentielle
35,290,Saint-Malon-sur-Mel,373,275,92,281,6,6,4,Gauche,2002,présidentielle
35,290,Saint-Malon-sur-Mel,373,275,92,281,6,7,19,Droite,2002,présidentielle
35,290,Saint-Malon-sur-Mel,373,275,92,281,6,8,8,Écologie,2002,présidentielle
35,290,Saint-Malon-sur-Mel,373,275,92,281,6,9,46,Gauche,2002,présidentielle
35,290,Saint-Malon-sur-Mel,373,275,92,281,6,10,7,Droite,2002,présidentielle
35,290,Saint-Malon-sur-Mel,373,275,92,281,6,11,1,Gauche,2002,présidentielle
35,290,Saint-Malon-sur-Mel,373,275,92,281,6,12,11,Gauche,2002,présidentielle
35,290,Saint-Malon-sur-Mel,373,275,92,281,6,13,8,Droite,2002,présidentielle
35,290,Saint-Malon-sur-Mel,373,275,92,281,6,14,22,Extrême Gauche,2002,présidentielle
35,290,Saint-Malon-sur-Mel,373,275,92,281,6,15,10,Extrême Gauche,2002,présidentielle
35,291,Saint-Marcan,334,254,75,259,5,0,7,Extrême Droite,2002,présidentielle
35,291,Saint-Marcan,334,254,75,259,5,1,3,Centre,2002,présidentielle
35,291,Saint-Marcan,334,254,75,259,5,2,4,Extrême Gauche,2002,présidentielle
35,291,Saint-Marcan,334,254,75,259,5,3,20,Centre,2002,présidentielle
35,291,Saint-Marcan,334,254,75,259,5,4,66,Droite,2002,présidentielle
35,291,Saint-Marcan,334,254,75,259,5,5,36,Extrême Droite,2002,présidentielle
35,291,Saint-Marcan,334,254,75,259,5,6,5,Gauche,2002,présidentielle
35,291,Saint-Marcan,334,254,75,259,5,7,26,Droite,2002,présidentielle
35,291,Saint-Marcan,334,254,75,259,5,8,3,Écologie,2002,présidentielle
35,291,Saint-Marcan,334,254,75,259,5,9,40,Gauche,2002,présidentielle
35,291,Saint-Marcan,334,254,75,259,5,10,2,Droite,2002,présidentielle
35,291,Saint-Marcan,334,254,75,259,5,11,7,Gauche,2002,présidentielle
35,291,Saint-Marcan,334,254,75,259,5,12,0,Gauche,2002,présidentielle
35,291,Saint-Marcan,334,254,75,259,5,13,11,Droite,2002,présidentielle
35,291,Saint-Marcan,334,254,75,259,5,14,17,Extrême Gauche,2002,présidentielle
35,291,Saint-Marcan,334,254,75,259,5,15,7,Extrême Gauche,2002,présidentielle
35,292,Saint-Marc-le-Blanc,894,690,176,718,28,0,7,Extrême Droite,2002,présidentielle
35,292,Saint-Marc-le-Blanc,894,690,176,718,28,1,10,Centre,2002,présidentielle
35,292,Saint-Marc-le-Blanc,894,690,176,718,28,2,4,Extrême Gauche,2002,présidentielle
35,292,Saint-Marc-le-Blanc,894,690,176,718,28,3,38,Centre,2002,présidentielle
35,292,Saint-Marc-le-Blanc,894,690,176,718,28,4,169,Droite,2002,présidentielle
35,292,Saint-Marc-le-Blanc,894,690,176,718,28,5,77,Extrême Droite,2002,présidentielle
35,292,Saint-Marc-le-Blanc,894,690,176,718,28,6,10,Gauche,2002,présidentielle
35,292,Saint-Marc-le-Blanc,894,690,176,718,28,7,45,Droite,2002,présidentielle
35,292,Saint-Marc-le-Blanc,894,690,176,718,28,8,21,Écologie,2002,présidentielle
35,292,Saint-Marc-le-Blanc,894,690,176,718,28,9,126,Gauche,2002,présidentielle
35,292,Saint-Marc-le-Blanc,894,690,176,718,28,10,10,Droite,2002,présidentielle
35,292,Saint-Marc-le-Blanc,894,690,176,718,28,11,32,Gauche,2002,présidentielle
35,292,Saint-Marc-le-Blanc,894,690,176,718,28,12,19,Gauche,2002,présidentielle
35,292,Saint-Marc-le-Blanc,894,690,176,718,28,13,35,Droite,2002,présidentielle
35,292,Saint-Marc-le-Blanc,894,690,176,718,28,14,54,Extrême Gauche,2002,présidentielle
35,292,Saint-Marc-le-Blanc,894,690,176,718,28,15,33,Extrême Gauche,2002,présidentielle
35,293,Saint-Marc-sur-Couesnon,353,273,69,284,11,0,2,Extrême Droite,2002,présidentielle
35,293,Saint-Marc-sur-Couesnon,353,273,69,284,11,1,10,Centre,2002,présidentielle
35,293,Saint-Marc-sur-Couesnon,353,273,69,284,11,2,1,Extrême Gauche,2002,présidentielle
35,293,Saint-Marc-sur-Couesnon,353,273,69,284,11,3,22,Centre,2002,présidentielle
35,293,Saint-Marc-sur-Couesnon,353,273,69,284,11,4,74,Droite,2002,présidentielle
35,293,Saint-Marc-sur-Couesnon,353,273,69,284,11,5,43,Extrême Droite,2002,présidentielle
35,293,Saint-Marc-sur-Couesnon,353,273,69,284,11,6,12,Gauche,2002,présidentielle
35,293,Saint-Marc-sur-Couesnon,353,273,69,284,11,7,22,Droite,2002,présidentielle
35,293,Saint-Marc-sur-Couesnon,353,273,69,284,11,8,14,Écologie,2002,présidentielle
35,293,Saint-Marc-sur-Couesnon,353,273,69,284,11,9,32,Gauche,2002,présidentielle
35,293,Saint-Marc-sur-Couesnon,353,273,69,284,11,10,3,Droite,2002,présidentielle
35,293,Saint-Marc-sur-Couesnon,353,273,69,284,11,11,3,Gauche,2002,présidentielle
35,293,Saint-Marc-sur-Couesnon,353,273,69,284,11,12,5,Gauche,2002,présidentielle
35,293,Saint-Marc-sur-Couesnon,353,273,69,284,11,13,6,Droite,2002,présidentielle
35,293,Saint-Marc-sur-Couesnon,353,273,69,284,11,14,12,Extrême Gauche,2002,présidentielle
35,293,Saint-Marc-sur-Couesnon,353,273,69,284,11,15,12,Extrême Gauche,2002,présidentielle
35,294,Sainte-Marie,1451,1044,381,1070,26,0,14,Extrême Droite,2002,présidentielle
35,294,Sainte-Marie,1451,1044,381,1070,26,1,12,Centre,2002,présidentielle
35,294,Sainte-Marie,1451,1044,381,1070,26,2,7,Extrême Gauche,2002,présidentielle
35,294,Sainte-Marie,1451,1044,381,1070,26,3,48,Centre,2002,présidentielle
35,294,Sainte-Marie,1451,1044,381,1070,26,4,171,Droite,2002,présidentielle
35,294,Sainte-Marie,1451,1044,381,1070,26,5,141,Extrême Droite,2002,présidentielle
35,294,Sainte-Marie,1451,1044,381,1070,26,6,14,Gauche,2002,présidentielle
35,294,Sainte-Marie,1451,1044,381,1070,26,7,72,Droite,2002,présidentielle
35,294,Sainte-Marie,1451,1044,381,1070,26,8,64,Écologie,2002,présidentielle
35,294,Sainte-Marie,1451,1044,381,1070,26,9,193,Gauche,2002,présidentielle
35,294,Sainte-Marie,1451,1044,381,1070,26,10,10,Droite,2002,présidentielle
35,294,Sainte-Marie,1451,1044,381,1070,26,11,22,Gauche,2002,présidentielle
35,294,Sainte-Marie,1451,1044,381,1070,26,12,28,Gauche,2002,présidentielle
35,294,Sainte-Marie,1451,1044,381,1070,26,13,120,Droite,2002,présidentielle
35,294,Sainte-Marie,1451,1044,381,1070,26,14,67,Extrême Gauche,2002,présidentielle
35,294,Sainte-Marie,1451,1044,381,1070,26,15,61,Extrême Gauche,2002,présidentielle
35,295,Saint-Maugan,284,210,56,228,18,0,3,Extrême Droite,2002,présidentielle
35,295,Saint-Maugan,284,210,56,228,18,1,7,Centre,2002,présidentielle
35,295,Saint-Maugan,284,210,56,228,18,2,1,Extrême Gauche,2002,présidentielle
35,295,Saint-Maugan,284,210,56,228,18,3,15,Centre,2002,présidentielle
35,295,Saint-Maugan,284,210,56,228,18,4,49,Droite,2002,présidentielle
35,295,Saint-Maugan,284,210,56,228,18,5,25,Extrême Droite,2002,présidentielle
35,295,Saint-Maugan,284,210,56,228,18,6,9,Gauche,2002,présidentielle
35,295,Saint-Maugan,284,210,56,228,18,7,12,Droite,2002,présidentielle
35,295,Saint-Maugan,284,210,56,228,18,8,10,Écologie,2002,présidentielle
35,295,Saint-Maugan,284,210,56,228,18,9,29,Gauche,2002,présidentielle
35,295,Saint-Maugan,284,210,56,228,18,10,3,Droite,2002,présidentielle
35,295,Saint-Maugan,284,210,56,228,18,11,6,Gauche,2002,présidentielle
35,295,Saint-Maugan,284,210,56,228,18,12,7,Gauche,2002,présidentielle
35,295,Saint-Maugan,284,210,56,228,18,13,11,Droite,2002,présidentielle
35,295,Saint-Maugan,284,210,56,228,18,14,13,Extrême Gauche,2002,présidentielle
35,295,Saint-Maugan,284,210,56,228,18,15,10,Extrême Gauche,2002,présidentielle
35,296,Saint-Médard-sur-Ille,865,642,195,670,28,0,5,Extrême Droite,2002,présidentielle
35,296,Saint-Médard-sur-Ille,865,642,195,670,28,1,18,Centre,2002,présidentielle
35,296,Saint-Médard-sur-Ille,865,642,195,670,28,2,4,Extrême Gauche,2002,présidentielle
35,296,Saint-Médard-sur-Ille,865,642,195,670,28,3,41,Centre,2002,présidentielle
35,296,Saint-Médard-sur-Ille,865,642,195,670,28,4,78,Droite,2002,présidentielle
35,296,Saint-Médard-sur-Ille,865,642,195,670,28,5,64,Extrême Droite,2002,présidentielle
35,296,Saint-Médard-sur-Ille,865,642,195,670,28,6,27,Gauche,2002,présidentielle
35,296,Saint-Médard-sur-Ille,865,642,195,670,28,7,24,Droite,2002,présidentielle
35,296,Saint-Médard-sur-Ille,865,642,195,670,28,8,57,Écologie,2002,présidentielle
35,296,Saint-Médard-sur-Ille,865,642,195,670,28,9,133,Gauche,2002,présidentielle
35,296,Saint-Médard-sur-Ille,865,642,195,670,28,10,6,Droite,2002,présidentielle
35,296,Saint-Médard-sur-Ille,865,642,195,670,28,11,24,Gauche,2002,présidentielle
35,296,Saint-Médard-sur-Ille,865,642,195,670,28,12,23,Gauche,2002,présidentielle
35,296,Saint-Médard-sur-Ille,865,642,195,670,28,13,26,Droite,2002,présidentielle
35,296,Saint-Médard-sur-Ille,865,642,195,670,28,14,62,Extrême Gauche,2002,présidentielle
35,296,Saint-Médard-sur-Ille,865,642,195,670,28,15,50,Extrême Gauche,2002,présidentielle
35,297,Saint-Méen-le-Grand,2568,1881,635,1933,52,0,17,Extrême Droite,2002,présidentielle
35,297,Saint-Méen-le-Grand,2568,1881,635,1933,52,1,29,Centre,2002,présidentielle
35,297,Saint-Méen-le-Grand,2568,1881,635,1933,52,2,9,Extrême Gauche,2002,présidentielle
35,297,Saint-Méen-le-Grand,2568,1881,635,1933,52,3,139,Centre,2002,présidentielle
35,297,Saint-Méen-le-Grand,2568,1881,635,1933,52,4,578,Droite,2002,présidentielle
35,297,Saint-Méen-le-Grand,2568,1881,635,1933,52,5,232,Extrême Droite,2002,présidentielle
35,297,Saint-Méen-le-Grand,2568,1881,635,1933,52,6,24,Gauche,2002,présidentielle
35,297,Saint-Méen-le-Grand,2568,1881,635,1933,52,7,65,Droite,2002,présidentielle
35,297,Saint-Méen-le-Grand,2568,1881,635,1933,52,8,74,Écologie,2002,présidentielle
35,297,Saint-Méen-le-Grand,2568,1881,635,1933,52,9,300,Gauche,2002,présidentielle
35,297,Saint-Méen-le-Grand,2568,1881,635,1933,52,10,23,Droite,2002,présidentielle
35,297,Saint-Méen-le-Grand,2568,1881,635,1933,52,11,37,Gauche,2002,présidentielle
35,297,Saint-Méen-le-Grand,2568,1881,635,1933,52,12,70,Gauche,2002,présidentielle
35,297,Saint-Méen-le-Grand,2568,1881,635,1933,52,13,105,Droite,2002,présidentielle
35,297,Saint-Méen-le-Grand,2568,1881,635,1933,52,14,116,Extrême Gauche,2002,présidentielle
35,297,Saint-Méen-le-Grand,2568,1881,635,1933,52,15,63,Extrême Gauche,2002,présidentielle
35,299,Saint-Méloir-des-Ondes,2350,1669,624,1726,57,0,19,Extrême Droite,2002,présidentielle
35,299,Saint-Méloir-des-Ondes,2350,1669,624,1726,57,1,36,Centre,2002,présidentielle
35,299,Saint-Méloir-des-Ondes,2350,1669,624,1726,57,2,7,Extrême Gauche,2002,présidentielle
35,299,Saint-Méloir-des-Ondes,2350,1669,624,1726,57,3,115,Centre,2002,présidentielle
35,299,Saint-Méloir-des-Ondes,2350,1669,624,1726,57,4,320,Droite,2002,présidentielle
35,299,Saint-Méloir-des-Ondes,2350,1669,624,1726,57,5,219,Extrême Droite,2002,présidentielle
35,299,Saint-Méloir-des-Ondes,2350,1669,624,1726,57,6,31,Gauche,2002,présidentielle
35,299,Saint-Méloir-des-Ondes,2350,1669,624,1726,57,7,182,Droite,2002,présidentielle
35,299,Saint-Méloir-des-Ondes,2350,1669,624,1726,57,8,80,Écologie,2002,présidentielle
35,299,Saint-Méloir-des-Ondes,2350,1669,624,1726,57,9,237,Gauche,2002,présidentielle
35,299,Saint-Méloir-des-Ondes,2350,1669,624,1726,57,10,23,Droite,2002,présidentielle
35,299,Saint-Méloir-des-Ondes,2350,1669,624,1726,57,11,28,Gauche,2002,présidentielle
35,299,Saint-Méloir-des-Ondes,2350,1669,624,1726,57,12,64,Gauche,2002,présidentielle
35,299,Saint-Méloir-des-Ondes,2350,1669,624,1726,57,13,105,Droite,2002,présidentielle
35,299,Saint-Méloir-des-Ondes,2350,1669,624,1726,57,14,111,Extrême Gauche,2002,présidentielle
35,299,Saint-Méloir-des-Ondes,2350,1669,624,1726,57,15,92,Extrême Gauche,2002,présidentielle
35,300,Saint-M'Hervé,925,656,219,706,50,0,5,Extrême Droite,2002,présidentielle
35,300,Saint-M'Hervé,925,656,219,706,50,1,19,Centre,2002,présidentielle
35,300,Saint-M'Hervé,925,656,219,706,50,2,5,Extrême Gauche,2002,présidentielle
35,300,Saint-M'Hervé,925,656,219,706,50,3,68,Centre,2002,présidentielle
35,300,Saint-M'Hervé,925,656,219,706,50,4,177,Droite,2002,présidentielle
35,300,Saint-M'Hervé,925,656,219,706,50,5,91,Extrême Droite,2002,présidentielle
35,300,Saint-M'Hervé,925,656,219,706,50,6,16,Gauche,2002,présidentielle
35,300,Saint-M'Hervé,925,656,219,706,50,7,48,Droite,2002,présidentielle
35,300,Saint-M'Hervé,925,656,219,706,50,8,23,Écologie,2002,présidentielle
35,300,Saint-M'Hervé,925,656,219,706,50,9,65,Gauche,2002,présidentielle
35,300,Saint-M'Hervé,925,656,219,706,50,10,16,Droite,2002,présidentielle
35,300,Saint-M'Hervé,925,656,219,706,50,11,9,Gauche,2002,présidentielle
35,300,Saint-M'Hervé,925,656,219,706,50,12,13,Gauche,2002,présidentielle
35,300,Saint-M'Hervé,925,656,219,706,50,13,38,Droite,2002,présidentielle
35,300,Saint-M'Hervé,925,656,219,706,50,14,41,Extrême Gauche,2002,présidentielle
35,300,Saint-M'Hervé,925,656,219,706,50,15,22,Extrême Gauche,2002,présidentielle
35,301,Saint-M'Hervon,240,185,49,191,6,0,6,Extrême Droite,2002,présidentielle
35,301,Saint-M'Hervon,240,185,49,191,6,1,4,Centre,2002,présidentielle
35,301,Saint-M'Hervon,240,185,49,191,6,2,1,Extrême Gauche,2002,présidentielle
35,301,Saint-M'Hervon,240,185,49,191,6,3,15,Centre,2002,présidentielle
35,301,Saint-M'Hervon,240,185,49,191,6,4,30,Droite,2002,présidentielle
35,301,Saint-M'Hervon,240,185,49,191,6,5,31,Extrême Droite,2002,présidentielle
35,301,Saint-M'Hervon,240,185,49,191,6,6,5,Gauche,2002,présidentielle
35,301,Saint-M'Hervon,240,185,49,191,6,7,5,Droite,2002,présidentielle
35,301,Saint-M'Hervon,240,185,49,191,6,8,5,Écologie,2002,présidentielle
35,301,Saint-M'Hervon,240,185,49,191,6,9,27,Gauche,2002,présidentielle
35,301,Saint-M'Hervon,240,185,49,191,6,10,1,Droite,2002,présidentielle
35,301,Saint-M'Hervon,240,185,49,191,6,11,4,Gauche,2002,présidentielle
35,301,Saint-M'Hervon,240,185,49,191,6,12,4,Gauche,2002,présidentielle
35,301,Saint-M'Hervon,240,185,49,191,6,13,8,Droite,2002,présidentielle
35,301,Saint-M'Hervon,240,185,49,191,6,14,15,Extrême Gauche,2002,présidentielle
35,301,Saint-M'Hervon,240,185,49,191,6,15,24,Extrême Gauche,2002,présidentielle
35,302,Saint-Onen-la-Chapelle,690,501,156,534,33,0,12,Extrême Droite,2002,présidentielle
35,302,Saint-Onen-la-Chapelle,690,501,156,534,33,1,9,Centre,2002,présidentielle
35,302,Saint-Onen-la-Chapelle,690,501,156,534,33,2,2,Extrême Gauche,2002,présidentielle
35,302,Saint-Onen-la-Chapelle,690,501,156,534,33,3,29,Centre,2002,présidentielle
35,302,Saint-Onen-la-Chapelle,690,501,156,534,33,4,126,Droite,2002,présidentielle
35,302,Saint-Onen-la-Chapelle,690,501,156,534,33,5,84,Extrême Droite,2002,présidentielle
35,302,Saint-Onen-la-Chapelle,690,501,156,534,33,6,11,Gauche,2002,présidentielle
35,302,Saint-Onen-la-Chapelle,690,501,156,534,33,7,33,Droite,2002,présidentielle
35,302,Saint-Onen-la-Chapelle,690,501,156,534,33,8,14,Écologie,2002,présidentielle
35,302,Saint-Onen-la-Chapelle,690,501,156,534,33,9,69,Gauche,2002,présidentielle
35,302,Saint-Onen-la-Chapelle,690,501,156,534,33,10,4,Droite,2002,présidentielle
35,302,Saint-Onen-la-Chapelle,690,501,156,534,33,11,6,Gauche,2002,présidentielle
35,302,Saint-Onen-la-Chapelle,690,501,156,534,33,12,10,Gauche,2002,présidentielle
35,302,Saint-Onen-la-Chapelle,690,501,156,534,33,13,36,Droite,2002,présidentielle
35,302,Saint-Onen-la-Chapelle,690,501,156,534,33,14,38,Extrême Gauche,2002,présidentielle
35,302,Saint-Onen-la-Chapelle,690,501,156,534,33,15,18,Extrême Gauche,2002,présidentielle
35,303,Saint-Ouen-la-Rouërie,618,455,147,471,16,0,2,Extrême Droite,2002,présidentielle
35,303,Saint-Ouen-la-Rouërie,618,455,147,471,16,1,6,Centre,2002,présidentielle
35,303,Saint-Ouen-la-Rouërie,618,455,147,471,16,2,0,Extrême Gauche,2002,présidentielle
35,303,Saint-Ouen-la-Rouërie,618,455,147,471,16,3,27,Centre,2002,présidentielle
35,303,Saint-Ouen-la-Rouërie,618,455,147,471,16,4,140,Droite,2002,présidentielle
35,303,Saint-Ouen-la-Rouërie,618,455,147,471,16,5,31,Extrême Droite,2002,présidentielle
35,303,Saint-Ouen-la-Rouërie,618,455,147,471,16,6,5,Gauche,2002,présidentielle
35,303,Saint-Ouen-la-Rouërie,618,455,147,471,16,7,42,Droite,2002,présidentielle
35,303,Saint-Ouen-la-Rouërie,618,455,147,471,16,8,25,Écologie,2002,présidentielle
35,303,Saint-Ouen-la-Rouërie,618,455,147,471,16,9,66,Gauche,2002,présidentielle
35,303,Saint-Ouen-la-Rouërie,618,455,147,471,16,10,11,Droite,2002,présidentielle
35,303,Saint-Ouen-la-Rouërie,618,455,147,471,16,11,12,Gauche,2002,présidentielle
35,303,Saint-Ouen-la-Rouërie,618,455,147,471,16,12,6,Gauche,2002,présidentielle
35,303,Saint-Ouen-la-Rouërie,618,455,147,471,16,13,33,Droite,2002,présidentielle
35,303,Saint-Ouen-la-Rouërie,618,455,147,471,16,14,37,Extrême Gauche,2002,présidentielle
35,303,Saint-Ouen-la-Rouërie,618,455,147,471,16,15,12,Extrême Gauche,2002,présidentielle
35,304,Saint-Ouen-des-Alleux,780,565,202,578,13,0,16,Extrême Droite,2002,présidentielle
35,304,Saint-Ouen-des-Alleux,780,565,202,578,13,1,6,Centre,2002,présidentielle
35,304,Saint-Ouen-des-Alleux,780,565,202,578,13,2,3,Extrême Gauche,2002,présidentielle
35,304,Saint-Ouen-des-Alleux,780,565,202,578,13,3,26,Centre,2002,présidentielle
35,304,Saint-Ouen-des-Alleux,780,565,202,578,13,4,102,Droite,2002,présidentielle
35,304,Saint-Ouen-des-Alleux,780,565,202,578,13,5,73,Extrême Droite,2002,présidentielle
35,304,Saint-Ouen-des-Alleux,780,565,202,578,13,6,20,Gauche,2002,présidentielle
35,304,Saint-Ouen-des-Alleux,780,565,202,578,13,7,44,Droite,2002,présidentielle
35,304,Saint-Ouen-des-Alleux,780,565,202,578,13,8,31,Écologie,2002,présidentielle
35,304,Saint-Ouen-des-Alleux,780,565,202,578,13,9,118,Gauche,2002,présidentielle
35,304,Saint-Ouen-des-Alleux,780,565,202,578,13,10,5,Droite,2002,présidentielle
35,304,Saint-Ouen-des-Alleux,780,565,202,578,13,11,6,Gauche,2002,présidentielle
35,304,Saint-Ouen-des-Alleux,780,565,202,578,13,12,19,Gauche,2002,présidentielle
35,304,Saint-Ouen-des-Alleux,780,565,202,578,13,13,23,Droite,2002,présidentielle
35,304,Saint-Ouen-des-Alleux,780,565,202,578,13,14,46,Extrême Gauche,2002,présidentielle
35,304,Saint-Ouen-des-Alleux,780,565,202,578,13,15,27,Extrême Gauche,2002,présidentielle
35,305,Saint-Péran,186,136,43,143,7,0,1,Extrême Droite,2002,présidentielle
35,305,Saint-Péran,186,136,43,143,7,1,3,Centre,2002,présidentielle
35,305,Saint-Péran,186,136,43,143,7,2,0,Extrême Gauche,2002,présidentielle
35,305,Saint-Péran,186,136,43,143,7,3,9,Centre,2002,présidentielle
35,305,Saint-Péran,186,136,43,143,7,4,30,Droite,2002,présidentielle
35,305,Saint-Péran,186,136,43,143,7,5,18,Extrême Droite,2002,présidentielle
35,305,Saint-Péran,186,136,43,143,7,6,3,Gauche,2002,présidentielle
35,305,Saint-Péran,186,136,43,143,7,7,10,Droite,2002,présidentielle
35,305,Saint-Péran,186,136,43,143,7,8,18,Écologie,2002,présidentielle
35,305,Saint-Péran,186,136,43,143,7,9,14,Gauche,2002,présidentielle
35,305,Saint-Péran,186,136,43,143,7,10,0,Droite,2002,présidentielle
35,305,Saint-Péran,186,136,43,143,7,11,4,Gauche,2002,présidentielle
35,305,Saint-Péran,186,136,43,143,7,12,4,Gauche,2002,présidentielle
35,305,Saint-Péran,186,136,43,143,7,13,5,Droite,2002,présidentielle
35,305,Saint-Péran,186,136,43,143,7,14,4,Extrême Gauche,2002,présidentielle
35,305,Saint-Péran,186,136,43,143,7,15,13,Extrême Gauche,2002,présidentielle
35,306,Saint-Père,1358,996,328,1030,34,0,17,Extrême Droite,2002,présidentielle
35,306,Saint-Père,1358,996,328,1030,34,1,21,Centre,2002,présidentielle
35,306,Saint-Père,1358,996,328,1030,34,2,5,Extrême Gauche,2002,présidentielle
35,306,Saint-Père,1358,996,328,1030,34,3,92,Centre,2002,présidentielle
35,306,Saint-Père,1358,996,328,1030,34,4,191,Droite,2002,présidentielle
35,306,Saint-Père,1358,996,328,1030,34,5,144,Extrême Droite,2002,présidentielle
35,306,Saint-Père,1358,996,328,1030,34,6,15,Gauche,2002,présidentielle
35,306,Saint-Père,1358,996,328,1030,34,7,72,Droite,2002,présidentielle
35,306,Saint-Père,1358,996,328,1030,34,8,68,Écologie,2002,présidentielle
35,306,Saint-Père,1358,996,328,1030,34,9,136,Gauche,2002,présidentielle
35,306,Saint-Père,1358,996,328,1030,34,10,11,Droite,2002,présidentielle
35,306,Saint-Père,1358,996,328,1030,34,11,10,Gauche,2002,présidentielle
35,306,Saint-Père,1358,996,328,1030,34,12,28,Gauche,2002,présidentielle
35,306,Saint-Père,1358,996,328,1030,34,13,55,Droite,2002,présidentielle
35,306,Saint-Père,1358,996,328,1030,34,14,75,Extrême Gauche,2002,présidentielle
35,306,Saint-Père,1358,996,328,1030,34,15,56,Extrême Gauche,2002,présidentielle
35,307,Saint-Pern,581,478,93,488,10,0,4,Extrême Droite,2002,présidentielle
35,307,Saint-Pern,581,478,93,488,10,1,13,Centre,2002,présidentielle
35,307,Saint-Pern,581,478,93,488,10,2,2,Extrême Gauche,2002,présidentielle
35,307,Saint-Pern,581,478,93,488,10,3,37,Centre,2002,présidentielle
35,307,Saint-Pern,581,478,93,488,10,4,93,Droite,2002,présidentielle
35,307,Saint-Pern,581,478,93,488,10,5,56,Extrême Droite,2002,présidentielle
35,307,Saint-Pern,581,478,93,488,10,6,9,Gauche,2002,présidentielle
35,307,Saint-Pern,581,478,93,488,10,7,20,Droite,2002,présidentielle
35,307,Saint-Pern,581,478,93,488,10,8,23,Écologie,2002,présidentielle
35,307,Saint-Pern,581,478,93,488,10,9,94,Gauche,2002,présidentielle
35,307,Saint-Pern,581,478,93,488,10,10,39,Droite,2002,présidentielle
35,307,Saint-Pern,581,478,93,488,10,11,10,Gauche,2002,présidentielle
35,307,Saint-Pern,581,478,93,488,10,12,8,Gauche,2002,présidentielle
35,307,Saint-Pern,581,478,93,488,10,13,9,Droite,2002,présidentielle
35,307,Saint-Pern,581,478,93,488,10,14,26,Extrême Gauche,2002,présidentielle
35,307,Saint-Pern,581,478,93,488,10,15,35,Extrême Gauche,2002,présidentielle
35,308,Saint-Pierre-de-Plesguen,1562,1142,364,1198,56,0,14,Extrême Droite,2002,présidentielle
35,308,Saint-Pierre-de-Plesguen,1562,1142,364,1198,56,1,40,Centre,2002,présidentielle
35,308,Saint-Pierre-de-Plesguen,1562,1142,364,1198,56,2,8,Extrême Gauche,2002,présidentielle
35,308,Saint-Pierre-de-Plesguen,1562,1142,364,1198,56,3,72,Centre,2002,présidentielle
35,308,Saint-Pierre-de-Plesguen,1562,1142,364,1198,56,4,245,Droite,2002,présidentielle
35,308,Saint-Pierre-de-Plesguen,1562,1142,364,1198,56,5,123,Extrême Droite,2002,présidentielle
35,308,Saint-Pierre-de-Plesguen,1562,1142,364,1198,56,6,20,Gauche,2002,présidentielle
35,308,Saint-Pierre-de-Plesguen,1562,1142,364,1198,56,7,63,Droite,2002,présidentielle
35,308,Saint-Pierre-de-Plesguen,1562,1142,364,1198,56,8,67,Écologie,2002,présidentielle
35,308,Saint-Pierre-de-Plesguen,1562,1142,364,1198,56,9,232,Gauche,2002,présidentielle
35,308,Saint-Pierre-de-Plesguen,1562,1142,364,1198,56,10,12,Droite,2002,présidentielle
35,308,Saint-Pierre-de-Plesguen,1562,1142,364,1198,56,11,22,Gauche,2002,présidentielle
35,308,Saint-Pierre-de-Plesguen,1562,1142,364,1198,56,12,47,Gauche,2002,présidentielle
35,308,Saint-Pierre-de-Plesguen,1562,1142,364,1198,56,13,49,Droite,2002,présidentielle
35,308,Saint-Pierre-de-Plesguen,1562,1142,364,1198,56,14,71,Extrême Gauche,2002,présidentielle
35,308,Saint-Pierre-de-Plesguen,1562,1142,364,1198,56,15,57,Extrême Gauche,2002,présidentielle
35,309,Saint-Rémy-du-Plain,443,309,99,344,35,0,4,Extrême Droite,2002,présidentielle
35,309,Saint-Rémy-du-Plain,443,309,99,344,35,1,7,Centre,2002,présidentielle
35,309,Saint-Rémy-du-Plain,443,309,99,344,35,2,1,Extrême Gauche,2002,présidentielle
35,309,Saint-Rémy-du-Plain,443,309,99,344,35,3,14,Centre,2002,présidentielle
35,309,Saint-Rémy-du-Plain,443,309,99,344,35,4,61,Droite,2002,présidentielle
35,309,Saint-Rémy-du-Plain,443,309,99,344,35,5,48,Extrême Droite,2002,présidentielle
35,309,Saint-Rémy-du-Plain,443,309,99,344,35,6,4,Gauche,2002,présidentielle
35,309,Saint-Rémy-du-Plain,443,309,99,344,35,7,37,Droite,2002,présidentielle
35,309,Saint-Rémy-du-Plain,443,309,99,344,35,8,9,Écologie,2002,présidentielle
35,309,Saint-Rémy-du-Plain,443,309,99,344,35,9,46,Gauche,2002,présidentielle
35,309,Saint-Rémy-du-Plain,443,309,99,344,35,10,4,Droite,2002,présidentielle
35,309,Saint-Rémy-du-Plain,443,309,99,344,35,11,7,Gauche,2002,présidentielle
35,309,Saint-Rémy-du-Plain,443,309,99,344,35,12,10,Gauche,2002,présidentielle
35,309,Saint-Rémy-du-Plain,443,309,99,344,35,13,22,Droite,2002,présidentielle
35,309,Saint-Rémy-du-Plain,443,309,99,344,35,14,23,Extrême Gauche,2002,présidentielle
35,309,Saint-Rémy-du-Plain,443,309,99,344,35,15,12,Extrême Gauche,2002,présidentielle
35,310,Saint-Sauveur-des-Landes,750,549,183,567,18,0,6,Extrême Droite,2002,présidentielle
35,310,Saint-Sauveur-des-Landes,750,549,183,567,18,1,6,Centre,2002,présidentielle
35,310,Saint-Sauveur-des-Landes,750,549,183,567,18,2,0,Extrême Gauche,2002,présidentielle
35,310,Saint-Sauveur-des-Landes,750,549,183,567,18,3,56,Centre,2002,présidentielle
35,310,Saint-Sauveur-des-Landes,750,549,183,567,18,4,155,Droite,2002,présidentielle
35,310,Saint-Sauveur-des-Landes,750,549,183,567,18,5,64,Extrême Droite,2002,présidentielle
35,310,Saint-Sauveur-des-Landes,750,549,183,567,18,6,8,Gauche,2002,présidentielle
35,310,Saint-Sauveur-des-Landes,750,549,183,567,18,7,21,Droite,2002,présidentielle
35,310,Saint-Sauveur-des-Landes,750,549,183,567,18,8,30,Écologie,2002,présidentielle
35,310,Saint-Sauveur-des-Landes,750,549,183,567,18,9,78,Gauche,2002,présidentielle
35,310,Saint-Sauveur-des-Landes,750,549,183,567,18,10,10,Droite,2002,présidentielle
35,310,Saint-Sauveur-des-Landes,750,549,183,567,18,11,3,Gauche,2002,présidentielle
35,310,Saint-Sauveur-des-Landes,750,549,183,567,18,12,11,Gauche,2002,présidentielle
35,310,Saint-Sauveur-des-Landes,750,549,183,567,18,13,35,Droite,2002,présidentielle
35,310,Saint-Sauveur-des-Landes,750,549,183,567,18,14,36,Extrême Gauche,2002,présidentielle
35,310,Saint-Sauveur-des-Landes,750,549,183,567,18,15,30,Extrême Gauche,2002,présidentielle
35,311,Saint-Séglin,365,287,72,293,6,0,5,Extrême Droite,2002,présidentielle
35,311,Saint-Séglin,365,287,72,293,6,1,2,Centre,2002,présidentielle
35,311,Saint-Séglin,365,287,72,293,6,2,2,Extrême Gauche,2002,présidentielle
35,311,Saint-Séglin,365,287,72,293,6,3,16,Centre,2002,présidentielle
35,311,Saint-Séglin,365,287,72,293,6,4,85,Droite,2002,présidentielle
35,311,Saint-Séglin,365,287,72,293,6,5,40,Extrême Droite,2002,présidentielle
35,311,Saint-Séglin,365,287,72,293,6,6,4,Gauche,2002,présidentielle
35,311,Saint-Séglin,365,287,72,293,6,7,13,Droite,2002,présidentielle
35,311,Saint-Séglin,365,287,72,293,6,8,6,Écologie,2002,présidentielle
35,311,Saint-Séglin,365,287,72,293,6,9,35,Gauche,2002,présidentielle
35,311,Saint-Séglin,365,287,72,293,6,10,5,Droite,2002,présidentielle
35,311,Saint-Séglin,365,287,72,293,6,11,9,Gauche,2002,présidentielle
35,311,Saint-Séglin,365,287,72,293,6,12,5,Gauche,2002,présidentielle
35,311,Saint-Séglin,365,287,72,293,6,13,32,Droite,2002,présidentielle
35,311,Saint-Séglin,365,287,72,293,6,14,16,Extrême Gauche,2002,présidentielle
35,311,Saint-Séglin,365,287,72,293,6,15,12,Extrême Gauche,2002,présidentielle
35,312,Saint-Senoux,939,713,206,733,20,0,4,Extrême Droite,2002,présidentielle
35,312,Saint-Senoux,939,713,206,733,20,1,27,Centre,2002,présidentielle
35,312,Saint-Senoux,939,713,206,733,20,2,3,Extrême Gauche,2002,présidentielle
35,312,Saint-Senoux,939,713,206,733,20,3,28,Centre,2002,présidentielle
35,312,Saint-Senoux,939,713,206,733,20,4,119,Droite,2002,présidentielle
35,312,Saint-Senoux,939,713,206,733,20,5,83,Extrême Droite,2002,présidentielle
35,312,Saint-Senoux,939,713,206,733,20,6,27,Gauche,2002,présidentielle
35,312,Saint-Senoux,939,713,206,733,20,7,28,Droite,2002,présidentielle
35,312,Saint-Senoux,939,713,206,733,20,8,56,Écologie,2002,présidentielle
35,312,Saint-Senoux,939,713,206,733,20,9,122,Gauche,2002,présidentielle
35,312,Saint-Senoux,939,713,206,733,20,10,8,Droite,2002,présidentielle
35,312,Saint-Senoux,939,713,206,733,20,11,22,Gauche,2002,présidentielle
35,312,Saint-Senoux,939,713,206,733,20,12,28,Gauche,2002,présidentielle
35,312,Saint-Senoux,939,713,206,733,20,13,36,Droite,2002,présidentielle
35,312,Saint-Senoux,939,713,206,733,20,14,80,Extrême Gauche,2002,présidentielle
35,312,Saint-Senoux,939,713,206,733,20,15,42,Extrême Gauche,2002,présidentielle
35,314,Saint-Suliac,757,560,176,581,21,0,6,Extrême Droite,2002,présidentielle
35,314,Saint-Suliac,757,560,176,581,21,1,11,Centre,2002,présidentielle
35,314,Saint-Suliac,757,560,176,581,21,2,4,Extrême Gauche,2002,présidentielle
35,314,Saint-Suliac,757,560,176,581,21,3,54,Centre,2002,présidentielle
35,314,Saint-Suliac,757,560,176,581,21,4,113,Droite,2002,présidentielle
35,314,Saint-Suliac,757,560,176,581,21,5,44,Extrême Droite,2002,présidentielle
35,314,Saint-Suliac,757,560,176,581,21,6,8,Gauche,2002,présidentielle
35,314,Saint-Suliac,757,560,176,581,21,7,50,Droite,2002,présidentielle
35,314,Saint-Suliac,757,560,176,581,21,8,32,Écologie,2002,présidentielle
35,314,Saint-Suliac,757,560,176,581,21,9,113,Gauche,2002,présidentielle
35,314,Saint-Suliac,757,560,176,581,21,10,5,Droite,2002,présidentielle
35,314,Saint-Suliac,757,560,176,581,21,11,9,Gauche,2002,présidentielle
35,314,Saint-Suliac,757,560,176,581,21,12,24,Gauche,2002,présidentielle
35,314,Saint-Suliac,757,560,176,581,21,13,36,Droite,2002,présidentielle
35,314,Saint-Suliac,757,560,176,581,21,14,25,Extrême Gauche,2002,présidentielle
35,314,Saint-Suliac,757,560,176,581,21,15,26,Extrême Gauche,2002,présidentielle
35,315,Saint-Sulpice-la-Forêt,882,662,204,678,16,0,3,Extrême Droite,2002,présidentielle
35,315,Saint-Sulpice-la-Forêt,882,662,204,678,16,1,19,Centre,2002,présidentielle
35,315,Saint-Sulpice-la-Forêt,882,662,204,678,16,2,14,Extrême Gauche,2002,présidentielle
35,315,Saint-Sulpice-la-Forêt,882,662,204,678,16,3,52,Centre,2002,présidentielle
35,315,Saint-Sulpice-la-Forêt,882,662,204,678,16,4,77,Droite,2002,présidentielle
35,315,Saint-Sulpice-la-Forêt,882,662,204,678,16,5,50,Extrême Droite,2002,présidentielle
35,315,Saint-Sulpice-la-Forêt,882,662,204,678,16,6,19,Gauche,2002,présidentielle
35,315,Saint-Sulpice-la-Forêt,882,662,204,678,16,7,21,Droite,2002,présidentielle
35,315,Saint-Sulpice-la-Forêt,882,662,204,678,16,8,77,Écologie,2002,présidentielle
35,315,Saint-Sulpice-la-Forêt,882,662,204,678,16,9,166,Gauche,2002,présidentielle
35,315,Saint-Sulpice-la-Forêt,882,662,204,678,16,10,8,Droite,2002,présidentielle
35,315,Saint-Sulpice-la-Forêt,882,662,204,678,16,11,12,Gauche,2002,présidentielle
35,315,Saint-Sulpice-la-Forêt,882,662,204,678,16,12,25,Gauche,2002,présidentielle
35,315,Saint-Sulpice-la-Forêt,882,662,204,678,16,13,24,Droite,2002,présidentielle
35,315,Saint-Sulpice-la-Forêt,882,662,204,678,16,14,56,Extrême Gauche,2002,présidentielle
35,315,Saint-Sulpice-la-Forêt,882,662,204,678,16,15,39,Extrême Gauche,2002,présidentielle
35,316,Saint-Sulpice-des-Landes,452,314,124,328,14,0,4,Extrême Droite,2002,présidentielle
35,316,Saint-Sulpice-des-Landes,452,314,124,328,14,1,8,Centre,2002,présidentielle
35,316,Saint-Sulpice-des-Landes,452,314,124,328,14,2,2,Extrême Gauche,2002,présidentielle
35,316,Saint-Sulpice-des-Landes,452,314,124,328,14,3,23,Centre,2002,présidentielle
35,316,Saint-Sulpice-des-Landes,452,314,124,328,14,4,58,Droite,2002,présidentielle
35,316,Saint-Sulpice-des-Landes,452,314,124,328,14,5,47,Extrême Droite,2002,présidentielle
35,316,Saint-Sulpice-des-Landes,452,314,124,328,14,6,6,Gauche,2002,présidentielle
35,316,Saint-Sulpice-des-Landes,452,314,124,328,14,7,27,Droite,2002,présidentielle
35,316,Saint-Sulpice-des-Landes,452,314,124,328,14,8,5,Écologie,2002,présidentielle
35,316,Saint-Sulpice-des-Landes,452,314,124,328,14,9,38,Gauche,2002,présidentielle
35,316,Saint-Sulpice-des-Landes,452,314,124,328,14,10,9,Droite,2002,présidentielle
35,316,Saint-Sulpice-des-Landes,452,314,124,328,14,11,9,Gauche,2002,présidentielle
35,316,Saint-Sulpice-des-Landes,452,314,124,328,14,12,1,Gauche,2002,présidentielle
35,316,Saint-Sulpice-des-Landes,452,314,124,328,14,13,40,Droite,2002,présidentielle
35,316,Saint-Sulpice-des-Landes,452,314,124,328,14,14,23,Extrême Gauche,2002,présidentielle
35,316,Saint-Sulpice-des-Landes,452,314,124,328,14,15,14,Extrême Gauche,2002,présidentielle
35,318,Saint-Thual,378,278,89,289,11,0,7,Extrême Droite,2002,présidentielle
35,318,Saint-Thual,378,278,89,289,11,1,5,Centre,2002,présidentielle
35,318,Saint-Thual,378,278,89,289,11,2,1,Extrême Gauche,2002,présidentielle
35,318,Saint-Thual,378,278,89,289,11,3,11,Centre,2002,présidentielle
35,318,Saint-Thual,378,278,89,289,11,4,64,Droite,2002,présidentielle
35,318,Saint-Thual,378,278,89,289,11,5,59,Extrême Droite,2002,présidentielle
35,318,Saint-Thual,378,278,89,289,11,6,5,Gauche,2002,présidentielle
35,318,Saint-Thual,378,278,89,289,11,7,8,Droite,2002,présidentielle
35,318,Saint-Thual,378,278,89,289,11,8,12,Écologie,2002,présidentielle
35,318,Saint-Thual,378,278,89,289,11,9,37,Gauche,2002,présidentielle
35,318,Saint-Thual,378,278,89,289,11,10,5,Droite,2002,présidentielle
35,318,Saint-Thual,378,278,89,289,11,11,1,Gauche,2002,présidentielle
35,318,Saint-Thual,378,278,89,289,11,12,7,Gauche,2002,présidentielle
35,318,Saint-Thual,378,278,89,289,11,13,17,Droite,2002,présidentielle
35,318,Saint-Thual,378,278,89,289,11,14,27,Extrême Gauche,2002,présidentielle
35,318,Saint-Thual,378,278,89,289,11,15,12,Extrême Gauche,2002,présidentielle
35,319,Saint-Thurial,1083,842,220,863,21,0,21,Extrême Droite,2002,présidentielle
35,319,Saint-Thurial,1083,842,220,863,21,1,21,Centre,2002,présidentielle
35,319,Saint-Thurial,1083,842,220,863,21,2,3,Extrême Gauche,2002,présidentielle
35,319,Saint-Thurial,1083,842,220,863,21,3,60,Centre,2002,présidentielle
35,319,Saint-Thurial,1083,842,220,863,21,4,147,Droite,2002,présidentielle
35,319,Saint-Thurial,1083,842,220,863,21,5,86,Extrême Droite,2002,présidentielle
35,319,Saint-Thurial,1083,842,220,863,21,6,24,Gauche,2002,présidentielle
35,319,Saint-Thurial,1083,842,220,863,21,7,55,Droite,2002,présidentielle
35,319,Saint-Thurial,1083,842,220,863,21,8,70,Écologie,2002,présidentielle
35,319,Saint-Thurial,1083,842,220,863,21,9,124,Gauche,2002,présidentielle
35,319,Saint-Thurial,1083,842,220,863,21,10,4,Droite,2002,présidentielle
35,319,Saint-Thurial,1083,842,220,863,21,11,18,Gauche,2002,présidentielle
35,319,Saint-Thurial,1083,842,220,863,21,12,33,Gauche,2002,présidentielle
35,319,Saint-Thurial,1083,842,220,863,21,13,67,Droite,2002,présidentielle
35,319,Saint-Thurial,1083,842,220,863,21,14,62,Extrême Gauche,2002,présidentielle
35,319,Saint-Thurial,1083,842,220,863,21,15,47,Extrême Gauche,2002,présidentielle
35,320,Saint-Uniac,266,215,46,220,5,0,7,Extrême Droite,2002,présidentielle
35,320,Saint-Uniac,266,215,46,220,5,1,1,Centre,2002,présidentielle
35,320,Saint-Uniac,266,215,46,220,5,2,2,Extrême Gauche,2002,présidentielle
35,320,Saint-Uniac,266,215,46,220,5,3,22,Centre,2002,présidentielle
35,320,Saint-Uniac,266,215,46,220,5,4,53,Droite,2002,présidentielle
35,320,Saint-Uniac,266,215,46,220,5,5,22,Extrême Droite,2002,présidentielle
35,320,Saint-Uniac,266,215,46,220,5,6,3,Gauche,2002,présidentielle
35,320,Saint-Uniac,266,215,46,220,5,7,11,Droite,2002,présidentielle
35,320,Saint-Uniac,266,215,46,220,5,8,12,Écologie,2002,présidentielle
35,320,Saint-Uniac,266,215,46,220,5,9,38,Gauche,2002,présidentielle
35,320,Saint-Uniac,266,215,46,220,5,10,4,Droite,2002,présidentielle
35,320,Saint-Uniac,266,215,46,220,5,11,4,Gauche,2002,présidentielle
35,320,Saint-Uniac,266,215,46,220,5,12,4,Gauche,2002,présidentielle
35,320,Saint-Uniac,266,215,46,220,5,13,11,Droite,2002,présidentielle
35,320,Saint-Uniac,266,215,46,220,5,14,8,Extrême Gauche,2002,présidentielle
35,320,Saint-Uniac,266,215,46,220,5,15,13,Extrême Gauche,2002,présidentielle
35,321,Saulnières,461,338,96,365,27,0,2,Extrême Droite,2002,présidentielle
35,321,Saulnières,461,338,96,365,27,1,11,Centre,2002,présidentielle
35,321,Saulnières,461,338,96,365,27,2,0,Extrême Gauche,2002,présidentielle
35,321,Saulnières,461,338,96,365,27,3,19,Centre,2002,présidentielle
35,321,Saulnières,461,338,96,365,27,4,54,Droite,2002,présidentielle
35,321,Saulnières,461,338,96,365,27,5,58,Extrême Droite,2002,présidentielle
35,321,Saulnières,461,338,96,365,27,6,3,Gauche,2002,présidentielle
35,321,Saulnières,461,338,96,365,27,7,22,Droite,2002,présidentielle
35,321,Saulnières,461,338,96,365,27,8,20,Écologie,2002,présidentielle
35,321,Saulnières,461,338,96,365,27,9,54,Gauche,2002,présidentielle
35,321,Saulnières,461,338,96,365,27,10,3,Droite,2002,présidentielle
35,321,Saulnières,461,338,96,365,27,11,9,Gauche,2002,présidentielle
35,321,Saulnières,461,338,96,365,27,12,5,Gauche,2002,présidentielle
35,321,Saulnières,461,338,96,365,27,13,22,Droite,2002,présidentielle
35,321,Saulnières,461,338,96,365,27,14,38,Extrême Gauche,2002,présidentielle
35,321,Saulnières,461,338,96,365,27,15,18,Extrême Gauche,2002,présidentielle
35,322,Le Sel-de-Bretagne,404,308,86,318,10,0,4,Extrême Droite,2002,présidentielle
35,322,Le Sel-de-Bretagne,404,308,86,318,10,1,10,Centre,2002,présidentielle
35,322,Le Sel-de-Bretagne,404,308,86,318,10,2,2,Extrême Gauche,2002,présidentielle
35,322,Le Sel-de-Bretagne,404,308,86,318,10,3,15,Centre,2002,présidentielle
35,322,Le Sel-de-Bretagne,404,308,86,318,10,4,35,Droite,2002,présidentielle
35,322,Le Sel-de-Bretagne,404,308,86,318,10,5,57,Extrême Droite,2002,présidentielle
35,322,Le Sel-de-Bretagne,404,308,86,318,10,6,5,Gauche,2002,présidentielle
35,322,Le Sel-de-Bretagne,404,308,86,318,10,7,6,Droite,2002,présidentielle
35,322,Le Sel-de-Bretagne,404,308,86,318,10,8,35,Écologie,2002,présidentielle
35,322,Le Sel-de-Bretagne,404,308,86,318,10,9,58,Gauche,2002,présidentielle
35,322,Le Sel-de-Bretagne,404,308,86,318,10,10,5,Droite,2002,présidentielle
35,322,Le Sel-de-Bretagne,404,308,86,318,10,11,6,Gauche,2002,présidentielle
35,322,Le Sel-de-Bretagne,404,308,86,318,10,12,6,Gauche,2002,présidentielle
35,322,Le Sel-de-Bretagne,404,308,86,318,10,13,21,Droite,2002,présidentielle
35,322,Le Sel-de-Bretagne,404,308,86,318,10,14,21,Extrême Gauche,2002,présidentielle
35,322,Le Sel-de-Bretagne,404,308,86,318,10,15,22,Extrême Gauche,2002,présidentielle
35,323,La Selle-en-Coglès,363,281,62,301,20,0,4,Extrême Droite,2002,présidentielle
35,323,La Selle-en-Coglès,363,281,62,301,20,1,3,Centre,2002,présidentielle
35,323,La Selle-en-Coglès,363,281,62,301,20,2,1,Extrême Gauche,2002,présidentielle
35,323,La Selle-en-Coglès,363,281,62,301,20,3,22,Centre,2002,présidentielle
35,323,La Selle-en-Coglès,363,281,62,301,20,4,78,Droite,2002,présidentielle
35,323,La Selle-en-Coglès,363,281,62,301,20,5,43,Extrême Droite,2002,présidentielle
35,323,La Selle-en-Coglès,363,281,62,301,20,6,7,Gauche,2002,présidentielle
35,323,La Selle-en-Coglès,363,281,62,301,20,7,15,Droite,2002,présidentielle
35,323,La Selle-en-Coglès,363,281,62,301,20,8,6,Écologie,2002,présidentielle
35,323,La Selle-en-Coglès,363,281,62,301,20,9,28,Gauche,2002,présidentielle
35,323,La Selle-en-Coglès,363,281,62,301,20,10,10,Droite,2002,présidentielle
35,323,La Selle-en-Coglès,363,281,62,301,20,11,5,Gauche,2002,présidentielle
35,323,La Selle-en-Coglès,363,281,62,301,20,12,9,Gauche,2002,présidentielle
35,323,La Selle-en-Coglès,363,281,62,301,20,13,26,Droite,2002,présidentielle
35,323,La Selle-en-Coglès,363,281,62,301,20,14,18,Extrême Gauche,2002,présidentielle
35,323,La Selle-en-Coglès,363,281,62,301,20,15,6,Extrême Gauche,2002,présidentielle
35,324,La Selle-en-Luitré,353,306,32,321,15,0,2,Extrême Droite,2002,présidentielle
35,324,La Selle-en-Luitré,353,306,32,321,15,1,8,Centre,2002,présidentielle
35,324,La Selle-en-Luitré,353,306,32,321,15,2,2,Extrême Gauche,2002,présidentielle
35,324,La Selle-en-Luitré,353,306,32,321,15,3,34,Centre,2002,présidentielle
35,324,La Selle-en-Luitré,353,306,32,321,15,4,98,Droite,2002,présidentielle
35,324,La Selle-en-Luitré,353,306,32,321,15,5,44,Extrême Droite,2002,présidentielle
35,324,La Selle-en-Luitré,353,306,32,321,15,6,6,Gauche,2002,présidentielle
35,324,La Selle-en-Luitré,353,306,32,321,15,7,16,Droite,2002,présidentielle
35,324,La Selle-en-Luitré,353,306,32,321,15,8,10,Écologie,2002,présidentielle
35,324,La Selle-en-Luitré,353,306,32,321,15,9,23,Gauche,2002,présidentielle
35,324,La Selle-en-Luitré,353,306,32,321,15,10,9,Droite,2002,présidentielle
35,324,La Selle-en-Luitré,353,306,32,321,15,11,3,Gauche,2002,présidentielle
35,324,La Selle-en-Luitré,353,306,32,321,15,12,8,Gauche,2002,présidentielle
35,324,La Selle-en-Luitré,353,306,32,321,15,13,10,Droite,2002,présidentielle
35,324,La Selle-en-Luitré,353,306,32,321,15,14,18,Extrême Gauche,2002,présidentielle
35,324,La Selle-en-Luitré,353,306,32,321,15,15,15,Extrême Gauche,2002,présidentielle
35,325,La Selle-Guerchaise,90,68,12,78,10,0,1,Extrême Droite,2002,présidentielle
35,325,La Selle-Guerchaise,90,68,12,78,10,1,3,Centre,2002,présidentielle
35,325,La Selle-Guerchaise,90,68,12,78,10,2,0,Extrême Gauche,2002,présidentielle
35,325,La Selle-Guerchaise,90,68,12,78,10,3,3,Centre,2002,présidentielle
35,325,La Selle-Guerchaise,90,68,12,78,10,4,12,Droite,2002,présidentielle
35,325,La Selle-Guerchaise,90,68,12,78,10,5,12,Extrême Droite,2002,présidentielle
35,325,La Selle-Guerchaise,90,68,12,78,10,6,1,Gauche,2002,présidentielle
35,325,La Selle-Guerchaise,90,68,12,78,10,7,4,Droite,2002,présidentielle
35,325,La Selle-Guerchaise,90,68,12,78,10,8,3,Écologie,2002,présidentielle
35,325,La Selle-Guerchaise,90,68,12,78,10,9,7,Gauche,2002,présidentielle
35,325,La Selle-Guerchaise,90,68,12,78,10,10,2,Droite,2002,présidentielle
35,325,La Selle-Guerchaise,90,68,12,78,10,11,0,Gauche,2002,présidentielle
35,325,La Selle-Guerchaise,90,68,12,78,10,12,5,Gauche,2002,présidentielle
35,325,La Selle-Guerchaise,90,68,12,78,10,13,6,Droite,2002,présidentielle
35,325,La Selle-Guerchaise,90,68,12,78,10,14,6,Extrême Gauche,2002,présidentielle
35,325,La Selle-Guerchaise,90,68,12,78,10,15,3,Extrême Gauche,2002,présidentielle
35,326,Sens-de-Bretagne,1142,785,319,823,38,0,9,Extrême Droite,2002,présidentielle
35,326,Sens-de-Bretagne,1142,785,319,823,38,1,21,Centre,2002,présidentielle
35,326,Sens-de-Bretagne,1142,785,319,823,38,2,6,Extrême Gauche,2002,présidentielle
35,326,Sens-de-Bretagne,1142,785,319,823,38,3,44,Centre,2002,présidentielle
35,326,Sens-de-Bretagne,1142,785,319,823,38,4,169,Droite,2002,présidentielle
35,326,Sens-de-Bretagne,1142,785,319,823,38,5,133,Extrême Droite,2002,présidentielle
35,326,Sens-de-Bretagne,1142,785,319,823,38,6,14,Gauche,2002,présidentielle
35,326,Sens-de-Bretagne,1142,785,319,823,38,7,51,Droite,2002,présidentielle
35,326,Sens-de-Bretagne,1142,785,319,823,38,8,31,Écologie,2002,présidentielle
35,326,Sens-de-Bretagne,1142,785,319,823,38,9,98,Gauche,2002,présidentielle
35,326,Sens-de-Bretagne,1142,785,319,823,38,10,5,Droite,2002,présidentielle
35,326,Sens-de-Bretagne,1142,785,319,823,38,11,15,Gauche,2002,présidentielle
35,326,Sens-de-Bretagne,1142,785,319,823,38,12,23,Gauche,2002,présidentielle
35,326,Sens-de-Bretagne,1142,785,319,823,38,13,45,Droite,2002,présidentielle
35,326,Sens-de-Bretagne,1142,785,319,823,38,14,76,Extrême Gauche,2002,présidentielle
35,326,Sens-de-Bretagne,1142,785,319,823,38,15,45,Extrême Gauche,2002,présidentielle
35,327,Servon-sur-Vilaine,2312,1693,564,1748,55,0,18,Extrême Droite,2002,présidentielle
35,327,Servon-sur-Vilaine,2312,1693,564,1748,55,1,51,Centre,2002,présidentielle
35,327,Servon-sur-Vilaine,2312,1693,564,1748,55,2,13,Extrême Gauche,2002,présidentielle
35,327,Servon-sur-Vilaine,2312,1693,564,1748,55,3,144,Centre,2002,présidentielle
35,327,Servon-sur-Vilaine,2312,1693,564,1748,55,4,313,Droite,2002,présidentielle
35,327,Servon-sur-Vilaine,2312,1693,564,1748,55,5,144,Extrême Droite,2002,présidentielle
35,327,Servon-sur-Vilaine,2312,1693,564,1748,55,6,42,Gauche,2002,présidentielle
35,327,Servon-sur-Vilaine,2312,1693,564,1748,55,7,65,Droite,2002,présidentielle
35,327,Servon-sur-Vilaine,2312,1693,564,1748,55,8,136,Écologie,2002,présidentielle
35,327,Servon-sur-Vilaine,2312,1693,564,1748,55,9,274,Gauche,2002,présidentielle
35,327,Servon-sur-Vilaine,2312,1693,564,1748,55,10,26,Droite,2002,présidentielle
35,327,Servon-sur-Vilaine,2312,1693,564,1748,55,11,40,Gauche,2002,présidentielle
35,327,Servon-sur-Vilaine,2312,1693,564,1748,55,12,88,Gauche,2002,présidentielle
35,327,Servon-sur-Vilaine,2312,1693,564,1748,55,13,85,Droite,2002,présidentielle
35,327,Servon-sur-Vilaine,2312,1693,564,1748,55,14,139,Extrême Gauche,2002,présidentielle
35,327,Servon-sur-Vilaine,2312,1693,564,1748,55,15,115,Extrême Gauche,2002,présidentielle
35,328,Sixt-sur-Aff,1471,1059,379,1092,33,0,17,Extrême Droite,2002,présidentielle
35,328,Sixt-sur-Aff,1471,1059,379,1092,33,1,15,Centre,2002,présidentielle
35,328,Sixt-sur-Aff,1471,1059,379,1092,33,2,4,Extrême Gauche,2002,présidentielle
35,328,Sixt-sur-Aff,1471,1059,379,1092,33,3,42,Centre,2002,présidentielle
35,328,Sixt-sur-Aff,1471,1059,379,1092,33,4,298,Droite,2002,présidentielle
35,328,Sixt-sur-Aff,1471,1059,379,1092,33,5,181,Extrême Droite,2002,présidentielle
35,328,Sixt-sur-Aff,1471,1059,379,1092,33,6,10,Gauche,2002,présidentielle
35,328,Sixt-sur-Aff,1471,1059,379,1092,33,7,66,Droite,2002,présidentielle
35,328,Sixt-sur-Aff,1471,1059,379,1092,33,8,33,Écologie,2002,présidentielle
35,328,Sixt-sur-Aff,1471,1059,379,1092,33,9,135,Gauche,2002,présidentielle
35,328,Sixt-sur-Aff,1471,1059,379,1092,33,10,10,Droite,2002,présidentielle
35,328,Sixt-sur-Aff,1471,1059,379,1092,33,11,8,Gauche,2002,présidentielle
35,328,Sixt-sur-Aff,1471,1059,379,1092,33,12,24,Gauche,2002,présidentielle
35,328,Sixt-sur-Aff,1471,1059,379,1092,33,13,87,Droite,2002,présidentielle
35,328,Sixt-sur-Aff,1471,1059,379,1092,33,14,80,Extrême Gauche,2002,présidentielle
35,328,Sixt-sur-Aff,1471,1059,379,1092,33,15,49,Extrême Gauche,2002,présidentielle
35,329,Sougéal,477,336,115,362,26,0,8,Extrême Droite,2002,présidentielle
35,329,Sougéal,477,336,115,362,26,1,2,Centre,2002,présidentielle
35,329,Sougéal,477,336,115,362,26,2,4,Extrême Gauche,2002,présidentielle
35,329,Sougéal,477,336,115,362,26,3,17,Centre,2002,présidentielle
35,329,Sougéal,477,336,115,362,26,4,90,Droite,2002,présidentielle
35,329,Sougéal,477,336,115,362,26,5,46,Extrême Droite,2002,présidentielle
35,329,Sougéal,477,336,115,362,26,6,5,Gauche,2002,présidentielle
35,329,Sougéal,477,336,115,362,26,7,65,Droite,2002,présidentielle
35,329,Sougéal,477,336,115,362,26,8,10,Écologie,2002,présidentielle
35,329,Sougéal,477,336,115,362,26,9,44,Gauche,2002,présidentielle
35,329,Sougéal,477,336,115,362,26,10,3,Droite,2002,présidentielle
35,329,Sougéal,477,336,115,362,26,11,4,Gauche,2002,présidentielle
35,329,Sougéal,477,336,115,362,26,12,4,Gauche,2002,présidentielle
35,329,Sougéal,477,336,115,362,26,13,7,Droite,2002,présidentielle
35,329,Sougéal,477,336,115,362,26,14,15,Extrême Gauche,2002,présidentielle
35,329,Sougéal,477,336,115,362,26,15,12,Extrême Gauche,2002,présidentielle
35,330,Taillis,608,468,114,494,26,0,7,Extrême Droite,2002,présidentielle
35,330,Taillis,608,468,114,494,26,1,17,Centre,2002,présidentielle
35,330,Taillis,608,468,114,494,26,2,3,Extrême Gauche,2002,présidentielle
35,330,Taillis,608,468,114,494,26,3,63,Centre,2002,présidentielle
35,330,Taillis,608,468,114,494,26,4,135,Droite,2002,présidentielle
35,330,Taillis,608,468,114,494,26,5,32,Extrême Droite,2002,présidentielle
35,330,Taillis,608,468,114,494,26,6,16,Gauche,2002,présidentielle
35,330,Taillis,608,468,114,494,26,7,34,Droite,2002,présidentielle
35,330,Taillis,608,468,114,494,26,8,20,Écologie,2002,présidentielle
35,330,Taillis,608,468,114,494,26,9,43,Gauche,2002,présidentielle
35,330,Taillis,608,468,114,494,26,10,9,Droite,2002,présidentielle
35,330,Taillis,608,468,114,494,26,11,4,Gauche,2002,présidentielle
35,330,Taillis,608,468,114,494,26,12,16,Gauche,2002,présidentielle
35,330,Taillis,608,468,114,494,26,13,22,Droite,2002,présidentielle
35,330,Taillis,608,468,114,494,26,14,24,Extrême Gauche,2002,présidentielle
35,330,Taillis,608,468,114,494,26,15,23,Extrême Gauche,2002,présidentielle
35,331,Talensac,1695,1223,422,1273,50,0,13,Extrême Droite,2002,présidentielle
35,331,Talensac,1695,1223,422,1273,50,1,33,Centre,2002,présidentielle
35,331,Talensac,1695,1223,422,1273,50,2,12,Extrême Gauche,2002,présidentielle
35,331,Talensac,1695,1223,422,1273,50,3,65,Centre,2002,présidentielle
35,331,Talensac,1695,1223,422,1273,50,4,180,Droite,2002,présidentielle
35,331,Talensac,1695,1223,422,1273,50,5,132,Extrême Droite,2002,présidentielle
35,331,Talensac,1695,1223,422,1273,50,6,26,Gauche,2002,présidentielle
35,331,Talensac,1695,1223,422,1273,50,7,92,Droite,2002,présidentielle
35,331,Talensac,1695,1223,422,1273,50,8,105,Écologie,2002,présidentielle
35,331,Talensac,1695,1223,422,1273,50,9,244,Gauche,2002,présidentielle
35,331,Talensac,1695,1223,422,1273,50,10,15,Droite,2002,présidentielle
35,331,Talensac,1695,1223,422,1273,50,11,16,Gauche,2002,présidentielle
35,331,Talensac,1695,1223,422,1273,50,12,48,Gauche,2002,présidentielle
35,331,Talensac,1695,1223,422,1273,50,13,39,Droite,2002,présidentielle
35,331,Talensac,1695,1223,422,1273,50,14,120,Extrême Gauche,2002,présidentielle
35,331,Talensac,1695,1223,422,1273,50,15,83,Extrême Gauche,2002,présidentielle
35,332,Teillay,643,446,182,461,15,0,10,Extrême Droite,2002,présidentielle
35,332,Teillay,643,446,182,461,15,1,2,Centre,2002,présidentielle
35,332,Teillay,643,446,182,461,15,2,4,Extrême Gauche,2002,présidentielle
35,332,Teillay,643,446,182,461,15,3,22,Centre,2002,présidentielle
35,332,Teillay,643,446,182,461,15,4,102,Droite,2002,présidentielle
35,332,Teillay,643,446,182,461,15,5,71,Extrême Droite,2002,présidentielle
35,332,Teillay,643,446,182,461,15,6,3,Gauche,2002,présidentielle
35,332,Teillay,643,446,182,461,15,7,24,Droite,2002,présidentielle
35,332,Teillay,643,446,182,461,15,8,8,Écologie,2002,présidentielle
35,332,Teillay,643,446,182,461,15,9,43,Gauche,2002,présidentielle
35,332,Teillay,643,446,182,461,15,10,7,Droite,2002,présidentielle
35,332,Teillay,643,446,182,461,15,11,11,Gauche,2002,présidentielle
35,332,Teillay,643,446,182,461,15,12,16,Gauche,2002,présidentielle
35,332,Teillay,643,446,182,461,15,13,50,Droite,2002,présidentielle
35,332,Teillay,643,446,182,461,15,14,48,Extrême Gauche,2002,présidentielle
35,332,Teillay,643,446,182,461,15,15,25,Extrême Gauche,2002,présidentielle
35,333,Le Theil-de-Bretagne,827,602,194,633,31,0,8,Extrême Droite,2002,présidentielle
35,333,Le Theil-de-Bretagne,827,602,194,633,31,1,11,Centre,2002,présidentielle
35,333,Le Theil-de-Bretagne,827,602,194,633,31,2,6,Extrême Gauche,2002,présidentielle
35,333,Le Theil-de-Bretagne,827,602,194,633,31,3,32,Centre,2002,présidentielle
35,333,Le Theil-de-Bretagne,827,602,194,633,31,4,152,Droite,2002,présidentielle
35,333,Le Theil-de-Bretagne,827,602,194,633,31,5,75,Extrême Droite,2002,présidentielle
35,333,Le Theil-de-Bretagne,827,602,194,633,31,6,14,Gauche,2002,présidentielle
35,333,Le Theil-de-Bretagne,827,602,194,633,31,7,33,Droite,2002,présidentielle
35,333,Le Theil-de-Bretagne,827,602,194,633,31,8,38,Écologie,2002,présidentielle
35,333,Le Theil-de-Bretagne,827,602,194,633,31,9,76,Gauche,2002,présidentielle
35,333,Le Theil-de-Bretagne,827,602,194,633,31,10,6,Droite,2002,présidentielle
35,333,Le Theil-de-Bretagne,827,602,194,633,31,11,9,Gauche,2002,présidentielle
35,333,Le Theil-de-Bretagne,827,602,194,633,31,12,22,Gauche,2002,présidentielle
35,333,Le Theil-de-Bretagne,827,602,194,633,31,13,51,Droite,2002,présidentielle
35,333,Le Theil-de-Bretagne,827,602,194,633,31,14,42,Extrême Gauche,2002,présidentielle
35,333,Le Theil-de-Bretagne,827,602,194,633,31,15,27,Extrême Gauche,2002,présidentielle
35,334,Thorigné-Fouillard,4720,3492,1117,3603,111,0,30,Extrême Droite,2002,présidentielle
35,334,Thorigné-Fouillard,4720,3492,1117,3603,111,1,118,Centre,2002,présidentielle
35,334,Thorigné-Fouillard,4720,3492,1117,3603,111,2,14,Extrême Gauche,2002,présidentielle
35,334,Thorigné-Fouillard,4720,3492,1117,3603,111,3,364,Centre,2002,présidentielle
35,334,Thorigné-Fouillard,4720,3492,1117,3603,111,4,563,Droite,2002,présidentielle
35,334,Thorigné-Fouillard,4720,3492,1117,3603,111,5,240,Extrême Droite,2002,présidentielle
35,334,Thorigné-Fouillard,4720,3492,1117,3603,111,6,124,Gauche,2002,présidentielle
35,334,Thorigné-Fouillard,4720,3492,1117,3603,111,7,44,Droite,2002,présidentielle
35,334,Thorigné-Fouillard,4720,3492,1117,3603,111,8,318,Écologie,2002,présidentielle
35,334,Thorigné-Fouillard,4720,3492,1117,3603,111,9,795,Gauche,2002,présidentielle
35,334,Thorigné-Fouillard,4720,3492,1117,3603,111,10,52,Droite,2002,présidentielle
35,334,Thorigné-Fouillard,4720,3492,1117,3603,111,11,51,Gauche,2002,présidentielle
35,334,Thorigné-Fouillard,4720,3492,1117,3603,111,12,226,Gauche,2002,présidentielle
35,334,Thorigné-Fouillard,4720,3492,1117,3603,111,13,139,Droite,2002,présidentielle
35,334,Thorigné-Fouillard,4720,3492,1117,3603,111,14,207,Extrême Gauche,2002,présidentielle
35,334,Thorigné-Fouillard,4720,3492,1117,3603,111,15,207,Extrême Gauche,2002,présidentielle
35,335,Thourie,452,302,138,314,12,0,1,Extrême Droite,2002,présidentielle
35,335,Thourie,452,302,138,314,12,1,7,Centre,2002,présidentielle
35,335,Thourie,452,302,138,314,12,2,1,Extrême Gauche,2002,présidentielle
35,335,Thourie,452,302,138,314,12,3,14,Centre,2002,présidentielle
35,335,Thourie,452,302,138,314,12,4,80,Droite,2002,présidentielle
35,335,Thourie,452,302,138,314,12,5,51,Extrême Droite,2002,présidentielle
35,335,Thourie,452,302,138,314,12,6,8,Gauche,2002,présidentielle
35,335,Thourie,452,302,138,314,12,7,7,Droite,2002,présidentielle
35,335,Thourie,452,302,138,314,12,8,28,Écologie,2002,présidentielle
35,335,Thourie,452,302,138,314,12,9,32,Gauche,2002,présidentielle
35,335,Thourie,452,302,138,314,12,10,3,Droite,2002,présidentielle
35,335,Thourie,452,302,138,314,12,11,3,Gauche,2002,présidentielle
35,335,Thourie,452,302,138,314,12,12,11,Gauche,2002,présidentielle
35,335,Thourie,452,302,138,314,12,13,23,Droite,2002,présidentielle
35,335,Thourie,452,302,138,314,12,14,20,Extrême Gauche,2002,présidentielle
35,335,Thourie,452,302,138,314,12,15,13,Extrême Gauche,2002,présidentielle
35,336,Le Tiercent,142,101,40,102,1,0,1,Extrême Droite,2002,présidentielle
35,336,Le Tiercent,142,101,40,102,1,1,1,Centre,2002,présidentielle
35,336,Le Tiercent,142,101,40,102,1,2,0,Extrême Gauche,2002,présidentielle
35,336,Le Tiercent,142,101,40,102,1,3,3,Centre,2002,présidentielle
35,336,Le Tiercent,142,101,40,102,1,4,22,Droite,2002,présidentielle
35,336,Le Tiercent,142,101,40,102,1,5,11,Extrême Droite,2002,présidentielle
35,336,Le Tiercent,142,101,40,102,1,6,1,Gauche,2002,présidentielle
35,336,Le Tiercent,142,101,40,102,1,7,11,Droite,2002,présidentielle
35,336,Le Tiercent,142,101,40,102,1,8,1,Écologie,2002,présidentielle
35,336,Le Tiercent,142,101,40,102,1,9,17,Gauche,2002,présidentielle
35,336,Le Tiercent,142,101,40,102,1,10,2,Droite,2002,présidentielle
35,336,Le Tiercent,142,101,40,102,1,11,13,Gauche,2002,présidentielle
35,336,Le Tiercent,142,101,40,102,1,12,1,Gauche,2002,présidentielle
35,336,Le Tiercent,142,101,40,102,1,13,8,Droite,2002,présidentielle
35,336,Le Tiercent,142,101,40,102,1,14,3,Extrême Gauche,2002,présidentielle
35,336,Le Tiercent,142,101,40,102,1,15,6,Extrême Gauche,2002,présidentielle
35,337,Tinténiac,1894,1438,401,1493,55,0,11,Extrême Droite,2002,présidentielle
35,337,Tinténiac,1894,1438,401,1493,55,1,30,Centre,2002,présidentielle
35,337,Tinténiac,1894,1438,401,1493,55,2,7,Extrême Gauche,2002,présidentielle
35,337,Tinténiac,1894,1438,401,1493,55,3,88,Centre,2002,présidentielle
35,337,Tinténiac,1894,1438,401,1493,55,4,371,Droite,2002,présidentielle
35,337,Tinténiac,1894,1438,401,1493,55,5,172,Extrême Droite,2002,présidentielle
35,337,Tinténiac,1894,1438,401,1493,55,6,41,Gauche,2002,présidentielle
35,337,Tinténiac,1894,1438,401,1493,55,7,59,Droite,2002,présidentielle
35,337,Tinténiac,1894,1438,401,1493,55,8,84,Écologie,2002,présidentielle
35,337,Tinténiac,1894,1438,401,1493,55,9,270,Gauche,2002,présidentielle
35,337,Tinténiac,1894,1438,401,1493,55,10,28,Droite,2002,présidentielle
35,337,Tinténiac,1894,1438,401,1493,55,11,15,Gauche,2002,présidentielle
35,337,Tinténiac,1894,1438,401,1493,55,12,49,Gauche,2002,présidentielle
35,337,Tinténiac,1894,1438,401,1493,55,13,57,Droite,2002,présidentielle
35,337,Tinténiac,1894,1438,401,1493,55,14,72,Extrême Gauche,2002,présidentielle
35,337,Tinténiac,1894,1438,401,1493,55,15,84,Extrême Gauche,2002,présidentielle
35,338,Torcé,694,544,116,578,34,0,6,Extrême Droite,2002,présidentielle
35,338,Torcé,694,544,116,578,34,1,16,Centre,2002,présidentielle
35,338,Torcé,694,544,116,578,34,2,0,Extrême Gauche,2002,présidentielle
35,338,Torcé,694,544,116,578,34,3,72,Centre,2002,présidentielle
35,338,Torcé,694,544,116,578,34,4,142,Droite,2002,présidentielle
35,338,Torcé,694,544,116,578,34,5,80,Extrême Droite,2002,présidentielle
35,338,Torcé,694,544,116,578,34,6,10,Gauche,2002,présidentielle
35,338,Torcé,694,544,116,578,34,7,15,Droite,2002,présidentielle
35,338,Torcé,694,544,116,578,34,8,27,Écologie,2002,présidentielle
35,338,Torcé,694,544,116,578,34,9,47,Gauche,2002,présidentielle
35,338,Torcé,694,544,116,578,34,10,34,Droite,2002,présidentielle
35,338,Torcé,694,544,116,578,34,11,2,Gauche,2002,présidentielle
35,338,Torcé,694,544,116,578,34,12,14,Gauche,2002,présidentielle
35,338,Torcé,694,544,116,578,34,13,28,Droite,2002,présidentielle
35,338,Torcé,694,544,116,578,34,14,20,Extrême Gauche,2002,présidentielle
35,338,Torcé,694,544,116,578,34,15,31,Extrême Gauche,2002,présidentielle
35,339,Trans-la-Forêt,476,360,104,372,12,0,6,Extrême Droite,2002,présidentielle
35,339,Trans-la-Forêt,476,360,104,372,12,1,8,Centre,2002,présidentielle
35,339,Trans-la-Forêt,476,360,104,372,12,2,1,Extrême Gauche,2002,présidentielle
35,339,Trans-la-Forêt,476,360,104,372,12,3,14,Centre,2002,présidentielle
35,339,Trans-la-Forêt,476,360,104,372,12,4,86,Droite,2002,présidentielle
35,339,Trans-la-Forêt,476,360,104,372,12,5,40,Extrême Droite,2002,présidentielle
35,339,Trans-la-Forêt,476,360,104,372,12,6,3,Gauche,2002,présidentielle
35,339,Trans-la-Forêt,476,360,104,372,12,7,42,Droite,2002,présidentielle
35,339,Trans-la-Forêt,476,360,104,372,12,8,10,Écologie,2002,présidentielle
35,339,Trans-la-Forêt,476,360,104,372,12,9,73,Gauche,2002,présidentielle
35,339,Trans-la-Forêt,476,360,104,372,12,10,4,Droite,2002,présidentielle
35,339,Trans-la-Forêt,476,360,104,372,12,11,5,Gauche,2002,présidentielle
35,339,Trans-la-Forêt,476,360,104,372,12,12,12,Gauche,2002,présidentielle
35,339,Trans-la-Forêt,476,360,104,372,12,13,10,Droite,2002,présidentielle
35,339,Trans-la-Forêt,476,360,104,372,12,14,21,Extrême Gauche,2002,présidentielle
35,339,Trans-la-Forêt,476,360,104,372,12,15,25,Extrême Gauche,2002,présidentielle
35,340,Treffendel,712,553,131,581,28,0,10,Extrême Droite,2002,présidentielle
35,340,Treffendel,712,553,131,581,28,1,9,Centre,2002,présidentielle
35,340,Treffendel,712,553,131,581,28,2,1,Extrême Gauche,2002,présidentielle
35,340,Treffendel,712,553,131,581,28,3,30,Centre,2002,présidentielle
35,340,Treffendel,712,553,131,581,28,4,120,Droite,2002,présidentielle
35,340,Treffendel,712,553,131,581,28,5,67,Extrême Droite,2002,présidentielle
35,340,Treffendel,712,553,131,581,28,6,6,Gauche,2002,présidentielle
35,340,Treffendel,712,553,131,581,28,7,27,Droite,2002,présidentielle
35,340,Treffendel,712,553,131,581,28,8,37,Écologie,2002,présidentielle
35,340,Treffendel,712,553,131,581,28,9,69,Gauche,2002,présidentielle
35,340,Treffendel,712,553,131,581,28,10,14,Droite,2002,présidentielle
35,340,Treffendel,712,553,131,581,28,11,6,Gauche,2002,présidentielle
35,340,Treffendel,712,553,131,581,28,12,21,Gauche,2002,présidentielle
35,340,Treffendel,712,553,131,581,28,13,55,Droite,2002,présidentielle
35,340,Treffendel,712,553,131,581,28,14,44,Extrême Gauche,2002,présidentielle
35,340,Treffendel,712,553,131,581,28,15,37,Extrême Gauche,2002,présidentielle
35,341,Tremblay,1055,741,264,791,50,0,12,Extrême Droite,2002,présidentielle
35,341,Tremblay,1055,741,264,791,50,1,10,Centre,2002,présidentielle
35,341,Tremblay,1055,741,264,791,50,2,6,Extrême Gauche,2002,présidentielle
35,341,Tremblay,1055,741,264,791,50,3,61,Centre,2002,présidentielle
35,341,Tremblay,1055,741,264,791,50,4,214,Droite,2002,présidentielle
35,341,Tremblay,1055,741,264,791,50,5,73,Extrême Droite,2002,présidentielle
35,341,Tremblay,1055,741,264,791,50,6,11,Gauche,2002,présidentielle
35,341,Tremblay,1055,741,264,791,50,7,67,Droite,2002,présidentielle
35,341,Tremblay,1055,741,264,791,50,8,27,Écologie,2002,présidentielle
35,341,Tremblay,1055,741,264,791,50,9,114,Gauche,2002,présidentielle
35,341,Tremblay,1055,741,264,791,50,10,8,Droite,2002,présidentielle
35,341,Tremblay,1055,741,264,791,50,11,15,Gauche,2002,présidentielle
35,341,Tremblay,1055,741,264,791,50,12,20,Gauche,2002,présidentielle
35,341,Tremblay,1055,741,264,791,50,13,30,Droite,2002,présidentielle
35,341,Tremblay,1055,741,264,791,50,14,38,Extrême Gauche,2002,présidentielle
35,341,Tremblay,1055,741,264,791,50,15,35,Extrême Gauche,2002,présidentielle
35,342,Trémeheuc,257,202,49,208,6,0,3,Extrême Droite,2002,présidentielle
35,342,Trémeheuc,257,202,49,208,6,1,2,Centre,2002,présidentielle
35,342,Trémeheuc,257,202,49,208,6,2,0,Extrême Gauche,2002,présidentielle
35,342,Trémeheuc,257,202,49,208,6,3,12,Centre,2002,présidentielle
35,342,Trémeheuc,257,202,49,208,6,4,19,Droite,2002,présidentielle
35,342,Trémeheuc,257,202,49,208,6,5,29,Extrême Droite,2002,présidentielle
35,342,Trémeheuc,257,202,49,208,6,6,2,Gauche,2002,présidentielle
35,342,Trémeheuc,257,202,49,208,6,7,9,Droite,2002,présidentielle
35,342,Trémeheuc,257,202,49,208,6,8,5,Écologie,2002,présidentielle
35,342,Trémeheuc,257,202,49,208,6,9,53,Gauche,2002,présidentielle
35,342,Trémeheuc,257,202,49,208,6,10,2,Droite,2002,présidentielle
35,342,Trémeheuc,257,202,49,208,6,11,11,Gauche,2002,présidentielle
35,342,Trémeheuc,257,202,49,208,6,12,9,Gauche,2002,présidentielle
35,342,Trémeheuc,257,202,49,208,6,13,6,Droite,2002,présidentielle
35,342,Trémeheuc,257,202,49,208,6,14,28,Extrême Gauche,2002,présidentielle
35,342,Trémeheuc,257,202,49,208,6,15,12,Extrême Gauche,2002,présidentielle
35,343,Tresboeuf,680,484,164,516,32,0,7,Extrême Droite,2002,présidentielle
35,343,Tresboeuf,680,484,164,516,32,1,7,Centre,2002,présidentielle
35,343,Tresboeuf,680,484,164,516,32,2,3,Extrême Gauche,2002,présidentielle
35,343,Tresboeuf,680,484,164,516,32,3,28,Centre,2002,présidentielle
35,343,Tresboeuf,680,484,164,516,32,4,88,Droite,2002,présidentielle
35,343,Tresboeuf,680,484,164,516,32,5,83,Extrême Droite,2002,présidentielle
35,343,Tresboeuf,680,484,164,516,32,6,9,Gauche,2002,présidentielle
35,343,Tresboeuf,680,484,164,516,32,7,22,Droite,2002,présidentielle
35,343,Tresboeuf,680,484,164,516,32,8,29,Écologie,2002,présidentielle
35,343,Tresboeuf,680,484,164,516,32,9,63,Gauche,2002,présidentielle
35,343,Tresboeuf,680,484,164,516,32,10,7,Droite,2002,présidentielle
35,343,Tresboeuf,680,484,164,516,32,11,9,Gauche,2002,présidentielle
35,343,Tresboeuf,680,484,164,516,32,12,7,Gauche,2002,présidentielle
35,343,Tresboeuf,680,484,164,516,32,13,60,Droite,2002,présidentielle
35,343,Tresboeuf,680,484,164,516,32,14,28,Extrême Gauche,2002,présidentielle
35,343,Tresboeuf,680,484,164,516,32,15,34,Extrême Gauche,2002,présidentielle
35,344,Tressé,180,140,32,148,8,0,4,Extrême Droite,2002,présidentielle
35,344,Tressé,180,140,32,148,8,1,6,Centre,2002,présidentielle
35,344,Tressé,180,140,32,148,8,2,1,Extrême Gauche,2002,présidentielle
35,344,Tressé,180,140,32,148,8,3,8,Centre,2002,présidentielle
35,344,Tressé,180,140,32,148,8,4,26,Droite,2002,présidentielle
35,344,Tressé,180,140,32,148,8,5,20,Extrême Droite,2002,présidentielle
35,344,Tressé,180,140,32,148,8,6,2,Gauche,2002,présidentielle
35,344,Tressé,180,140,32,148,8,7,18,Droite,2002,présidentielle
35,344,Tressé,180,140,32,148,8,8,9,Écologie,2002,présidentielle
35,344,Tressé,180,140,32,148,8,9,18,Gauche,2002,présidentielle
35,344,Tressé,180,140,32,148,8,10,0,Droite,2002,présidentielle
35,344,Tressé,180,140,32,148,8,11,2,Gauche,2002,présidentielle
35,344,Tressé,180,140,32,148,8,12,2,Gauche,2002,présidentielle
35,344,Tressé,180,140,32,148,8,13,11,Droite,2002,présidentielle
35,344,Tressé,180,140,32,148,8,14,9,Extrême Gauche,2002,présidentielle
35,344,Tressé,180,140,32,148,8,15,4,Extrême Gauche,2002,présidentielle
35,345,Trévérien,432,322,100,332,10,0,4,Extrême Droite,2002,présidentielle
35,345,Trévérien,432,322,100,332,10,1,2,Centre,2002,présidentielle
35,345,Trévérien,432,322,100,332,10,2,4,Extrême Gauche,2002,présidentielle
35,345,Trévérien,432,322,100,332,10,3,14,Centre,2002,présidentielle
35,345,Trévérien,432,322,100,332,10,4,73,Droite,2002,présidentielle
35,345,Trévérien,432,322,100,332,10,5,42,Extrême Droite,2002,présidentielle
35,345,Trévérien,432,322,100,332,10,6,7,Gauche,2002,présidentielle
35,345,Trévérien,432,322,100,332,10,7,14,Droite,2002,présidentielle
35,345,Trévérien,432,322,100,332,10,8,18,Écologie,2002,présidentielle
35,345,Trévérien,432,322,100,332,10,9,61,Gauche,2002,présidentielle
35,345,Trévérien,432,322,100,332,10,10,2,Droite,2002,présidentielle
35,345,Trévérien,432,322,100,332,10,11,7,Gauche,2002,présidentielle
35,345,Trévérien,432,322,100,332,10,12,15,Gauche,2002,présidentielle
35,345,Trévérien,432,322,100,332,10,13,10,Droite,2002,présidentielle
35,345,Trévérien,432,322,100,332,10,14,32,Extrême Gauche,2002,présidentielle
35,345,Trévérien,432,322,100,332,10,15,17,Extrême Gauche,2002,présidentielle
35,346,Trimer,98,72,25,73,1,0,5,Extrême Droite,2002,présidentielle
35,346,Trimer,98,72,25,73,1,1,1,Centre,2002,présidentielle
35,346,Trimer,98,72,25,73,1,2,2,Extrême Gauche,2002,présidentielle
35,346,Trimer,98,72,25,73,1,3,6,Centre,2002,présidentielle
35,346,Trimer,98,72,25,73,1,4,18,Droite,2002,présidentielle
35,346,Trimer,98,72,25,73,1,5,7,Extrême Droite,2002,présidentielle
35,346,Trimer,98,72,25,73,1,6,2,Gauche,2002,présidentielle
35,346,Trimer,98,72,25,73,1,7,7,Droite,2002,présidentielle
35,346,Trimer,98,72,25,73,1,8,4,Écologie,2002,présidentielle
35,346,Trimer,98,72,25,73,1,9,6,Gauche,2002,présidentielle
35,346,Trimer,98,72,25,73,1,10,0,Droite,2002,présidentielle
35,346,Trimer,98,72,25,73,1,11,2,Gauche,2002,présidentielle
35,346,Trimer,98,72,25,73,1,12,1,Gauche,2002,présidentielle
35,346,Trimer,98,72,25,73,1,13,6,Droite,2002,présidentielle
35,346,Trimer,98,72,25,73,1,14,2,Extrême Gauche,2002,présidentielle
35,346,Trimer,98,72,25,73,1,15,3,Extrême Gauche,2002,présidentielle
35,347,Val-d'Izé,1493,1124,296,1197,73,0,27,Extrême Droite,2002,présidentielle
35,347,Val-d'Izé,1493,1124,296,1197,73,1,23,Centre,2002,présidentielle
35,347,Val-d'Izé,1493,1124,296,1197,73,2,8,Extrême Gauche,2002,présidentielle
35,347,Val-d'Izé,1493,1124,296,1197,73,3,122,Centre,2002,présidentielle
35,347,Val-d'Izé,1493,1124,296,1197,73,4,314,Droite,2002,présidentielle
35,347,Val-d'Izé,1493,1124,296,1197,73,5,128,Extrême Droite,2002,présidentielle
35,347,Val-d'Izé,1493,1124,296,1197,73,6,10,Gauche,2002,présidentielle
35,347,Val-d'Izé,1493,1124,296,1197,73,7,65,Droite,2002,présidentielle
35,347,Val-d'Izé,1493,1124,296,1197,73,8,42,Écologie,2002,présidentielle
35,347,Val-d'Izé,1493,1124,296,1197,73,9,125,Gauche,2002,présidentielle
35,347,Val-d'Izé,1493,1124,296,1197,73,10,24,Droite,2002,présidentielle
35,347,Val-d'Izé,1493,1124,296,1197,73,11,8,Gauche,2002,présidentielle
35,347,Val-d'Izé,1493,1124,296,1197,73,12,45,Gauche,2002,présidentielle
35,347,Val-d'Izé,1493,1124,296,1197,73,13,77,Droite,2002,présidentielle
35,347,Val-d'Izé,1493,1124,296,1197,73,14,72,Extrême Gauche,2002,présidentielle
35,347,Val-d'Izé,1493,1124,296,1197,73,15,34,Extrême Gauche,2002,présidentielle
35,348,Vendel,277,210,52,225,15,0,3,Extrême Droite,2002,présidentielle
35,348,Vendel,277,210,52,225,15,1,8,Centre,2002,présidentielle
35,348,Vendel,277,210,52,225,15,2,0,Extrême Gauche,2002,présidentielle
35,348,Vendel,277,210,52,225,15,3,16,Centre,2002,présidentielle
35,348,Vendel,277,210,52,225,15,4,88,Droite,2002,présidentielle
35,348,Vendel,277,210,52,225,15,5,14,Extrême Droite,2002,présidentielle
35,348,Vendel,277,210,52,225,15,6,2,Gauche,2002,présidentielle
35,348,Vendel,277,210,52,225,15,7,12,Droite,2002,présidentielle
35,348,Vendel,277,210,52,225,15,8,10,Écologie,2002,présidentielle
35,348,Vendel,277,210,52,225,15,9,22,Gauche,2002,présidentielle
35,348,Vendel,277,210,52,225,15,10,5,Droite,2002,présidentielle
35,348,Vendel,277,210,52,225,15,11,3,Gauche,2002,présidentielle
35,348,Vendel,277,210,52,225,15,12,2,Gauche,2002,présidentielle
35,348,Vendel,277,210,52,225,15,13,10,Droite,2002,présidentielle
35,348,Vendel,277,210,52,225,15,14,5,Extrême Gauche,2002,présidentielle
35,348,Vendel,277,210,52,225,15,15,10,Extrême Gauche,2002,présidentielle
35,350,Vergéal,446,331,96,350,19,0,4,Extrême Droite,2002,présidentielle
35,350,Vergéal,446,331,96,350,19,1,5,Centre,2002,présidentielle
35,350,Vergéal,446,331,96,350,19,2,4,Extrême Gauche,2002,présidentielle
35,350,Vergéal,446,331,96,350,19,3,29,Centre,2002,présidentielle
35,350,Vergéal,446,331,96,350,19,4,84,Droite,2002,présidentielle
35,350,Vergéal,446,331,96,350,19,5,40,Extrême Droite,2002,présidentielle
35,350,Vergéal,446,331,96,350,19,6,7,Gauche,2002,présidentielle
35,350,Vergéal,446,331,96,350,19,7,13,Droite,2002,présidentielle
35,350,Vergéal,446,331,96,350,19,8,14,Écologie,2002,présidentielle
35,350,Vergéal,446,331,96,350,19,9,38,Gauche,2002,présidentielle
35,350,Vergéal,446,331,96,350,19,10,11,Droite,2002,présidentielle
35,350,Vergéal,446,331,96,350,19,11,7,Gauche,2002,présidentielle
35,350,Vergéal,446,331,96,350,19,12,9,Gauche,2002,présidentielle
35,350,Vergéal,446,331,96,350,19,13,23,Droite,2002,présidentielle
35,350,Vergéal,446,331,96,350,19,14,34,Extrême Gauche,2002,présidentielle
35,350,Vergéal,446,331,96,350,19,15,9,Extrême Gauche,2002,présidentielle
35,351,Le Verger,772,611,146,626,15,0,12,Extrême Droite,2002,présidentielle
35,351,Le Verger,772,611,146,626,15,1,12,Centre,2002,présidentielle
35,351,Le Verger,772,611,146,626,15,2,4,Extrême Gauche,2002,présidentielle
35,351,Le Verger,772,611,146,626,15,3,30,Centre,2002,présidentielle
35,351,Le Verger,772,611,146,626,15,4,107,Droite,2002,présidentielle
35,351,Le Verger,772,611,146,626,15,5,67,Extrême Droite,2002,présidentielle
35,351,Le Verger,772,611,146,626,15,6,17,Gauche,2002,présidentielle
35,351,Le Verger,772,611,146,626,15,7,16,Droite,2002,présidentielle
35,351,Le Verger,772,611,146,626,15,8,45,Écologie,2002,présidentielle
35,351,Le Verger,772,611,146,626,15,9,119,Gauche,2002,présidentielle
35,351,Le Verger,772,611,146,626,15,10,8,Droite,2002,présidentielle
35,351,Le Verger,772,611,146,626,15,11,17,Gauche,2002,présidentielle
35,351,Le Verger,772,611,146,626,15,12,13,Gauche,2002,présidentielle
35,351,Le Verger,772,611,146,626,15,13,30,Droite,2002,présidentielle
35,351,Le Verger,772,611,146,626,15,14,76,Extrême Gauche,2002,présidentielle
35,351,Le Verger,772,611,146,626,15,15,38,Extrême Gauche,2002,présidentielle
35,352,Vern-sur-Seiche,5513,3968,1398,4115,147,0,39,Extrême Droite,2002,présidentielle
35,352,Vern-sur-Seiche,5513,3968,1398,4115,147,1,110,Centre,2002,présidentielle
35,352,Vern-sur-Seiche,5513,3968,1398,4115,147,2,15,Extrême Gauche,2002,présidentielle
35,352,Vern-sur-Seiche,5513,3968,1398,4115,147,3,329,Centre,2002,présidentielle
35,352,Vern-sur-Seiche,5513,3968,1398,4115,147,4,597,Droite,2002,présidentielle
35,352,Vern-sur-Seiche,5513,3968,1398,4115,147,5,371,Extrême Droite,2002,présidentielle
35,352,Vern-sur-Seiche,5513,3968,1398,4115,147,6,120,Gauche,2002,présidentielle
35,352,Vern-sur-Seiche,5513,3968,1398,4115,147,7,66,Droite,2002,présidentielle
35,352,Vern-sur-Seiche,5513,3968,1398,4115,147,8,406,Écologie,2002,présidentielle
35,352,Vern-sur-Seiche,5513,3968,1398,4115,147,9,819,Gauche,2002,présidentielle
35,352,Vern-sur-Seiche,5513,3968,1398,4115,147,10,27,Droite,2002,présidentielle
35,352,Vern-sur-Seiche,5513,3968,1398,4115,147,11,94,Gauche,2002,présidentielle
35,352,Vern-sur-Seiche,5513,3968,1398,4115,147,12,228,Gauche,2002,présidentielle
35,352,Vern-sur-Seiche,5513,3968,1398,4115,147,13,181,Droite,2002,présidentielle
35,352,Vern-sur-Seiche,5513,3968,1398,4115,147,14,295,Extrême Gauche,2002,présidentielle
35,352,Vern-sur-Seiche,5513,3968,1398,4115,147,15,271,Extrême Gauche,2002,présidentielle
35,353,Vezin-le-Coquet,3078,2323,678,2400,77,0,27,Extrême Droite,2002,présidentielle
35,353,Vezin-le-Coquet,3078,2323,678,2400,77,1,83,Centre,2002,présidentielle
35,353,Vezin-le-Coquet,3078,2323,678,2400,77,2,10,Extrême Gauche,2002,présidentielle
35,353,Vezin-le-Coquet,3078,2323,678,2400,77,3,237,Centre,2002,présidentielle
35,353,Vezin-le-Coquet,3078,2323,678,2400,77,4,421,Droite,2002,présidentielle
35,353,Vezin-le-Coquet,3078,2323,678,2400,77,5,174,Extrême Droite,2002,présidentielle
35,353,Vezin-le-Coquet,3078,2323,678,2400,77,6,64,Gauche,2002,présidentielle
35,353,Vezin-le-Coquet,3078,2323,678,2400,77,7,25,Droite,2002,présidentielle
35,353,Vezin-le-Coquet,3078,2323,678,2400,77,8,194,Écologie,2002,présidentielle
35,353,Vezin-le-Coquet,3078,2323,678,2400,77,9,488,Gauche,2002,présidentielle
35,353,Vezin-le-Coquet,3078,2323,678,2400,77,10,51,Droite,2002,présidentielle
35,353,Vezin-le-Coquet,3078,2323,678,2400,77,11,63,Gauche,2002,présidentielle
35,353,Vezin-le-Coquet,3078,2323,678,2400,77,12,123,Gauche,2002,présidentielle
35,353,Vezin-le-Coquet,3078,2323,678,2400,77,13,123,Droite,2002,présidentielle
35,353,Vezin-le-Coquet,3078,2323,678,2400,77,14,128,Extrême Gauche,2002,présidentielle
35,353,Vezin-le-Coquet,3078,2323,678,2400,77,15,112,Extrême Gauche,2002,présidentielle
35,354,Vieux-Viel,236,177,42,194,17,0,4,Extrême Droite,2002,présidentielle
35,354,Vieux-Viel,236,177,42,194,17,1,3,Centre,2002,présidentielle
35,354,Vieux-Viel,236,177,42,194,17,2,1,Extrême Gauche,2002,présidentielle
35,354,Vieux-Viel,236,177,42,194,17,3,5,Centre,2002,présidentielle
35,354,Vieux-Viel,236,177,42,194,17,4,42,Droite,2002,présidentielle
35,354,Vieux-Viel,236,177,42,194,17,5,24,Extrême Droite,2002,présidentielle
35,354,Vieux-Viel,236,177,42,194,17,6,1,Gauche,2002,présidentielle
35,354,Vieux-Viel,236,177,42,194,17,7,21,Droite,2002,présidentielle
35,354,Vieux-Viel,236,177,42,194,17,8,6,Écologie,2002,présidentielle
35,354,Vieux-Viel,236,177,42,194,17,9,20,Gauche,2002,présidentielle
35,354,Vieux-Viel,236,177,42,194,17,10,2,Droite,2002,présidentielle
35,354,Vieux-Viel,236,177,42,194,17,11,1,Gauche,2002,présidentielle
35,354,Vieux-Viel,236,177,42,194,17,12,7,Gauche,2002,présidentielle
35,354,Vieux-Viel,236,177,42,194,17,13,10,Droite,2002,présidentielle
35,354,Vieux-Viel,236,177,42,194,17,14,14,Extrême Gauche,2002,présidentielle
35,354,Vieux-Viel,236,177,42,194,17,15,16,Extrême Gauche,2002,présidentielle
35,355,Vieux-Vy-sur-Couesnon,732,520,193,539,19,0,8,Extrême Droite,2002,présidentielle
35,355,Vieux-Vy-sur-Couesnon,732,520,193,539,19,1,10,Centre,2002,présidentielle
35,355,Vieux-Vy-sur-Couesnon,732,520,193,539,19,2,1,Extrême Gauche,2002,présidentielle
35,355,Vieux-Vy-sur-Couesnon,732,520,193,539,19,3,36,Centre,2002,présidentielle
35,355,Vieux-Vy-sur-Couesnon,732,520,193,539,19,4,92,Droite,2002,présidentielle
35,355,Vieux-Vy-sur-Couesnon,732,520,193,539,19,5,70,Extrême Droite,2002,présidentielle
35,355,Vieux-Vy-sur-Couesnon,732,520,193,539,19,6,13,Gauche,2002,présidentielle
35,355,Vieux-Vy-sur-Couesnon,732,520,193,539,19,7,36,Droite,2002,présidentielle
35,355,Vieux-Vy-sur-Couesnon,732,520,193,539,19,8,24,Écologie,2002,présidentielle
35,355,Vieux-Vy-sur-Couesnon,732,520,193,539,19,9,106,Gauche,2002,présidentielle
35,355,Vieux-Vy-sur-Couesnon,732,520,193,539,19,10,3,Droite,2002,présidentielle
35,355,Vieux-Vy-sur-Couesnon,732,520,193,539,19,11,13,Gauche,2002,présidentielle
35,355,Vieux-Vy-sur-Couesnon,732,520,193,539,19,12,5,Gauche,2002,présidentielle
35,355,Vieux-Vy-sur-Couesnon,732,520,193,539,19,13,23,Droite,2002,présidentielle
35,355,Vieux-Vy-sur-Couesnon,732,520,193,539,19,14,45,Extrême Gauche,2002,présidentielle
35,355,Vieux-Vy-sur-Couesnon,732,520,193,539,19,15,35,Extrême Gauche,2002,présidentielle
35,356,Vignoc,843,666,153,690,24,0,9,Extrême Droite,2002,présidentielle
35,356,Vignoc,843,666,153,690,24,1,20,Centre,2002,présidentielle
35,356,Vignoc,843,666,153,690,24,2,1,Extrême Gauche,2002,présidentielle
35,356,Vignoc,843,666,153,690,24,3,47,Centre,2002,présidentielle
35,356,Vignoc,843,666,153,690,24,4,117,Droite,2002,présidentielle
35,356,Vignoc,843,666,153,690,24,5,62,Extrême Droite,2002,présidentielle
35,356,Vignoc,843,666,153,690,24,6,18,Gauche,2002,présidentielle
35,356,Vignoc,843,666,153,690,24,7,28,Droite,2002,présidentielle
35,356,Vignoc,843,666,153,690,24,8,51,Écologie,2002,présidentielle
35,356,Vignoc,843,666,153,690,24,9,149,Gauche,2002,présidentielle
35,356,Vignoc,843,666,153,690,24,10,8,Droite,2002,présidentielle
35,356,Vignoc,843,666,153,690,24,11,12,Gauche,2002,présidentielle
35,356,Vignoc,843,666,153,690,24,12,28,Gauche,2002,présidentielle
35,356,Vignoc,843,666,153,690,24,13,35,Droite,2002,présidentielle
35,356,Vignoc,843,666,153,690,24,14,50,Extrême Gauche,2002,présidentielle
35,356,Vignoc,843,666,153,690,24,15,31,Extrême Gauche,2002,présidentielle
35,357,Villamée,276,210,60,216,6,0,2,Extrême Droite,2002,présidentielle
35,357,Villamée,276,210,60,216,6,1,5,Centre,2002,présidentielle
35,357,Villamée,276,210,60,216,6,2,1,Extrême Gauche,2002,présidentielle
35,357,Villamée,276,210,60,216,6,3,15,Centre,2002,présidentielle
35,357,Villamée,276,210,60,216,6,4,66,Droite,2002,présidentielle
35,357,Villamée,276,210,60,216,6,5,21,Extrême Droite,2002,présidentielle
35,357,Villamée,276,210,60,216,6,6,10,Gauche,2002,présidentielle
35,357,Villamée,276,210,60,216,6,7,13,Droite,2002,présidentielle
35,357,Villamée,276,210,60,216,6,8,11,Écologie,2002,présidentielle
35,357,Villamée,276,210,60,216,6,9,17,Gauche,2002,présidentielle
35,357,Villamée,276,210,60,216,6,10,9,Droite,2002,présidentielle
35,357,Villamée,276,210,60,216,6,11,1,Gauche,2002,présidentielle
35,357,Villamée,276,210,60,216,6,12,4,Gauche,2002,présidentielle
35,357,Villamée,276,210,60,216,6,13,15,Droite,2002,présidentielle
35,357,Villamée,276,210,60,216,6,14,10,Extrême Gauche,2002,présidentielle
35,357,Villamée,276,210,60,216,6,15,10,Extrême Gauche,2002,présidentielle
35,358,La Ville-ès-Nonais,579,449,114,465,16,0,8,Extrême Droite,2002,présidentielle
35,358,La Ville-ès-Nonais,579,449,114,465,16,1,10,Centre,2002,présidentielle
35,358,La Ville-ès-Nonais,579,449,114,465,16,2,2,Extrême Gauche,2002,présidentielle
35,358,La Ville-ès-Nonais,579,449,114,465,16,3,22,Centre,2002,présidentielle
35,358,La Ville-ès-Nonais,579,449,114,465,16,4,103,Droite,2002,présidentielle
35,358,La Ville-ès-Nonais,579,449,114,465,16,5,59,Extrême Droite,2002,présidentielle
35,358,La Ville-ès-Nonais,579,449,114,465,16,6,16,Gauche,2002,présidentielle
35,358,La Ville-ès-Nonais,579,449,114,465,16,7,28,Droite,2002,présidentielle
35,358,La Ville-ès-Nonais,579,449,114,465,16,8,33,Écologie,2002,présidentielle
35,358,La Ville-ès-Nonais,579,449,114,465,16,9,66,Gauche,2002,présidentielle
35,358,La Ville-ès-Nonais,579,449,114,465,16,10,4,Droite,2002,présidentielle
35,358,La Ville-ès-Nonais,579,449,114,465,16,11,11,Gauche,2002,présidentielle
35,358,La Ville-ès-Nonais,579,449,114,465,16,12,16,Gauche,2002,présidentielle
35,358,La Ville-ès-Nonais,579,449,114,465,16,13,22,Droite,2002,présidentielle
35,358,La Ville-ès-Nonais,579,449,114,465,16,14,29,Extrême Gauche,2002,présidentielle
35,358,La Ville-ès-Nonais,579,449,114,465,16,15,20,Extrême Gauche,2002,présidentielle
35,359,Visseiche,538,379,139,399,20,0,11,Extrême Droite,2002,présidentielle
35,359,Visseiche,538,379,139,399,20,1,8,Centre,2002,présidentielle
35,359,Visseiche,538,379,139,399,20,2,2,Extrême Gauche,2002,présidentielle
35,359,Visseiche,538,379,139,399,20,3,34,Centre,2002,présidentielle
35,359,Visseiche,538,379,139,399,20,4,127,Droite,2002,présidentielle
35,359,Visseiche,538,379,139,399,20,5,44,Extrême Droite,2002,présidentielle
35,359,Visseiche,538,379,139,399,20,6,4,Gauche,2002,présidentielle
35,359,Visseiche,538,379,139,399,20,7,15,Droite,2002,présidentielle
35,359,Visseiche,538,379,139,399,20,8,15,Écologie,2002,présidentielle
35,359,Visseiche,538,379,139,399,20,9,36,Gauche,2002,présidentielle
35,359,Visseiche,538,379,139,399,20,10,8,Droite,2002,présidentielle
35,359,Visseiche,538,379,139,399,20,11,4,Gauche,2002,présidentielle
35,359,Visseiche,538,379,139,399,20,12,15,Gauche,2002,présidentielle
35,359,Visseiche,538,379,139,399,20,13,21,Droite,2002,présidentielle
35,359,Visseiche,538,379,139,399,20,14,21,Extrême Gauche,2002,présidentielle
35,359,Visseiche,538,379,139,399,20,15,14,Extrême Gauche,2002,présidentielle
35,360,Vitré,11079,7746,3006,8073,327,0,87,Extrême Droite,2002,présidentielle
35,360,Vitré,11079,7746,3006,8073,327,1,237,Centre,2002,présidentielle
35,360,Vitré,11079,7746,3006,8073,327,2,29,Extrême Gauche,2002,présidentielle
35,360,Vitré,11079,7746,3006,8073,327,3,983,Centre,2002,présidentielle
35,360,Vitré,11079,7746,3006,8073,327,4,1961,Droite,2002,présidentielle
35,360,Vitré,11079,7746,3006,8073,327,5,649,Extrême Droite,2002,présidentielle
35,360,Vitré,11079,7746,3006,8073,327,6,167,Gauche,2002,présidentielle
35,360,Vitré,11079,7746,3006,8073,327,7,163,Droite,2002,présidentielle
35,360,Vitré,11079,7746,3006,8073,327,8,504,Écologie,2002,présidentielle
35,360,Vitré,11079,7746,3006,8073,327,9,1167,Gauche,2002,présidentielle
35,360,Vitré,11079,7746,3006,8073,327,10,158,Droite,2002,présidentielle
35,360,Vitré,11079,7746,3006,8073,327,11,101,Gauche,2002,présidentielle
35,360,Vitré,11079,7746,3006,8073,327,12,331,Gauche,2002,présidentielle
35,360,Vitré,11079,7746,3006,8073,327,13,325,Droite,2002,présidentielle
35,360,Vitré,11079,7746,3006,8073,327,14,500,Extrême Gauche,2002,présidentielle
35,360,Vitré,11079,7746,3006,8073,327,15,384,Extrême Gauche,2002,présidentielle
35,361,Le Vivier-sur-Mer,768,536,213,555,19,0,13,Extrême Droite,2002,présidentielle
35,361,Le Vivier-sur-Mer,768,536,213,555,19,1,12,Centre,2002,présidentielle
35,361,Le Vivier-sur-Mer,768,536,213,555,19,2,4,Extrême Gauche,2002,présidentielle
35,361,Le Vivier-sur-Mer,768,536,213,555,19,3,21,Centre,2002,présidentielle
35,361,Le Vivier-sur-Mer,768,536,213,555,19,4,124,Droite,2002,présidentielle
35,361,Le Vivier-sur-Mer,768,536,213,555,19,5,62,Extrême Droite,2002,présidentielle
35,361,Le Vivier-sur-Mer,768,536,213,555,19,6,8,Gauche,2002,présidentielle
35,361,Le Vivier-sur-Mer,768,536,213,555,19,7,72,Droite,2002,présidentielle
35,361,Le Vivier-sur-Mer,768,536,213,555,19,8,25,Écologie,2002,présidentielle
35,361,Le Vivier-sur-Mer,768,536,213,555,19,9,94,Gauche,2002,présidentielle
35,361,Le Vivier-sur-Mer,768,536,213,555,19,10,10,Droite,2002,présidentielle
35,361,Le Vivier-sur-Mer,768,536,213,555,19,11,8,Gauche,2002,présidentielle
35,361,Le Vivier-sur-Mer,768,536,213,555,19,12,20,Gauche,2002,présidentielle
35,361,Le Vivier-sur-Mer,768,536,213,555,19,13,25,Droite,2002,présidentielle
35,361,Le Vivier-sur-Mer,768,536,213,555,19,14,17,Extrême Gauche,2002,présidentielle
35,361,Le Vivier-sur-Mer,768,536,213,555,19,15,21,Extrême Gauche,2002,présidentielle
35,362,Le Tronchet,609,456,133,476,20,0,12,Extrême Droite,2002,présidentielle
35,362,Le Tronchet,609,456,133,476,20,1,6,Centre,2002,présidentielle
35,362,Le Tronchet,609,456,133,476,20,2,4,Extrême Gauche,2002,présidentielle
35,362,Le Tronchet,609,456,133,476,20,3,18,Centre,2002,présidentielle
35,362,Le Tronchet,609,456,133,476,20,4,97,Droite,2002,présidentielle
35,362,Le Tronchet,609,456,133,476,20,5,61,Extrême Droite,2002,présidentielle
35,362,Le Tronchet,609,456,133,476,20,6,5,Gauche,2002,présidentielle
35,362,Le Tronchet,609,456,133,476,20,7,26,Droite,2002,présidentielle
35,362,Le Tronchet,609,456,133,476,20,8,23,Écologie,2002,présidentielle
35,362,Le Tronchet,609,456,133,476,20,9,87,Gauche,2002,présidentielle
35,362,Le Tronchet,609,456,133,476,20,10,4,Droite,2002,présidentielle
35,362,Le Tronchet,609,456,133,476,20,11,12,Gauche,2002,présidentielle
35,362,Le Tronchet,609,456,133,476,20,12,12,Gauche,2002,présidentielle
35,362,Le Tronchet,609,456,133,476,20,13,15,Droite,2002,présidentielle
35,362,Le Tronchet,609,456,133,476,20,14,42,Extrême Gauche,2002,présidentielle
35,362,Le Tronchet,609,456,133,476,20,15,32,Extrême Gauche,2002,présidentielle
35,363,Pont-Péan,2328,1701,557,1771,70,0,16,Extrême Droite,2002,présidentielle
35,363,Pont-Péan,2328,1701,557,1771,70,1,57,Centre,2002,présidentielle
35,363,Pont-Péan,2328,1701,557,1771,70,2,7,Extrême Gauche,2002,présidentielle
35,363,Pont-Péan,2328,1701,557,1771,70,3,101,Centre,2002,présidentielle
35,363,Pont-Péan,2328,1701,557,1771,70,4,258,Droite,2002,présidentielle
35,363,Pont-Péan,2328,1701,557,1771,70,5,173,Extrême Droite,2002,présidentielle
35,363,Pont-Péan,2328,1701,557,1771,70,6,41,Gauche,2002,présidentielle
35,363,Pont-Péan,2328,1701,557,1771,70,7,46,Droite,2002,présidentielle
35,363,Pont-Péan,2328,1701,557,1771,70,8,142,Écologie,2002,présidentielle
35,363,Pont-Péan,2328,1701,557,1771,70,9,373,Gauche,2002,présidentielle
35,363,Pont-Péan,2328,1701,557,1771,70,10,15,Droite,2002,présidentielle
35,363,Pont-Péan,2328,1701,557,1771,70,11,29,Gauche,2002,présidentielle
35,363,Pont-Péan,2328,1701,557,1771,70,12,103,Gauche,2002,présidentielle
35,363,Pont-Péan,2328,1701,557,1771,70,13,78,Droite,2002,présidentielle
35,363,Pont-Péan,2328,1701,557,1771,70,14,151,Extrême Gauche,2002,présidentielle
35,363,Pont-Péan,2328,1701,557,1771,70,15,111,Extrême Gauche,2002,présidentielle
