id_dept,id_commune,nom_commune,nb_inscrits,nb_exprimes,nb_abs,nb_votants,nb_blancs_nuls,candidat_id,cand_voix,cand_orientation,années,type_election
35,32,Bourgbarré,2815,1400,1382,1433,33,0,13.0,Extrême Gauche,2017,présidentielle
35,32,Bourgbarré,2815,1400,1382,1433,33,1,11.0,Gauche,2017,présidentielle
35,32,Bourgbarré,2815,1400,1382,1433,33,2,178.0,Gauche,2017,présidentielle
35,32,Bourgbarré,2815,1400,1382,1433,33,3,187.0,Gauche,2017,présidentielle
35,32,Bourgbarré,2815,1400,1382,1433,33,4,5.0,Gauche,2017,présidentielle
35,32,Bourgbarré,2815,1400,1382,1433,33,5,12.0,Écologie,2017,présidentielle
35,32,Bourgbarré,2815,1400,1382,1433,33,6,73.0,Écologie,2017,présidentielle
35,32,Bourgbarré,2815,1400,1382,1433,33,7,4.0,Écologie,2017,présidentielle
35,32,Bourgbarré,2815,1400,1382,1433,33,8,5.0,Écologie,2017,présidentielle
35,32,Bourgbarré,2815,1400,1382,1433,33,9,20.0,Divers,2017,présidentielle
35,32,Bourgbarré,2815,1400,1382,1433,33,10,0.0,Divers,2017,présidentielle
35,32,Bourgbarré,2815,1400,1382,1433,33,11,16.0,Divers,2017,présidentielle
35,32,Bourgbarré,2815,1400,1382,1433,33,12,8.0,Régionalisme,2017,présidentielle
35,32,Bourgbarré,2815,1400,1382,1433,33,13,510.0,Centre,2017,présidentielle
35,32,Bourgbarré,2815,1400,1382,1433,33,14,218.0,Droite,2017,présidentielle
35,32,Bourgbarré,2815,1400,1382,1433,33,15,16.0,Droite,2017,présidentielle
35,32,Bourgbarré,2815,1400,1382,1433,33,16,124.0,Extrême Droite,2017,présidentielle
35,47,Bruz,12516,6621,5769,6747,126,0,38.0,Extrême Gauche,2017,présidentielle
35,47,Bruz,12516,6621,5769,6747,126,1,61.0,Gauche,2017,présidentielle
35,47,Bruz,12516,6621,5769,6747,126,2,701.0,Gauche,2017,présidentielle
35,47,Bruz,12516,6621,5769,6747,126,3,720.0,Gauche,2017,présidentielle
35,47,Bruz,12516,6621,5769,6747,126,4,63.0,Gauche,2017,présidentielle
35,47,Bruz,12516,6621,5769,6747,126,5,70.0,Écologie,2017,présidentielle
35,47,Bruz,12516,6621,5769,6747,126,6,286.0,Écologie,2017,présidentielle
35,47,Bruz,12516,6621,5769,6747,126,7,53.0,Écologie,2017,présidentielle
35,47,Bruz,12516,6621,5769,6747,126,8,23.0,Écologie,2017,présidentielle
35,47,Bruz,12516,6621,5769,6747,126,9,99.0,Divers,2017,présidentielle
35,47,Bruz,12516,6621,5769,6747,126,10,0.0,Divers,2017,présidentielle
35,47,Bruz,12516,6621,5769,6747,126,11,61.0,Divers,2017,présidentielle
35,47,Bruz,12516,6621,5769,6747,126,12,45.0,Régionalisme,2017,présidentielle
35,47,Bruz,12516,6621,5769,6747,126,13,2682.0,Centre,2017,présidentielle
35,47,Bruz,12516,6621,5769,6747,126,14,1118.0,Droite,2017,présidentielle
35,47,Bruz,12516,6621,5769,6747,126,15,142.0,Droite,2017,présidentielle
35,47,Bruz,12516,6621,5769,6747,126,16,459.0,Extrême Droite,2017,présidentielle
35,55,Chantepie,7305,4158,3091,4214,56,0,13.0,Extrême Gauche,2017,présidentielle
35,55,Chantepie,7305,4158,3091,4214,56,1,37.0,Gauche,2017,présidentielle
35,55,Chantepie,7305,4158,3091,4214,56,2,451.0,Gauche,2017,présidentielle
35,55,Chantepie,7305,4158,3091,4214,56,3,574.0,Gauche,2017,présidentielle
35,55,Chantepie,7305,4158,3091,4214,56,4,21.0,Gauche,2017,présidentielle
35,55,Chantepie,7305,4158,3091,4214,56,5,40.0,Écologie,2017,présidentielle
35,55,Chantepie,7305,4158,3091,4214,56,6,178.0,Écologie,2017,présidentielle
35,55,Chantepie,7305,4158,3091,4214,56,7,9.0,Écologie,2017,présidentielle
35,55,Chantepie,7305,4158,3091,4214,56,8,27.0,Écologie,2017,présidentielle
35,55,Chantepie,7305,4158,3091,4214,56,9,58.0,Divers,2017,présidentielle
35,55,Chantepie,7305,4158,3091,4214,56,10,0.0,Divers,2017,présidentielle
35,55,Chantepie,7305,4158,3091,4214,56,11,20.0,Divers,2017,présidentielle
35,55,Chantepie,7305,4158,3091,4214,56,12,12.0,Régionalisme,2017,présidentielle
35,55,Chantepie,7305,4158,3091,4214,56,13,1279.0,Centre,2017,présidentielle
35,55,Chantepie,7305,4158,3091,4214,56,14,1216.0,Droite,2017,présidentielle
35,55,Chantepie,7305,4158,3091,4214,56,15,28.0,Droite,2017,présidentielle
35,55,Chantepie,7305,4158,3091,4214,56,16,195.0,Extrême Droite,2017,présidentielle
35,66,Chartres-de-Bretagne,5814,3067,2679,3135,68,0,25.0,Extrême Gauche,2017,présidentielle
35,66,Chartres-de-Bretagne,5814,3067,2679,3135,68,1,38.0,Gauche,2017,présidentielle
35,66,Chartres-de-Bretagne,5814,3067,2679,3135,68,2,320.0,Gauche,2017,présidentielle
35,66,Chartres-de-Bretagne,5814,3067,2679,3135,68,3,436.0,Gauche,2017,présidentielle
35,66,Chartres-de-Bretagne,5814,3067,2679,3135,68,4,20.0,Gauche,2017,présidentielle
35,66,Chartres-de-Bretagne,5814,3067,2679,3135,68,5,29.0,Écologie,2017,présidentielle
35,66,Chartres-de-Bretagne,5814,3067,2679,3135,68,6,159.0,Écologie,2017,présidentielle
35,66,Chartres-de-Bretagne,5814,3067,2679,3135,68,7,16.0,Écologie,2017,présidentielle
35,66,Chartres-de-Bretagne,5814,3067,2679,3135,68,8,15.0,Écologie,2017,présidentielle
35,66,Chartres-de-Bretagne,5814,3067,2679,3135,68,9,42.0,Divers,2017,présidentielle
35,66,Chartres-de-Bretagne,5814,3067,2679,3135,68,10,0.0,Divers,2017,présidentielle
35,66,Chartres-de-Bretagne,5814,3067,2679,3135,68,11,37.0,Divers,2017,présidentielle
35,66,Chartres-de-Bretagne,5814,3067,2679,3135,68,12,23.0,Régionalisme,2017,présidentielle
35,66,Chartres-de-Bretagne,5814,3067,2679,3135,68,13,1160.0,Centre,2017,présidentielle
35,66,Chartres-de-Bretagne,5814,3067,2679,3135,68,14,497.0,Droite,2017,présidentielle
35,66,Chartres-de-Bretagne,5814,3067,2679,3135,68,15,33.0,Droite,2017,présidentielle
35,66,Chartres-de-Bretagne,5814,3067,2679,3135,68,16,217.0,Extrême Droite,2017,présidentielle
35,206,Noyal-Châtillon-sur-Seiche,4934,2723,2160,2774,51,0,10.0,Extrême Gauche,2017,présidentielle
35,206,Noyal-Châtillon-sur-Seiche,4934,2723,2160,2774,51,1,40.0,Gauche,2017,présidentielle
35,206,Noyal-Châtillon-sur-Seiche,4934,2723,2160,2774,51,2,335.0,Gauche,2017,présidentielle
35,206,Noyal-Châtillon-sur-Seiche,4934,2723,2160,2774,51,3,350.0,Gauche,2017,présidentielle
35,206,Noyal-Châtillon-sur-Seiche,4934,2723,2160,2774,51,4,27.0,Gauche,2017,présidentielle
35,206,Noyal-Châtillon-sur-Seiche,4934,2723,2160,2774,51,5,31.0,Écologie,2017,présidentielle
35,206,Noyal-Châtillon-sur-Seiche,4934,2723,2160,2774,51,6,117.0,Écologie,2017,présidentielle
35,206,Noyal-Châtillon-sur-Seiche,4934,2723,2160,2774,51,7,9.0,Écologie,2017,présidentielle
35,206,Noyal-Châtillon-sur-Seiche,4934,2723,2160,2774,51,8,6.0,Écologie,2017,présidentielle
35,206,Noyal-Châtillon-sur-Seiche,4934,2723,2160,2774,51,9,49.0,Divers,2017,présidentielle
35,206,Noyal-Châtillon-sur-Seiche,4934,2723,2160,2774,51,10,0.0,Divers,2017,présidentielle
35,206,Noyal-Châtillon-sur-Seiche,4934,2723,2160,2774,51,11,15.0,Divers,2017,présidentielle
35,206,Noyal-Châtillon-sur-Seiche,4934,2723,2160,2774,51,12,15.0,Régionalisme,2017,présidentielle
35,206,Noyal-Châtillon-sur-Seiche,4934,2723,2160,2774,51,13,915.0,Centre,2017,présidentielle
35,206,Noyal-Châtillon-sur-Seiche,4934,2723,2160,2774,51,14,584.0,Droite,2017,présidentielle
35,206,Noyal-Châtillon-sur-Seiche,4934,2723,2160,2774,51,15,32.0,Droite,2017,présidentielle
35,206,Noyal-Châtillon-sur-Seiche,4934,2723,2160,2774,51,16,188.0,Extrême Droite,2017,présidentielle
35,208,Orgères,3164,1753,1376,1788,35,0,9.0,Extrême Gauche,2017,présidentielle
35,208,Orgères,3164,1753,1376,1788,35,1,19.0,Gauche,2017,présidentielle
35,208,Orgères,3164,1753,1376,1788,35,2,208.0,Gauche,2017,présidentielle
35,208,Orgères,3164,1753,1376,1788,35,3,371.0,Gauche,2017,présidentielle
35,208,Orgères,3164,1753,1376,1788,35,4,9.0,Gauche,2017,présidentielle
35,208,Orgères,3164,1753,1376,1788,35,5,24.0,Écologie,2017,présidentielle
35,208,Orgères,3164,1753,1376,1788,35,6,58.0,Écologie,2017,présidentielle
35,208,Orgères,3164,1753,1376,1788,35,7,7.0,Écologie,2017,présidentielle
35,208,Orgères,3164,1753,1376,1788,35,8,9.0,Écologie,2017,présidentielle
35,208,Orgères,3164,1753,1376,1788,35,9,20.0,Divers,2017,présidentielle
35,208,Orgères,3164,1753,1376,1788,35,10,0.0,Divers,2017,présidentielle
35,208,Orgères,3164,1753,1376,1788,35,11,9.0,Divers,2017,présidentielle
35,208,Orgères,3164,1753,1376,1788,35,12,18.0,Régionalisme,2017,présidentielle
35,208,Orgères,3164,1753,1376,1788,35,13,590.0,Centre,2017,présidentielle
35,208,Orgères,3164,1753,1376,1788,35,14,233.0,Droite,2017,présidentielle
35,208,Orgères,3164,1753,1376,1788,35,15,18.0,Droite,2017,présidentielle
35,208,Orgères,3164,1753,1376,1788,35,16,151.0,Extrême Droite,2017,présidentielle
35,238,Rennes,41240,21425,19497,21743,318,0,167.0,Extrême Gauche,2017,présidentielle
35,238,Rennes,41240,21425,19497,21743,318,1,406.0,Gauche,2017,présidentielle
35,238,Rennes,41240,21425,19497,21743,318,2,3236.0,Gauche,2017,présidentielle
35,238,Rennes,41240,21425,19497,21743,318,3,3278.0,Gauche,2017,présidentielle
35,238,Rennes,41240,21425,19497,21743,318,4,239.0,Gauche,2017,présidentielle
35,238,Rennes,41240,21425,19497,21743,318,5,246.0,Écologie,2017,présidentielle
35,238,Rennes,41240,21425,19497,21743,318,6,1613.0,Écologie,2017,présidentielle
35,238,Rennes,41240,21425,19497,21743,318,7,100.0,Écologie,2017,présidentielle
35,238,Rennes,41240,21425,19497,21743,318,8,120.0,Écologie,2017,présidentielle
35,238,Rennes,41240,21425,19497,21743,318,9,667.0,Divers,2017,présidentielle
35,238,Rennes,41240,21425,19497,21743,318,10,55.0,Divers,2017,présidentielle
35,238,Rennes,41240,21425,19497,21743,318,11,196.0,Divers,2017,présidentielle
35,238,Rennes,41240,21425,19497,21743,318,12,177.0,Régionalisme,2017,présidentielle
35,238,Rennes,41240,21425,19497,21743,318,13,6977.0,Centre,2017,présidentielle
35,238,Rennes,41240,21425,19497,21743,318,14,2552.0,Droite,2017,présidentielle
35,238,Rennes,41240,21425,19497,21743,318,15,283.0,Droite,2017,présidentielle
35,238,Rennes,41240,21425,19497,21743,318,16,1113.0,Extrême Droite,2017,présidentielle
35,266,Saint-Erblon,2213,1292,898,1315,23,0,4.0,Extrême Gauche,2017,présidentielle
35,266,Saint-Erblon,2213,1292,898,1315,23,1,10.0,Gauche,2017,présidentielle
35,266,Saint-Erblon,2213,1292,898,1315,23,2,138.0,Gauche,2017,présidentielle
35,266,Saint-Erblon,2213,1292,898,1315,23,3,180.0,Gauche,2017,présidentielle
35,266,Saint-Erblon,2213,1292,898,1315,23,4,6.0,Gauche,2017,présidentielle
35,266,Saint-Erblon,2213,1292,898,1315,23,5,11.0,Écologie,2017,présidentielle
35,266,Saint-Erblon,2213,1292,898,1315,23,6,48.0,Écologie,2017,présidentielle
35,266,Saint-Erblon,2213,1292,898,1315,23,7,12.0,Écologie,2017,présidentielle
35,266,Saint-Erblon,2213,1292,898,1315,23,8,3.0,Écologie,2017,présidentielle
35,266,Saint-Erblon,2213,1292,898,1315,23,9,15.0,Divers,2017,présidentielle
35,266,Saint-Erblon,2213,1292,898,1315,23,10,0.0,Divers,2017,présidentielle
35,266,Saint-Erblon,2213,1292,898,1315,23,11,1.0,Divers,2017,présidentielle
35,266,Saint-Erblon,2213,1292,898,1315,23,12,13.0,Régionalisme,2017,présidentielle
35,266,Saint-Erblon,2213,1292,898,1315,23,13,451.0,Centre,2017,présidentielle
35,266,Saint-Erblon,2213,1292,898,1315,23,14,309.0,Droite,2017,présidentielle
35,266,Saint-Erblon,2213,1292,898,1315,23,15,9.0,Droite,2017,présidentielle
35,266,Saint-Erblon,2213,1292,898,1315,23,16,82.0,Extrême Droite,2017,présidentielle
35,352,Vern-sur-Seiche,6432,3592,2774,3658,66,0,25.0,Extrême Gauche,2017,présidentielle
35,352,Vern-sur-Seiche,6432,3592,2774,3658,66,1,32.0,Gauche,2017,présidentielle
35,352,Vern-sur-Seiche,6432,3592,2774,3658,66,2,410.0,Gauche,2017,présidentielle
35,352,Vern-sur-Seiche,6432,3592,2774,3658,66,3,539.0,Gauche,2017,présidentielle
35,352,Vern-sur-Seiche,6432,3592,2774,3658,66,4,31.0,Gauche,2017,présidentielle
35,352,Vern-sur-Seiche,6432,3592,2774,3658,66,5,62.0,Écologie,2017,présidentielle
35,352,Vern-sur-Seiche,6432,3592,2774,3658,66,6,148.0,Écologie,2017,présidentielle
35,352,Vern-sur-Seiche,6432,3592,2774,3658,66,7,21.0,Écologie,2017,présidentielle
35,352,Vern-sur-Seiche,6432,3592,2774,3658,66,8,9.0,Écologie,2017,présidentielle
35,352,Vern-sur-Seiche,6432,3592,2774,3658,66,9,56.0,Divers,2017,présidentielle
35,352,Vern-sur-Seiche,6432,3592,2774,3658,66,10,0.0,Divers,2017,présidentielle
35,352,Vern-sur-Seiche,6432,3592,2774,3658,66,11,23.0,Divers,2017,présidentielle
35,352,Vern-sur-Seiche,6432,3592,2774,3658,66,12,23.0,Régionalisme,2017,présidentielle
35,352,Vern-sur-Seiche,6432,3592,2774,3658,66,13,1390.0,Centre,2017,présidentielle
35,352,Vern-sur-Seiche,6432,3592,2774,3658,66,14,550.0,Droite,2017,présidentielle
35,352,Vern-sur-Seiche,6432,3592,2774,3658,66,15,40.0,Droite,2017,présidentielle
35,352,Vern-sur-Seiche,6432,3592,2774,3658,66,16,233.0,Extrême Droite,2017,présidentielle
35,363,Pont-Péan,3256,1760,1454,1802,42,0,8.0,Extrême Gauche,2017,présidentielle
35,363,Pont-Péan,3256,1760,1454,1802,42,1,117.0,Gauche,2017,présidentielle
35,363,Pont-Péan,3256,1760,1454,1802,42,2,230.0,Gauche,2017,présidentielle
35,363,Pont-Péan,3256,1760,1454,1802,42,3,219.0,Gauche,2017,présidentielle
35,363,Pont-Péan,3256,1760,1454,1802,42,4,14.0,Gauche,2017,présidentielle
35,363,Pont-Péan,3256,1760,1454,1802,42,5,25.0,Écologie,2017,présidentielle
35,363,Pont-Péan,3256,1760,1454,1802,42,6,72.0,Écologie,2017,présidentielle
35,363,Pont-Péan,3256,1760,1454,1802,42,7,10.0,Écologie,2017,présidentielle
35,363,Pont-Péan,3256,1760,1454,1802,42,8,8.0,Écologie,2017,présidentielle
35,363,Pont-Péan,3256,1760,1454,1802,42,9,33.0,Divers,2017,présidentielle
35,363,Pont-Péan,3256,1760,1454,1802,42,10,0.0,Divers,2017,présidentielle
35,363,Pont-Péan,3256,1760,1454,1802,42,11,15.0,Divers,2017,présidentielle
35,363,Pont-Péan,3256,1760,1454,1802,42,12,18.0,Régionalisme,2017,présidentielle
35,363,Pont-Péan,3256,1760,1454,1802,42,13,629.0,Centre,2017,présidentielle
35,363,Pont-Péan,3256,1760,1454,1802,42,14,217.0,Droite,2017,présidentielle
35,363,Pont-Péan,3256,1760,1454,1802,42,15,15.0,Droite,2017,présidentielle
35,363,Pont-Péan,3256,1760,1454,1802,42,16,130.0,Extrême Droite,2017,présidentielle
35,1,Acigné,5044,3056,1926,3118,62,0,20.0,Extrême Gauche,2017,présidentielle
35,1,Acigné,5044,3056,1926,3118,62,1,27.0,Gauche,2017,présidentielle
35,1,Acigné,5044,3056,1926,3118,62,2,375.0,Gauche,2017,présidentielle
35,1,Acigné,5044,3056,1926,3118,62,3,388.0,Gauche,2017,présidentielle
35,1,Acigné,5044,3056,1926,3118,62,4,26.0,Écologie,2017,présidentielle
35,1,Acigné,5044,3056,1926,3118,62,5,196.0,Écologie,2017,présidentielle
35,1,Acigné,5044,3056,1926,3118,62,6,13.0,Écologie,2017,présidentielle
35,1,Acigné,5044,3056,1926,3118,62,7,24.0,Divers,2017,présidentielle
35,1,Acigné,5044,3056,1926,3118,62,8,28.0,Divers,2017,présidentielle
35,1,Acigné,5044,3056,1926,3118,62,9,12.0,Divers,2017,présidentielle
35,1,Acigné,5044,3056,1926,3118,62,10,0.0,Divers,2017,présidentielle
35,1,Acigné,5044,3056,1926,3118,62,11,38.0,Régionalisme,2017,présidentielle
35,1,Acigné,5044,3056,1926,3118,62,12,1505.0,Centre,2017,présidentielle
35,1,Acigné,5044,3056,1926,3118,62,13,233.0,Droite,2017,présidentielle
35,1,Acigné,5044,3056,1926,3118,62,14,0.0,Droite,2017,présidentielle
35,1,Acigné,5044,3056,1926,3118,62,15,35.0,Droite,2017,présidentielle
35,1,Acigné,5044,3056,1926,3118,62,16,136.0,Extrême Droite,2017,présidentielle
35,24,Betton,8857,5189,3583,5274,85,0,27.0,Extrême Gauche,2017,présidentielle
35,24,Betton,8857,5189,3583,5274,85,1,68.0,Gauche,2017,présidentielle
35,24,Betton,8857,5189,3583,5274,85,2,601.0,Gauche,2017,présidentielle
35,24,Betton,8857,5189,3583,5274,85,3,711.0,Gauche,2017,présidentielle
35,24,Betton,8857,5189,3583,5274,85,4,27.0,Écologie,2017,présidentielle
35,24,Betton,8857,5189,3583,5274,85,5,302.0,Écologie,2017,présidentielle
35,24,Betton,8857,5189,3583,5274,85,6,32.0,Écologie,2017,présidentielle
35,24,Betton,8857,5189,3583,5274,85,7,25.0,Divers,2017,présidentielle
35,24,Betton,8857,5189,3583,5274,85,8,47.0,Divers,2017,présidentielle
35,24,Betton,8857,5189,3583,5274,85,9,24.0,Divers,2017,présidentielle
35,24,Betton,8857,5189,3583,5274,85,10,0.0,Divers,2017,présidentielle
35,24,Betton,8857,5189,3583,5274,85,11,66.0,Régionalisme,2017,présidentielle
35,24,Betton,8857,5189,3583,5274,85,12,2533.0,Centre,2017,présidentielle
35,24,Betton,8857,5189,3583,5274,85,13,460.0,Droite,2017,présidentielle
35,24,Betton,8857,5189,3583,5274,85,14,0.0,Droite,2017,présidentielle
35,24,Betton,8857,5189,3583,5274,85,15,52.0,Droite,2017,présidentielle
35,24,Betton,8857,5189,3583,5274,85,16,214.0,Extrême Droite,2017,présidentielle
35,31,La Bouëxière,2932,1584,1321,1611,27,0,14.0,Extrême Gauche,2017,présidentielle
35,31,La Bouëxière,2932,1584,1321,1611,27,1,17.0,Gauche,2017,présidentielle
35,31,La Bouëxière,2932,1584,1321,1611,27,2,223.0,Gauche,2017,présidentielle
35,31,La Bouëxière,2932,1584,1321,1611,27,3,158.0,Gauche,2017,présidentielle
35,31,La Bouëxière,2932,1584,1321,1611,27,4,13.0,Écologie,2017,présidentielle
35,31,La Bouëxière,2932,1584,1321,1611,27,5,70.0,Écologie,2017,présidentielle
35,31,La Bouëxière,2932,1584,1321,1611,27,6,13.0,Écologie,2017,présidentielle
35,31,La Bouëxière,2932,1584,1321,1611,27,7,15.0,Divers,2017,présidentielle
35,31,La Bouëxière,2932,1584,1321,1611,27,8,15.0,Divers,2017,présidentielle
35,31,La Bouëxière,2932,1584,1321,1611,27,9,8.0,Divers,2017,présidentielle
35,31,La Bouëxière,2932,1584,1321,1611,27,10,0.0,Divers,2017,présidentielle
35,31,La Bouëxière,2932,1584,1321,1611,27,11,29.0,Régionalisme,2017,présidentielle
35,31,La Bouëxière,2932,1584,1321,1611,27,12,696.0,Centre,2017,présidentielle
35,31,La Bouëxière,2932,1584,1321,1611,27,13,160.0,Droite,2017,présidentielle
35,31,La Bouëxière,2932,1584,1321,1611,27,14,0.0,Droite,2017,présidentielle
35,31,La Bouëxière,2932,1584,1321,1611,27,15,9.0,Droite,2017,présidentielle
35,31,La Bouëxière,2932,1584,1321,1611,27,16,144.0,Extrême Droite,2017,présidentielle
35,51,Cesson-Sévigné,13236,7945,5225,8011,66,0,29.0,Extrême Gauche,2017,présidentielle
35,51,Cesson-Sévigné,13236,7945,5225,8011,66,1,75.0,Gauche,2017,présidentielle
35,51,Cesson-Sévigné,13236,7945,5225,8011,66,2,744.0,Gauche,2017,présidentielle
35,51,Cesson-Sévigné,13236,7945,5225,8011,66,3,718.0,Gauche,2017,présidentielle
35,51,Cesson-Sévigné,13236,7945,5225,8011,66,4,60.0,Écologie,2017,présidentielle
35,51,Cesson-Sévigné,13236,7945,5225,8011,66,5,341.0,Écologie,2017,présidentielle
35,51,Cesson-Sévigné,13236,7945,5225,8011,66,6,34.0,Écologie,2017,présidentielle
35,51,Cesson-Sévigné,13236,7945,5225,8011,66,7,35.0,Divers,2017,présidentielle
35,51,Cesson-Sévigné,13236,7945,5225,8011,66,8,78.0,Divers,2017,présidentielle
35,51,Cesson-Sévigné,13236,7945,5225,8011,66,9,33.0,Divers,2017,présidentielle
35,51,Cesson-Sévigné,13236,7945,5225,8011,66,10,0.0,Divers,2017,présidentielle
35,51,Cesson-Sévigné,13236,7945,5225,8011,66,11,56.0,Régionalisme,2017,présidentielle
35,51,Cesson-Sévigné,13236,7945,5225,8011,66,12,3981.0,Centre,2017,présidentielle
35,51,Cesson-Sévigné,13236,7945,5225,8011,66,13,1311.0,Droite,2017,présidentielle
35,51,Cesson-Sévigné,13236,7945,5225,8011,66,14,0.0,Droite,2017,présidentielle
35,51,Cesson-Sévigné,13236,7945,5225,8011,66,15,144.0,Droite,2017,présidentielle
35,51,Cesson-Sévigné,13236,7945,5225,8011,66,16,306.0,Extrême Droite,2017,présidentielle
35,59,La Chapelle-des-Fougeretz,3317,1875,1414,1903,28,0,13.0,Extrême Gauche,2017,présidentielle
35,59,La Chapelle-des-Fougeretz,3317,1875,1414,1903,28,1,18.0,Gauche,2017,présidentielle
35,59,La Chapelle-des-Fougeretz,3317,1875,1414,1903,28,2,182.0,Gauche,2017,présidentielle
35,59,La Chapelle-des-Fougeretz,3317,1875,1414,1903,28,3,241.0,Gauche,2017,présidentielle
35,59,La Chapelle-des-Fougeretz,3317,1875,1414,1903,28,4,14.0,Écologie,2017,présidentielle
35,59,La Chapelle-des-Fougeretz,3317,1875,1414,1903,28,5,98.0,Écologie,2017,présidentielle
35,59,La Chapelle-des-Fougeretz,3317,1875,1414,1903,28,6,14.0,Écologie,2017,présidentielle
35,59,La Chapelle-des-Fougeretz,3317,1875,1414,1903,28,7,13.0,Divers,2017,présidentielle
35,59,La Chapelle-des-Fougeretz,3317,1875,1414,1903,28,8,14.0,Divers,2017,présidentielle
35,59,La Chapelle-des-Fougeretz,3317,1875,1414,1903,28,9,5.0,Divers,2017,présidentielle
35,59,La Chapelle-des-Fougeretz,3317,1875,1414,1903,28,10,0.0,Divers,2017,présidentielle
35,59,La Chapelle-des-Fougeretz,3317,1875,1414,1903,28,11,27.0,Régionalisme,2017,présidentielle
35,59,La Chapelle-des-Fougeretz,3317,1875,1414,1903,28,12,937.0,Centre,2017,présidentielle
35,59,La Chapelle-des-Fougeretz,3317,1875,1414,1903,28,13,199.0,Droite,2017,présidentielle
35,59,La Chapelle-des-Fougeretz,3317,1875,1414,1903,28,14,0.0,Droite,2017,présidentielle
35,59,La Chapelle-des-Fougeretz,3317,1875,1414,1903,28,15,9.0,Droite,2017,présidentielle
35,59,La Chapelle-des-Fougeretz,3317,1875,1414,1903,28,16,91.0,Extrême Droite,2017,présidentielle
35,67,Chasné-sur-Illet,1072,640,418,654,14,0,10.0,Extrême Gauche,2017,présidentielle
35,67,Chasné-sur-Illet,1072,640,418,654,14,1,17.0,Gauche,2017,présidentielle
35,67,Chasné-sur-Illet,1072,640,418,654,14,2,102.0,Gauche,2017,présidentielle
35,67,Chasné-sur-Illet,1072,640,418,654,14,3,69.0,Gauche,2017,présidentielle
35,67,Chasné-sur-Illet,1072,640,418,654,14,4,2.0,Écologie,2017,présidentielle
35,67,Chasné-sur-Illet,1072,640,418,654,14,5,41.0,Écologie,2017,présidentielle
35,67,Chasné-sur-Illet,1072,640,418,654,14,6,7.0,Écologie,2017,présidentielle
35,67,Chasné-sur-Illet,1072,640,418,654,14,7,1.0,Divers,2017,présidentielle
35,67,Chasné-sur-Illet,1072,640,418,654,14,8,8.0,Divers,2017,présidentielle
35,67,Chasné-sur-Illet,1072,640,418,654,14,9,10.0,Divers,2017,présidentielle
35,67,Chasné-sur-Illet,1072,640,418,654,14,10,0.0,Divers,2017,présidentielle
35,67,Chasné-sur-Illet,1072,640,418,654,14,11,5.0,Régionalisme,2017,présidentielle
35,67,Chasné-sur-Illet,1072,640,418,654,14,12,303.0,Centre,2017,présidentielle
35,67,Chasné-sur-Illet,1072,640,418,654,14,13,30.0,Droite,2017,présidentielle
35,67,Chasné-sur-Illet,1072,640,418,654,14,14,0.0,Droite,2017,présidentielle
35,67,Chasné-sur-Illet,1072,640,418,654,14,15,4.0,Droite,2017,présidentielle
35,67,Chasné-sur-Illet,1072,640,418,654,14,16,31.0,Extrême Droite,2017,présidentielle
35,94,Dingé,1207,700,497,710,10,0,4.0,Extrême Gauche,2017,présidentielle
35,94,Dingé,1207,700,497,710,10,1,7.0,Gauche,2017,présidentielle
35,94,Dingé,1207,700,497,710,10,2,70.0,Gauche,2017,présidentielle
35,94,Dingé,1207,700,497,710,10,3,207.0,Gauche,2017,présidentielle
35,94,Dingé,1207,700,497,710,10,4,2.0,Écologie,2017,présidentielle
35,94,Dingé,1207,700,497,710,10,5,27.0,Écologie,2017,présidentielle
35,94,Dingé,1207,700,497,710,10,6,1.0,Écologie,2017,présidentielle
35,94,Dingé,1207,700,497,710,10,7,5.0,Divers,2017,présidentielle
35,94,Dingé,1207,700,497,710,10,8,2.0,Divers,2017,présidentielle
35,94,Dingé,1207,700,497,710,10,9,6.0,Divers,2017,présidentielle
35,94,Dingé,1207,700,497,710,10,10,0.0,Divers,2017,présidentielle
35,94,Dingé,1207,700,497,710,10,11,10.0,Régionalisme,2017,présidentielle
35,94,Dingé,1207,700,497,710,10,12,221.0,Centre,2017,présidentielle
35,94,Dingé,1207,700,497,710,10,13,73.0,Droite,2017,présidentielle
35,94,Dingé,1207,700,497,710,10,14,0.0,Droite,2017,présidentielle
35,94,Dingé,1207,700,497,710,10,15,5.0,Droite,2017,présidentielle
35,94,Dingé,1207,700,497,710,10,16,60.0,Extrême Droite,2017,présidentielle
35,101,Dourdain,726,363,354,372,9,0,5.0,Extrême Gauche,2017,présidentielle
35,101,Dourdain,726,363,354,372,9,1,9.0,Gauche,2017,présidentielle
35,101,Dourdain,726,363,354,372,9,2,37.0,Gauche,2017,présidentielle
35,101,Dourdain,726,363,354,372,9,3,41.0,Gauche,2017,présidentielle
35,101,Dourdain,726,363,354,372,9,4,6.0,Écologie,2017,présidentielle
35,101,Dourdain,726,363,354,372,9,5,10.0,Écologie,2017,présidentielle
35,101,Dourdain,726,363,354,372,9,6,2.0,Écologie,2017,présidentielle
35,101,Dourdain,726,363,354,372,9,7,2.0,Divers,2017,présidentielle
35,101,Dourdain,726,363,354,372,9,8,2.0,Divers,2017,présidentielle
35,101,Dourdain,726,363,354,372,9,9,2.0,Divers,2017,présidentielle
35,101,Dourdain,726,363,354,372,9,10,0.0,Divers,2017,présidentielle
35,101,Dourdain,726,363,354,372,9,11,7.0,Régionalisme,2017,présidentielle
35,101,Dourdain,726,363,354,372,9,12,158.0,Centre,2017,présidentielle
35,101,Dourdain,726,363,354,372,9,13,20.0,Droite,2017,présidentielle
35,101,Dourdain,726,363,354,372,9,14,0.0,Droite,2017,présidentielle
35,101,Dourdain,726,363,354,372,9,15,6.0,Droite,2017,présidentielle
35,101,Dourdain,726,363,354,372,9,16,56.0,Extrême Droite,2017,présidentielle
35,107,Ercé-près-Liffré,1328,718,592,736,18,0,3.0,Extrême Gauche,2017,présidentielle
35,107,Ercé-près-Liffré,1328,718,592,736,18,1,15.0,Gauche,2017,présidentielle
35,107,Ercé-près-Liffré,1328,718,592,736,18,2,106.0,Gauche,2017,présidentielle
35,107,Ercé-près-Liffré,1328,718,592,736,18,3,103.0,Gauche,2017,présidentielle
35,107,Ercé-près-Liffré,1328,718,592,736,18,4,3.0,Écologie,2017,présidentielle
35,107,Ercé-près-Liffré,1328,718,592,736,18,5,52.0,Écologie,2017,présidentielle
35,107,Ercé-près-Liffré,1328,718,592,736,18,6,5.0,Écologie,2017,présidentielle
35,107,Ercé-près-Liffré,1328,718,592,736,18,7,6.0,Divers,2017,présidentielle
35,107,Ercé-près-Liffré,1328,718,592,736,18,8,12.0,Divers,2017,présidentielle
35,107,Ercé-près-Liffré,1328,718,592,736,18,9,7.0,Divers,2017,présidentielle
35,107,Ercé-près-Liffré,1328,718,592,736,18,10,0.0,Divers,2017,présidentielle
35,107,Ercé-près-Liffré,1328,718,592,736,18,11,5.0,Régionalisme,2017,présidentielle
35,107,Ercé-près-Liffré,1328,718,592,736,18,12,318.0,Centre,2017,présidentielle
35,107,Ercé-près-Liffré,1328,718,592,736,18,13,44.0,Droite,2017,présidentielle
35,107,Ercé-près-Liffré,1328,718,592,736,18,14,0.0,Droite,2017,présidentielle
35,107,Ercé-près-Liffré,1328,718,592,736,18,15,3.0,Droite,2017,présidentielle
35,107,Ercé-près-Liffré,1328,718,592,736,18,16,36.0,Extrême Droite,2017,présidentielle
35,128,Guipel,1218,610,596,622,12,0,5.0,Extrême Gauche,2017,présidentielle
35,128,Guipel,1218,610,596,622,12,1,9.0,Gauche,2017,présidentielle
35,128,Guipel,1218,610,596,622,12,2,101.0,Gauche,2017,présidentielle
35,128,Guipel,1218,610,596,622,12,3,50.0,Gauche,2017,présidentielle
35,128,Guipel,1218,610,596,622,12,4,0.0,Écologie,2017,présidentielle
35,128,Guipel,1218,610,596,622,12,5,34.0,Écologie,2017,présidentielle
35,128,Guipel,1218,610,596,622,12,6,5.0,Écologie,2017,présidentielle
35,128,Guipel,1218,610,596,622,12,7,3.0,Divers,2017,présidentielle
35,128,Guipel,1218,610,596,622,12,8,2.0,Divers,2017,présidentielle
35,128,Guipel,1218,610,596,622,12,9,9.0,Divers,2017,présidentielle
35,128,Guipel,1218,610,596,622,12,10,0.0,Divers,2017,présidentielle
35,128,Guipel,1218,610,596,622,12,11,19.0,Régionalisme,2017,présidentielle
35,128,Guipel,1218,610,596,622,12,12,229.0,Centre,2017,présidentielle
35,128,Guipel,1218,610,596,622,12,13,57.0,Droite,2017,présidentielle
35,128,Guipel,1218,610,596,622,12,14,0.0,Droite,2017,présidentielle
35,128,Guipel,1218,610,596,622,12,15,1.0,Droite,2017,présidentielle
35,128,Guipel,1218,610,596,622,12,16,86.0,Extrême Droite,2017,présidentielle
35,130,Hédé-Bazouges,1532,902,617,915,13,0,11.0,Extrême Gauche,2017,présidentielle
35,130,Hédé-Bazouges,1532,902,617,915,13,1,8.0,Gauche,2017,présidentielle
35,130,Hédé-Bazouges,1532,902,617,915,13,2,119.0,Gauche,2017,présidentielle
35,130,Hédé-Bazouges,1532,902,617,915,13,3,86.0,Gauche,2017,présidentielle
35,130,Hédé-Bazouges,1532,902,617,915,13,4,8.0,Écologie,2017,présidentielle
35,130,Hédé-Bazouges,1532,902,617,915,13,5,61.0,Écologie,2017,présidentielle
35,130,Hédé-Bazouges,1532,902,617,915,13,6,7.0,Écologie,2017,présidentielle
35,130,Hédé-Bazouges,1532,902,617,915,13,7,1.0,Divers,2017,présidentielle
35,130,Hédé-Bazouges,1532,902,617,915,13,8,10.0,Divers,2017,présidentielle
35,130,Hédé-Bazouges,1532,902,617,915,13,9,7.0,Divers,2017,présidentielle
35,130,Hédé-Bazouges,1532,902,617,915,13,10,0.0,Divers,2017,présidentielle
35,130,Hédé-Bazouges,1532,902,617,915,13,11,13.0,Régionalisme,2017,présidentielle
35,130,Hédé-Bazouges,1532,902,617,915,13,12,403.0,Centre,2017,présidentielle
35,130,Hédé-Bazouges,1532,902,617,915,13,13,102.0,Droite,2017,présidentielle
35,130,Hédé-Bazouges,1532,902,617,915,13,14,0.0,Droite,2017,présidentielle
35,130,Hédé-Bazouges,1532,902,617,915,13,15,7.0,Droite,2017,présidentielle
35,130,Hédé-Bazouges,1532,902,617,915,13,16,59.0,Extrême Droite,2017,présidentielle
35,146,Langouet,392,245,140,252,7,0,5.0,Extrême Gauche,2017,présidentielle
35,146,Langouet,392,245,140,252,7,1,0.0,Gauche,2017,présidentielle
35,146,Langouet,392,245,140,252,7,2,29.0,Gauche,2017,présidentielle
35,146,Langouet,392,245,140,252,7,3,9.0,Gauche,2017,présidentielle
35,146,Langouet,392,245,140,252,7,4,1.0,Écologie,2017,présidentielle
35,146,Langouet,392,245,140,252,7,5,15.0,Écologie,2017,présidentielle
35,146,Langouet,392,245,140,252,7,6,1.0,Écologie,2017,présidentielle
35,146,Langouet,392,245,140,252,7,7,0.0,Divers,2017,présidentielle
35,146,Langouet,392,245,140,252,7,8,4.0,Divers,2017,présidentielle
35,146,Langouet,392,245,140,252,7,9,2.0,Divers,2017,présidentielle
35,146,Langouet,392,245,140,252,7,10,0.0,Divers,2017,présidentielle
35,146,Langouet,392,245,140,252,7,11,65.0,Régionalisme,2017,présidentielle
35,146,Langouet,392,245,140,252,7,12,65.0,Centre,2017,présidentielle
35,146,Langouet,392,245,140,252,7,13,24.0,Droite,2017,présidentielle
35,146,Langouet,392,245,140,252,7,14,0.0,Droite,2017,présidentielle
35,146,Langouet,392,245,140,252,7,15,3.0,Droite,2017,présidentielle
35,146,Langouet,392,245,140,252,7,16,22.0,Extrême Droite,2017,présidentielle
35,148,Lanrigan,107,66,39,68,2,0,0.0,Extrême Gauche,2017,présidentielle
35,148,Lanrigan,107,66,39,68,2,1,0.0,Gauche,2017,présidentielle
35,148,Lanrigan,107,66,39,68,2,2,3.0,Gauche,2017,présidentielle
35,148,Lanrigan,107,66,39,68,2,3,7.0,Gauche,2017,présidentielle
35,148,Lanrigan,107,66,39,68,2,4,0.0,Écologie,2017,présidentielle
35,148,Lanrigan,107,66,39,68,2,5,2.0,Écologie,2017,présidentielle
35,148,Lanrigan,107,66,39,68,2,6,0.0,Écologie,2017,présidentielle
35,148,Lanrigan,107,66,39,68,2,7,0.0,Divers,2017,présidentielle
35,148,Lanrigan,107,66,39,68,2,8,2.0,Divers,2017,présidentielle
35,148,Lanrigan,107,66,39,68,2,9,1.0,Divers,2017,présidentielle
35,148,Lanrigan,107,66,39,68,2,10,0.0,Divers,2017,présidentielle
35,148,Lanrigan,107,66,39,68,2,11,1.0,Régionalisme,2017,présidentielle
35,148,Lanrigan,107,66,39,68,2,12,29.0,Centre,2017,présidentielle
35,148,Lanrigan,107,66,39,68,2,13,13.0,Droite,2017,présidentielle
35,148,Lanrigan,107,66,39,68,2,14,0.0,Droite,2017,présidentielle
35,148,Lanrigan,107,66,39,68,2,15,1.0,Droite,2017,présidentielle
35,148,Lanrigan,107,66,39,68,2,16,7.0,Extrême Droite,2017,présidentielle
35,152,Liffré,5686,3244,2391,3295,51,0,19.0,Extrême Gauche,2017,présidentielle
35,152,Liffré,5686,3244,2391,3295,51,1,84.0,Gauche,2017,présidentielle
35,152,Liffré,5686,3244,2391,3295,51,2,427.0,Gauche,2017,présidentielle
35,152,Liffré,5686,3244,2391,3295,51,3,419.0,Gauche,2017,présidentielle
35,152,Liffré,5686,3244,2391,3295,51,4,23.0,Écologie,2017,présidentielle
35,152,Liffré,5686,3244,2391,3295,51,5,139.0,Écologie,2017,présidentielle
35,152,Liffré,5686,3244,2391,3295,51,6,18.0,Écologie,2017,présidentielle
35,152,Liffré,5686,3244,2391,3295,51,7,26.0,Divers,2017,présidentielle
35,152,Liffré,5686,3244,2391,3295,51,8,18.0,Divers,2017,présidentielle
35,152,Liffré,5686,3244,2391,3295,51,9,14.0,Divers,2017,présidentielle
35,152,Liffré,5686,3244,2391,3295,51,10,0.0,Divers,2017,présidentielle
35,152,Liffré,5686,3244,2391,3295,51,11,20.0,Régionalisme,2017,présidentielle
35,152,Liffré,5686,3244,2391,3295,51,12,1528.0,Centre,2017,présidentielle
35,152,Liffré,5686,3244,2391,3295,51,13,269.0,Droite,2017,présidentielle
35,152,Liffré,5686,3244,2391,3295,51,14,0.0,Droite,2017,présidentielle
35,152,Liffré,5686,3244,2391,3295,51,15,27.0,Droite,2017,présidentielle
35,152,Liffré,5686,3244,2391,3295,51,16,213.0,Extrême Droite,2017,présidentielle
35,154,Livré-sur-Changeon,1111,577,517,594,17,0,3.0,Extrême Gauche,2017,présidentielle
35,154,Livré-sur-Changeon,1111,577,517,594,17,1,9.0,Gauche,2017,présidentielle
35,154,Livré-sur-Changeon,1111,577,517,594,17,2,72.0,Gauche,2017,présidentielle
35,154,Livré-sur-Changeon,1111,577,517,594,17,3,36.0,Gauche,2017,présidentielle
35,154,Livré-sur-Changeon,1111,577,517,594,17,4,0.0,Écologie,2017,présidentielle
35,154,Livré-sur-Changeon,1111,577,517,594,17,5,28.0,Écologie,2017,présidentielle
35,154,Livré-sur-Changeon,1111,577,517,594,17,6,5.0,Écologie,2017,présidentielle
35,154,Livré-sur-Changeon,1111,577,517,594,17,7,4.0,Divers,2017,présidentielle
35,154,Livré-sur-Changeon,1111,577,517,594,17,8,6.0,Divers,2017,présidentielle
35,154,Livré-sur-Changeon,1111,577,517,594,17,9,2.0,Divers,2017,présidentielle
35,154,Livré-sur-Changeon,1111,577,517,594,17,10,0.0,Divers,2017,présidentielle
35,154,Livré-sur-Changeon,1111,577,517,594,17,11,8.0,Régionalisme,2017,présidentielle
35,154,Livré-sur-Changeon,1111,577,517,594,17,12,290.0,Centre,2017,présidentielle
35,154,Livré-sur-Changeon,1111,577,517,594,17,13,54.0,Droite,2017,présidentielle
35,154,Livré-sur-Changeon,1111,577,517,594,17,14,0.0,Droite,2017,présidentielle
35,154,Livré-sur-Changeon,1111,577,517,594,17,15,7.0,Droite,2017,présidentielle
35,154,Livré-sur-Changeon,1111,577,517,594,17,16,53.0,Extrême Droite,2017,présidentielle
35,177,La Mézière,3574,1968,1571,2003,35,0,17.0,Extrême Gauche,2017,présidentielle
35,177,La Mézière,3574,1968,1571,2003,35,1,16.0,Gauche,2017,présidentielle
35,177,La Mézière,3574,1968,1571,2003,35,2,243.0,Gauche,2017,présidentielle
35,177,La Mézière,3574,1968,1571,2003,35,3,166.0,Gauche,2017,présidentielle
35,177,La Mézière,3574,1968,1571,2003,35,4,9.0,Écologie,2017,présidentielle
35,177,La Mézière,3574,1968,1571,2003,35,5,88.0,Écologie,2017,présidentielle
35,177,La Mézière,3574,1968,1571,2003,35,6,6.0,Écologie,2017,présidentielle
35,177,La Mézière,3574,1968,1571,2003,35,7,6.0,Divers,2017,présidentielle
35,177,La Mézière,3574,1968,1571,2003,35,8,16.0,Divers,2017,présidentielle
35,177,La Mézière,3574,1968,1571,2003,35,9,16.0,Divers,2017,présidentielle
35,177,La Mézière,3574,1968,1571,2003,35,10,0.0,Divers,2017,présidentielle
35,177,La Mézière,3574,1968,1571,2003,35,11,48.0,Régionalisme,2017,présidentielle
35,177,La Mézière,3574,1968,1571,2003,35,12,1056.0,Centre,2017,présidentielle
35,177,La Mézière,3574,1968,1571,2003,35,13,142.0,Droite,2017,présidentielle
35,177,La Mézière,3574,1968,1571,2003,35,14,0.0,Droite,2017,présidentielle
35,177,La Mézière,3574,1968,1571,2003,35,15,15.0,Droite,2017,présidentielle
35,177,La Mézière,3574,1968,1571,2003,35,16,124.0,Extrême Droite,2017,présidentielle
35,189,Montgermont,2424,1474,929,1495,21,0,7.0,Extrême Gauche,2017,présidentielle
35,189,Montgermont,2424,1474,929,1495,21,1,13.0,Gauche,2017,présidentielle
35,189,Montgermont,2424,1474,929,1495,21,2,125.0,Gauche,2017,présidentielle
35,189,Montgermont,2424,1474,929,1495,21,3,169.0,Gauche,2017,présidentielle
35,189,Montgermont,2424,1474,929,1495,21,4,13.0,Écologie,2017,présidentielle
35,189,Montgermont,2424,1474,929,1495,21,5,70.0,Écologie,2017,présidentielle
35,189,Montgermont,2424,1474,929,1495,21,6,14.0,Écologie,2017,présidentielle
35,189,Montgermont,2424,1474,929,1495,21,7,8.0,Divers,2017,présidentielle
35,189,Montgermont,2424,1474,929,1495,21,8,12.0,Divers,2017,présidentielle
35,189,Montgermont,2424,1474,929,1495,21,9,2.0,Divers,2017,présidentielle
35,189,Montgermont,2424,1474,929,1495,21,10,0.0,Divers,2017,présidentielle
35,189,Montgermont,2424,1474,929,1495,21,11,12.0,Régionalisme,2017,présidentielle
35,189,Montgermont,2424,1474,929,1495,21,12,761.0,Centre,2017,présidentielle
35,189,Montgermont,2424,1474,929,1495,21,13,171.0,Droite,2017,présidentielle
35,189,Montgermont,2424,1474,929,1495,21,14,0.0,Droite,2017,présidentielle
35,189,Montgermont,2424,1474,929,1495,21,15,9.0,Droite,2017,présidentielle
35,189,Montgermont,2424,1474,929,1495,21,16,88.0,Extrême Droite,2017,présidentielle
35,233,Québriac,1182,702,472,710,8,0,7.0,Extrême Gauche,2017,présidentielle
35,233,Québriac,1182,702,472,710,8,1,12.0,Gauche,2017,présidentielle
35,233,Québriac,1182,702,472,710,8,2,95.0,Gauche,2017,présidentielle
35,233,Québriac,1182,702,472,710,8,3,59.0,Gauche,2017,présidentielle
35,233,Québriac,1182,702,472,710,8,4,10.0,Écologie,2017,présidentielle
35,233,Québriac,1182,702,472,710,8,5,36.0,Écologie,2017,présidentielle
35,233,Québriac,1182,702,472,710,8,6,8.0,Écologie,2017,présidentielle
35,233,Québriac,1182,702,472,710,8,7,4.0,Divers,2017,présidentielle
35,233,Québriac,1182,702,472,710,8,8,5.0,Divers,2017,présidentielle
35,233,Québriac,1182,702,472,710,8,9,0.0,Divers,2017,présidentielle
35,233,Québriac,1182,702,472,710,8,10,0.0,Divers,2017,présidentielle
35,233,Québriac,1182,702,472,710,8,11,12.0,Régionalisme,2017,présidentielle
35,233,Québriac,1182,702,472,710,8,12,310.0,Centre,2017,présidentielle
35,233,Québriac,1182,702,472,710,8,13,63.0,Droite,2017,présidentielle
35,233,Québriac,1182,702,472,710,8,14,0.0,Droite,2017,présidentielle
35,233,Québriac,1182,702,472,710,8,15,13.0,Droite,2017,présidentielle
35,233,Québriac,1182,702,472,710,8,16,68.0,Extrême Droite,2017,présidentielle
35,238,Rennes,20212,11072,9030,11182,110,0,71.0,Extrême Gauche,2017,présidentielle
35,238,Rennes,20212,11072,9030,11182,110,1,195.0,Gauche,2017,présidentielle
35,238,Rennes,20212,11072,9030,11182,110,2,1610.0,Gauche,2017,présidentielle
35,238,Rennes,20212,11072,9030,11182,110,3,1476.0,Gauche,2017,présidentielle
35,238,Rennes,20212,11072,9030,11182,110,4,70.0,Écologie,2017,présidentielle
35,238,Rennes,20212,11072,9030,11182,110,5,818.0,Écologie,2017,présidentielle
35,238,Rennes,20212,11072,9030,11182,110,6,67.0,Écologie,2017,présidentielle
35,238,Rennes,20212,11072,9030,11182,110,7,46.0,Divers,2017,présidentielle
35,238,Rennes,20212,11072,9030,11182,110,8,75.0,Divers,2017,présidentielle
35,238,Rennes,20212,11072,9030,11182,110,9,75.0,Divers,2017,présidentielle
35,238,Rennes,20212,11072,9030,11182,110,10,0.0,Divers,2017,présidentielle
35,238,Rennes,20212,11072,9030,11182,110,11,80.0,Régionalisme,2017,présidentielle
35,238,Rennes,20212,11072,9030,11182,110,12,4339.0,Centre,2017,présidentielle
35,238,Rennes,20212,11072,9030,11182,110,13,1437.0,Droite,2017,présidentielle
35,238,Rennes,20212,11072,9030,11182,110,14,0.0,Droite,2017,présidentielle
35,238,Rennes,20212,11072,9030,11182,110,15,313.0,Droite,2017,présidentielle
35,238,Rennes,20212,11072,9030,11182,110,16,400.0,Extrême Droite,2017,présidentielle
35,276,Saint-Gondran,438,255,172,266,11,0,2.0,Extrême Gauche,2017,présidentielle
35,276,Saint-Gondran,438,255,172,266,11,1,6.0,Gauche,2017,présidentielle
35,276,Saint-Gondran,438,255,172,266,11,2,35.0,Gauche,2017,présidentielle
35,276,Saint-Gondran,438,255,172,266,11,3,22.0,Gauche,2017,présidentielle
35,276,Saint-Gondran,438,255,172,266,11,4,0.0,Écologie,2017,présidentielle
35,276,Saint-Gondran,438,255,172,266,11,5,13.0,Écologie,2017,présidentielle
35,276,Saint-Gondran,438,255,172,266,11,6,2.0,Écologie,2017,présidentielle
35,276,Saint-Gondran,438,255,172,266,11,7,1.0,Divers,2017,présidentielle
35,276,Saint-Gondran,438,255,172,266,11,8,2.0,Divers,2017,présidentielle
35,276,Saint-Gondran,438,255,172,266,11,9,1.0,Divers,2017,présidentielle
35,276,Saint-Gondran,438,255,172,266,11,10,0.0,Divers,2017,présidentielle
35,276,Saint-Gondran,438,255,172,266,11,11,8.0,Régionalisme,2017,présidentielle
35,276,Saint-Gondran,438,255,172,266,11,12,98.0,Centre,2017,présidentielle
35,276,Saint-Gondran,438,255,172,266,11,13,31.0,Droite,2017,présidentielle
35,276,Saint-Gondran,438,255,172,266,11,14,0.0,Droite,2017,présidentielle
35,276,Saint-Gondran,438,255,172,266,11,15,0.0,Droite,2017,présidentielle
35,276,Saint-Gondran,438,255,172,266,11,16,34.0,Extrême Droite,2017,présidentielle
35,278,Saint-Grégoire,7822,4630,3142,4680,50,0,10.0,Extrême Gauche,2017,présidentielle
35,278,Saint-Grégoire,7822,4630,3142,4680,50,1,30.0,Gauche,2017,présidentielle
35,278,Saint-Grégoire,7822,4630,3142,4680,50,2,304.0,Gauche,2017,présidentielle
35,278,Saint-Grégoire,7822,4630,3142,4680,50,3,410.0,Gauche,2017,présidentielle
35,278,Saint-Grégoire,7822,4630,3142,4680,50,4,23.0,Écologie,2017,présidentielle
35,278,Saint-Grégoire,7822,4630,3142,4680,50,5,182.0,Écologie,2017,présidentielle
35,278,Saint-Grégoire,7822,4630,3142,4680,50,6,15.0,Écologie,2017,présidentielle
35,278,Saint-Grégoire,7822,4630,3142,4680,50,7,24.0,Divers,2017,présidentielle
35,278,Saint-Grégoire,7822,4630,3142,4680,50,8,26.0,Divers,2017,présidentielle
35,278,Saint-Grégoire,7822,4630,3142,4680,50,9,17.0,Divers,2017,présidentielle
35,278,Saint-Grégoire,7822,4630,3142,4680,50,10,0.0,Divers,2017,présidentielle
35,278,Saint-Grégoire,7822,4630,3142,4680,50,11,38.0,Régionalisme,2017,présidentielle
35,278,Saint-Grégoire,7822,4630,3142,4680,50,12,2257.0,Centre,2017,présidentielle
35,278,Saint-Grégoire,7822,4630,3142,4680,50,13,1085.0,Droite,2017,présidentielle
35,278,Saint-Grégoire,7822,4630,3142,4680,50,14,0.0,Droite,2017,présidentielle
35,278,Saint-Grégoire,7822,4630,3142,4680,50,15,54.0,Droite,2017,présidentielle
35,278,Saint-Grégoire,7822,4630,3142,4680,50,16,155.0,Extrême Droite,2017,présidentielle
35,315,Saint-Sulpice-la-Forêt,1052,648,397,655,7,0,1.0,Extrême Gauche,2017,présidentielle
35,315,Saint-Sulpice-la-Forêt,1052,648,397,655,7,1,14.0,Gauche,2017,présidentielle
35,315,Saint-Sulpice-la-Forêt,1052,648,397,655,7,2,103.0,Gauche,2017,présidentielle
35,315,Saint-Sulpice-la-Forêt,1052,648,397,655,7,3,65.0,Gauche,2017,présidentielle
35,315,Saint-Sulpice-la-Forêt,1052,648,397,655,7,4,2.0,Écologie,2017,présidentielle
35,315,Saint-Sulpice-la-Forêt,1052,648,397,655,7,5,34.0,Écologie,2017,présidentielle
35,315,Saint-Sulpice-la-Forêt,1052,648,397,655,7,6,8.0,Écologie,2017,présidentielle
35,315,Saint-Sulpice-la-Forêt,1052,648,397,655,7,7,3.0,Divers,2017,présidentielle
35,315,Saint-Sulpice-la-Forêt,1052,648,397,655,7,8,6.0,Divers,2017,présidentielle
35,315,Saint-Sulpice-la-Forêt,1052,648,397,655,7,9,30.0,Divers,2017,présidentielle
35,315,Saint-Sulpice-la-Forêt,1052,648,397,655,7,10,0.0,Divers,2017,présidentielle
35,315,Saint-Sulpice-la-Forêt,1052,648,397,655,7,11,6.0,Régionalisme,2017,présidentielle
35,315,Saint-Sulpice-la-Forêt,1052,648,397,655,7,12,292.0,Centre,2017,présidentielle
35,315,Saint-Sulpice-la-Forêt,1052,648,397,655,7,13,45.0,Droite,2017,présidentielle
35,315,Saint-Sulpice-la-Forêt,1052,648,397,655,7,14,0.0,Droite,2017,présidentielle
35,315,Saint-Sulpice-la-Forêt,1052,648,397,655,7,15,9.0,Droite,2017,présidentielle
35,315,Saint-Sulpice-la-Forêt,1052,648,397,655,7,16,30.0,Extrême Droite,2017,présidentielle
35,317,Saint-Symphorien,410,220,184,226,6,0,4.0,Extrême Gauche,2017,présidentielle
35,317,Saint-Symphorien,410,220,184,226,6,1,1.0,Gauche,2017,présidentielle
35,317,Saint-Symphorien,410,220,184,226,6,2,24.0,Gauche,2017,présidentielle
35,317,Saint-Symphorien,410,220,184,226,6,3,29.0,Gauche,2017,présidentielle
35,317,Saint-Symphorien,410,220,184,226,6,4,2.0,Écologie,2017,présidentielle
35,317,Saint-Symphorien,410,220,184,226,6,5,9.0,Écologie,2017,présidentielle
35,317,Saint-Symphorien,410,220,184,226,6,6,0.0,Écologie,2017,présidentielle
35,317,Saint-Symphorien,410,220,184,226,6,7,4.0,Divers,2017,présidentielle
35,317,Saint-Symphorien,410,220,184,226,6,8,2.0,Divers,2017,présidentielle
35,317,Saint-Symphorien,410,220,184,226,6,9,0.0,Divers,2017,présidentielle
35,317,Saint-Symphorien,410,220,184,226,6,10,0.0,Divers,2017,présidentielle
35,317,Saint-Symphorien,410,220,184,226,6,11,7.0,Régionalisme,2017,présidentielle
35,317,Saint-Symphorien,410,220,184,226,6,12,98.0,Centre,2017,présidentielle
35,317,Saint-Symphorien,410,220,184,226,6,13,24.0,Droite,2017,présidentielle
35,317,Saint-Symphorien,410,220,184,226,6,14,0.0,Droite,2017,présidentielle
35,317,Saint-Symphorien,410,220,184,226,6,15,2.0,Droite,2017,présidentielle
35,317,Saint-Symphorien,410,220,184,226,6,16,14.0,Extrême Droite,2017,présidentielle
35,334,Thorigné-Fouillard,6183,3825,2306,3877,52,0,12.0,Extrême Gauche,2017,présidentielle
35,334,Thorigné-Fouillard,6183,3825,2306,3877,52,1,32.0,Gauche,2017,présidentielle
35,334,Thorigné-Fouillard,6183,3825,2306,3877,52,2,371.0,Gauche,2017,présidentielle
35,334,Thorigné-Fouillard,6183,3825,2306,3877,52,3,468.0,Gauche,2017,présidentielle
35,334,Thorigné-Fouillard,6183,3825,2306,3877,52,4,29.0,Écologie,2017,présidentielle
35,334,Thorigné-Fouillard,6183,3825,2306,3877,52,5,192.0,Écologie,2017,présidentielle
35,334,Thorigné-Fouillard,6183,3825,2306,3877,52,6,25.0,Écologie,2017,présidentielle
35,334,Thorigné-Fouillard,6183,3825,2306,3877,52,7,34.0,Divers,2017,présidentielle
35,334,Thorigné-Fouillard,6183,3825,2306,3877,52,8,27.0,Divers,2017,présidentielle
35,334,Thorigné-Fouillard,6183,3825,2306,3877,52,9,24.0,Divers,2017,présidentielle
35,334,Thorigné-Fouillard,6183,3825,2306,3877,52,10,0.0,Divers,2017,présidentielle
35,334,Thorigné-Fouillard,6183,3825,2306,3877,52,11,21.0,Régionalisme,2017,présidentielle
35,334,Thorigné-Fouillard,6183,3825,2306,3877,52,12,1985.0,Centre,2017,présidentielle
35,334,Thorigné-Fouillard,6183,3825,2306,3877,52,13,349.0,Droite,2017,présidentielle
35,334,Thorigné-Fouillard,6183,3825,2306,3877,52,14,0.0,Droite,2017,présidentielle
35,334,Thorigné-Fouillard,6183,3825,2306,3877,52,15,82.0,Droite,2017,présidentielle
35,334,Thorigné-Fouillard,6183,3825,2306,3877,52,16,174.0,Extrême Droite,2017,présidentielle
35,356,Vignoc,1230,694,523,707,13,0,2.0,Extrême Gauche,2017,présidentielle
35,356,Vignoc,1230,694,523,707,13,1,4.0,Gauche,2017,présidentielle
35,356,Vignoc,1230,694,523,707,13,2,82.0,Gauche,2017,présidentielle
35,356,Vignoc,1230,694,523,707,13,3,66.0,Gauche,2017,présidentielle
35,356,Vignoc,1230,694,523,707,13,4,4.0,Écologie,2017,présidentielle
35,356,Vignoc,1230,694,523,707,13,5,26.0,Écologie,2017,présidentielle
35,356,Vignoc,1230,694,523,707,13,6,3.0,Écologie,2017,présidentielle
35,356,Vignoc,1230,694,523,707,13,7,3.0,Divers,2017,présidentielle
35,356,Vignoc,1230,694,523,707,13,8,2.0,Divers,2017,présidentielle
35,356,Vignoc,1230,694,523,707,13,9,4.0,Divers,2017,présidentielle
35,356,Vignoc,1230,694,523,707,13,10,0.0,Divers,2017,présidentielle
35,356,Vignoc,1230,694,523,707,13,11,24.0,Régionalisme,2017,présidentielle
35,356,Vignoc,1230,694,523,707,13,12,335.0,Centre,2017,présidentielle
35,356,Vignoc,1230,694,523,707,13,13,76.0,Droite,2017,présidentielle
35,356,Vignoc,1230,694,523,707,13,14,0.0,Droite,2017,présidentielle
35,356,Vignoc,1230,694,523,707,13,15,6.0,Droite,2017,présidentielle
35,356,Vignoc,1230,694,523,707,13,16,57.0,Extrême Droite,2017,présidentielle
35,17,La Baussaine,496,263,228,268,5,0,1.0,Extrême Gauche,2017,présidentielle
35,17,La Baussaine,496,263,228,268,5,1,3.0,Extrême Gauche,2017,présidentielle
35,17,La Baussaine,496,263,228,268,5,2,9.0,Gauche,2017,présidentielle
35,17,La Baussaine,496,263,228,268,5,3,44.0,Gauche,2017,présidentielle
35,17,La Baussaine,496,263,228,268,5,4,113.0,Gauche,2017,présidentielle
35,17,La Baussaine,496,263,228,268,5,5,2.0,Écologie,2017,présidentielle
35,17,La Baussaine,496,263,228,268,5,6,13.0,Écologie,2017,présidentielle
35,17,La Baussaine,496,263,228,268,5,7,3.0,Divers,2017,présidentielle
35,17,La Baussaine,496,263,228,268,5,8,1.0,Régionalisme,2017,présidentielle
35,17,La Baussaine,496,263,228,268,5,9,46.0,Droite,2017,présidentielle
35,17,La Baussaine,496,263,228,268,5,10,0.0,Droite,2017,présidentielle
35,17,La Baussaine,496,263,228,268,5,11,28.0,Extrême Droite,2017,présidentielle
35,22,Bécherel,486,303,171,315,12,0,5.0,Extrême Gauche,2017,présidentielle
35,22,Bécherel,486,303,171,315,12,1,3.0,Extrême Gauche,2017,présidentielle
35,22,Bécherel,486,303,171,315,12,2,13.0,Gauche,2017,présidentielle
35,22,Bécherel,486,303,171,315,12,3,30.0,Gauche,2017,présidentielle
35,22,Bécherel,486,303,171,315,12,4,67.0,Gauche,2017,présidentielle
35,22,Bécherel,486,303,171,315,12,5,2.0,Écologie,2017,présidentielle
35,22,Bécherel,486,303,171,315,12,6,25.0,Écologie,2017,présidentielle
35,22,Bécherel,486,303,171,315,12,7,1.0,Divers,2017,présidentielle
35,22,Bécherel,486,303,171,315,12,8,9.0,Régionalisme,2017,présidentielle
35,22,Bécherel,486,303,171,315,12,9,129.0,Droite,2017,présidentielle
35,22,Bécherel,486,303,171,315,12,10,0.0,Droite,2017,présidentielle
35,22,Bécherel,486,303,171,315,12,11,19.0,Extrême Droite,2017,présidentielle
35,23,Bédée,3096,1650,1417,1679,29,0,9.0,Extrême Gauche,2017,présidentielle
35,23,Bédée,3096,1650,1417,1679,29,1,9.0,Extrême Gauche,2017,présidentielle
35,23,Bédée,3096,1650,1417,1679,29,2,53.0,Gauche,2017,présidentielle
35,23,Bédée,3096,1650,1417,1679,29,3,210.0,Gauche,2017,présidentielle
35,23,Bédée,3096,1650,1417,1679,29,4,768.0,Gauche,2017,présidentielle
35,23,Bédée,3096,1650,1417,1679,29,5,14.0,Écologie,2017,présidentielle
35,23,Bédée,3096,1650,1417,1679,29,6,105.0,Écologie,2017,présidentielle
35,23,Bédée,3096,1650,1417,1679,29,7,14.0,Divers,2017,présidentielle
35,23,Bédée,3096,1650,1417,1679,29,8,27.0,Régionalisme,2017,présidentielle
35,23,Bédée,3096,1650,1417,1679,29,9,256.0,Droite,2017,présidentielle
35,23,Bédée,3096,1650,1417,1679,29,10,0.0,Droite,2017,présidentielle
35,23,Bédée,3096,1650,1417,1679,29,11,185.0,Extrême Droite,2017,présidentielle
35,26,Bléruais,85,60,25,60,0,0,3.0,Extrême Gauche,2017,présidentielle
35,26,Bléruais,85,60,25,60,0,1,0.0,Extrême Gauche,2017,présidentielle
35,26,Bléruais,85,60,25,60,0,2,2.0,Gauche,2017,présidentielle
35,26,Bléruais,85,60,25,60,0,3,7.0,Gauche,2017,présidentielle
35,26,Bléruais,85,60,25,60,0,4,29.0,Gauche,2017,présidentielle
35,26,Bléruais,85,60,25,60,0,5,0.0,Écologie,2017,présidentielle
35,26,Bléruais,85,60,25,60,0,6,6.0,Écologie,2017,présidentielle
35,26,Bléruais,85,60,25,60,0,7,0.0,Divers,2017,présidentielle
35,26,Bléruais,85,60,25,60,0,8,1.0,Régionalisme,2017,présidentielle
35,26,Bléruais,85,60,25,60,0,9,5.0,Droite,2017,présidentielle
35,26,Bléruais,85,60,25,60,0,10,0.0,Droite,2017,présidentielle
35,26,Bléruais,85,60,25,60,0,11,7.0,Extrême Droite,2017,présidentielle
35,27,Boisgervilly,1191,523,657,534,11,0,3.0,Extrême Gauche,2017,présidentielle
35,27,Boisgervilly,1191,523,657,534,11,1,5.0,Extrême Gauche,2017,présidentielle
35,27,Boisgervilly,1191,523,657,534,11,2,14.0,Gauche,2017,présidentielle
35,27,Boisgervilly,1191,523,657,534,11,3,57.0,Gauche,2017,présidentielle
35,27,Boisgervilly,1191,523,657,534,11,4,246.0,Gauche,2017,présidentielle
35,27,Boisgervilly,1191,523,657,534,11,5,2.0,Écologie,2017,présidentielle
35,27,Boisgervilly,1191,523,657,534,11,6,34.0,Écologie,2017,présidentielle
35,27,Boisgervilly,1191,523,657,534,11,7,2.0,Divers,2017,présidentielle
35,27,Boisgervilly,1191,523,657,534,11,8,10.0,Régionalisme,2017,présidentielle
35,27,Boisgervilly,1191,523,657,534,11,9,90.0,Droite,2017,présidentielle
35,27,Boisgervilly,1191,523,657,534,11,10,0.0,Droite,2017,présidentielle
35,27,Boisgervilly,1191,523,657,534,11,11,60.0,Extrême Droite,2017,présidentielle
35,29,Bonnemain,1019,506,493,526,20,0,4.0,Extrême Gauche,2017,présidentielle
35,29,Bonnemain,1019,506,493,526,20,1,19.0,Extrême Gauche,2017,présidentielle
35,29,Bonnemain,1019,506,493,526,20,2,18.0,Gauche,2017,présidentielle
35,29,Bonnemain,1019,506,493,526,20,3,63.0,Gauche,2017,présidentielle
35,29,Bonnemain,1019,506,493,526,20,4,206.0,Gauche,2017,présidentielle
35,29,Bonnemain,1019,506,493,526,20,5,4.0,Écologie,2017,présidentielle
35,29,Bonnemain,1019,506,493,526,20,6,24.0,Écologie,2017,présidentielle
35,29,Bonnemain,1019,506,493,526,20,7,4.0,Divers,2017,présidentielle
35,29,Bonnemain,1019,506,493,526,20,8,4.0,Régionalisme,2017,présidentielle
35,29,Bonnemain,1019,506,493,526,20,9,57.0,Droite,2017,présidentielle
35,29,Bonnemain,1019,506,493,526,20,10,0.0,Droite,2017,présidentielle
35,29,Bonnemain,1019,506,493,526,20,11,103.0,Extrême Droite,2017,présidentielle
35,40,Breteil,2732,1423,1278,1454,31,0,9.0,Extrême Gauche,2017,présidentielle
35,40,Breteil,2732,1423,1278,1454,31,1,19.0,Extrême Gauche,2017,présidentielle
35,40,Breteil,2732,1423,1278,1454,31,2,51.0,Gauche,2017,présidentielle
35,40,Breteil,2732,1423,1278,1454,31,3,217.0,Gauche,2017,présidentielle
35,40,Breteil,2732,1423,1278,1454,31,4,715.0,Gauche,2017,présidentielle
35,40,Breteil,2732,1423,1278,1454,31,5,19.0,Écologie,2017,présidentielle
35,40,Breteil,2732,1423,1278,1454,31,6,125.0,Écologie,2017,présidentielle
35,40,Breteil,2732,1423,1278,1454,31,7,7.0,Divers,2017,présidentielle
35,40,Breteil,2732,1423,1278,1454,31,8,11.0,Régionalisme,2017,présidentielle
35,40,Breteil,2732,1423,1278,1454,31,9,131.0,Droite,2017,présidentielle
35,40,Breteil,2732,1423,1278,1454,31,10,0.0,Droite,2017,présidentielle
35,40,Breteil,2732,1423,1278,1454,31,11,119.0,Extrême Droite,2017,présidentielle
35,50,Cardroc,419,249,164,255,6,0,2.0,Extrême Gauche,2017,présidentielle
35,50,Cardroc,419,249,164,255,6,1,1.0,Extrême Gauche,2017,présidentielle
35,50,Cardroc,419,249,164,255,6,2,5.0,Gauche,2017,présidentielle
35,50,Cardroc,419,249,164,255,6,3,27.0,Gauche,2017,présidentielle
35,50,Cardroc,419,249,164,255,6,4,134.0,Gauche,2017,présidentielle
35,50,Cardroc,419,249,164,255,6,5,2.0,Écologie,2017,présidentielle
35,50,Cardroc,419,249,164,255,6,6,22.0,Écologie,2017,présidentielle
35,50,Cardroc,419,249,164,255,6,7,0.0,Divers,2017,présidentielle
35,50,Cardroc,419,249,164,255,6,8,2.0,Régionalisme,2017,présidentielle
35,50,Cardroc,419,249,164,255,6,9,36.0,Droite,2017,présidentielle
35,50,Cardroc,419,249,164,255,6,10,0.0,Droite,2017,présidentielle
35,50,Cardroc,419,249,164,255,6,11,18.0,Extrême Droite,2017,présidentielle
35,56,La Chapelle-aux-Filtzméens,565,340,215,350,10,0,5.0,Extrême Gauche,2017,présidentielle
35,56,La Chapelle-aux-Filtzméens,565,340,215,350,10,1,4.0,Extrême Gauche,2017,présidentielle
35,56,La Chapelle-aux-Filtzméens,565,340,215,350,10,2,20.0,Gauche,2017,présidentielle
35,56,La Chapelle-aux-Filtzméens,565,340,215,350,10,3,62.0,Gauche,2017,présidentielle
35,56,La Chapelle-aux-Filtzméens,565,340,215,350,10,4,148.0,Gauche,2017,présidentielle
35,56,La Chapelle-aux-Filtzméens,565,340,215,350,10,5,1.0,Écologie,2017,présidentielle
35,56,La Chapelle-aux-Filtzméens,565,340,215,350,10,6,25.0,Écologie,2017,présidentielle
35,56,La Chapelle-aux-Filtzméens,565,340,215,350,10,7,2.0,Divers,2017,présidentielle
35,56,La Chapelle-aux-Filtzméens,565,340,215,350,10,8,2.0,Régionalisme,2017,présidentielle
35,56,La Chapelle-aux-Filtzméens,565,340,215,350,10,9,19.0,Droite,2017,présidentielle
35,56,La Chapelle-aux-Filtzméens,565,340,215,350,10,10,0.0,Droite,2017,présidentielle
35,56,La Chapelle-aux-Filtzméens,565,340,215,350,10,11,52.0,Extrême Droite,2017,présidentielle
35,58,La Chapelle-Chaussée,867,472,378,489,17,0,5.0,Extrême Gauche,2017,présidentielle
35,58,La Chapelle-Chaussée,867,472,378,489,17,1,5.0,Extrême Gauche,2017,présidentielle
35,58,La Chapelle-Chaussée,867,472,378,489,17,2,12.0,Gauche,2017,présidentielle
35,58,La Chapelle-Chaussée,867,472,378,489,17,3,75.0,Gauche,2017,présidentielle
35,58,La Chapelle-Chaussée,867,472,378,489,17,4,193.0,Gauche,2017,présidentielle
35,58,La Chapelle-Chaussée,867,472,378,489,17,5,3.0,Écologie,2017,présidentielle
35,58,La Chapelle-Chaussée,867,472,378,489,17,6,39.0,Écologie,2017,présidentielle
35,58,La Chapelle-Chaussée,867,472,378,489,17,7,3.0,Divers,2017,présidentielle
35,58,La Chapelle-Chaussée,867,472,378,489,17,8,2.0,Régionalisme,2017,présidentielle
35,58,La Chapelle-Chaussée,867,472,378,489,17,9,76.0,Droite,2017,présidentielle
35,58,La Chapelle-Chaussée,867,472,378,489,17,10,0.0,Droite,2017,présidentielle
35,58,La Chapelle-Chaussée,867,472,378,489,17,11,59.0,Extrême Droite,2017,présidentielle
35,60,La Chapelle-du-Lou-du-Lac,645,336,305,340,4,0,2.0,Extrême Gauche,2017,présidentielle
35,60,La Chapelle-du-Lou-du-Lac,645,336,305,340,4,1,3.0,Extrême Gauche,2017,présidentielle
35,60,La Chapelle-du-Lou-du-Lac,645,336,305,340,4,2,4.0,Gauche,2017,présidentielle
35,60,La Chapelle-du-Lou-du-Lac,645,336,305,340,4,3,67.0,Gauche,2017,présidentielle
35,60,La Chapelle-du-Lou-du-Lac,645,336,305,340,4,4,154.0,Gauche,2017,présidentielle
35,60,La Chapelle-du-Lou-du-Lac,645,336,305,340,4,5,2.0,Écologie,2017,présidentielle
35,60,La Chapelle-du-Lou-du-Lac,645,336,305,340,4,6,18.0,Écologie,2017,présidentielle
35,60,La Chapelle-du-Lou-du-Lac,645,336,305,340,4,7,6.0,Divers,2017,présidentielle
35,60,La Chapelle-du-Lou-du-Lac,645,336,305,340,4,8,9.0,Régionalisme,2017,présidentielle
35,60,La Chapelle-du-Lou-du-Lac,645,336,305,340,4,9,43.0,Droite,2017,présidentielle
35,60,La Chapelle-du-Lou-du-Lac,645,336,305,340,4,10,0.0,Droite,2017,présidentielle
35,60,La Chapelle-du-Lou-du-Lac,645,336,305,340,4,11,28.0,Extrême Droite,2017,présidentielle
35,65,La Chapelle-Thouarault,1598,920,657,941,21,0,5.0,Extrême Gauche,2017,présidentielle
35,65,La Chapelle-Thouarault,1598,920,657,941,21,1,11.0,Extrême Gauche,2017,présidentielle
35,65,La Chapelle-Thouarault,1598,920,657,941,21,2,38.0,Gauche,2017,présidentielle
35,65,La Chapelle-Thouarault,1598,920,657,941,21,3,142.0,Gauche,2017,présidentielle
35,65,La Chapelle-Thouarault,1598,920,657,941,21,4,446.0,Gauche,2017,présidentielle
35,65,La Chapelle-Thouarault,1598,920,657,941,21,5,8.0,Écologie,2017,présidentielle
35,65,La Chapelle-Thouarault,1598,920,657,941,21,6,65.0,Écologie,2017,présidentielle
35,65,La Chapelle-Thouarault,1598,920,657,941,21,7,6.0,Divers,2017,présidentielle
35,65,La Chapelle-Thouarault,1598,920,657,941,21,8,22.0,Régionalisme,2017,présidentielle
35,65,La Chapelle-Thouarault,1598,920,657,941,21,9,76.0,Droite,2017,présidentielle
35,65,La Chapelle-Thouarault,1598,920,657,941,21,10,4.0,Droite,2017,présidentielle
35,65,La Chapelle-Thouarault,1598,920,657,941,21,11,97.0,Extrême Droite,2017,présidentielle
35,81,Clayes,562,348,205,357,9,0,0.0,Extrême Gauche,2017,présidentielle
35,81,Clayes,562,348,205,357,9,1,1.0,Extrême Gauche,2017,présidentielle
35,81,Clayes,562,348,205,357,9,2,13.0,Gauche,2017,présidentielle
35,81,Clayes,562,348,205,357,9,3,62.0,Gauche,2017,présidentielle
35,81,Clayes,562,348,205,357,9,4,167.0,Gauche,2017,présidentielle
35,81,Clayes,562,348,205,357,9,5,2.0,Écologie,2017,présidentielle
35,81,Clayes,562,348,205,357,9,6,36.0,Écologie,2017,présidentielle
35,81,Clayes,562,348,205,357,9,7,1.0,Divers,2017,présidentielle
35,81,Clayes,562,348,205,357,9,8,1.0,Régionalisme,2017,présidentielle
35,81,Clayes,562,348,205,357,9,9,35.0,Droite,2017,présidentielle
35,81,Clayes,562,348,205,357,9,10,0.0,Droite,2017,présidentielle
35,81,Clayes,562,348,205,357,9,11,30.0,Extrême Droite,2017,présidentielle
35,85,Combourg,4495,2369,2076,2419,50,0,16.0,Extrême Gauche,2017,présidentielle
35,85,Combourg,4495,2369,2076,2419,50,1,19.0,Extrême Gauche,2017,présidentielle
35,85,Combourg,4495,2369,2076,2419,50,2,64.0,Gauche,2017,présidentielle
35,85,Combourg,4495,2369,2076,2419,50,3,259.0,Gauche,2017,présidentielle
35,85,Combourg,4495,2369,2076,2419,50,4,1104.0,Gauche,2017,présidentielle
35,85,Combourg,4495,2369,2076,2419,50,5,15.0,Écologie,2017,présidentielle
35,85,Combourg,4495,2369,2076,2419,50,6,117.0,Écologie,2017,présidentielle
35,85,Combourg,4495,2369,2076,2419,50,7,31.0,Divers,2017,présidentielle
35,85,Combourg,4495,2369,2076,2419,50,8,21.0,Régionalisme,2017,présidentielle
35,85,Combourg,4495,2369,2076,2419,50,9,381.0,Droite,2017,présidentielle
35,85,Combourg,4495,2369,2076,2419,50,10,0.0,Droite,2017,présidentielle
35,85,Combourg,4495,2369,2076,2419,50,11,342.0,Extrême Droite,2017,présidentielle
35,91,Le Crouais,420,219,192,228,9,0,1.0,Extrême Gauche,2017,présidentielle
35,91,Le Crouais,420,219,192,228,9,1,4.0,Extrême Gauche,2017,présidentielle
35,91,Le Crouais,420,219,192,228,9,2,4.0,Gauche,2017,présidentielle
35,91,Le Crouais,420,219,192,228,9,3,32.0,Gauche,2017,présidentielle
35,91,Le Crouais,420,219,192,228,9,4,114.0,Gauche,2017,présidentielle
35,91,Le Crouais,420,219,192,228,9,5,0.0,Écologie,2017,présidentielle
35,91,Le Crouais,420,219,192,228,9,6,6.0,Écologie,2017,présidentielle
35,91,Le Crouais,420,219,192,228,9,7,0.0,Divers,2017,présidentielle
35,91,Le Crouais,420,219,192,228,9,8,3.0,Régionalisme,2017,présidentielle
35,91,Le Crouais,420,219,192,228,9,9,14.0,Droite,2017,présidentielle
35,91,Le Crouais,420,219,192,228,9,10,0.0,Droite,2017,présidentielle
35,91,Le Crouais,420,219,192,228,9,11,41.0,Extrême Droite,2017,présidentielle
35,92,Cuguen,600,302,276,324,22,0,5.0,Extrême Gauche,2017,présidentielle
35,92,Cuguen,600,302,276,324,22,1,5.0,Extrême Gauche,2017,présidentielle
35,92,Cuguen,600,302,276,324,22,2,13.0,Gauche,2017,présidentielle
35,92,Cuguen,600,302,276,324,22,3,56.0,Gauche,2017,présidentielle
35,92,Cuguen,600,302,276,324,22,4,124.0,Gauche,2017,présidentielle
35,92,Cuguen,600,302,276,324,22,5,7.0,Écologie,2017,présidentielle
35,92,Cuguen,600,302,276,324,22,6,12.0,Écologie,2017,présidentielle
35,92,Cuguen,600,302,276,324,22,7,2.0,Divers,2017,présidentielle
35,92,Cuguen,600,302,276,324,22,8,3.0,Régionalisme,2017,présidentielle
35,92,Cuguen,600,302,276,324,22,9,26.0,Droite,2017,présidentielle
35,92,Cuguen,600,302,276,324,22,10,0.0,Droite,2017,présidentielle
35,92,Cuguen,600,302,276,324,22,11,49.0,Extrême Droite,2017,présidentielle
35,117,Gaël,1214,548,645,569,21,0,6.0,Extrême Gauche,2017,présidentielle
35,117,Gaël,1214,548,645,569,21,1,6.0,Extrême Gauche,2017,présidentielle
35,117,Gaël,1214,548,645,569,21,2,11.0,Gauche,2017,présidentielle
35,117,Gaël,1214,548,645,569,21,3,66.0,Gauche,2017,présidentielle
35,117,Gaël,1214,548,645,569,21,4,207.0,Gauche,2017,présidentielle
35,117,Gaël,1214,548,645,569,21,5,11.0,Écologie,2017,présidentielle
35,117,Gaël,1214,548,645,569,21,6,20.0,Écologie,2017,présidentielle
35,117,Gaël,1214,548,645,569,21,7,5.0,Divers,2017,présidentielle
35,117,Gaël,1214,548,645,569,21,8,9.0,Régionalisme,2017,présidentielle
35,117,Gaël,1214,548,645,569,21,9,106.0,Droite,2017,présidentielle
35,117,Gaël,1214,548,645,569,21,10,0.0,Droite,2017,présidentielle
35,117,Gaël,1214,548,645,569,21,11,101.0,Extrême Droite,2017,présidentielle
35,120,Gévezé,3714,2012,1658,2056,44,0,11.0,Extrême Gauche,2017,présidentielle
35,120,Gévezé,3714,2012,1658,2056,44,1,21.0,Extrême Gauche,2017,présidentielle
35,120,Gévezé,3714,2012,1658,2056,44,2,76.0,Gauche,2017,présidentielle
35,120,Gévezé,3714,2012,1658,2056,44,3,265.0,Gauche,2017,présidentielle
35,120,Gévezé,3714,2012,1658,2056,44,4,1079.0,Gauche,2017,présidentielle
35,120,Gévezé,3714,2012,1658,2056,44,5,27.0,Écologie,2017,présidentielle
35,120,Gévezé,3714,2012,1658,2056,44,6,114.0,Écologie,2017,présidentielle
35,120,Gévezé,3714,2012,1658,2056,44,7,12.0,Divers,2017,présidentielle
35,120,Gévezé,3714,2012,1658,2056,44,8,20.0,Régionalisme,2017,présidentielle
35,120,Gévezé,3714,2012,1658,2056,44,9,246.0,Droite,2017,présidentielle
35,120,Gévezé,3714,2012,1658,2056,44,10,0.0,Droite,2017,présidentielle
35,120,Gévezé,3714,2012,1658,2056,44,11,141.0,Extrême Droite,2017,présidentielle
35,133,Iffendic,3368,1639,1675,1693,54,0,17.0,Extrême Gauche,2017,présidentielle
35,133,Iffendic,3368,1639,1675,1693,54,1,21.0,Extrême Gauche,2017,présidentielle
35,133,Iffendic,3368,1639,1675,1693,54,2,41.0,Gauche,2017,présidentielle
35,133,Iffendic,3368,1639,1675,1693,54,3,235.0,Gauche,2017,présidentielle
35,133,Iffendic,3368,1639,1675,1693,54,4,734.0,Gauche,2017,présidentielle
35,133,Iffendic,3368,1639,1675,1693,54,5,15.0,Écologie,2017,présidentielle
35,133,Iffendic,3368,1639,1675,1693,54,6,119.0,Écologie,2017,présidentielle
35,133,Iffendic,3368,1639,1675,1693,54,7,6.0,Divers,2017,présidentielle
35,133,Iffendic,3368,1639,1675,1693,54,8,25.0,Régionalisme,2017,présidentielle
35,133,Iffendic,3368,1639,1675,1693,54,9,210.0,Droite,2017,présidentielle
35,133,Iffendic,3368,1639,1675,1693,54,10,0.0,Droite,2017,présidentielle
35,133,Iffendic,3368,1639,1675,1693,54,11,216.0,Extrême Droite,2017,présidentielle
35,134,Les Iffs,210,128,77,133,5,0,4.0,Extrême Gauche,2017,présidentielle
35,134,Les Iffs,210,128,77,133,5,1,0.0,Extrême Gauche,2017,présidentielle
35,134,Les Iffs,210,128,77,133,5,2,6.0,Gauche,2017,présidentielle
35,134,Les Iffs,210,128,77,133,5,3,22.0,Gauche,2017,présidentielle
35,134,Les Iffs,210,128,77,133,5,4,47.0,Gauche,2017,présidentielle
35,134,Les Iffs,210,128,77,133,5,5,1.0,Écologie,2017,présidentielle
35,134,Les Iffs,210,128,77,133,5,6,3.0,Écologie,2017,présidentielle
35,134,Les Iffs,210,128,77,133,5,7,1.0,Divers,2017,présidentielle
35,134,Les Iffs,210,128,77,133,5,8,0.0,Régionalisme,2017,présidentielle
35,134,Les Iffs,210,128,77,133,5,9,28.0,Droite,2017,présidentielle
35,134,Les Iffs,210,128,77,133,5,10,0.0,Droite,2017,présidentielle
35,134,Les Iffs,210,128,77,133,5,11,16.0,Extrême Droite,2017,présidentielle
35,135,Irodouër,1582,768,777,805,37,0,5.0,Extrême Gauche,2017,présidentielle
35,135,Irodouër,1582,768,777,805,37,1,8.0,Extrême Gauche,2017,présidentielle
35,135,Irodouër,1582,768,777,805,37,2,19.0,Gauche,2017,présidentielle
35,135,Irodouër,1582,768,777,805,37,3,89.0,Gauche,2017,présidentielle
35,135,Irodouër,1582,768,777,805,37,4,307.0,Gauche,2017,présidentielle
35,135,Irodouër,1582,768,777,805,37,5,12.0,Écologie,2017,présidentielle
35,135,Irodouër,1582,768,777,805,37,6,44.0,Écologie,2017,présidentielle
35,135,Irodouër,1582,768,777,805,37,7,1.0,Divers,2017,présidentielle
35,135,Irodouër,1582,768,777,805,37,8,10.0,Régionalisme,2017,présidentielle
35,135,Irodouër,1582,768,777,805,37,9,176.0,Droite,2017,présidentielle
35,135,Irodouër,1582,768,777,805,37,10,0.0,Droite,2017,présidentielle
35,135,Irodouër,1582,768,777,805,37,11,97.0,Extrême Droite,2017,présidentielle
35,143,Landujan,696,336,356,340,4,0,2.0,Extrême Gauche,2017,présidentielle
35,143,Landujan,696,336,356,340,4,1,1.0,Extrême Gauche,2017,présidentielle
35,143,Landujan,696,336,356,340,4,2,8.0,Gauche,2017,présidentielle
35,143,Landujan,696,336,356,340,4,3,55.0,Gauche,2017,présidentielle
35,143,Landujan,696,336,356,340,4,4,130.0,Gauche,2017,présidentielle
35,143,Landujan,696,336,356,340,4,5,2.0,Écologie,2017,présidentielle
35,143,Landujan,696,336,356,340,4,6,25.0,Écologie,2017,présidentielle
35,143,Landujan,696,336,356,340,4,7,3.0,Divers,2017,présidentielle
35,143,Landujan,696,336,356,340,4,8,4.0,Régionalisme,2017,présidentielle
35,143,Landujan,696,336,356,340,4,9,63.0,Droite,2017,présidentielle
35,143,Landujan,696,336,356,340,4,10,0.0,Droite,2017,présidentielle
35,143,Landujan,696,336,356,340,4,11,43.0,Extrême Droite,2017,présidentielle
35,144,Langan,750,395,342,408,13,0,1.0,Extrême Gauche,2017,présidentielle
35,144,Langan,750,395,342,408,13,1,6.0,Extrême Gauche,2017,présidentielle
35,144,Langan,750,395,342,408,13,2,16.0,Gauche,2017,présidentielle
35,144,Langan,750,395,342,408,13,3,70.0,Gauche,2017,présidentielle
35,144,Langan,750,395,342,408,13,4,191.0,Gauche,2017,présidentielle
35,144,Langan,750,395,342,408,13,5,6.0,Écologie,2017,présidentielle
35,144,Langan,750,395,342,408,13,6,25.0,Écologie,2017,présidentielle
35,144,Langan,750,395,342,408,13,7,1.0,Divers,2017,présidentielle
35,144,Langan,750,395,342,408,13,8,5.0,Régionalisme,2017,présidentielle
35,144,Langan,750,395,342,408,13,9,35.0,Droite,2017,présidentielle
35,144,Langan,750,395,342,408,13,10,0.0,Droite,2017,présidentielle
35,144,Langan,750,395,342,408,13,11,39.0,Extrême Droite,2017,présidentielle
35,147,Lanhélin,662,343,306,356,13,0,1.0,Extrême Gauche,2017,présidentielle
35,147,Lanhélin,662,343,306,356,13,1,4.0,Extrême Gauche,2017,présidentielle
35,147,Lanhélin,662,343,306,356,13,2,6.0,Gauche,2017,présidentielle
35,147,Lanhélin,662,343,306,356,13,3,50.0,Gauche,2017,présidentielle
35,147,Lanhélin,662,343,306,356,13,4,152.0,Gauche,2017,présidentielle
35,147,Lanhélin,662,343,306,356,13,5,2.0,Écologie,2017,présidentielle
35,147,Lanhélin,662,343,306,356,13,6,12.0,Écologie,2017,présidentielle
35,147,Lanhélin,662,343,306,356,13,7,3.0,Divers,2017,présidentielle
35,147,Lanhélin,662,343,306,356,13,8,7.0,Régionalisme,2017,présidentielle
35,147,Lanhélin,662,343,306,356,13,9,35.0,Droite,2017,présidentielle
35,147,Lanhélin,662,343,306,356,13,10,0.0,Droite,2017,présidentielle
35,147,Lanhélin,662,343,306,356,13,11,71.0,Extrême Droite,2017,présidentielle
35,156,Longaulnay,434,238,189,245,7,0,2.0,Extrême Gauche,2017,présidentielle
35,156,Longaulnay,434,238,189,245,7,1,1.0,Extrême Gauche,2017,présidentielle
35,156,Longaulnay,434,238,189,245,7,2,6.0,Gauche,2017,présidentielle
35,156,Longaulnay,434,238,189,245,7,3,39.0,Gauche,2017,présidentielle
35,156,Longaulnay,434,238,189,245,7,4,89.0,Gauche,2017,présidentielle
35,156,Longaulnay,434,238,189,245,7,5,3.0,Écologie,2017,présidentielle
35,156,Longaulnay,434,238,189,245,7,6,12.0,Écologie,2017,présidentielle
35,156,Longaulnay,434,238,189,245,7,7,2.0,Divers,2017,présidentielle
35,156,Longaulnay,434,238,189,245,7,8,4.0,Régionalisme,2017,présidentielle
35,156,Longaulnay,434,238,189,245,7,9,57.0,Droite,2017,présidentielle
35,156,Longaulnay,434,238,189,245,7,10,0.0,Droite,2017,présidentielle
35,156,Longaulnay,434,238,189,245,7,11,23.0,Extrême Droite,2017,présidentielle
35,159,Lourmais,254,125,124,130,5,0,2.0,Extrême Gauche,2017,présidentielle
35,159,Lourmais,254,125,124,130,5,1,0.0,Extrême Gauche,2017,présidentielle
35,159,Lourmais,254,125,124,130,5,2,2.0,Gauche,2017,présidentielle
35,159,Lourmais,254,125,124,130,5,3,21.0,Gauche,2017,présidentielle
35,159,Lourmais,254,125,124,130,5,4,34.0,Gauche,2017,présidentielle
35,159,Lourmais,254,125,124,130,5,5,1.0,Écologie,2017,présidentielle
35,159,Lourmais,254,125,124,130,5,6,4.0,Écologie,2017,présidentielle
35,159,Lourmais,254,125,124,130,5,7,0.0,Divers,2017,présidentielle
35,159,Lourmais,254,125,124,130,5,8,0.0,Régionalisme,2017,présidentielle
35,159,Lourmais,254,125,124,130,5,9,35.0,Droite,2017,présidentielle
35,159,Lourmais,254,125,124,130,5,10,0.0,Droite,2017,présidentielle
35,159,Lourmais,254,125,124,130,5,11,26.0,Extrême Droite,2017,présidentielle
35,171,Médréac,1309,679,604,705,26,0,10.0,Extrême Gauche,2017,présidentielle
35,171,Médréac,1309,679,604,705,26,1,11.0,Extrême Gauche,2017,présidentielle
35,171,Médréac,1309,679,604,705,26,2,11.0,Gauche,2017,présidentielle
35,171,Médréac,1309,679,604,705,26,3,96.0,Gauche,2017,présidentielle
35,171,Médréac,1309,679,604,705,26,4,296.0,Gauche,2017,présidentielle
35,171,Médréac,1309,679,604,705,26,5,8.0,Écologie,2017,présidentielle
35,171,Médréac,1309,679,604,705,26,6,32.0,Écologie,2017,présidentielle
35,171,Médréac,1309,679,604,705,26,7,1.0,Divers,2017,présidentielle
35,171,Médréac,1309,679,604,705,26,8,10.0,Régionalisme,2017,présidentielle
35,171,Médréac,1309,679,604,705,26,9,133.0,Droite,2017,présidentielle
35,171,Médréac,1309,679,604,705,26,10,0.0,Droite,2017,présidentielle
35,171,Médréac,1309,679,604,705,26,11,71.0,Extrême Droite,2017,présidentielle
35,172,Meillac,1177,646,512,665,19,0,1.0,Extrême Gauche,2017,présidentielle
35,172,Meillac,1177,646,512,665,19,1,11.0,Extrême Gauche,2017,présidentielle
35,172,Meillac,1177,646,512,665,19,2,37.0,Gauche,2017,présidentielle
35,172,Meillac,1177,646,512,665,19,3,94.0,Gauche,2017,présidentielle
35,172,Meillac,1177,646,512,665,19,4,304.0,Gauche,2017,présidentielle
35,172,Meillac,1177,646,512,665,19,5,8.0,Écologie,2017,présidentielle
35,172,Meillac,1177,646,512,665,19,6,40.0,Écologie,2017,présidentielle
35,172,Meillac,1177,646,512,665,19,7,4.0,Divers,2017,présidentielle
35,172,Meillac,1177,646,512,665,19,8,10.0,Régionalisme,2017,présidentielle
35,172,Meillac,1177,646,512,665,19,9,70.0,Droite,2017,présidentielle
35,172,Meillac,1177,646,512,665,19,10,0.0,Droite,2017,présidentielle
35,172,Meillac,1177,646,512,665,19,11,67.0,Extrême Droite,2017,présidentielle
35,180,Miniac-sous-Bécherel,532,293,227,305,12,0,5.0,Extrême Gauche,2017,présidentielle
35,180,Miniac-sous-Bécherel,532,293,227,305,12,1,1.0,Extrême Gauche,2017,présidentielle
35,180,Miniac-sous-Bécherel,532,293,227,305,12,2,3.0,Gauche,2017,présidentielle
35,180,Miniac-sous-Bécherel,532,293,227,305,12,3,37.0,Gauche,2017,présidentielle
35,180,Miniac-sous-Bécherel,532,293,227,305,12,4,120.0,Gauche,2017,présidentielle
35,180,Miniac-sous-Bécherel,532,293,227,305,12,5,1.0,Écologie,2017,présidentielle
35,180,Miniac-sous-Bécherel,532,293,227,305,12,6,19.0,Écologie,2017,présidentielle
35,180,Miniac-sous-Bécherel,532,293,227,305,12,7,3.0,Divers,2017,présidentielle
35,180,Miniac-sous-Bécherel,532,293,227,305,12,8,3.0,Régionalisme,2017,présidentielle
35,180,Miniac-sous-Bécherel,532,293,227,305,12,9,67.0,Droite,2017,présidentielle
35,180,Miniac-sous-Bécherel,532,293,227,305,12,10,0.0,Droite,2017,présidentielle
35,180,Miniac-sous-Bécherel,532,293,227,305,12,11,34.0,Extrême Droite,2017,présidentielle
35,184,Montauban-de-Bretagne,3842,1932,1862,1980,48,0,7.0,Extrême Gauche,2017,présidentielle
35,184,Montauban-de-Bretagne,3842,1932,1862,1980,48,1,12.0,Extrême Gauche,2017,présidentielle
35,184,Montauban-de-Bretagne,3842,1932,1862,1980,48,2,42.0,Gauche,2017,présidentielle
35,184,Montauban-de-Bretagne,3842,1932,1862,1980,48,3,215.0,Gauche,2017,présidentielle
35,184,Montauban-de-Bretagne,3842,1932,1862,1980,48,4,971.0,Gauche,2017,présidentielle
35,184,Montauban-de-Bretagne,3842,1932,1862,1980,48,5,20.0,Écologie,2017,présidentielle
35,184,Montauban-de-Bretagne,3842,1932,1862,1980,48,6,91.0,Écologie,2017,présidentielle
35,184,Montauban-de-Bretagne,3842,1932,1862,1980,48,7,10.0,Divers,2017,présidentielle
35,184,Montauban-de-Bretagne,3842,1932,1862,1980,48,8,18.0,Régionalisme,2017,présidentielle
35,184,Montauban-de-Bretagne,3842,1932,1862,1980,48,9,356.0,Droite,2017,présidentielle
35,184,Montauban-de-Bretagne,3842,1932,1862,1980,48,10,0.0,Droite,2017,présidentielle
35,184,Montauban-de-Bretagne,3842,1932,1862,1980,48,11,190.0,Extrême Droite,2017,présidentielle
35,188,Montfort-sur-Meu,4959,2650,2249,2710,60,0,10.0,Extrême Gauche,2017,présidentielle
35,188,Montfort-sur-Meu,4959,2650,2249,2710,60,1,12.0,Extrême Gauche,2017,présidentielle
35,188,Montfort-sur-Meu,4959,2650,2249,2710,60,2,77.0,Gauche,2017,présidentielle
35,188,Montfort-sur-Meu,4959,2650,2249,2710,60,3,398.0,Gauche,2017,présidentielle
35,188,Montfort-sur-Meu,4959,2650,2249,2710,60,4,1333.0,Gauche,2017,présidentielle
35,188,Montfort-sur-Meu,4959,2650,2249,2710,60,5,20.0,Écologie,2017,présidentielle
35,188,Montfort-sur-Meu,4959,2650,2249,2710,60,6,206.0,Écologie,2017,présidentielle
35,188,Montfort-sur-Meu,4959,2650,2249,2710,60,7,20.0,Divers,2017,présidentielle
35,188,Montfort-sur-Meu,4959,2650,2249,2710,60,8,27.0,Régionalisme,2017,présidentielle
35,188,Montfort-sur-Meu,4959,2650,2249,2710,60,9,383.0,Droite,2017,présidentielle
35,188,Montfort-sur-Meu,4959,2650,2249,2710,60,10,0.0,Droite,2017,présidentielle
35,188,Montfort-sur-Meu,4959,2650,2249,2710,60,11,164.0,Extrême Droite,2017,présidentielle
35,201,Muel,627,296,320,307,11,0,3.0,Extrême Gauche,2017,présidentielle
35,201,Muel,627,296,320,307,11,1,1.0,Extrême Gauche,2017,présidentielle
35,201,Muel,627,296,320,307,11,2,6.0,Gauche,2017,présidentielle
35,201,Muel,627,296,320,307,11,3,46.0,Gauche,2017,présidentielle
35,201,Muel,627,296,320,307,11,4,130.0,Gauche,2017,présidentielle
35,201,Muel,627,296,320,307,11,5,5.0,Écologie,2017,présidentielle
35,201,Muel,627,296,320,307,11,6,28.0,Écologie,2017,présidentielle
35,201,Muel,627,296,320,307,11,7,2.0,Divers,2017,présidentielle
35,201,Muel,627,296,320,307,11,8,8.0,Régionalisme,2017,présidentielle
35,201,Muel,627,296,320,307,11,9,24.0,Droite,2017,présidentielle
35,201,Muel,627,296,320,307,11,10,0.0,Droite,2017,présidentielle
35,201,Muel,627,296,320,307,11,11,43.0,Extrême Droite,2017,présidentielle
35,203,La Nouaye,253,149,91,162,13,0,2.0,Extrême Gauche,2017,présidentielle
35,203,La Nouaye,253,149,91,162,13,1,1.0,Extrême Gauche,2017,présidentielle
35,203,La Nouaye,253,149,91,162,13,2,3.0,Gauche,2017,présidentielle
35,203,La Nouaye,253,149,91,162,13,3,26.0,Gauche,2017,présidentielle
35,203,La Nouaye,253,149,91,162,13,4,72.0,Gauche,2017,présidentielle
35,203,La Nouaye,253,149,91,162,13,5,3.0,Écologie,2017,présidentielle
35,203,La Nouaye,253,149,91,162,13,6,8.0,Écologie,2017,présidentielle
35,203,La Nouaye,253,149,91,162,13,7,0.0,Divers,2017,présidentielle
35,203,La Nouaye,253,149,91,162,13,8,0.0,Régionalisme,2017,présidentielle
35,203,La Nouaye,253,149,91,162,13,9,23.0,Droite,2017,présidentielle
35,203,La Nouaye,253,149,91,162,13,10,0.0,Droite,2017,présidentielle
35,203,La Nouaye,253,149,91,162,13,11,11.0,Extrême Droite,2017,présidentielle
35,210,Pacé,8339,4974,3254,5085,111,0,16.0,Extrême Gauche,2017,présidentielle
35,210,Pacé,8339,4974,3254,5085,111,1,13.0,Extrême Gauche,2017,présidentielle
35,210,Pacé,8339,4974,3254,5085,111,2,171.0,Gauche,2017,présidentielle
35,210,Pacé,8339,4974,3254,5085,111,3,479.0,Gauche,2017,présidentielle
35,210,Pacé,8339,4974,3254,5085,111,4,2667.0,Gauche,2017,présidentielle
35,210,Pacé,8339,4974,3254,5085,111,5,40.0,Écologie,2017,présidentielle
35,210,Pacé,8339,4974,3254,5085,111,6,319.0,Écologie,2017,présidentielle
35,210,Pacé,8339,4974,3254,5085,111,7,28.0,Divers,2017,présidentielle
35,210,Pacé,8339,4974,3254,5085,111,8,33.0,Régionalisme,2017,présidentielle
35,210,Pacé,8339,4974,3254,5085,111,9,995.0,Droite,2017,présidentielle
35,210,Pacé,8339,4974,3254,5085,111,10,0.0,Droite,2017,présidentielle
35,210,Pacé,8339,4974,3254,5085,111,11,213.0,Extrême Droite,2017,présidentielle
35,216,Parthenay-de-Bretagne,1071,615,443,628,13,0,1.0,Extrême Gauche,2017,présidentielle
35,216,Parthenay-de-Bretagne,1071,615,443,628,13,1,6.0,Extrême Gauche,2017,présidentielle
35,216,Parthenay-de-Bretagne,1071,615,443,628,13,2,17.0,Gauche,2017,présidentielle
35,216,Parthenay-de-Bretagne,1071,615,443,628,13,3,112.0,Gauche,2017,présidentielle
35,216,Parthenay-de-Bretagne,1071,615,443,628,13,4,298.0,Gauche,2017,présidentielle
35,216,Parthenay-de-Bretagne,1071,615,443,628,13,5,7.0,Écologie,2017,présidentielle
35,216,Parthenay-de-Bretagne,1071,615,443,628,13,6,57.0,Écologie,2017,présidentielle
35,216,Parthenay-de-Bretagne,1071,615,443,628,13,7,3.0,Divers,2017,présidentielle
35,216,Parthenay-de-Bretagne,1071,615,443,628,13,8,11.0,Régionalisme,2017,présidentielle
35,216,Parthenay-de-Bretagne,1071,615,443,628,13,9,56.0,Droite,2017,présidentielle
35,216,Parthenay-de-Bretagne,1071,615,443,628,13,10,0.0,Droite,2017,présidentielle
35,216,Parthenay-de-Bretagne,1071,615,443,628,13,11,47.0,Extrême Droite,2017,présidentielle
35,225,Plesder,554,305,240,314,9,0,3.0,Extrême Gauche,2017,présidentielle
35,225,Plesder,554,305,240,314,9,1,1.0,Extrême Gauche,2017,présidentielle
35,225,Plesder,554,305,240,314,9,2,24.0,Gauche,2017,présidentielle
35,225,Plesder,554,305,240,314,9,3,48.0,Gauche,2017,présidentielle
35,225,Plesder,554,305,240,314,9,4,110.0,Gauche,2017,présidentielle
35,225,Plesder,554,305,240,314,9,5,3.0,Écologie,2017,présidentielle
35,225,Plesder,554,305,240,314,9,6,10.0,Écologie,2017,présidentielle
35,225,Plesder,554,305,240,314,9,7,1.0,Divers,2017,présidentielle
35,225,Plesder,554,305,240,314,9,8,7.0,Régionalisme,2017,présidentielle
35,225,Plesder,554,305,240,314,9,9,44.0,Droite,2017,présidentielle
35,225,Plesder,554,305,240,314,9,10,0.0,Droite,2017,présidentielle
35,225,Plesder,554,305,240,314,9,11,54.0,Extrême Droite,2017,présidentielle
35,226,Pleugueneuc,1311,676,609,702,26,0,7.0,Extrême Gauche,2017,présidentielle
35,226,Pleugueneuc,1311,676,609,702,26,1,7.0,Extrême Gauche,2017,présidentielle
35,226,Pleugueneuc,1311,676,609,702,26,2,18.0,Gauche,2017,présidentielle
35,226,Pleugueneuc,1311,676,609,702,26,3,86.0,Gauche,2017,présidentielle
35,226,Pleugueneuc,1311,676,609,702,26,4,311.0,Gauche,2017,présidentielle
35,226,Pleugueneuc,1311,676,609,702,26,5,12.0,Écologie,2017,présidentielle
35,226,Pleugueneuc,1311,676,609,702,26,6,46.0,Écologie,2017,présidentielle
35,226,Pleugueneuc,1311,676,609,702,26,7,2.0,Divers,2017,présidentielle
35,226,Pleugueneuc,1311,676,609,702,26,8,11.0,Régionalisme,2017,présidentielle
35,226,Pleugueneuc,1311,676,609,702,26,9,73.0,Droite,2017,présidentielle
35,226,Pleugueneuc,1311,676,609,702,26,10,0.0,Droite,2017,présidentielle
35,226,Pleugueneuc,1311,676,609,702,26,11,103.0,Extrême Droite,2017,présidentielle
35,227,Pleumeleuc,2362,1228,1100,1262,34,0,7.0,Extrême Gauche,2017,présidentielle
35,227,Pleumeleuc,2362,1228,1100,1262,34,1,12.0,Extrême Gauche,2017,présidentielle
35,227,Pleumeleuc,2362,1228,1100,1262,34,2,43.0,Gauche,2017,présidentielle
35,227,Pleumeleuc,2362,1228,1100,1262,34,3,139.0,Gauche,2017,présidentielle
35,227,Pleumeleuc,2362,1228,1100,1262,34,4,631.0,Gauche,2017,présidentielle
35,227,Pleumeleuc,2362,1228,1100,1262,34,5,16.0,Écologie,2017,présidentielle
35,227,Pleumeleuc,2362,1228,1100,1262,34,6,66.0,Écologie,2017,présidentielle
35,227,Pleumeleuc,2362,1228,1100,1262,34,7,6.0,Divers,2017,présidentielle
35,227,Pleumeleuc,2362,1228,1100,1262,34,8,17.0,Régionalisme,2017,présidentielle
35,227,Pleumeleuc,2362,1228,1100,1262,34,9,168.0,Droite,2017,présidentielle
35,227,Pleumeleuc,2362,1228,1100,1262,34,10,0.0,Droite,2017,présidentielle
35,227,Pleumeleuc,2362,1228,1100,1262,34,11,123.0,Extrême Droite,2017,présidentielle
35,234,Quédillac,879,456,414,465,9,0,1.0,Extrême Gauche,2017,présidentielle
35,234,Quédillac,879,456,414,465,9,1,1.0,Extrême Gauche,2017,présidentielle
35,234,Quédillac,879,456,414,465,9,2,8.0,Gauche,2017,présidentielle
35,234,Quédillac,879,456,414,465,9,3,53.0,Gauche,2017,présidentielle
35,234,Quédillac,879,456,414,465,9,4,219.0,Gauche,2017,présidentielle
35,234,Quédillac,879,456,414,465,9,5,4.0,Écologie,2017,présidentielle
35,234,Quédillac,879,456,414,465,9,6,16.0,Écologie,2017,présidentielle
35,234,Quédillac,879,456,414,465,9,7,1.0,Divers,2017,présidentielle
35,234,Quédillac,879,456,414,465,9,8,3.0,Régionalisme,2017,présidentielle
35,234,Quédillac,879,456,414,465,9,9,97.0,Droite,2017,présidentielle
35,234,Quédillac,879,456,414,465,9,10,0.0,Droite,2017,présidentielle
35,234,Quédillac,879,456,414,465,9,11,53.0,Extrême Droite,2017,présidentielle
35,238,Rennes,6045,2427,3570,2475,48,0,23.0,Extrême Gauche,2017,présidentielle
35,238,Rennes,6045,2427,3570,2475,48,1,33.0,Extrême Gauche,2017,présidentielle
35,238,Rennes,6045,2427,3570,2475,48,2,223.0,Gauche,2017,présidentielle
35,238,Rennes,6045,2427,3570,2475,48,3,466.0,Gauche,2017,présidentielle
35,238,Rennes,6045,2427,3570,2475,48,4,1039.0,Gauche,2017,présidentielle
35,238,Rennes,6045,2427,3570,2475,48,5,29.0,Écologie,2017,présidentielle
35,238,Rennes,6045,2427,3570,2475,48,6,198.0,Écologie,2017,présidentielle
35,238,Rennes,6045,2427,3570,2475,48,7,32.0,Divers,2017,présidentielle
35,238,Rennes,6045,2427,3570,2475,48,8,28.0,Régionalisme,2017,présidentielle
35,238,Rennes,6045,2427,3570,2475,48,9,207.0,Droite,2017,présidentielle
35,238,Rennes,6045,2427,3570,2475,48,10,0.0,Droite,2017,présidentielle
35,238,Rennes,6045,2427,3570,2475,48,11,149.0,Extrême Droite,2017,présidentielle
35,245,Romillé,2718,1475,1202,1516,41,0,4.0,Extrême Gauche,2017,présidentielle
35,245,Romillé,2718,1475,1202,1516,41,1,15.0,Extrême Gauche,2017,présidentielle
35,245,Romillé,2718,1475,1202,1516,41,2,64.0,Gauche,2017,présidentielle
35,245,Romillé,2718,1475,1202,1516,41,3,210.0,Gauche,2017,présidentielle
35,245,Romillé,2718,1475,1202,1516,41,4,676.0,Gauche,2017,présidentielle
35,245,Romillé,2718,1475,1202,1516,41,5,12.0,Écologie,2017,présidentielle
35,245,Romillé,2718,1475,1202,1516,41,6,110.0,Écologie,2017,présidentielle
35,245,Romillé,2718,1475,1202,1516,41,7,10.0,Divers,2017,présidentielle
35,245,Romillé,2718,1475,1202,1516,41,8,17.0,Régionalisme,2017,présidentielle
35,245,Romillé,2718,1475,1202,1516,41,9,234.0,Droite,2017,présidentielle
35,245,Romillé,2718,1475,1202,1516,41,10,0.0,Droite,2017,présidentielle
35,245,Romillé,2718,1475,1202,1516,41,11,123.0,Extrême Droite,2017,présidentielle
35,258,Saint-Brieuc-des-Iffs,254,151,102,152,1,0,0.0,Extrême Gauche,2017,présidentielle
35,258,Saint-Brieuc-des-Iffs,254,151,102,152,1,1,2.0,Extrême Gauche,2017,présidentielle
35,258,Saint-Brieuc-des-Iffs,254,151,102,152,1,2,5.0,Gauche,2017,présidentielle
35,258,Saint-Brieuc-des-Iffs,254,151,102,152,1,3,24.0,Gauche,2017,présidentielle
35,258,Saint-Brieuc-des-Iffs,254,151,102,152,1,4,65.0,Gauche,2017,présidentielle
35,258,Saint-Brieuc-des-Iffs,254,151,102,152,1,5,3.0,Écologie,2017,présidentielle
35,258,Saint-Brieuc-des-Iffs,254,151,102,152,1,6,19.0,Écologie,2017,présidentielle
35,258,Saint-Brieuc-des-Iffs,254,151,102,152,1,7,0.0,Divers,2017,présidentielle
35,258,Saint-Brieuc-des-Iffs,254,151,102,152,1,8,1.0,Régionalisme,2017,présidentielle
35,258,Saint-Brieuc-des-Iffs,254,151,102,152,1,9,21.0,Droite,2017,présidentielle
35,258,Saint-Brieuc-des-Iffs,254,151,102,152,1,10,0.0,Droite,2017,présidentielle
35,258,Saint-Brieuc-des-Iffs,254,151,102,152,1,11,11.0,Extrême Droite,2017,présidentielle
35,265,Saint-Domineuc,1722,962,728,994,32,0,31.0,Extrême Gauche,2017,présidentielle
35,265,Saint-Domineuc,1722,962,728,994,32,1,11.0,Extrême Gauche,2017,présidentielle
35,265,Saint-Domineuc,1722,962,728,994,32,2,38.0,Gauche,2017,présidentielle
35,265,Saint-Domineuc,1722,962,728,994,32,3,123.0,Gauche,2017,présidentielle
35,265,Saint-Domineuc,1722,962,728,994,32,4,414.0,Gauche,2017,présidentielle
35,265,Saint-Domineuc,1722,962,728,994,32,5,15.0,Écologie,2017,présidentielle
35,265,Saint-Domineuc,1722,962,728,994,32,6,59.0,Écologie,2017,présidentielle
35,265,Saint-Domineuc,1722,962,728,994,32,7,5.0,Divers,2017,présidentielle
35,265,Saint-Domineuc,1722,962,728,994,32,8,9.0,Régionalisme,2017,présidentielle
35,265,Saint-Domineuc,1722,962,728,994,32,9,132.0,Droite,2017,présidentielle
35,265,Saint-Domineuc,1722,962,728,994,32,10,0.0,Droite,2017,présidentielle
35,265,Saint-Domineuc,1722,962,728,994,32,11,125.0,Extrême Droite,2017,présidentielle
35,277,Saint-Gonlay,285,182,100,185,3,0,2.0,Extrême Gauche,2017,présidentielle
35,277,Saint-Gonlay,285,182,100,185,3,1,0.0,Extrême Gauche,2017,présidentielle
35,277,Saint-Gonlay,285,182,100,185,3,2,3.0,Gauche,2017,présidentielle
35,277,Saint-Gonlay,285,182,100,185,3,3,19.0,Gauche,2017,présidentielle
35,277,Saint-Gonlay,285,182,100,185,3,4,90.0,Gauche,2017,présidentielle
35,277,Saint-Gonlay,285,182,100,185,3,5,3.0,Écologie,2017,présidentielle
35,277,Saint-Gonlay,285,182,100,185,3,6,20.0,Écologie,2017,présidentielle
35,277,Saint-Gonlay,285,182,100,185,3,7,0.0,Divers,2017,présidentielle
35,277,Saint-Gonlay,285,182,100,185,3,8,2.0,Régionalisme,2017,présidentielle
35,277,Saint-Gonlay,285,182,100,185,3,9,22.0,Droite,2017,présidentielle
35,277,Saint-Gonlay,285,182,100,185,3,10,0.0,Droite,2017,présidentielle
35,277,Saint-Gonlay,285,182,100,185,3,11,21.0,Extrême Droite,2017,présidentielle
35,286,Saint-Léger-des-Prés,181,112,66,115,3,0,2.0,Extrême Gauche,2017,présidentielle
35,286,Saint-Léger-des-Prés,181,112,66,115,3,1,1.0,Extrême Gauche,2017,présidentielle
35,286,Saint-Léger-des-Prés,181,112,66,115,3,2,4.0,Gauche,2017,présidentielle
35,286,Saint-Léger-des-Prés,181,112,66,115,3,3,8.0,Gauche,2017,présidentielle
35,286,Saint-Léger-des-Prés,181,112,66,115,3,4,64.0,Gauche,2017,présidentielle
35,286,Saint-Léger-des-Prés,181,112,66,115,3,5,1.0,Écologie,2017,présidentielle
35,286,Saint-Léger-des-Prés,181,112,66,115,3,6,7.0,Écologie,2017,présidentielle
35,286,Saint-Léger-des-Prés,181,112,66,115,3,7,3.0,Divers,2017,présidentielle
35,286,Saint-Léger-des-Prés,181,112,66,115,3,8,2.0,Régionalisme,2017,présidentielle
35,286,Saint-Léger-des-Prés,181,112,66,115,3,9,9.0,Droite,2017,présidentielle
35,286,Saint-Léger-des-Prés,181,112,66,115,3,10,0.0,Droite,2017,présidentielle
35,286,Saint-Léger-des-Prés,181,112,66,115,3,11,11.0,Extrême Droite,2017,présidentielle
35,290,Saint-Malon-sur-Mel,448,212,231,217,5,0,3.0,Extrême Gauche,2017,présidentielle
35,290,Saint-Malon-sur-Mel,448,212,231,217,5,1,2.0,Extrême Gauche,2017,présidentielle
35,290,Saint-Malon-sur-Mel,448,212,231,217,5,2,3.0,Gauche,2017,présidentielle
35,290,Saint-Malon-sur-Mel,448,212,231,217,5,3,30.0,Gauche,2017,présidentielle
35,290,Saint-Malon-sur-Mel,448,212,231,217,5,4,95.0,Gauche,2017,présidentielle
35,290,Saint-Malon-sur-Mel,448,212,231,217,5,5,6.0,Écologie,2017,présidentielle
35,290,Saint-Malon-sur-Mel,448,212,231,217,5,6,13.0,Écologie,2017,présidentielle
35,290,Saint-Malon-sur-Mel,448,212,231,217,5,7,1.0,Divers,2017,présidentielle
35,290,Saint-Malon-sur-Mel,448,212,231,217,5,8,4.0,Régionalisme,2017,présidentielle
35,290,Saint-Malon-sur-Mel,448,212,231,217,5,9,21.0,Droite,2017,présidentielle
35,290,Saint-Malon-sur-Mel,448,212,231,217,5,10,0.0,Droite,2017,présidentielle
35,290,Saint-Malon-sur-Mel,448,212,231,217,5,11,34.0,Extrême Droite,2017,présidentielle
35,295,Saint-Maugan,393,203,182,211,8,0,2.0,Extrême Gauche,2017,présidentielle
35,295,Saint-Maugan,393,203,182,211,8,1,2.0,Extrême Gauche,2017,présidentielle
35,295,Saint-Maugan,393,203,182,211,8,2,6.0,Gauche,2017,présidentielle
35,295,Saint-Maugan,393,203,182,211,8,3,30.0,Gauche,2017,présidentielle
35,295,Saint-Maugan,393,203,182,211,8,4,79.0,Gauche,2017,présidentielle
35,295,Saint-Maugan,393,203,182,211,8,5,4.0,Écologie,2017,présidentielle
35,295,Saint-Maugan,393,203,182,211,8,6,18.0,Écologie,2017,présidentielle
35,295,Saint-Maugan,393,203,182,211,8,7,2.0,Divers,2017,présidentielle
35,295,Saint-Maugan,393,203,182,211,8,8,3.0,Régionalisme,2017,présidentielle
35,295,Saint-Maugan,393,203,182,211,8,9,27.0,Droite,2017,présidentielle
35,295,Saint-Maugan,393,203,182,211,8,10,0.0,Droite,2017,présidentielle
35,295,Saint-Maugan,393,203,182,211,8,11,30.0,Extrême Droite,2017,présidentielle
35,297,Saint-Méen-le-Grand,2952,1512,1410,1542,30,0,12.0,Extrême Gauche,2017,présidentielle
35,297,Saint-Méen-le-Grand,2952,1512,1410,1542,30,1,21.0,Extrême Gauche,2017,présidentielle
35,297,Saint-Méen-le-Grand,2952,1512,1410,1542,30,2,34.0,Gauche,2017,présidentielle
35,297,Saint-Méen-le-Grand,2952,1512,1410,1542,30,3,147.0,Gauche,2017,présidentielle
35,297,Saint-Méen-le-Grand,2952,1512,1410,1542,30,4,719.0,Gauche,2017,présidentielle
35,297,Saint-Méen-le-Grand,2952,1512,1410,1542,30,5,16.0,Écologie,2017,présidentielle
35,297,Saint-Méen-le-Grand,2952,1512,1410,1542,30,6,42.0,Écologie,2017,présidentielle
35,297,Saint-Méen-le-Grand,2952,1512,1410,1542,30,7,7.0,Divers,2017,présidentielle
35,297,Saint-Méen-le-Grand,2952,1512,1410,1542,30,8,10.0,Régionalisme,2017,présidentielle
35,297,Saint-Méen-le-Grand,2952,1512,1410,1542,30,9,301.0,Droite,2017,présidentielle
35,297,Saint-Méen-le-Grand,2952,1512,1410,1542,30,10,0.0,Droite,2017,présidentielle
35,297,Saint-Méen-le-Grand,2952,1512,1410,1542,30,11,203.0,Extrême Droite,2017,présidentielle
35,301,Saint-M'Hervon,385,206,176,209,3,0,4.0,Extrême Gauche,2017,présidentielle
35,301,Saint-M'Hervon,385,206,176,209,3,1,3.0,Extrême Gauche,2017,présidentielle
35,301,Saint-M'Hervon,385,206,176,209,3,2,10.0,Gauche,2017,présidentielle
35,301,Saint-M'Hervon,385,206,176,209,3,3,23.0,Gauche,2017,présidentielle
35,301,Saint-M'Hervon,385,206,176,209,3,4,89.0,Gauche,2017,présidentielle
35,301,Saint-M'Hervon,385,206,176,209,3,5,2.0,Écologie,2017,présidentielle
35,301,Saint-M'Hervon,385,206,176,209,3,6,15.0,Écologie,2017,présidentielle
35,301,Saint-M'Hervon,385,206,176,209,3,7,1.0,Divers,2017,présidentielle
35,301,Saint-M'Hervon,385,206,176,209,3,8,2.0,Régionalisme,2017,présidentielle
35,301,Saint-M'Hervon,385,206,176,209,3,9,32.0,Droite,2017,présidentielle
35,301,Saint-M'Hervon,385,206,176,209,3,10,0.0,Droite,2017,présidentielle
35,301,Saint-M'Hervon,385,206,176,209,3,11,25.0,Extrême Droite,2017,présidentielle
35,302,Saint-Onen-la-Chapelle,864,484,371,493,9,0,4.0,Extrême Gauche,2017,présidentielle
35,302,Saint-Onen-la-Chapelle,864,484,371,493,9,1,6.0,Extrême Gauche,2017,présidentielle
35,302,Saint-Onen-la-Chapelle,864,484,371,493,9,2,12.0,Gauche,2017,présidentielle
35,302,Saint-Onen-la-Chapelle,864,484,371,493,9,3,33.0,Gauche,2017,présidentielle
35,302,Saint-Onen-la-Chapelle,864,484,371,493,9,4,215.0,Gauche,2017,présidentielle
35,302,Saint-Onen-la-Chapelle,864,484,371,493,9,5,3.0,Écologie,2017,présidentielle
35,302,Saint-Onen-la-Chapelle,864,484,371,493,9,6,13.0,Écologie,2017,présidentielle
35,302,Saint-Onen-la-Chapelle,864,484,371,493,9,7,9.0,Divers,2017,présidentielle
35,302,Saint-Onen-la-Chapelle,864,484,371,493,9,8,6.0,Régionalisme,2017,présidentielle
35,302,Saint-Onen-la-Chapelle,864,484,371,493,9,9,114.0,Droite,2017,présidentielle
35,302,Saint-Onen-la-Chapelle,864,484,371,493,9,10,0.0,Droite,2017,présidentielle
35,302,Saint-Onen-la-Chapelle,864,484,371,493,9,11,69.0,Extrême Droite,2017,présidentielle
35,307,Saint-Pern,649,368,272,377,9,0,1.0,Extrême Gauche,2017,présidentielle
35,307,Saint-Pern,649,368,272,377,9,1,2.0,Extrême Gauche,2017,présidentielle
35,307,Saint-Pern,649,368,272,377,9,2,14.0,Gauche,2017,présidentielle
35,307,Saint-Pern,649,368,272,377,9,3,47.0,Gauche,2017,présidentielle
35,307,Saint-Pern,649,368,272,377,9,4,149.0,Gauche,2017,présidentielle
35,307,Saint-Pern,649,368,272,377,9,5,0.0,Écologie,2017,présidentielle
35,307,Saint-Pern,649,368,272,377,9,6,35.0,Écologie,2017,présidentielle
35,307,Saint-Pern,649,368,272,377,9,7,3.0,Divers,2017,présidentielle
35,307,Saint-Pern,649,368,272,377,9,8,1.0,Régionalisme,2017,présidentielle
35,307,Saint-Pern,649,368,272,377,9,9,89.0,Droite,2017,présidentielle
35,307,Saint-Pern,649,368,272,377,9,10,0.0,Droite,2017,présidentielle
35,307,Saint-Pern,649,368,272,377,9,11,27.0,Extrême Droite,2017,présidentielle
35,308,Saint-Pierre-de-Plesguen,2031,1015,987,1044,29,0,5.0,Extrême Gauche,2017,présidentielle
35,308,Saint-Pierre-de-Plesguen,2031,1015,987,1044,29,1,12.0,Extrême Gauche,2017,présidentielle
35,308,Saint-Pierre-de-Plesguen,2031,1015,987,1044,29,2,41.0,Gauche,2017,présidentielle
35,308,Saint-Pierre-de-Plesguen,2031,1015,987,1044,29,3,130.0,Gauche,2017,présidentielle
35,308,Saint-Pierre-de-Plesguen,2031,1015,987,1044,29,4,441.0,Gauche,2017,présidentielle
35,308,Saint-Pierre-de-Plesguen,2031,1015,987,1044,29,5,13.0,Écologie,2017,présidentielle
35,308,Saint-Pierre-de-Plesguen,2031,1015,987,1044,29,6,44.0,Écologie,2017,présidentielle
35,308,Saint-Pierre-de-Plesguen,2031,1015,987,1044,29,7,16.0,Divers,2017,présidentielle
35,308,Saint-Pierre-de-Plesguen,2031,1015,987,1044,29,8,18.0,Régionalisme,2017,présidentielle
35,308,Saint-Pierre-de-Plesguen,2031,1015,987,1044,29,9,147.0,Droite,2017,présidentielle
35,308,Saint-Pierre-de-Plesguen,2031,1015,987,1044,29,10,0.0,Droite,2017,présidentielle
35,308,Saint-Pierre-de-Plesguen,2031,1015,987,1044,29,11,148.0,Extrême Droite,2017,présidentielle
35,318,Saint-Thual,586,308,269,317,9,0,2.0,Extrême Gauche,2017,présidentielle
35,318,Saint-Thual,586,308,269,317,9,1,2.0,Extrême Gauche,2017,présidentielle
35,318,Saint-Thual,586,308,269,317,9,2,21.0,Gauche,2017,présidentielle
35,318,Saint-Thual,586,308,269,317,9,3,47.0,Gauche,2017,présidentielle
35,318,Saint-Thual,586,308,269,317,9,4,107.0,Gauche,2017,présidentielle
35,318,Saint-Thual,586,308,269,317,9,5,6.0,Écologie,2017,présidentielle
35,318,Saint-Thual,586,308,269,317,9,6,13.0,Écologie,2017,présidentielle
35,318,Saint-Thual,586,308,269,317,9,7,5.0,Divers,2017,présidentielle
35,318,Saint-Thual,586,308,269,317,9,8,3.0,Régionalisme,2017,présidentielle
35,318,Saint-Thual,586,308,269,317,9,9,47.0,Droite,2017,présidentielle
35,318,Saint-Thual,586,308,269,317,9,10,0.0,Droite,2017,présidentielle
35,318,Saint-Thual,586,308,269,317,9,11,55.0,Extrême Droite,2017,présidentielle
35,320,Saint-Uniac,371,205,162,209,4,0,3.0,Extrême Gauche,2017,présidentielle
35,320,Saint-Uniac,371,205,162,209,4,1,0.0,Extrême Gauche,2017,présidentielle
35,320,Saint-Uniac,371,205,162,209,4,2,6.0,Gauche,2017,présidentielle
35,320,Saint-Uniac,371,205,162,209,4,3,34.0,Gauche,2017,présidentielle
35,320,Saint-Uniac,371,205,162,209,4,4,84.0,Gauche,2017,présidentielle
35,320,Saint-Uniac,371,205,162,209,4,5,3.0,Écologie,2017,présidentielle
35,320,Saint-Uniac,371,205,162,209,4,6,14.0,Écologie,2017,présidentielle
35,320,Saint-Uniac,371,205,162,209,4,7,2.0,Divers,2017,présidentielle
35,320,Saint-Uniac,371,205,162,209,4,8,2.0,Régionalisme,2017,présidentielle
35,320,Saint-Uniac,371,205,162,209,4,9,38.0,Droite,2017,présidentielle
35,320,Saint-Uniac,371,205,162,209,4,10,0.0,Droite,2017,présidentielle
35,320,Saint-Uniac,371,205,162,209,4,11,19.0,Extrême Droite,2017,présidentielle
35,331,Talensac,1928,1008,893,1035,27,0,11.0,Extrême Gauche,2017,présidentielle
35,331,Talensac,1928,1008,893,1035,27,1,9.0,Extrême Gauche,2017,présidentielle
35,331,Talensac,1928,1008,893,1035,27,2,32.0,Gauche,2017,présidentielle
35,331,Talensac,1928,1008,893,1035,27,3,163.0,Gauche,2017,présidentielle
35,331,Talensac,1928,1008,893,1035,27,4,496.0,Gauche,2017,présidentielle
35,331,Talensac,1928,1008,893,1035,27,5,13.0,Écologie,2017,présidentielle
35,331,Talensac,1928,1008,893,1035,27,6,46.0,Écologie,2017,présidentielle
35,331,Talensac,1928,1008,893,1035,27,7,12.0,Divers,2017,présidentielle
35,331,Talensac,1928,1008,893,1035,27,8,20.0,Régionalisme,2017,présidentielle
35,331,Talensac,1928,1008,893,1035,27,9,100.0,Droite,2017,présidentielle
35,331,Talensac,1928,1008,893,1035,27,10,0.0,Droite,2017,présidentielle
35,331,Talensac,1928,1008,893,1035,27,11,106.0,Extrême Droite,2017,présidentielle
35,337,Tinténiac,2566,1374,1160,1406,32,0,16.0,Extrême Gauche,2017,présidentielle
35,337,Tinténiac,2566,1374,1160,1406,32,1,13.0,Extrême Gauche,2017,présidentielle
35,337,Tinténiac,2566,1374,1160,1406,32,2,44.0,Gauche,2017,présidentielle
35,337,Tinténiac,2566,1374,1160,1406,32,3,177.0,Gauche,2017,présidentielle
35,337,Tinténiac,2566,1374,1160,1406,32,4,637.0,Gauche,2017,présidentielle
35,337,Tinténiac,2566,1374,1160,1406,32,5,18.0,Écologie,2017,présidentielle
35,337,Tinténiac,2566,1374,1160,1406,32,6,92.0,Écologie,2017,présidentielle
35,337,Tinténiac,2566,1374,1160,1406,32,7,9.0,Divers,2017,présidentielle
35,337,Tinténiac,2566,1374,1160,1406,32,8,13.0,Régionalisme,2017,présidentielle
35,337,Tinténiac,2566,1374,1160,1406,32,9,238.0,Droite,2017,présidentielle
35,337,Tinténiac,2566,1374,1160,1406,32,10,0.0,Droite,2017,présidentielle
35,337,Tinténiac,2566,1374,1160,1406,32,11,117.0,Extrême Droite,2017,présidentielle
35,342,Trémeheuc,261,152,102,159,7,0,0.0,Extrême Gauche,2017,présidentielle
35,342,Trémeheuc,261,152,102,159,7,1,2.0,Extrême Gauche,2017,présidentielle
35,342,Trémeheuc,261,152,102,159,7,2,8.0,Gauche,2017,présidentielle
35,342,Trémeheuc,261,152,102,159,7,3,22.0,Gauche,2017,présidentielle
35,342,Trémeheuc,261,152,102,159,7,4,62.0,Gauche,2017,présidentielle
35,342,Trémeheuc,261,152,102,159,7,5,1.0,Écologie,2017,présidentielle
35,342,Trémeheuc,261,152,102,159,7,6,9.0,Écologie,2017,présidentielle
35,342,Trémeheuc,261,152,102,159,7,7,4.0,Divers,2017,présidentielle
35,342,Trémeheuc,261,152,102,159,7,8,1.0,Régionalisme,2017,présidentielle
35,342,Trémeheuc,261,152,102,159,7,9,19.0,Droite,2017,présidentielle
35,342,Trémeheuc,261,152,102,159,7,10,0.0,Droite,2017,présidentielle
35,342,Trémeheuc,261,152,102,159,7,11,24.0,Extrême Droite,2017,présidentielle
35,344,Tressé,288,139,144,144,5,0,1.0,Extrême Gauche,2017,présidentielle
35,344,Tressé,288,139,144,144,5,1,2.0,Extrême Gauche,2017,présidentielle
35,344,Tressé,288,139,144,144,5,2,3.0,Gauche,2017,présidentielle
35,344,Tressé,288,139,144,144,5,3,19.0,Gauche,2017,présidentielle
35,344,Tressé,288,139,144,144,5,4,53.0,Gauche,2017,présidentielle
35,344,Tressé,288,139,144,144,5,5,3.0,Écologie,2017,présidentielle
35,344,Tressé,288,139,144,144,5,6,8.0,Écologie,2017,présidentielle
35,344,Tressé,288,139,144,144,5,7,2.0,Divers,2017,présidentielle
35,344,Tressé,288,139,144,144,5,8,1.0,Régionalisme,2017,présidentielle
35,344,Tressé,288,139,144,144,5,9,17.0,Droite,2017,présidentielle
35,344,Tressé,288,139,144,144,5,10,0.0,Droite,2017,présidentielle
35,344,Tressé,288,139,144,144,5,11,30.0,Extrême Droite,2017,présidentielle
35,345,Trévérien,625,330,281,344,14,0,3.0,Extrême Gauche,2017,présidentielle
35,345,Trévérien,625,330,281,344,14,1,0.0,Extrême Gauche,2017,présidentielle
35,345,Trévérien,625,330,281,344,14,2,13.0,Gauche,2017,présidentielle
35,345,Trévérien,625,330,281,344,14,3,74.0,Gauche,2017,présidentielle
35,345,Trévérien,625,330,281,344,14,4,151.0,Gauche,2017,présidentielle
35,345,Trévérien,625,330,281,344,14,5,1.0,Écologie,2017,présidentielle
35,345,Trévérien,625,330,281,344,14,6,17.0,Écologie,2017,présidentielle
35,345,Trévérien,625,330,281,344,14,7,2.0,Divers,2017,présidentielle
35,345,Trévérien,625,330,281,344,14,8,3.0,Régionalisme,2017,présidentielle
35,345,Trévérien,625,330,281,344,14,9,37.0,Droite,2017,présidentielle
35,345,Trévérien,625,330,281,344,14,10,0.0,Droite,2017,présidentielle
35,345,Trévérien,625,330,281,344,14,11,29.0,Extrême Droite,2017,présidentielle
35,346,Trimer,152,86,62,90,4,0,0.0,Extrême Gauche,2017,présidentielle
35,346,Trimer,152,86,62,90,4,1,0.0,Extrême Gauche,2017,présidentielle
35,346,Trimer,152,86,62,90,4,2,4.0,Gauche,2017,présidentielle
35,346,Trimer,152,86,62,90,4,3,13.0,Gauche,2017,présidentielle
35,346,Trimer,152,86,62,90,4,4,34.0,Gauche,2017,présidentielle
35,346,Trimer,152,86,62,90,4,5,1.0,Écologie,2017,présidentielle
35,346,Trimer,152,86,62,90,4,6,12.0,Écologie,2017,présidentielle
35,346,Trimer,152,86,62,90,4,7,0.0,Divers,2017,présidentielle
35,346,Trimer,152,86,62,90,4,8,0.0,Régionalisme,2017,présidentielle
35,346,Trimer,152,86,62,90,4,9,15.0,Droite,2017,présidentielle
35,346,Trimer,152,86,62,90,4,10,0.0,Droite,2017,présidentielle
35,346,Trimer,152,86,62,90,4,11,7.0,Extrême Droite,2017,présidentielle
35,351,Le Verger,1067,535,520,547,12,0,3.0,Extrême Gauche,2017,présidentielle
35,351,Le Verger,1067,535,520,547,12,1,2.0,Extrême Gauche,2017,présidentielle
35,351,Le Verger,1067,535,520,547,12,2,32.0,Gauche,2017,présidentielle
35,351,Le Verger,1067,535,520,547,12,3,112.0,Gauche,2017,présidentielle
35,351,Le Verger,1067,535,520,547,12,4,206.0,Gauche,2017,présidentielle
35,351,Le Verger,1067,535,520,547,12,5,4.0,Écologie,2017,présidentielle
35,351,Le Verger,1067,535,520,547,12,6,31.0,Écologie,2017,présidentielle
35,351,Le Verger,1067,535,520,547,12,7,3.0,Divers,2017,présidentielle
35,351,Le Verger,1067,535,520,547,12,8,18.0,Régionalisme,2017,présidentielle
35,351,Le Verger,1067,535,520,547,12,9,65.0,Droite,2017,présidentielle
35,351,Le Verger,1067,535,520,547,12,10,0.0,Droite,2017,présidentielle
35,351,Le Verger,1067,535,520,547,12,11,59.0,Extrême Droite,2017,présidentielle
35,12,Bain-de-Bretagne,5392,2546,2788,2604,58,0,17.0,Extrême Gauche,2017,présidentielle
35,12,Bain-de-Bretagne,5392,2546,2788,2604,58,1,267.0,Gauche,2017,présidentielle
35,12,Bain-de-Bretagne,5392,2546,2788,2604,58,2,155.0,Gauche,2017,présidentielle
35,12,Bain-de-Bretagne,5392,2546,2788,2604,58,3,60.0,Gauche,2017,présidentielle
35,12,Bain-de-Bretagne,5392,2546,2788,2604,58,4,23.0,Écologie,2017,présidentielle
35,12,Bain-de-Bretagne,5392,2546,2788,2604,58,5,65.0,Écologie,2017,présidentielle
35,12,Bain-de-Bretagne,5392,2546,2788,2604,58,6,33.0,Divers,2017,présidentielle
35,12,Bain-de-Bretagne,5392,2546,2788,2604,58,7,1360.0,Centre,2017,présidentielle
35,12,Bain-de-Bretagne,5392,2546,2788,2604,58,8,263.0,Droite,2017,présidentielle
35,12,Bain-de-Bretagne,5392,2546,2788,2604,58,9,31.0,Droite,2017,présidentielle
35,12,Bain-de-Bretagne,5392,2546,2788,2604,58,10,264.0,Extrême Droite,2017,présidentielle
35,12,Bain-de-Bretagne,5392,2546,2788,2604,58,11,8.0,Extrême Droite,2017,présidentielle
35,13,Bains-sur-Oust,2822,1510,1295,1527,17,0,9.0,Extrême Gauche,2017,présidentielle
35,13,Bains-sur-Oust,2822,1510,1295,1527,17,1,161.0,Gauche,2017,présidentielle
35,13,Bains-sur-Oust,2822,1510,1295,1527,17,2,209.0,Gauche,2017,présidentielle
35,13,Bains-sur-Oust,2822,1510,1295,1527,17,3,16.0,Gauche,2017,présidentielle
35,13,Bains-sur-Oust,2822,1510,1295,1527,17,4,10.0,Écologie,2017,présidentielle
35,13,Bains-sur-Oust,2822,1510,1295,1527,17,5,43.0,Écologie,2017,présidentielle
35,13,Bains-sur-Oust,2822,1510,1295,1527,17,6,12.0,Divers,2017,présidentielle
35,13,Bains-sur-Oust,2822,1510,1295,1527,17,7,577.0,Centre,2017,présidentielle
35,13,Bains-sur-Oust,2822,1510,1295,1527,17,8,363.0,Droite,2017,présidentielle
35,13,Bains-sur-Oust,2822,1510,1295,1527,17,9,14.0,Droite,2017,présidentielle
35,13,Bains-sur-Oust,2822,1510,1295,1527,17,10,88.0,Extrême Droite,2017,présidentielle
35,13,Bains-sur-Oust,2822,1510,1295,1527,17,11,8.0,Extrême Droite,2017,présidentielle
35,16,Baulon,1493,716,755,738,22,0,11.0,Extrême Gauche,2017,présidentielle
35,16,Baulon,1493,716,755,738,22,1,95.0,Gauche,2017,présidentielle
35,16,Baulon,1493,716,755,738,22,2,65.0,Gauche,2017,présidentielle
35,16,Baulon,1493,716,755,738,22,3,13.0,Gauche,2017,présidentielle
35,16,Baulon,1493,716,755,738,22,4,7.0,Écologie,2017,présidentielle
35,16,Baulon,1493,716,755,738,22,5,32.0,Écologie,2017,présidentielle
35,16,Baulon,1493,716,755,738,22,6,2.0,Divers,2017,présidentielle
35,16,Baulon,1493,716,755,738,22,7,322.0,Centre,2017,présidentielle
35,16,Baulon,1493,716,755,738,22,8,72.0,Droite,2017,présidentielle
35,16,Baulon,1493,716,755,738,22,9,16.0,Droite,2017,présidentielle
35,16,Baulon,1493,716,755,738,22,10,76.0,Extrême Droite,2017,présidentielle
35,16,Baulon,1493,716,755,738,22,11,5.0,Extrême Droite,2017,présidentielle
35,30,La Bosse-de-Bretagne,466,236,225,241,5,0,2.0,Extrême Gauche,2017,présidentielle
35,30,La Bosse-de-Bretagne,466,236,225,241,5,1,28.0,Gauche,2017,présidentielle
35,30,La Bosse-de-Bretagne,466,236,225,241,5,2,14.0,Gauche,2017,présidentielle
35,30,La Bosse-de-Bretagne,466,236,225,241,5,3,4.0,Gauche,2017,présidentielle
35,30,La Bosse-de-Bretagne,466,236,225,241,5,4,1.0,Écologie,2017,présidentielle
35,30,La Bosse-de-Bretagne,466,236,225,241,5,5,16.0,Écologie,2017,présidentielle
35,30,La Bosse-de-Bretagne,466,236,225,241,5,6,3.0,Divers,2017,présidentielle
35,30,La Bosse-de-Bretagne,466,236,225,241,5,7,121.0,Centre,2017,présidentielle
35,30,La Bosse-de-Bretagne,466,236,225,241,5,8,10.0,Droite,2017,présidentielle
35,30,La Bosse-de-Bretagne,466,236,225,241,5,9,3.0,Droite,2017,présidentielle
35,30,La Bosse-de-Bretagne,466,236,225,241,5,10,33.0,Extrême Droite,2017,présidentielle
35,30,La Bosse-de-Bretagne,466,236,225,241,5,11,1.0,Extrême Droite,2017,présidentielle
35,33,Bourg-des-Comptes,2130,1186,917,1213,27,0,8.0,Extrême Gauche,2017,présidentielle
35,33,Bourg-des-Comptes,2130,1186,917,1213,27,1,203.0,Gauche,2017,présidentielle
35,33,Bourg-des-Comptes,2130,1186,917,1213,27,2,79.0,Gauche,2017,présidentielle
35,33,Bourg-des-Comptes,2130,1186,917,1213,27,3,48.0,Gauche,2017,présidentielle
35,33,Bourg-des-Comptes,2130,1186,917,1213,27,4,14.0,Écologie,2017,présidentielle
35,33,Bourg-des-Comptes,2130,1186,917,1213,27,5,68.0,Écologie,2017,présidentielle
35,33,Bourg-des-Comptes,2130,1186,917,1213,27,6,3.0,Divers,2017,présidentielle
35,33,Bourg-des-Comptes,2130,1186,917,1213,27,7,543.0,Centre,2017,présidentielle
35,33,Bourg-des-Comptes,2130,1186,917,1213,27,8,92.0,Droite,2017,présidentielle
35,33,Bourg-des-Comptes,2130,1186,917,1213,27,9,22.0,Droite,2017,présidentielle
35,33,Bourg-des-Comptes,2130,1186,917,1213,27,10,101.0,Extrême Droite,2017,présidentielle
35,33,Bourg-des-Comptes,2130,1186,917,1213,27,11,5.0,Extrême Droite,2017,présidentielle
35,35,Bovel,404,207,190,214,7,0,3.0,Extrême Gauche,2017,présidentielle
35,35,Bovel,404,207,190,214,7,1,32.0,Gauche,2017,présidentielle
35,35,Bovel,404,207,190,214,7,2,10.0,Gauche,2017,présidentielle
35,35,Bovel,404,207,190,214,7,3,0.0,Gauche,2017,présidentielle
35,35,Bovel,404,207,190,214,7,4,3.0,Écologie,2017,présidentielle
35,35,Bovel,404,207,190,214,7,5,20.0,Écologie,2017,présidentielle
35,35,Bovel,404,207,190,214,7,6,1.0,Divers,2017,présidentielle
35,35,Bovel,404,207,190,214,7,7,92.0,Centre,2017,présidentielle
35,35,Bovel,404,207,190,214,7,8,16.0,Droite,2017,présidentielle
35,35,Bovel,404,207,190,214,7,9,0.0,Droite,2017,présidentielle
35,35,Bovel,404,207,190,214,7,10,29.0,Extrême Droite,2017,présidentielle
35,35,Bovel,404,207,190,214,7,11,1.0,Extrême Droite,2017,présidentielle
35,37,Bréal-sous-Montfort,4396,2339,2005,2391,52,0,20.0,Extrême Gauche,2017,présidentielle
35,37,Bréal-sous-Montfort,4396,2339,2005,2391,52,1,313.0,Gauche,2017,présidentielle
35,37,Bréal-sous-Montfort,4396,2339,2005,2391,52,2,210.0,Gauche,2017,présidentielle
35,37,Bréal-sous-Montfort,4396,2339,2005,2391,52,3,58.0,Gauche,2017,présidentielle
35,37,Bréal-sous-Montfort,4396,2339,2005,2391,52,4,25.0,Écologie,2017,présidentielle
35,37,Bréal-sous-Montfort,4396,2339,2005,2391,52,5,92.0,Écologie,2017,présidentielle
35,37,Bréal-sous-Montfort,4396,2339,2005,2391,52,6,17.0,Divers,2017,présidentielle
35,37,Bréal-sous-Montfort,4396,2339,2005,2391,52,7,1120.0,Centre,2017,présidentielle
35,37,Bréal-sous-Montfort,4396,2339,2005,2391,52,8,241.0,Droite,2017,présidentielle
35,37,Bréal-sous-Montfort,4396,2339,2005,2391,52,9,39.0,Droite,2017,présidentielle
35,37,Bréal-sous-Montfort,4396,2339,2005,2391,52,10,195.0,Extrême Droite,2017,présidentielle
35,37,Bréal-sous-Montfort,4396,2339,2005,2391,52,11,9.0,Extrême Droite,2017,présidentielle
35,45,Bruc-sur-Aff,691,338,349,342,4,0,1.0,Extrême Gauche,2017,présidentielle
35,45,Bruc-sur-Aff,691,338,349,342,4,1,25.0,Gauche,2017,présidentielle
35,45,Bruc-sur-Aff,691,338,349,342,4,2,99.0,Gauche,2017,présidentielle
35,45,Bruc-sur-Aff,691,338,349,342,4,3,3.0,Gauche,2017,présidentielle
35,45,Bruc-sur-Aff,691,338,349,342,4,4,5.0,Écologie,2017,présidentielle
35,45,Bruc-sur-Aff,691,338,349,342,4,5,3.0,Écologie,2017,présidentielle
35,45,Bruc-sur-Aff,691,338,349,342,4,6,1.0,Divers,2017,présidentielle
35,45,Bruc-sur-Aff,691,338,349,342,4,7,105.0,Centre,2017,présidentielle
35,45,Bruc-sur-Aff,691,338,349,342,4,8,52.0,Droite,2017,présidentielle
35,45,Bruc-sur-Aff,691,338,349,342,4,9,2.0,Droite,2017,présidentielle
35,45,Bruc-sur-Aff,691,338,349,342,4,10,42.0,Extrême Droite,2017,présidentielle
35,45,Bruc-sur-Aff,691,338,349,342,4,11,0.0,Extrême Droite,2017,présidentielle
35,46,Les Brulais,389,192,192,197,5,0,8.0,Extrême Gauche,2017,présidentielle
35,46,Les Brulais,389,192,192,197,5,1,14.0,Gauche,2017,présidentielle
35,46,Les Brulais,389,192,192,197,5,2,15.0,Gauche,2017,présidentielle
35,46,Les Brulais,389,192,192,197,5,3,2.0,Gauche,2017,présidentielle
35,46,Les Brulais,389,192,192,197,5,4,2.0,Écologie,2017,présidentielle
35,46,Les Brulais,389,192,192,197,5,5,4.0,Écologie,2017,présidentielle
35,46,Les Brulais,389,192,192,197,5,6,5.0,Divers,2017,présidentielle
35,46,Les Brulais,389,192,192,197,5,7,75.0,Centre,2017,présidentielle
35,46,Les Brulais,389,192,192,197,5,8,29.0,Droite,2017,présidentielle
35,46,Les Brulais,389,192,192,197,5,9,5.0,Droite,2017,présidentielle
35,46,Les Brulais,389,192,192,197,5,10,31.0,Extrême Droite,2017,présidentielle
35,46,Les Brulais,389,192,192,197,5,11,2.0,Extrême Droite,2017,présidentielle
35,54,Chanteloup,1246,648,583,663,15,0,5.0,Extrême Gauche,2017,présidentielle
35,54,Chanteloup,1246,648,583,663,15,1,109.0,Gauche,2017,présidentielle
35,54,Chanteloup,1246,648,583,663,15,2,55.0,Gauche,2017,présidentielle
35,54,Chanteloup,1246,648,583,663,15,3,23.0,Gauche,2017,présidentielle
35,54,Chanteloup,1246,648,583,663,15,4,4.0,Écologie,2017,présidentielle
35,54,Chanteloup,1246,648,583,663,15,5,30.0,Écologie,2017,présidentielle
35,54,Chanteloup,1246,648,583,663,15,6,0.0,Divers,2017,présidentielle
35,54,Chanteloup,1246,648,583,663,15,7,301.0,Centre,2017,présidentielle
35,54,Chanteloup,1246,648,583,663,15,8,53.0,Droite,2017,présidentielle
35,54,Chanteloup,1246,648,583,663,15,9,7.0,Droite,2017,présidentielle
35,54,Chanteloup,1246,648,583,663,15,10,60.0,Extrême Droite,2017,présidentielle
35,54,Chanteloup,1246,648,583,663,15,11,1.0,Extrême Droite,2017,présidentielle
35,57,La Chapelle-Bouëxic,848,444,390,458,14,0,4.0,Extrême Gauche,2017,présidentielle
35,57,La Chapelle-Bouëxic,848,444,390,458,14,1,78.0,Gauche,2017,présidentielle
35,57,La Chapelle-Bouëxic,848,444,390,458,14,2,41.0,Gauche,2017,présidentielle
35,57,La Chapelle-Bouëxic,848,444,390,458,14,3,4.0,Gauche,2017,présidentielle
35,57,La Chapelle-Bouëxic,848,444,390,458,14,4,5.0,Écologie,2017,présidentielle
35,57,La Chapelle-Bouëxic,848,444,390,458,14,5,19.0,Écologie,2017,présidentielle
35,57,La Chapelle-Bouëxic,848,444,390,458,14,6,0.0,Divers,2017,présidentielle
35,57,La Chapelle-Bouëxic,848,444,390,458,14,7,199.0,Centre,2017,présidentielle
35,57,La Chapelle-Bouëxic,848,444,390,458,14,8,28.0,Droite,2017,présidentielle
35,57,La Chapelle-Bouëxic,848,444,390,458,14,9,11.0,Droite,2017,présidentielle
35,57,La Chapelle-Bouëxic,848,444,390,458,14,10,53.0,Extrême Droite,2017,présidentielle
35,57,La Chapelle-Bouëxic,848,444,390,458,14,11,2.0,Extrême Droite,2017,présidentielle
35,64,La Chapelle-de-Brain,787,413,367,420,7,0,7.0,Extrême Gauche,2017,présidentielle
35,64,La Chapelle-de-Brain,787,413,367,420,7,1,69.0,Gauche,2017,présidentielle
35,64,La Chapelle-de-Brain,787,413,367,420,7,2,38.0,Gauche,2017,présidentielle
35,64,La Chapelle-de-Brain,787,413,367,420,7,3,5.0,Gauche,2017,présidentielle
35,64,La Chapelle-de-Brain,787,413,367,420,7,4,3.0,Écologie,2017,présidentielle
35,64,La Chapelle-de-Brain,787,413,367,420,7,5,32.0,Écologie,2017,présidentielle
35,64,La Chapelle-de-Brain,787,413,367,420,7,6,3.0,Divers,2017,présidentielle
35,64,La Chapelle-de-Brain,787,413,367,420,7,7,153.0,Centre,2017,présidentielle
35,64,La Chapelle-de-Brain,787,413,367,420,7,8,35.0,Droite,2017,présidentielle
35,64,La Chapelle-de-Brain,787,413,367,420,7,9,11.0,Droite,2017,présidentielle
35,64,La Chapelle-de-Brain,787,413,367,420,7,10,54.0,Extrême Droite,2017,présidentielle
35,64,La Chapelle-de-Brain,787,413,367,420,7,11,3.0,Extrême Droite,2017,présidentielle
35,84,Comblessac,461,250,204,257,7,0,4.0,Extrême Gauche,2017,présidentielle
35,84,Comblessac,461,250,204,257,7,1,13.0,Gauche,2017,présidentielle
35,84,Comblessac,461,250,204,257,7,2,16.0,Gauche,2017,présidentielle
35,84,Comblessac,461,250,204,257,7,3,2.0,Gauche,2017,présidentielle
35,84,Comblessac,461,250,204,257,7,4,5.0,Écologie,2017,présidentielle
35,84,Comblessac,461,250,204,257,7,5,11.0,Écologie,2017,présidentielle
35,84,Comblessac,461,250,204,257,7,6,3.0,Divers,2017,présidentielle
35,84,Comblessac,461,250,204,257,7,7,108.0,Centre,2017,présidentielle
35,84,Comblessac,461,250,204,257,7,8,44.0,Droite,2017,présidentielle
35,84,Comblessac,461,250,204,257,7,9,3.0,Droite,2017,présidentielle
35,84,Comblessac,461,250,204,257,7,10,38.0,Extrême Droite,2017,présidentielle
35,84,Comblessac,461,250,204,257,7,11,3.0,Extrême Droite,2017,présidentielle
35,89,La Couyère,334,168,164,170,2,0,2.0,Extrême Gauche,2017,présidentielle
35,89,La Couyère,334,168,164,170,2,1,29.0,Gauche,2017,présidentielle
35,89,La Couyère,334,168,164,170,2,2,8.0,Gauche,2017,présidentielle
35,89,La Couyère,334,168,164,170,2,3,5.0,Gauche,2017,présidentielle
35,89,La Couyère,334,168,164,170,2,4,5.0,Écologie,2017,présidentielle
35,89,La Couyère,334,168,164,170,2,5,4.0,Écologie,2017,présidentielle
35,89,La Couyère,334,168,164,170,2,6,1.0,Divers,2017,présidentielle
35,89,La Couyère,334,168,164,170,2,7,81.0,Centre,2017,présidentielle
35,89,La Couyère,334,168,164,170,2,8,11.0,Droite,2017,présidentielle
35,89,La Couyère,334,168,164,170,2,9,1.0,Droite,2017,présidentielle
35,89,La Couyère,334,168,164,170,2,10,20.0,Extrême Droite,2017,présidentielle
35,89,La Couyère,334,168,164,170,2,11,1.0,Extrême Droite,2017,présidentielle
35,90,Crévin,1821,934,858,963,29,0,14.0,Extrême Gauche,2017,présidentielle
35,90,Crévin,1821,934,858,963,29,1,127.0,Gauche,2017,présidentielle
35,90,Crévin,1821,934,858,963,29,2,71.0,Gauche,2017,présidentielle
35,90,Crévin,1821,934,858,963,29,3,27.0,Gauche,2017,présidentielle
35,90,Crévin,1821,934,858,963,29,4,15.0,Écologie,2017,présidentielle
35,90,Crévin,1821,934,858,963,29,5,41.0,Écologie,2017,présidentielle
35,90,Crévin,1821,934,858,963,29,6,5.0,Divers,2017,présidentielle
35,90,Crévin,1821,934,858,963,29,7,422.0,Centre,2017,présidentielle
35,90,Crévin,1821,934,858,963,29,8,75.0,Droite,2017,présidentielle
35,90,Crévin,1821,934,858,963,29,9,19.0,Droite,2017,présidentielle
35,90,Crévin,1821,934,858,963,29,10,112.0,Extrême Droite,2017,présidentielle
35,90,Crévin,1821,934,858,963,29,11,6.0,Extrême Droite,2017,présidentielle
35,98,La Dominelais,895,441,442,453,12,0,3.0,Extrême Gauche,2017,présidentielle
35,98,La Dominelais,895,441,442,453,12,1,34.0,Gauche,2017,présidentielle
35,98,La Dominelais,895,441,442,453,12,2,37.0,Gauche,2017,présidentielle
35,98,La Dominelais,895,441,442,453,12,3,9.0,Gauche,2017,présidentielle
35,98,La Dominelais,895,441,442,453,12,4,5.0,Écologie,2017,présidentielle
35,98,La Dominelais,895,441,442,453,12,5,16.0,Écologie,2017,présidentielle
35,98,La Dominelais,895,441,442,453,12,6,4.0,Divers,2017,présidentielle
35,98,La Dominelais,895,441,442,453,12,7,211.0,Centre,2017,présidentielle
35,98,La Dominelais,895,441,442,453,12,8,52.0,Droite,2017,présidentielle
35,98,La Dominelais,895,441,442,453,12,9,7.0,Droite,2017,présidentielle
35,98,La Dominelais,895,441,442,453,12,10,60.0,Extrême Droite,2017,présidentielle
35,98,La Dominelais,895,441,442,453,12,11,3.0,Extrême Droite,2017,présidentielle
35,106,Ercé-en-Lamée,1056,514,534,522,8,0,4.0,Extrême Gauche,2017,présidentielle
35,106,Ercé-en-Lamée,1056,514,534,522,8,1,74.0,Gauche,2017,présidentielle
35,106,Ercé-en-Lamée,1056,514,534,522,8,2,33.0,Gauche,2017,présidentielle
35,106,Ercé-en-Lamée,1056,514,534,522,8,3,9.0,Gauche,2017,présidentielle
35,106,Ercé-en-Lamée,1056,514,534,522,8,4,5.0,Écologie,2017,présidentielle
35,106,Ercé-en-Lamée,1056,514,534,522,8,5,20.0,Écologie,2017,présidentielle
35,106,Ercé-en-Lamée,1056,514,534,522,8,6,7.0,Divers,2017,présidentielle
35,106,Ercé-en-Lamée,1056,514,534,522,8,7,234.0,Centre,2017,présidentielle
35,106,Ercé-en-Lamée,1056,514,534,522,8,8,23.0,Droite,2017,présidentielle
35,106,Ercé-en-Lamée,1056,514,534,522,8,9,9.0,Droite,2017,présidentielle
35,106,Ercé-en-Lamée,1056,514,534,522,8,10,94.0,Extrême Droite,2017,présidentielle
35,106,Ercé-en-Lamée,1056,514,534,522,8,11,2.0,Extrême Droite,2017,présidentielle
35,123,Goven,3249,1656,1553,1696,40,0,14.0,Extrême Gauche,2017,présidentielle
35,123,Goven,3249,1656,1553,1696,40,1,259.0,Gauche,2017,présidentielle
35,123,Goven,3249,1656,1553,1696,40,2,133.0,Gauche,2017,présidentielle
35,123,Goven,3249,1656,1553,1696,40,3,55.0,Gauche,2017,présidentielle
35,123,Goven,3249,1656,1553,1696,40,4,20.0,Écologie,2017,présidentielle
35,123,Goven,3249,1656,1553,1696,40,5,72.0,Écologie,2017,présidentielle
35,123,Goven,3249,1656,1553,1696,40,6,6.0,Divers,2017,présidentielle
35,123,Goven,3249,1656,1553,1696,40,7,754.0,Centre,2017,présidentielle
35,123,Goven,3249,1656,1553,1696,40,8,143.0,Droite,2017,présidentielle
35,123,Goven,3249,1656,1553,1696,40,9,15.0,Droite,2017,présidentielle
35,123,Goven,3249,1656,1553,1696,40,10,174.0,Extrême Droite,2017,présidentielle
35,123,Goven,3249,1656,1553,1696,40,11,11.0,Extrême Droite,2017,présidentielle
35,124,Grand-Fougeray,1663,789,855,808,19,0,6.0,Extrême Gauche,2017,présidentielle
35,124,Grand-Fougeray,1663,789,855,808,19,1,73.0,Gauche,2017,présidentielle
35,124,Grand-Fougeray,1663,789,855,808,19,2,58.0,Gauche,2017,présidentielle
35,124,Grand-Fougeray,1663,789,855,808,19,3,8.0,Gauche,2017,présidentielle
35,124,Grand-Fougeray,1663,789,855,808,19,4,9.0,Écologie,2017,présidentielle
35,124,Grand-Fougeray,1663,789,855,808,19,5,20.0,Écologie,2017,présidentielle
35,124,Grand-Fougeray,1663,789,855,808,19,6,7.0,Divers,2017,présidentielle
35,124,Grand-Fougeray,1663,789,855,808,19,7,371.0,Centre,2017,présidentielle
35,124,Grand-Fougeray,1663,789,855,808,19,8,104.0,Droite,2017,présidentielle
35,124,Grand-Fougeray,1663,789,855,808,19,9,13.0,Droite,2017,présidentielle
35,124,Grand-Fougeray,1663,789,855,808,19,10,116.0,Extrême Droite,2017,présidentielle
35,124,Grand-Fougeray,1663,789,855,808,19,11,4.0,Extrême Droite,2017,présidentielle
35,126,Guichen,6232,3313,2850,3382,69,0,29.0,Extrême Gauche,2017,présidentielle
35,126,Guichen,6232,3313,2850,3382,69,1,545.0,Gauche,2017,présidentielle
35,126,Guichen,6232,3313,2850,3382,69,2,322.0,Gauche,2017,présidentielle
35,126,Guichen,6232,3313,2850,3382,69,3,108.0,Gauche,2017,présidentielle
35,126,Guichen,6232,3313,2850,3382,69,4,31.0,Écologie,2017,présidentielle
35,126,Guichen,6232,3313,2850,3382,69,5,160.0,Écologie,2017,présidentielle
35,126,Guichen,6232,3313,2850,3382,69,6,22.0,Divers,2017,présidentielle
35,126,Guichen,6232,3313,2850,3382,69,7,1546.0,Centre,2017,présidentielle
35,126,Guichen,6232,3313,2850,3382,69,8,212.0,Droite,2017,présidentielle
35,126,Guichen,6232,3313,2850,3382,69,9,47.0,Droite,2017,présidentielle
35,126,Guichen,6232,3313,2850,3382,69,10,279.0,Extrême Droite,2017,présidentielle
35,126,Guichen,6232,3313,2850,3382,69,11,12.0,Extrême Droite,2017,présidentielle
35,127,Guignen,2557,1300,1227,1330,30,0,16.0,Extrême Gauche,2017,présidentielle
35,127,Guignen,2557,1300,1227,1330,30,1,205.0,Gauche,2017,présidentielle
35,127,Guignen,2557,1300,1227,1330,30,2,112.0,Gauche,2017,présidentielle
35,127,Guignen,2557,1300,1227,1330,30,3,38.0,Gauche,2017,présidentielle
35,127,Guignen,2557,1300,1227,1330,30,4,14.0,Écologie,2017,présidentielle
35,127,Guignen,2557,1300,1227,1330,30,5,54.0,Écologie,2017,présidentielle
35,127,Guignen,2557,1300,1227,1330,30,6,13.0,Divers,2017,présidentielle
35,127,Guignen,2557,1300,1227,1330,30,7,577.0,Centre,2017,présidentielle
35,127,Guignen,2557,1300,1227,1330,30,8,106.0,Droite,2017,présidentielle
35,127,Guignen,2557,1300,1227,1330,30,9,36.0,Droite,2017,présidentielle
35,127,Guignen,2557,1300,1227,1330,30,10,124.0,Extrême Droite,2017,présidentielle
35,127,Guignen,2557,1300,1227,1330,30,11,5.0,Extrême Droite,2017,présidentielle
35,139,Laillé,3948,2110,1801,2147,37,0,20.0,Extrême Gauche,2017,présidentielle
35,139,Laillé,3948,2110,1801,2147,37,1,259.0,Gauche,2017,présidentielle
35,139,Laillé,3948,2110,1801,2147,37,2,196.0,Gauche,2017,présidentielle
35,139,Laillé,3948,2110,1801,2147,37,3,72.0,Gauche,2017,présidentielle
35,139,Laillé,3948,2110,1801,2147,37,4,21.0,Écologie,2017,présidentielle
35,139,Laillé,3948,2110,1801,2147,37,5,107.0,Écologie,2017,présidentielle
35,139,Laillé,3948,2110,1801,2147,37,6,10.0,Divers,2017,présidentielle
35,139,Laillé,3948,2110,1801,2147,37,7,1071.0,Centre,2017,présidentielle
35,139,Laillé,3948,2110,1801,2147,37,8,157.0,Droite,2017,présidentielle
35,139,Laillé,3948,2110,1801,2147,37,9,34.0,Droite,2017,présidentielle
35,139,Laillé,3948,2110,1801,2147,37,10,156.0,Extrême Droite,2017,présidentielle
35,139,Laillé,3948,2110,1801,2147,37,11,7.0,Extrême Droite,2017,présidentielle
35,140,Lalleu,430,201,219,211,10,0,3.0,Extrême Gauche,2017,présidentielle
35,140,Lalleu,430,201,219,211,10,1,22.0,Gauche,2017,présidentielle
35,140,Lalleu,430,201,219,211,10,2,14.0,Gauche,2017,présidentielle
35,140,Lalleu,430,201,219,211,10,3,7.0,Gauche,2017,présidentielle
35,140,Lalleu,430,201,219,211,10,4,1.0,Écologie,2017,présidentielle
35,140,Lalleu,430,201,219,211,10,5,8.0,Écologie,2017,présidentielle
35,140,Lalleu,430,201,219,211,10,6,0.0,Divers,2017,présidentielle
35,140,Lalleu,430,201,219,211,10,7,82.0,Centre,2017,présidentielle
35,140,Lalleu,430,201,219,211,10,8,20.0,Droite,2017,présidentielle
35,140,Lalleu,430,201,219,211,10,9,5.0,Droite,2017,présidentielle
35,140,Lalleu,430,201,219,211,10,10,37.0,Extrême Droite,2017,présidentielle
35,140,Lalleu,430,201,219,211,10,11,2.0,Extrême Droite,2017,présidentielle
35,145,Langon,1010,535,462,548,13,0,4.0,Extrême Gauche,2017,présidentielle
35,145,Langon,1010,535,462,548,13,1,105.0,Gauche,2017,présidentielle
35,145,Langon,1010,535,462,548,13,2,70.0,Gauche,2017,présidentielle
35,145,Langon,1010,535,462,548,13,3,11.0,Gauche,2017,présidentielle
35,145,Langon,1010,535,462,548,13,4,3.0,Écologie,2017,présidentielle
35,145,Langon,1010,535,462,548,13,5,21.0,Écologie,2017,présidentielle
35,145,Langon,1010,535,462,548,13,6,4.0,Divers,2017,présidentielle
35,145,Langon,1010,535,462,548,13,7,162.0,Centre,2017,présidentielle
35,145,Langon,1010,535,462,548,13,8,65.0,Droite,2017,présidentielle
35,145,Langon,1010,535,462,548,13,9,11.0,Droite,2017,présidentielle
35,145,Langon,1010,535,462,548,13,10,74.0,Extrême Droite,2017,présidentielle
35,145,Langon,1010,535,462,548,13,11,5.0,Extrême Droite,2017,présidentielle
35,149,Lassy,1163,635,512,651,16,0,6.0,Extrême Gauche,2017,présidentielle
35,149,Lassy,1163,635,512,651,16,1,128.0,Gauche,2017,présidentielle
35,149,Lassy,1163,635,512,651,16,2,41.0,Gauche,2017,présidentielle
35,149,Lassy,1163,635,512,651,16,3,24.0,Gauche,2017,présidentielle
35,149,Lassy,1163,635,512,651,16,4,7.0,Écologie,2017,présidentielle
35,149,Lassy,1163,635,512,651,16,5,25.0,Écologie,2017,présidentielle
35,149,Lassy,1163,635,512,651,16,6,6.0,Divers,2017,présidentielle
35,149,Lassy,1163,635,512,651,16,7,298.0,Centre,2017,présidentielle
35,149,Lassy,1163,635,512,651,16,8,40.0,Droite,2017,présidentielle
35,149,Lassy,1163,635,512,651,16,9,4.0,Droite,2017,présidentielle
35,149,Lassy,1163,635,512,651,16,10,53.0,Extrême Droite,2017,présidentielle
35,149,Lassy,1163,635,512,651,16,11,3.0,Extrême Droite,2017,présidentielle
35,151,Lieuron,585,275,309,276,1,0,2.0,Extrême Gauche,2017,présidentielle
35,151,Lieuron,585,275,309,276,1,1,42.0,Gauche,2017,présidentielle
35,151,Lieuron,585,275,309,276,1,2,106.0,Gauche,2017,présidentielle
35,151,Lieuron,585,275,309,276,1,3,1.0,Gauche,2017,présidentielle
35,151,Lieuron,585,275,309,276,1,4,1.0,Écologie,2017,présidentielle
35,151,Lieuron,585,275,309,276,1,5,4.0,Écologie,2017,présidentielle
35,151,Lieuron,585,275,309,276,1,6,0.0,Divers,2017,présidentielle
35,151,Lieuron,585,275,309,276,1,7,70.0,Centre,2017,présidentielle
35,151,Lieuron,585,275,309,276,1,8,13.0,Droite,2017,présidentielle
35,151,Lieuron,585,275,309,276,1,9,5.0,Droite,2017,présidentielle
35,151,Lieuron,585,275,309,276,1,10,29.0,Extrême Droite,2017,présidentielle
35,151,Lieuron,585,275,309,276,1,11,2.0,Extrême Droite,2017,présidentielle
35,155,Lohéac,498,254,239,259,5,0,6.0,Extrême Gauche,2017,présidentielle
35,155,Lohéac,498,254,239,259,5,1,24.0,Gauche,2017,présidentielle
35,155,Lohéac,498,254,239,259,5,2,69.0,Gauche,2017,présidentielle
35,155,Lohéac,498,254,239,259,5,3,2.0,Gauche,2017,présidentielle
35,155,Lohéac,498,254,239,259,5,4,3.0,Écologie,2017,présidentielle
35,155,Lohéac,498,254,239,259,5,5,3.0,Écologie,2017,présidentielle
35,155,Lohéac,498,254,239,259,5,6,2.0,Divers,2017,présidentielle
35,155,Lohéac,498,254,239,259,5,7,81.0,Centre,2017,présidentielle
35,155,Lohéac,498,254,239,259,5,8,33.0,Droite,2017,présidentielle
35,155,Lohéac,498,254,239,259,5,9,3.0,Droite,2017,présidentielle
35,155,Lohéac,498,254,239,259,5,10,28.0,Extrême Droite,2017,présidentielle
35,155,Lohéac,498,254,239,259,5,11,0.0,Extrême Droite,2017,présidentielle
35,160,Loutehel,167,107,58,109,2,0,2.0,Extrême Gauche,2017,présidentielle
35,160,Loutehel,167,107,58,109,2,1,13.0,Gauche,2017,présidentielle
35,160,Loutehel,167,107,58,109,2,2,1.0,Gauche,2017,présidentielle
35,160,Loutehel,167,107,58,109,2,3,2.0,Gauche,2017,présidentielle
35,160,Loutehel,167,107,58,109,2,4,3.0,Écologie,2017,présidentielle
35,160,Loutehel,167,107,58,109,2,5,7.0,Écologie,2017,présidentielle
35,160,Loutehel,167,107,58,109,2,6,1.0,Divers,2017,présidentielle
35,160,Loutehel,167,107,58,109,2,7,48.0,Centre,2017,présidentielle
35,160,Loutehel,167,107,58,109,2,8,6.0,Droite,2017,présidentielle
35,160,Loutehel,167,107,58,109,2,9,3.0,Droite,2017,présidentielle
35,160,Loutehel,167,107,58,109,2,10,20.0,Extrême Droite,2017,présidentielle
35,160,Loutehel,167,107,58,109,2,11,1.0,Extrême Droite,2017,présidentielle
35,168,Val d'Anast,2899,1345,1515,1384,39,0,6.0,Extrême Gauche,2017,présidentielle
35,168,Val d'Anast,2899,1345,1515,1384,39,1,172.0,Gauche,2017,présidentielle
35,168,Val d'Anast,2899,1345,1515,1384,39,2,143.0,Gauche,2017,présidentielle
35,168,Val d'Anast,2899,1345,1515,1384,39,3,20.0,Gauche,2017,présidentielle
35,168,Val d'Anast,2899,1345,1515,1384,39,4,20.0,Écologie,2017,présidentielle
35,168,Val d'Anast,2899,1345,1515,1384,39,5,23.0,Écologie,2017,présidentielle
35,168,Val d'Anast,2899,1345,1515,1384,39,6,9.0,Divers,2017,présidentielle
35,168,Val d'Anast,2899,1345,1515,1384,39,7,511.0,Centre,2017,présidentielle
35,168,Val d'Anast,2899,1345,1515,1384,39,8,193.0,Droite,2017,présidentielle
35,168,Val d'Anast,2899,1345,1515,1384,39,9,18.0,Droite,2017,présidentielle
35,168,Val d'Anast,2899,1345,1515,1384,39,10,225.0,Extrême Droite,2017,présidentielle
35,168,Val d'Anast,2899,1345,1515,1384,39,11,5.0,Extrême Droite,2017,présidentielle
35,169,Maxent,954,465,481,473,8,0,8.0,Extrême Gauche,2017,présidentielle
35,169,Maxent,954,465,481,473,8,1,81.0,Gauche,2017,présidentielle
35,169,Maxent,954,465,481,473,8,2,40.0,Gauche,2017,présidentielle
35,169,Maxent,954,465,481,473,8,3,10.0,Gauche,2017,présidentielle
35,169,Maxent,954,465,481,473,8,4,7.0,Écologie,2017,présidentielle
35,169,Maxent,954,465,481,473,8,5,16.0,Écologie,2017,présidentielle
35,169,Maxent,954,465,481,473,8,6,6.0,Divers,2017,présidentielle
35,169,Maxent,954,465,481,473,8,7,176.0,Centre,2017,présidentielle
35,169,Maxent,954,465,481,473,8,8,47.0,Droite,2017,présidentielle
35,169,Maxent,954,465,481,473,8,9,4.0,Droite,2017,présidentielle
35,169,Maxent,954,465,481,473,8,10,68.0,Extrême Droite,2017,présidentielle
35,169,Maxent,954,465,481,473,8,11,2.0,Extrême Droite,2017,présidentielle
35,175,Mernel,768,391,371,397,6,0,5.0,Extrême Gauche,2017,présidentielle
35,175,Mernel,768,391,371,397,6,1,50.0,Gauche,2017,présidentielle
35,175,Mernel,768,391,371,397,6,2,39.0,Gauche,2017,présidentielle
35,175,Mernel,768,391,371,397,6,3,9.0,Gauche,2017,présidentielle
35,175,Mernel,768,391,371,397,6,4,6.0,Écologie,2017,présidentielle
35,175,Mernel,768,391,371,397,6,5,8.0,Écologie,2017,présidentielle
35,175,Mernel,768,391,371,397,6,6,4.0,Divers,2017,présidentielle
35,175,Mernel,768,391,371,397,6,7,146.0,Centre,2017,présidentielle
35,175,Mernel,768,391,371,397,6,8,46.0,Droite,2017,présidentielle
35,175,Mernel,768,391,371,397,6,9,4.0,Droite,2017,présidentielle
35,175,Mernel,768,391,371,397,6,10,72.0,Extrême Droite,2017,présidentielle
35,175,Mernel,768,391,371,397,6,11,2.0,Extrême Droite,2017,présidentielle
35,176,Guipry-Messac,5055,2475,2539,2516,41,0,23.0,Extrême Gauche,2017,présidentielle
35,176,Guipry-Messac,5055,2475,2539,2516,41,1,325.0,Gauche,2017,présidentielle
35,176,Guipry-Messac,5055,2475,2539,2516,41,2,574.0,Gauche,2017,présidentielle
35,176,Guipry-Messac,5055,2475,2539,2516,41,3,40.0,Gauche,2017,présidentielle
35,176,Guipry-Messac,5055,2475,2539,2516,41,4,17.0,Écologie,2017,présidentielle
35,176,Guipry-Messac,5055,2475,2539,2516,41,5,72.0,Écologie,2017,présidentielle
35,176,Guipry-Messac,5055,2475,2539,2516,41,6,12.0,Divers,2017,présidentielle
35,176,Guipry-Messac,5055,2475,2539,2516,41,7,831.0,Centre,2017,présidentielle
35,176,Guipry-Messac,5055,2475,2539,2516,41,8,238.0,Droite,2017,présidentielle
35,176,Guipry-Messac,5055,2475,2539,2516,41,9,29.0,Droite,2017,présidentielle
35,176,Guipry-Messac,5055,2475,2539,2516,41,10,298.0,Extrême Droite,2017,présidentielle
35,176,Guipry-Messac,5055,2475,2539,2516,41,11,16.0,Extrême Droite,2017,présidentielle
35,187,Monterfil,947,530,407,540,10,0,9.0,Extrême Gauche,2017,présidentielle
35,187,Monterfil,947,530,407,540,10,1,84.0,Gauche,2017,présidentielle
35,187,Monterfil,947,530,407,540,10,2,57.0,Gauche,2017,présidentielle
35,187,Monterfil,947,530,407,540,10,3,10.0,Gauche,2017,présidentielle
35,187,Monterfil,947,530,407,540,10,4,6.0,Écologie,2017,présidentielle
35,187,Monterfil,947,530,407,540,10,5,42.0,Écologie,2017,présidentielle
35,187,Monterfil,947,530,407,540,10,6,5.0,Divers,2017,présidentielle
35,187,Monterfil,947,530,407,540,10,7,237.0,Centre,2017,présidentielle
35,187,Monterfil,947,530,407,540,10,8,35.0,Droite,2017,présidentielle
35,187,Monterfil,947,530,407,540,10,9,10.0,Droite,2017,présidentielle
35,187,Monterfil,947,530,407,540,10,10,31.0,Extrême Droite,2017,présidentielle
35,187,Monterfil,947,530,407,540,10,11,4.0,Extrême Droite,2017,présidentielle
35,202,La Noë-Blanche,731,328,395,336,8,0,2.0,Extrême Gauche,2017,présidentielle
35,202,La Noë-Blanche,731,328,395,336,8,1,30.0,Gauche,2017,présidentielle
35,202,La Noë-Blanche,731,328,395,336,8,2,24.0,Gauche,2017,présidentielle
35,202,La Noë-Blanche,731,328,395,336,8,3,11.0,Gauche,2017,présidentielle
35,202,La Noë-Blanche,731,328,395,336,8,4,2.0,Écologie,2017,présidentielle
35,202,La Noë-Blanche,731,328,395,336,8,5,8.0,Écologie,2017,présidentielle
35,202,La Noë-Blanche,731,328,395,336,8,6,1.0,Divers,2017,présidentielle
35,202,La Noë-Blanche,731,328,395,336,8,7,134.0,Centre,2017,présidentielle
35,202,La Noë-Blanche,731,328,395,336,8,8,29.0,Droite,2017,présidentielle
35,202,La Noë-Blanche,731,328,395,336,8,9,11.0,Droite,2017,présidentielle
35,202,La Noë-Blanche,731,328,395,336,8,10,71.0,Extrême Droite,2017,présidentielle
35,202,La Noë-Blanche,731,328,395,336,8,11,5.0,Extrême Droite,2017,présidentielle
35,211,Paimpont,1327,744,571,756,12,0,5.0,Extrême Gauche,2017,présidentielle
35,211,Paimpont,1327,744,571,756,12,1,153.0,Gauche,2017,présidentielle
35,211,Paimpont,1327,744,571,756,12,2,60.0,Gauche,2017,présidentielle
35,211,Paimpont,1327,744,571,756,12,3,9.0,Gauche,2017,présidentielle
35,211,Paimpont,1327,744,571,756,12,4,22.0,Écologie,2017,présidentielle
35,211,Paimpont,1327,744,571,756,12,5,52.0,Écologie,2017,présidentielle
35,211,Paimpont,1327,744,571,756,12,6,9.0,Divers,2017,présidentielle
35,211,Paimpont,1327,744,571,756,12,7,257.0,Centre,2017,présidentielle
35,211,Paimpont,1327,744,571,756,12,8,74.0,Droite,2017,présidentielle
35,211,Paimpont,1327,744,571,756,12,9,17.0,Droite,2017,présidentielle
35,211,Paimpont,1327,744,571,756,12,10,82.0,Extrême Droite,2017,présidentielle
35,211,Paimpont,1327,744,571,756,12,11,4.0,Extrême Droite,2017,présidentielle
35,212,Pancé,845,439,397,448,9,0,3.0,Extrême Gauche,2017,présidentielle
35,212,Pancé,845,439,397,448,9,1,58.0,Gauche,2017,présidentielle
35,212,Pancé,845,439,397,448,9,2,32.0,Gauche,2017,présidentielle
35,212,Pancé,845,439,397,448,9,3,15.0,Gauche,2017,présidentielle
35,212,Pancé,845,439,397,448,9,4,1.0,Écologie,2017,présidentielle
35,212,Pancé,845,439,397,448,9,5,28.0,Écologie,2017,présidentielle
35,212,Pancé,845,439,397,448,9,6,3.0,Divers,2017,présidentielle
35,212,Pancé,845,439,397,448,9,7,221.0,Centre,2017,présidentielle
35,212,Pancé,845,439,397,448,9,8,37.0,Droite,2017,présidentielle
35,212,Pancé,845,439,397,448,9,9,3.0,Droite,2017,présidentielle
35,212,Pancé,845,439,397,448,9,10,37.0,Extrême Droite,2017,présidentielle
35,212,Pancé,845,439,397,448,9,11,1.0,Extrême Droite,2017,présidentielle
35,218,Le Petit-Fougeray,587,281,300,287,6,0,2.0,Extrême Gauche,2017,présidentielle
35,218,Le Petit-Fougeray,587,281,300,287,6,1,47.0,Gauche,2017,présidentielle
35,218,Le Petit-Fougeray,587,281,300,287,6,2,18.0,Gauche,2017,présidentielle
35,218,Le Petit-Fougeray,587,281,300,287,6,3,5.0,Gauche,2017,présidentielle
35,218,Le Petit-Fougeray,587,281,300,287,6,4,5.0,Écologie,2017,présidentielle
35,218,Le Petit-Fougeray,587,281,300,287,6,5,20.0,Écologie,2017,présidentielle
35,218,Le Petit-Fougeray,587,281,300,287,6,6,0.0,Divers,2017,présidentielle
35,218,Le Petit-Fougeray,587,281,300,287,6,7,116.0,Centre,2017,présidentielle
35,218,Le Petit-Fougeray,587,281,300,287,6,8,21.0,Droite,2017,présidentielle
35,218,Le Petit-Fougeray,587,281,300,287,6,9,3.0,Droite,2017,présidentielle
35,218,Le Petit-Fougeray,587,281,300,287,6,10,43.0,Extrême Droite,2017,présidentielle
35,218,Le Petit-Fougeray,587,281,300,287,6,11,1.0,Extrême Droite,2017,présidentielle
35,219,Pipriac,2633,1346,1270,1363,17,0,8.0,Extrême Gauche,2017,présidentielle
35,219,Pipriac,2633,1346,1270,1363,17,1,77.0,Gauche,2017,présidentielle
35,219,Pipriac,2633,1346,1270,1363,17,2,554.0,Gauche,2017,présidentielle
35,219,Pipriac,2633,1346,1270,1363,17,3,14.0,Gauche,2017,présidentielle
35,219,Pipriac,2633,1346,1270,1363,17,4,13.0,Écologie,2017,présidentielle
35,219,Pipriac,2633,1346,1270,1363,17,5,8.0,Écologie,2017,présidentielle
35,219,Pipriac,2633,1346,1270,1363,17,6,3.0,Divers,2017,présidentielle
35,219,Pipriac,2633,1346,1270,1363,17,7,310.0,Centre,2017,présidentielle
35,219,Pipriac,2633,1346,1270,1363,17,8,171.0,Droite,2017,présidentielle
35,219,Pipriac,2633,1346,1270,1363,17,9,8.0,Droite,2017,présidentielle
35,219,Pipriac,2633,1346,1270,1363,17,10,175.0,Extrême Droite,2017,présidentielle
35,219,Pipriac,2633,1346,1270,1363,17,11,5.0,Extrême Droite,2017,présidentielle
35,221,Pléchâtel,1989,1067,893,1096,29,0,8.0,Extrême Gauche,2017,présidentielle
35,221,Pléchâtel,1989,1067,893,1096,29,1,202.0,Gauche,2017,présidentielle
35,221,Pléchâtel,1989,1067,893,1096,29,2,89.0,Gauche,2017,présidentielle
35,221,Pléchâtel,1989,1067,893,1096,29,3,12.0,Gauche,2017,présidentielle
35,221,Pléchâtel,1989,1067,893,1096,29,4,8.0,Écologie,2017,présidentielle
35,221,Pléchâtel,1989,1067,893,1096,29,5,55.0,Écologie,2017,présidentielle
35,221,Pléchâtel,1989,1067,893,1096,29,6,9.0,Divers,2017,présidentielle
35,221,Pléchâtel,1989,1067,893,1096,29,7,447.0,Centre,2017,présidentielle
35,221,Pléchâtel,1989,1067,893,1096,29,8,69.0,Droite,2017,présidentielle
35,221,Pléchâtel,1989,1067,893,1096,29,9,17.0,Droite,2017,présidentielle
35,221,Pléchâtel,1989,1067,893,1096,29,10,148.0,Extrême Droite,2017,présidentielle
35,221,Pléchâtel,1989,1067,893,1096,29,11,3.0,Extrême Droite,2017,présidentielle
35,223,Plélan-le-Grand,2920,1484,1400,1520,36,0,15.0,Extrême Gauche,2017,présidentielle
35,223,Plélan-le-Grand,2920,1484,1400,1520,36,1,229.0,Gauche,2017,présidentielle
35,223,Plélan-le-Grand,2920,1484,1400,1520,36,2,110.0,Gauche,2017,présidentielle
35,223,Plélan-le-Grand,2920,1484,1400,1520,36,3,31.0,Gauche,2017,présidentielle
35,223,Plélan-le-Grand,2920,1484,1400,1520,36,4,24.0,Écologie,2017,présidentielle
35,223,Plélan-le-Grand,2920,1484,1400,1520,36,5,74.0,Écologie,2017,présidentielle
35,223,Plélan-le-Grand,2920,1484,1400,1520,36,6,10.0,Divers,2017,présidentielle
35,223,Plélan-le-Grand,2920,1484,1400,1520,36,7,591.0,Centre,2017,présidentielle
35,223,Plélan-le-Grand,2920,1484,1400,1520,36,8,196.0,Droite,2017,présidentielle
35,223,Plélan-le-Grand,2920,1484,1400,1520,36,9,34.0,Droite,2017,présidentielle
35,223,Plélan-le-Grand,2920,1484,1400,1520,36,10,160.0,Extrême Droite,2017,présidentielle
35,223,Plélan-le-Grand,2920,1484,1400,1520,36,11,10.0,Extrême Droite,2017,présidentielle
35,231,Poligné,824,458,351,473,15,0,6.0,Extrême Gauche,2017,présidentielle
35,231,Poligné,824,458,351,473,15,1,59.0,Gauche,2017,présidentielle
35,231,Poligné,824,458,351,473,15,2,52.0,Gauche,2017,présidentielle
35,231,Poligné,824,458,351,473,15,3,10.0,Gauche,2017,présidentielle
35,231,Poligné,824,458,351,473,15,4,5.0,Écologie,2017,présidentielle
35,231,Poligné,824,458,351,473,15,5,24.0,Écologie,2017,présidentielle
35,231,Poligné,824,458,351,473,15,6,2.0,Divers,2017,présidentielle
35,231,Poligné,824,458,351,473,15,7,215.0,Centre,2017,présidentielle
35,231,Poligné,824,458,351,473,15,8,31.0,Droite,2017,présidentielle
35,231,Poligné,824,458,351,473,15,9,10.0,Droite,2017,présidentielle
35,231,Poligné,824,458,351,473,15,10,43.0,Extrême Droite,2017,présidentielle
35,231,Poligné,824,458,351,473,15,11,1.0,Extrême Droite,2017,présidentielle
35,236,Redon,6654,3382,3220,3434,52,0,23.0,Extrême Gauche,2017,présidentielle
35,236,Redon,6654,3382,3220,3434,52,1,452.0,Gauche,2017,présidentielle
35,236,Redon,6654,3382,3220,3434,52,2,539.0,Gauche,2017,présidentielle
35,236,Redon,6654,3382,3220,3434,52,3,27.0,Gauche,2017,présidentielle
35,236,Redon,6654,3382,3220,3434,52,4,42.0,Écologie,2017,présidentielle
35,236,Redon,6654,3382,3220,3434,52,5,160.0,Écologie,2017,présidentielle
35,236,Redon,6654,3382,3220,3434,52,6,15.0,Divers,2017,présidentielle
35,236,Redon,6654,3382,3220,3434,52,7,1359.0,Centre,2017,présidentielle
35,236,Redon,6654,3382,3220,3434,52,8,488.0,Droite,2017,présidentielle
35,236,Redon,6654,3382,3220,3434,52,9,33.0,Droite,2017,présidentielle
35,236,Redon,6654,3382,3220,3434,52,10,228.0,Extrême Droite,2017,présidentielle
35,236,Redon,6654,3382,3220,3434,52,11,16.0,Extrême Droite,2017,présidentielle
35,237,Renac,681,363,314,367,4,0,4.0,Extrême Gauche,2017,présidentielle
35,237,Renac,681,363,314,367,4,1,48.0,Gauche,2017,présidentielle
35,237,Renac,681,363,314,367,4,2,55.0,Gauche,2017,présidentielle
35,237,Renac,681,363,314,367,4,3,3.0,Gauche,2017,présidentielle
35,237,Renac,681,363,314,367,4,4,1.0,Écologie,2017,présidentielle
35,237,Renac,681,363,314,367,4,5,16.0,Écologie,2017,présidentielle
35,237,Renac,681,363,314,367,4,6,0.0,Divers,2017,présidentielle
35,237,Renac,681,363,314,367,4,7,138.0,Centre,2017,présidentielle
35,237,Renac,681,363,314,367,4,8,46.0,Droite,2017,présidentielle
35,237,Renac,681,363,314,367,4,9,4.0,Droite,2017,présidentielle
35,237,Renac,681,363,314,367,4,10,45.0,Extrême Droite,2017,présidentielle
35,237,Renac,681,363,314,367,4,11,3.0,Extrême Droite,2017,présidentielle
35,249,Sainte-Anne-sur-Vilaine,691,347,337,354,7,0,3.0,Extrême Gauche,2017,présidentielle
35,249,Sainte-Anne-sur-Vilaine,691,347,337,354,7,1,50.0,Gauche,2017,présidentielle
35,249,Sainte-Anne-sur-Vilaine,691,347,337,354,7,2,19.0,Gauche,2017,présidentielle
35,249,Sainte-Anne-sur-Vilaine,691,347,337,354,7,3,3.0,Gauche,2017,présidentielle
35,249,Sainte-Anne-sur-Vilaine,691,347,337,354,7,4,4.0,Écologie,2017,présidentielle
35,249,Sainte-Anne-sur-Vilaine,691,347,337,354,7,5,18.0,Écologie,2017,présidentielle
35,249,Sainte-Anne-sur-Vilaine,691,347,337,354,7,6,0.0,Divers,2017,présidentielle
35,249,Sainte-Anne-sur-Vilaine,691,347,337,354,7,7,136.0,Centre,2017,présidentielle
35,249,Sainte-Anne-sur-Vilaine,691,347,337,354,7,8,54.0,Droite,2017,présidentielle
35,249,Sainte-Anne-sur-Vilaine,691,347,337,354,7,9,5.0,Droite,2017,présidentielle
35,249,Sainte-Anne-sur-Vilaine,691,347,337,354,7,10,49.0,Extrême Droite,2017,présidentielle
35,249,Sainte-Anne-sur-Vilaine,691,347,337,354,7,11,6.0,Extrême Droite,2017,présidentielle
35,268,Saint-Ganton,340,167,168,172,5,0,1.0,Extrême Gauche,2017,présidentielle
35,268,Saint-Ganton,340,167,168,172,5,1,18.0,Gauche,2017,présidentielle
35,268,Saint-Ganton,340,167,168,172,5,2,72.0,Gauche,2017,présidentielle
35,268,Saint-Ganton,340,167,168,172,5,3,0.0,Gauche,2017,présidentielle
35,268,Saint-Ganton,340,167,168,172,5,4,0.0,Écologie,2017,présidentielle
35,268,Saint-Ganton,340,167,168,172,5,5,5.0,Écologie,2017,présidentielle
35,268,Saint-Ganton,340,167,168,172,5,6,1.0,Divers,2017,présidentielle
35,268,Saint-Ganton,340,167,168,172,5,7,30.0,Centre,2017,présidentielle
35,268,Saint-Ganton,340,167,168,172,5,8,14.0,Droite,2017,présidentielle
35,268,Saint-Ganton,340,167,168,172,5,9,2.0,Droite,2017,présidentielle
35,268,Saint-Ganton,340,167,168,172,5,10,23.0,Extrême Droite,2017,présidentielle
35,268,Saint-Ganton,340,167,168,172,5,11,1.0,Extrême Droite,2017,présidentielle
35,285,Saint-Just,888,493,393,495,2,0,6.0,Extrême Gauche,2017,présidentielle
35,285,Saint-Just,888,493,393,495,2,1,52.0,Gauche,2017,présidentielle
35,285,Saint-Just,888,493,393,495,2,2,161.0,Gauche,2017,présidentielle
35,285,Saint-Just,888,493,393,495,2,3,2.0,Gauche,2017,présidentielle
35,285,Saint-Just,888,493,393,495,2,4,7.0,Écologie,2017,présidentielle
35,285,Saint-Just,888,493,393,495,2,5,12.0,Écologie,2017,présidentielle
35,285,Saint-Just,888,493,393,495,2,6,0.0,Divers,2017,présidentielle
35,285,Saint-Just,888,493,393,495,2,7,121.0,Centre,2017,présidentielle
35,285,Saint-Just,888,493,393,495,2,8,64.0,Droite,2017,présidentielle
35,285,Saint-Just,888,493,393,495,2,9,6.0,Droite,2017,présidentielle
35,285,Saint-Just,888,493,393,495,2,10,58.0,Extrême Droite,2017,présidentielle
35,285,Saint-Just,888,493,393,495,2,11,4.0,Extrême Droite,2017,présidentielle
35,289,Saint-Malo-de-Phily,672,337,330,342,5,0,2.0,Extrême Gauche,2017,présidentielle
35,289,Saint-Malo-de-Phily,672,337,330,342,5,1,49.0,Gauche,2017,présidentielle
35,289,Saint-Malo-de-Phily,672,337,330,342,5,2,77.0,Gauche,2017,présidentielle
35,289,Saint-Malo-de-Phily,672,337,330,342,5,3,4.0,Gauche,2017,présidentielle
35,289,Saint-Malo-de-Phily,672,337,330,342,5,4,3.0,Écologie,2017,présidentielle
35,289,Saint-Malo-de-Phily,672,337,330,342,5,5,13.0,Écologie,2017,présidentielle
35,289,Saint-Malo-de-Phily,672,337,330,342,5,6,0.0,Divers,2017,présidentielle
35,289,Saint-Malo-de-Phily,672,337,330,342,5,7,117.0,Centre,2017,présidentielle
35,289,Saint-Malo-de-Phily,672,337,330,342,5,8,40.0,Droite,2017,présidentielle
35,289,Saint-Malo-de-Phily,672,337,330,342,5,9,2.0,Droite,2017,présidentielle
35,289,Saint-Malo-de-Phily,672,337,330,342,5,10,29.0,Extrême Droite,2017,présidentielle
35,289,Saint-Malo-de-Phily,672,337,330,342,5,11,1.0,Extrême Droite,2017,présidentielle
35,294,Sainte-Marie,1652,857,779,873,16,0,7.0,Extrême Gauche,2017,présidentielle
35,294,Sainte-Marie,1652,857,779,873,16,1,97.0,Gauche,2017,présidentielle
35,294,Sainte-Marie,1652,857,779,873,16,2,118.0,Gauche,2017,présidentielle
35,294,Sainte-Marie,1652,857,779,873,16,3,12.0,Gauche,2017,présidentielle
35,294,Sainte-Marie,1652,857,779,873,16,4,7.0,Écologie,2017,présidentielle
35,294,Sainte-Marie,1652,857,779,873,16,5,28.0,Écologie,2017,présidentielle
35,294,Sainte-Marie,1652,857,779,873,16,6,4.0,Divers,2017,présidentielle
35,294,Sainte-Marie,1652,857,779,873,16,7,353.0,Centre,2017,présidentielle
35,294,Sainte-Marie,1652,857,779,873,16,8,114.0,Droite,2017,présidentielle
35,294,Sainte-Marie,1652,857,779,873,16,9,14.0,Droite,2017,présidentielle
35,294,Sainte-Marie,1652,857,779,873,16,10,99.0,Extrême Droite,2017,présidentielle
35,294,Sainte-Marie,1652,857,779,873,16,11,4.0,Extrême Droite,2017,présidentielle
35,305,Saint-Péran,279,174,103,176,2,0,3.0,Extrême Gauche,2017,présidentielle
35,305,Saint-Péran,279,174,103,176,2,1,18.0,Gauche,2017,présidentielle
35,305,Saint-Péran,279,174,103,176,2,2,23.0,Gauche,2017,présidentielle
35,305,Saint-Péran,279,174,103,176,2,3,2.0,Gauche,2017,présidentielle
35,305,Saint-Péran,279,174,103,176,2,4,3.0,Écologie,2017,présidentielle
35,305,Saint-Péran,279,174,103,176,2,5,8.0,Écologie,2017,présidentielle
35,305,Saint-Péran,279,174,103,176,2,6,0.0,Divers,2017,présidentielle
35,305,Saint-Péran,279,174,103,176,2,7,79.0,Centre,2017,présidentielle
35,305,Saint-Péran,279,174,103,176,2,8,8.0,Droite,2017,présidentielle
35,305,Saint-Péran,279,174,103,176,2,9,5.0,Droite,2017,présidentielle
35,305,Saint-Péran,279,174,103,176,2,10,23.0,Extrême Droite,2017,présidentielle
35,305,Saint-Péran,279,174,103,176,2,11,2.0,Extrême Droite,2017,présidentielle
35,311,Saint-Séglin,384,185,190,194,9,0,3.0,Extrême Gauche,2017,présidentielle
35,311,Saint-Séglin,384,185,190,194,9,1,17.0,Gauche,2017,présidentielle
35,311,Saint-Séglin,384,185,190,194,9,2,27.0,Gauche,2017,présidentielle
35,311,Saint-Séglin,384,185,190,194,9,3,0.0,Gauche,2017,présidentielle
35,311,Saint-Séglin,384,185,190,194,9,4,6.0,Écologie,2017,présidentielle
35,311,Saint-Séglin,384,185,190,194,9,5,3.0,Écologie,2017,présidentielle
35,311,Saint-Séglin,384,185,190,194,9,6,0.0,Divers,2017,présidentielle
35,311,Saint-Séglin,384,185,190,194,9,7,65.0,Centre,2017,présidentielle
35,311,Saint-Séglin,384,185,190,194,9,8,25.0,Droite,2017,présidentielle
35,311,Saint-Séglin,384,185,190,194,9,9,1.0,Droite,2017,présidentielle
35,311,Saint-Séglin,384,185,190,194,9,10,38.0,Extrême Droite,2017,présidentielle
35,311,Saint-Séglin,384,185,190,194,9,11,0.0,Extrême Droite,2017,présidentielle
35,312,Saint-Senoux,1303,714,574,729,15,0,5.0,Extrême Gauche,2017,présidentielle
35,312,Saint-Senoux,1303,714,574,729,15,1,168.0,Gauche,2017,présidentielle
35,312,Saint-Senoux,1303,714,574,729,15,2,63.0,Gauche,2017,présidentielle
35,312,Saint-Senoux,1303,714,574,729,15,3,7.0,Gauche,2017,présidentielle
35,312,Saint-Senoux,1303,714,574,729,15,4,8.0,Écologie,2017,présidentielle
35,312,Saint-Senoux,1303,714,574,729,15,5,38.0,Écologie,2017,présidentielle
35,312,Saint-Senoux,1303,714,574,729,15,6,2.0,Divers,2017,présidentielle
35,312,Saint-Senoux,1303,714,574,729,15,7,292.0,Centre,2017,présidentielle
35,312,Saint-Senoux,1303,714,574,729,15,8,57.0,Droite,2017,présidentielle
35,312,Saint-Senoux,1303,714,574,729,15,9,14.0,Droite,2017,présidentielle
35,312,Saint-Senoux,1303,714,574,729,15,10,56.0,Extrême Droite,2017,présidentielle
35,312,Saint-Senoux,1303,714,574,729,15,11,4.0,Extrême Droite,2017,présidentielle
35,316,Saint-Sulpice-des-Landes,497,234,254,243,9,0,0.0,Extrême Gauche,2017,présidentielle
35,316,Saint-Sulpice-des-Landes,497,234,254,243,9,1,27.0,Gauche,2017,présidentielle
35,316,Saint-Sulpice-des-Landes,497,234,254,243,9,2,21.0,Gauche,2017,présidentielle
35,316,Saint-Sulpice-des-Landes,497,234,254,243,9,3,3.0,Gauche,2017,présidentielle
35,316,Saint-Sulpice-des-Landes,497,234,254,243,9,4,3.0,Écologie,2017,présidentielle
35,316,Saint-Sulpice-des-Landes,497,234,254,243,9,5,7.0,Écologie,2017,présidentielle
35,316,Saint-Sulpice-des-Landes,497,234,254,243,9,6,0.0,Divers,2017,présidentielle
35,316,Saint-Sulpice-des-Landes,497,234,254,243,9,7,106.0,Centre,2017,présidentielle
35,316,Saint-Sulpice-des-Landes,497,234,254,243,9,8,26.0,Droite,2017,présidentielle
35,316,Saint-Sulpice-des-Landes,497,234,254,243,9,9,3.0,Droite,2017,présidentielle
35,316,Saint-Sulpice-des-Landes,497,234,254,243,9,10,34.0,Extrême Droite,2017,présidentielle
35,316,Saint-Sulpice-des-Landes,497,234,254,243,9,11,4.0,Extrême Droite,2017,présidentielle
35,319,Saint-Thurial,1508,798,687,821,23,0,5.0,Extrême Gauche,2017,présidentielle
35,319,Saint-Thurial,1508,798,687,821,23,1,89.0,Gauche,2017,présidentielle
35,319,Saint-Thurial,1508,798,687,821,23,2,58.0,Gauche,2017,présidentielle
35,319,Saint-Thurial,1508,798,687,821,23,3,17.0,Gauche,2017,présidentielle
35,319,Saint-Thurial,1508,798,687,821,23,4,11.0,Écologie,2017,présidentielle
35,319,Saint-Thurial,1508,798,687,821,23,5,41.0,Écologie,2017,présidentielle
35,319,Saint-Thurial,1508,798,687,821,23,6,4.0,Divers,2017,présidentielle
35,319,Saint-Thurial,1508,798,687,821,23,7,357.0,Centre,2017,présidentielle
35,319,Saint-Thurial,1508,798,687,821,23,8,89.0,Droite,2017,présidentielle
35,319,Saint-Thurial,1508,798,687,821,23,9,9.0,Droite,2017,présidentielle
35,319,Saint-Thurial,1508,798,687,821,23,10,115.0,Extrême Droite,2017,présidentielle
35,319,Saint-Thurial,1508,798,687,821,23,11,3.0,Extrême Droite,2017,présidentielle
35,321,Saulnières,512,243,265,247,4,0,3.0,Extrême Gauche,2017,présidentielle
35,321,Saulnières,512,243,265,247,4,1,32.0,Gauche,2017,présidentielle
35,321,Saulnières,512,243,265,247,4,2,30.0,Gauche,2017,présidentielle
35,321,Saulnières,512,243,265,247,4,3,6.0,Gauche,2017,présidentielle
35,321,Saulnières,512,243,265,247,4,4,3.0,Écologie,2017,présidentielle
35,321,Saulnières,512,243,265,247,4,5,14.0,Écologie,2017,présidentielle
35,321,Saulnières,512,243,265,247,4,6,0.0,Divers,2017,présidentielle
35,321,Saulnières,512,243,265,247,4,7,85.0,Centre,2017,présidentielle
35,321,Saulnières,512,243,265,247,4,8,30.0,Droite,2017,présidentielle
35,321,Saulnières,512,243,265,247,4,9,9.0,Droite,2017,présidentielle
35,321,Saulnières,512,243,265,247,4,10,31.0,Extrême Droite,2017,présidentielle
35,321,Saulnières,512,243,265,247,4,11,0.0,Extrême Droite,2017,présidentielle
35,322,Le Sel-de-Bretagne,640,302,326,314,12,0,5.0,Extrême Gauche,2017,présidentielle
35,322,Le Sel-de-Bretagne,640,302,326,314,12,1,49.0,Gauche,2017,présidentielle
35,322,Le Sel-de-Bretagne,640,302,326,314,12,2,31.0,Gauche,2017,présidentielle
35,322,Le Sel-de-Bretagne,640,302,326,314,12,3,4.0,Gauche,2017,présidentielle
35,322,Le Sel-de-Bretagne,640,302,326,314,12,4,5.0,Écologie,2017,présidentielle
35,322,Le Sel-de-Bretagne,640,302,326,314,12,5,11.0,Écologie,2017,présidentielle
35,322,Le Sel-de-Bretagne,640,302,326,314,12,6,2.0,Divers,2017,présidentielle
35,322,Le Sel-de-Bretagne,640,302,326,314,12,7,124.0,Centre,2017,présidentielle
35,322,Le Sel-de-Bretagne,640,302,326,314,12,8,17.0,Droite,2017,présidentielle
35,322,Le Sel-de-Bretagne,640,302,326,314,12,9,4.0,Droite,2017,présidentielle
35,322,Le Sel-de-Bretagne,640,302,326,314,12,10,47.0,Extrême Droite,2017,présidentielle
35,322,Le Sel-de-Bretagne,640,302,326,314,12,11,3.0,Extrême Droite,2017,présidentielle
35,328,Sixt-sur-Aff,1580,796,778,802,6,0,1.0,Extrême Gauche,2017,présidentielle
35,328,Sixt-sur-Aff,1580,796,778,802,6,1,58.0,Gauche,2017,présidentielle
35,328,Sixt-sur-Aff,1580,796,778,802,6,2,157.0,Gauche,2017,présidentielle
35,328,Sixt-sur-Aff,1580,796,778,802,6,3,5.0,Gauche,2017,présidentielle
35,328,Sixt-sur-Aff,1580,796,778,802,6,4,5.0,Écologie,2017,présidentielle
35,328,Sixt-sur-Aff,1580,796,778,802,6,5,14.0,Écologie,2017,présidentielle
35,328,Sixt-sur-Aff,1580,796,778,802,6,6,1.0,Divers,2017,présidentielle
35,328,Sixt-sur-Aff,1580,796,778,802,6,7,285.0,Centre,2017,présidentielle
35,328,Sixt-sur-Aff,1580,796,778,802,6,8,131.0,Droite,2017,présidentielle
35,328,Sixt-sur-Aff,1580,796,778,802,6,9,20.0,Droite,2017,présidentielle
35,328,Sixt-sur-Aff,1580,796,778,802,6,10,116.0,Extrême Droite,2017,présidentielle
35,328,Sixt-sur-Aff,1580,796,778,802,6,11,3.0,Extrême Droite,2017,présidentielle
35,332,Teillay,737,355,373,364,9,0,6.0,Extrême Gauche,2017,présidentielle
35,332,Teillay,737,355,373,364,9,1,51.0,Gauche,2017,présidentielle
35,332,Teillay,737,355,373,364,9,2,29.0,Gauche,2017,présidentielle
35,332,Teillay,737,355,373,364,9,3,6.0,Gauche,2017,présidentielle
35,332,Teillay,737,355,373,364,9,4,2.0,Écologie,2017,présidentielle
35,332,Teillay,737,355,373,364,9,5,11.0,Écologie,2017,présidentielle
35,332,Teillay,737,355,373,364,9,6,3.0,Divers,2017,présidentielle
35,332,Teillay,737,355,373,364,9,7,140.0,Centre,2017,présidentielle
35,332,Teillay,737,355,373,364,9,8,37.0,Droite,2017,présidentielle
35,332,Teillay,737,355,373,364,9,9,9.0,Droite,2017,présidentielle
35,332,Teillay,737,355,373,364,9,10,55.0,Extrême Droite,2017,présidentielle
35,332,Teillay,737,355,373,364,9,11,6.0,Extrême Droite,2017,présidentielle
35,340,Treffendel,886,458,415,471,13,0,4.0,Extrême Gauche,2017,présidentielle
35,340,Treffendel,886,458,415,471,13,1,67.0,Gauche,2017,présidentielle
35,340,Treffendel,886,458,415,471,13,2,60.0,Gauche,2017,présidentielle
35,340,Treffendel,886,458,415,471,13,3,10.0,Gauche,2017,présidentielle
35,340,Treffendel,886,458,415,471,13,4,7.0,Écologie,2017,présidentielle
35,340,Treffendel,886,458,415,471,13,5,32.0,Écologie,2017,présidentielle
35,340,Treffendel,886,458,415,471,13,6,1.0,Divers,2017,présidentielle
35,340,Treffendel,886,458,415,471,13,7,176.0,Centre,2017,présidentielle
35,340,Treffendel,886,458,415,471,13,8,34.0,Droite,2017,présidentielle
35,340,Treffendel,886,458,415,471,13,9,9.0,Droite,2017,présidentielle
35,340,Treffendel,886,458,415,471,13,10,54.0,Extrême Droite,2017,présidentielle
35,340,Treffendel,886,458,415,471,13,11,4.0,Extrême Droite,2017,présidentielle
35,343,Tresboeuf,867,405,441,426,21,0,9.0,Extrême Gauche,2017,présidentielle
35,343,Tresboeuf,867,405,441,426,21,1,59.0,Gauche,2017,présidentielle
35,343,Tresboeuf,867,405,441,426,21,2,37.0,Gauche,2017,présidentielle
35,343,Tresboeuf,867,405,441,426,21,3,9.0,Gauche,2017,présidentielle
35,343,Tresboeuf,867,405,441,426,21,4,3.0,Écologie,2017,présidentielle
35,343,Tresboeuf,867,405,441,426,21,5,11.0,Écologie,2017,présidentielle
35,343,Tresboeuf,867,405,441,426,21,6,1.0,Divers,2017,présidentielle
35,343,Tresboeuf,867,405,441,426,21,7,182.0,Centre,2017,présidentielle
35,343,Tresboeuf,867,405,441,426,21,8,28.0,Droite,2017,présidentielle
35,343,Tresboeuf,867,405,441,426,21,9,7.0,Droite,2017,présidentielle
35,343,Tresboeuf,867,405,441,426,21,10,56.0,Extrême Droite,2017,présidentielle
35,343,Tresboeuf,867,405,441,426,21,11,3.0,Extrême Droite,2017,présidentielle
35,2,Amanlis,1319,763,544,775,12,0,3.0,Extrême Gauche,2017,présidentielle
35,2,Amanlis,1319,763,544,775,12,1,122.0,Gauche,2017,présidentielle
35,2,Amanlis,1319,763,544,775,12,2,49.0,Gauche,2017,présidentielle
35,2,Amanlis,1319,763,544,775,12,3,1.0,Écologie,2017,présidentielle
35,2,Amanlis,1319,763,544,775,12,4,40.0,Écologie,2017,présidentielle
35,2,Amanlis,1319,763,544,775,12,5,5.0,Divers,2017,présidentielle
35,2,Amanlis,1319,763,544,775,12,6,8.0,Régionalisme,2017,présidentielle
35,2,Amanlis,1319,763,544,775,12,7,306.0,Centre,2017,présidentielle
35,2,Amanlis,1319,763,544,775,12,8,160.0,Droite,2017,présidentielle
35,2,Amanlis,1319,763,544,775,12,9,2.0,Droite,2017,présidentielle
35,2,Amanlis,1319,763,544,775,12,10,6.0,Droite,2017,présidentielle
35,2,Amanlis,1319,763,544,775,12,11,61.0,Extrême Droite,2017,présidentielle
35,5,Arbrissel,209,103,103,106,3,0,0.0,Extrême Gauche,2017,présidentielle
35,5,Arbrissel,209,103,103,106,3,1,9.0,Gauche,2017,présidentielle
35,5,Arbrissel,209,103,103,106,3,2,5.0,Gauche,2017,présidentielle
35,5,Arbrissel,209,103,103,106,3,3,0.0,Écologie,2017,présidentielle
35,5,Arbrissel,209,103,103,106,3,4,2.0,Écologie,2017,présidentielle
35,5,Arbrissel,209,103,103,106,3,5,0.0,Divers,2017,présidentielle
35,5,Arbrissel,209,103,103,106,3,6,1.0,Régionalisme,2017,présidentielle
35,5,Arbrissel,209,103,103,106,3,7,26.0,Centre,2017,présidentielle
35,5,Arbrissel,209,103,103,106,3,8,42.0,Droite,2017,présidentielle
35,5,Arbrissel,209,103,103,106,3,9,1.0,Droite,2017,présidentielle
35,5,Arbrissel,209,103,103,106,3,10,1.0,Droite,2017,présidentielle
35,5,Arbrissel,209,103,103,106,3,11,16.0,Extrême Droite,2017,présidentielle
35,6,Argentré-du-Plessis,3483,1811,1629,1854,43,0,11.0,Extrême Gauche,2017,présidentielle
35,6,Argentré-du-Plessis,3483,1811,1629,1854,43,1,136.0,Gauche,2017,présidentielle
35,6,Argentré-du-Plessis,3483,1811,1629,1854,43,2,62.0,Gauche,2017,présidentielle
35,6,Argentré-du-Plessis,3483,1811,1629,1854,43,3,32.0,Écologie,2017,présidentielle
35,6,Argentré-du-Plessis,3483,1811,1629,1854,43,4,40.0,Écologie,2017,présidentielle
35,6,Argentré-du-Plessis,3483,1811,1629,1854,43,5,4.0,Divers,2017,présidentielle
35,6,Argentré-du-Plessis,3483,1811,1629,1854,43,6,10.0,Régionalisme,2017,présidentielle
35,6,Argentré-du-Plessis,3483,1811,1629,1854,43,7,775.0,Centre,2017,présidentielle
35,6,Argentré-du-Plessis,3483,1811,1629,1854,43,8,622.0,Droite,2017,présidentielle
35,6,Argentré-du-Plessis,3483,1811,1629,1854,43,9,7.0,Droite,2017,présidentielle
35,6,Argentré-du-Plessis,3483,1811,1629,1854,43,10,16.0,Droite,2017,présidentielle
35,6,Argentré-du-Plessis,3483,1811,1629,1854,43,11,96.0,Extrême Droite,2017,présidentielle
35,8,Availles-sur-Seiche,421,194,223,198,4,0,2.0,Extrême Gauche,2017,présidentielle
35,8,Availles-sur-Seiche,421,194,223,198,4,1,15.0,Gauche,2017,présidentielle
35,8,Availles-sur-Seiche,421,194,223,198,4,2,7.0,Gauche,2017,présidentielle
35,8,Availles-sur-Seiche,421,194,223,198,4,3,1.0,Écologie,2017,présidentielle
35,8,Availles-sur-Seiche,421,194,223,198,4,4,1.0,Écologie,2017,présidentielle
35,8,Availles-sur-Seiche,421,194,223,198,4,5,0.0,Divers,2017,présidentielle
35,8,Availles-sur-Seiche,421,194,223,198,4,6,0.0,Régionalisme,2017,présidentielle
35,8,Availles-sur-Seiche,421,194,223,198,4,7,59.0,Centre,2017,présidentielle
35,8,Availles-sur-Seiche,421,194,223,198,4,8,78.0,Droite,2017,présidentielle
35,8,Availles-sur-Seiche,421,194,223,198,4,9,0.0,Droite,2017,présidentielle
35,8,Availles-sur-Seiche,421,194,223,198,4,10,3.0,Droite,2017,présidentielle
35,8,Availles-sur-Seiche,421,194,223,198,4,11,28.0,Extrême Droite,2017,présidentielle
35,14,Bais,1626,734,871,755,21,0,17.0,Extrême Gauche,2017,présidentielle
35,14,Bais,1626,734,871,755,21,1,58.0,Gauche,2017,présidentielle
35,14,Bais,1626,734,871,755,21,2,22.0,Gauche,2017,présidentielle
35,14,Bais,1626,734,871,755,21,3,4.0,Écologie,2017,présidentielle
35,14,Bais,1626,734,871,755,21,4,21.0,Écologie,2017,présidentielle
35,14,Bais,1626,734,871,755,21,5,2.0,Divers,2017,présidentielle
35,14,Bais,1626,734,871,755,21,6,5.0,Régionalisme,2017,présidentielle
35,14,Bais,1626,734,871,755,21,7,256.0,Centre,2017,présidentielle
35,14,Bais,1626,734,871,755,21,8,258.0,Droite,2017,présidentielle
35,14,Bais,1626,734,871,755,21,9,5.0,Droite,2017,présidentielle
35,14,Bais,1626,734,871,755,21,10,10.0,Droite,2017,présidentielle
35,14,Bais,1626,734,871,755,21,11,76.0,Extrême Droite,2017,présidentielle
35,15,Balazé,1768,919,824,944,25,0,4.0,Extrême Gauche,2017,présidentielle
35,15,Balazé,1768,919,824,944,25,1,85.0,Gauche,2017,présidentielle
35,15,Balazé,1768,919,824,944,25,2,17.0,Gauche,2017,présidentielle
35,15,Balazé,1768,919,824,944,25,3,4.0,Écologie,2017,présidentielle
35,15,Balazé,1768,919,824,944,25,4,12.0,Écologie,2017,présidentielle
35,15,Balazé,1768,919,824,944,25,5,5.0,Divers,2017,présidentielle
35,15,Balazé,1768,919,824,944,25,6,6.0,Régionalisme,2017,présidentielle
35,15,Balazé,1768,919,824,944,25,7,375.0,Centre,2017,présidentielle
35,15,Balazé,1768,919,824,944,25,8,347.0,Droite,2017,présidentielle
35,15,Balazé,1768,919,824,944,25,9,2.0,Droite,2017,présidentielle
35,15,Balazé,1768,919,824,944,25,10,9.0,Droite,2017,présidentielle
35,15,Balazé,1768,919,824,944,25,11,53.0,Extrême Droite,2017,présidentielle
35,28,Boistrudan,488,230,253,235,5,0,3.0,Extrême Gauche,2017,présidentielle
35,28,Boistrudan,488,230,253,235,5,1,27.0,Gauche,2017,présidentielle
35,28,Boistrudan,488,230,253,235,5,2,15.0,Gauche,2017,présidentielle
35,28,Boistrudan,488,230,253,235,5,3,0.0,Écologie,2017,présidentielle
35,28,Boistrudan,488,230,253,235,5,4,9.0,Écologie,2017,présidentielle
35,28,Boistrudan,488,230,253,235,5,5,1.0,Divers,2017,présidentielle
35,28,Boistrudan,488,230,253,235,5,6,1.0,Régionalisme,2017,présidentielle
35,28,Boistrudan,488,230,253,235,5,7,78.0,Centre,2017,présidentielle
35,28,Boistrudan,488,230,253,235,5,8,72.0,Droite,2017,présidentielle
35,28,Boistrudan,488,230,253,235,5,9,0.0,Droite,2017,présidentielle
35,28,Boistrudan,488,230,253,235,5,10,5.0,Droite,2017,présidentielle
35,28,Boistrudan,488,230,253,235,5,11,19.0,Extrême Droite,2017,présidentielle
35,38,Bréal-sous-Vitré,465,232,232,233,1,0,3.0,Extrême Gauche,2017,présidentielle
35,38,Bréal-sous-Vitré,465,232,232,233,1,1,14.0,Gauche,2017,présidentielle
35,38,Bréal-sous-Vitré,465,232,232,233,1,2,3.0,Gauche,2017,présidentielle
35,38,Bréal-sous-Vitré,465,232,232,233,1,3,1.0,Écologie,2017,présidentielle
35,38,Bréal-sous-Vitré,465,232,232,233,1,4,5.0,Écologie,2017,présidentielle
35,38,Bréal-sous-Vitré,465,232,232,233,1,5,1.0,Divers,2017,présidentielle
35,38,Bréal-sous-Vitré,465,232,232,233,1,6,1.0,Régionalisme,2017,présidentielle
35,38,Bréal-sous-Vitré,465,232,232,233,1,7,78.0,Centre,2017,présidentielle
35,38,Bréal-sous-Vitré,465,232,232,233,1,8,91.0,Droite,2017,présidentielle
35,38,Bréal-sous-Vitré,465,232,232,233,1,9,1.0,Droite,2017,présidentielle
35,38,Bréal-sous-Vitré,465,232,232,233,1,10,4.0,Droite,2017,présidentielle
35,38,Bréal-sous-Vitré,465,232,232,233,1,11,30.0,Extrême Droite,2017,présidentielle
35,39,Brécé,1523,814,700,823,9,0,5.0,Extrême Gauche,2017,présidentielle
35,39,Brécé,1523,814,700,823,9,1,128.0,Gauche,2017,présidentielle
35,39,Brécé,1523,814,700,823,9,2,71.0,Gauche,2017,présidentielle
35,39,Brécé,1523,814,700,823,9,3,5.0,Écologie,2017,présidentielle
35,39,Brécé,1523,814,700,823,9,4,55.0,Écologie,2017,présidentielle
35,39,Brécé,1523,814,700,823,9,5,2.0,Divers,2017,présidentielle
35,39,Brécé,1523,814,700,823,9,6,4.0,Régionalisme,2017,présidentielle
35,39,Brécé,1523,814,700,823,9,7,336.0,Centre,2017,présidentielle
35,39,Brécé,1523,814,700,823,9,8,126.0,Droite,2017,présidentielle
35,39,Brécé,1523,814,700,823,9,9,6.0,Droite,2017,présidentielle
35,39,Brécé,1523,814,700,823,9,10,17.0,Droite,2017,présidentielle
35,39,Brécé,1523,814,700,823,9,11,59.0,Extrême Droite,2017,présidentielle
35,41,Brie,694,377,315,379,2,0,1.0,Extrême Gauche,2017,présidentielle
35,41,Brie,694,377,315,379,2,1,42.0,Gauche,2017,présidentielle
35,41,Brie,694,377,315,379,2,2,20.0,Gauche,2017,présidentielle
35,41,Brie,694,377,315,379,2,3,3.0,Écologie,2017,présidentielle
35,41,Brie,694,377,315,379,2,4,7.0,Écologie,2017,présidentielle
35,41,Brie,694,377,315,379,2,5,2.0,Divers,2017,présidentielle
35,41,Brie,694,377,315,379,2,6,1.0,Régionalisme,2017,présidentielle
35,41,Brie,694,377,315,379,2,7,156.0,Centre,2017,présidentielle
35,41,Brie,694,377,315,379,2,8,98.0,Droite,2017,présidentielle
35,41,Brie,694,377,315,379,2,9,1.0,Droite,2017,présidentielle
35,41,Brie,694,377,315,379,2,10,5.0,Droite,2017,présidentielle
35,41,Brie,694,377,315,379,2,11,41.0,Extrême Droite,2017,présidentielle
35,42,Brielles,479,264,212,267,3,0,0.0,Extrême Gauche,2017,présidentielle
35,42,Brielles,479,264,212,267,3,1,22.0,Gauche,2017,présidentielle
35,42,Brielles,479,264,212,267,3,2,5.0,Gauche,2017,présidentielle
35,42,Brielles,479,264,212,267,3,3,2.0,Écologie,2017,présidentielle
35,42,Brielles,479,264,212,267,3,4,5.0,Écologie,2017,présidentielle
35,42,Brielles,479,264,212,267,3,5,2.0,Divers,2017,présidentielle
35,42,Brielles,479,264,212,267,3,6,1.0,Régionalisme,2017,présidentielle
35,42,Brielles,479,264,212,267,3,7,94.0,Centre,2017,présidentielle
35,42,Brielles,479,264,212,267,3,8,96.0,Droite,2017,présidentielle
35,42,Brielles,479,264,212,267,3,9,3.0,Droite,2017,présidentielle
35,42,Brielles,479,264,212,267,3,10,3.0,Droite,2017,présidentielle
35,42,Brielles,479,264,212,267,3,11,31.0,Extrême Droite,2017,présidentielle
35,52,Champeaux,385,232,146,239,7,0,4.0,Extrême Gauche,2017,présidentielle
35,52,Champeaux,385,232,146,239,7,1,18.0,Gauche,2017,présidentielle
35,52,Champeaux,385,232,146,239,7,2,8.0,Gauche,2017,présidentielle
35,52,Champeaux,385,232,146,239,7,3,2.0,Écologie,2017,présidentielle
35,52,Champeaux,385,232,146,239,7,4,8.0,Écologie,2017,présidentielle
35,52,Champeaux,385,232,146,239,7,5,2.0,Divers,2017,présidentielle
35,52,Champeaux,385,232,146,239,7,6,4.0,Régionalisme,2017,présidentielle
35,52,Champeaux,385,232,146,239,7,7,81.0,Centre,2017,présidentielle
35,52,Champeaux,385,232,146,239,7,8,82.0,Droite,2017,présidentielle
35,52,Champeaux,385,232,146,239,7,9,1.0,Droite,2017,présidentielle
35,52,Champeaux,385,232,146,239,7,10,4.0,Droite,2017,présidentielle
35,52,Champeaux,385,232,146,239,7,11,18.0,Extrême Droite,2017,présidentielle
35,53,Chancé,217,130,84,133,3,0,1.0,Extrême Gauche,2017,présidentielle
35,53,Chancé,217,130,84,133,3,1,8.0,Gauche,2017,présidentielle
35,53,Chancé,217,130,84,133,3,2,6.0,Gauche,2017,présidentielle
35,53,Chancé,217,130,84,133,3,3,0.0,Écologie,2017,présidentielle
35,53,Chancé,217,130,84,133,3,4,5.0,Écologie,2017,présidentielle
35,53,Chancé,217,130,84,133,3,5,0.0,Divers,2017,présidentielle
35,53,Chancé,217,130,84,133,3,6,1.0,Régionalisme,2017,présidentielle
35,53,Chancé,217,130,84,133,3,7,41.0,Centre,2017,présidentielle
35,53,Chancé,217,130,84,133,3,8,54.0,Droite,2017,présidentielle
35,53,Chancé,217,130,84,133,3,9,0.0,Droite,2017,présidentielle
35,53,Chancé,217,130,84,133,3,10,0.0,Droite,2017,présidentielle
35,53,Chancé,217,130,84,133,3,11,14.0,Extrême Droite,2017,présidentielle
35,61,La Chapelle-Erbrée,482,252,228,254,2,0,2.0,Extrême Gauche,2017,présidentielle
35,61,La Chapelle-Erbrée,482,252,228,254,2,1,23.0,Gauche,2017,présidentielle
35,61,La Chapelle-Erbrée,482,252,228,254,2,2,6.0,Gauche,2017,présidentielle
35,61,La Chapelle-Erbrée,482,252,228,254,2,3,3.0,Écologie,2017,présidentielle
35,61,La Chapelle-Erbrée,482,252,228,254,2,4,4.0,Écologie,2017,présidentielle
35,61,La Chapelle-Erbrée,482,252,228,254,2,5,1.0,Divers,2017,présidentielle
35,61,La Chapelle-Erbrée,482,252,228,254,2,6,1.0,Régionalisme,2017,présidentielle
35,61,La Chapelle-Erbrée,482,252,228,254,2,7,79.0,Centre,2017,présidentielle
35,61,La Chapelle-Erbrée,482,252,228,254,2,8,115.0,Droite,2017,présidentielle
35,61,La Chapelle-Erbrée,482,252,228,254,2,9,1.0,Droite,2017,présidentielle
35,61,La Chapelle-Erbrée,482,252,228,254,2,10,5.0,Droite,2017,présidentielle
35,61,La Chapelle-Erbrée,482,252,228,254,2,11,12.0,Extrême Droite,2017,présidentielle
35,68,Châteaubourg,4836,2689,2120,2716,27,0,19.0,Extrême Gauche,2017,présidentielle
35,68,Châteaubourg,4836,2689,2120,2716,27,1,357.0,Gauche,2017,présidentielle
35,68,Châteaubourg,4836,2689,2120,2716,27,2,247.0,Gauche,2017,présidentielle
35,68,Châteaubourg,4836,2689,2120,2716,27,3,19.0,Écologie,2017,présidentielle
35,68,Châteaubourg,4836,2689,2120,2716,27,4,121.0,Écologie,2017,présidentielle
35,68,Châteaubourg,4836,2689,2120,2716,27,5,5.0,Divers,2017,présidentielle
35,68,Châteaubourg,4836,2689,2120,2716,27,6,15.0,Régionalisme,2017,présidentielle
35,68,Châteaubourg,4836,2689,2120,2716,27,7,1217.0,Centre,2017,présidentielle
35,68,Châteaubourg,4836,2689,2120,2716,27,8,527.0,Droite,2017,présidentielle
35,68,Châteaubourg,4836,2689,2120,2716,27,9,8.0,Droite,2017,présidentielle
35,68,Châteaubourg,4836,2689,2120,2716,27,10,26.0,Droite,2017,présidentielle
35,68,Châteaubourg,4836,2689,2120,2716,27,11,128.0,Extrême Droite,2017,présidentielle
35,69,Châteaugiron,7207,4294,2847,4360,66,0,23.0,Extrême Gauche,2017,présidentielle
35,69,Châteaugiron,7207,4294,2847,4360,66,1,482.0,Gauche,2017,présidentielle
35,69,Châteaugiron,7207,4294,2847,4360,66,2,254.0,Gauche,2017,présidentielle
35,69,Châteaugiron,7207,4294,2847,4360,66,3,22.0,Écologie,2017,présidentielle
35,69,Châteaugiron,7207,4294,2847,4360,66,4,181.0,Écologie,2017,présidentielle
35,69,Châteaugiron,7207,4294,2847,4360,66,5,22.0,Divers,2017,présidentielle
35,69,Châteaugiron,7207,4294,2847,4360,66,6,24.0,Régionalisme,2017,présidentielle
35,69,Châteaugiron,7207,4294,2847,4360,66,7,2109.0,Centre,2017,présidentielle
35,69,Châteaugiron,7207,4294,2847,4360,66,8,904.0,Droite,2017,présidentielle
35,69,Châteaugiron,7207,4294,2847,4360,66,9,36.0,Droite,2017,présidentielle
35,69,Châteaugiron,7207,4294,2847,4360,66,10,61.0,Droite,2017,présidentielle
35,69,Châteaugiron,7207,4294,2847,4360,66,11,176.0,Extrême Droite,2017,présidentielle
35,72,Châtillon-en-Vendelais,1261,622,630,631,9,0,7.0,Extrême Gauche,2017,présidentielle
35,72,Châtillon-en-Vendelais,1261,622,630,631,9,1,49.0,Gauche,2017,présidentielle
35,72,Châtillon-en-Vendelais,1261,622,630,631,9,2,11.0,Gauche,2017,présidentielle
35,72,Châtillon-en-Vendelais,1261,622,630,631,9,3,3.0,Écologie,2017,présidentielle
35,72,Châtillon-en-Vendelais,1261,622,630,631,9,4,20.0,Écologie,2017,présidentielle
35,72,Châtillon-en-Vendelais,1261,622,630,631,9,5,2.0,Divers,2017,présidentielle
35,72,Châtillon-en-Vendelais,1261,622,630,631,9,6,0.0,Régionalisme,2017,présidentielle
35,72,Châtillon-en-Vendelais,1261,622,630,631,9,7,229.0,Centre,2017,présidentielle
35,72,Châtillon-en-Vendelais,1261,622,630,631,9,8,237.0,Droite,2017,présidentielle
35,72,Châtillon-en-Vendelais,1261,622,630,631,9,9,4.0,Droite,2017,présidentielle
35,72,Châtillon-en-Vendelais,1261,622,630,631,9,10,7.0,Droite,2017,présidentielle
35,72,Châtillon-en-Vendelais,1261,622,630,631,9,11,53.0,Extrême Droite,2017,présidentielle
35,77,Chelun,208,120,85,123,3,0,1.0,Extrême Gauche,2017,présidentielle
35,77,Chelun,208,120,85,123,3,1,6.0,Gauche,2017,présidentielle
35,77,Chelun,208,120,85,123,3,2,0.0,Gauche,2017,présidentielle
35,77,Chelun,208,120,85,123,3,3,2.0,Écologie,2017,présidentielle
35,77,Chelun,208,120,85,123,3,4,4.0,Écologie,2017,présidentielle
35,77,Chelun,208,120,85,123,3,5,0.0,Divers,2017,présidentielle
35,77,Chelun,208,120,85,123,3,6,0.0,Régionalisme,2017,présidentielle
35,77,Chelun,208,120,85,123,3,7,33.0,Centre,2017,présidentielle
35,77,Chelun,208,120,85,123,3,8,59.0,Droite,2017,présidentielle
35,77,Chelun,208,120,85,123,3,9,1.0,Droite,2017,présidentielle
35,77,Chelun,208,120,85,123,3,10,0.0,Droite,2017,présidentielle
35,77,Chelun,208,120,85,123,3,11,14.0,Extrême Droite,2017,présidentielle
35,82,Coësmes,913,432,469,444,12,0,8.0,Extrême Gauche,2017,présidentielle
35,82,Coësmes,913,432,469,444,12,1,56.0,Gauche,2017,présidentielle
35,82,Coësmes,913,432,469,444,12,2,20.0,Gauche,2017,présidentielle
35,82,Coësmes,913,432,469,444,12,3,7.0,Écologie,2017,présidentielle
35,82,Coësmes,913,432,469,444,12,4,9.0,Écologie,2017,présidentielle
35,82,Coësmes,913,432,469,444,12,5,1.0,Divers,2017,présidentielle
35,82,Coësmes,913,432,469,444,12,6,3.0,Régionalisme,2017,présidentielle
35,82,Coësmes,913,432,469,444,12,7,156.0,Centre,2017,présidentielle
35,82,Coësmes,913,432,469,444,12,8,125.0,Droite,2017,présidentielle
35,82,Coësmes,913,432,469,444,12,9,1.0,Droite,2017,présidentielle
35,82,Coësmes,913,432,469,444,12,10,3.0,Droite,2017,présidentielle
35,82,Coësmes,913,432,469,444,12,11,43.0,Extrême Droite,2017,présidentielle
35,87,Cornillé,627,320,301,326,6,0,1.0,Extrême Gauche,2017,présidentielle
35,87,Cornillé,627,320,301,326,6,1,40.0,Gauche,2017,présidentielle
35,87,Cornillé,627,320,301,326,6,2,9.0,Gauche,2017,présidentielle
35,87,Cornillé,627,320,301,326,6,3,1.0,Écologie,2017,présidentielle
35,87,Cornillé,627,320,301,326,6,4,4.0,Écologie,2017,présidentielle
35,87,Cornillé,627,320,301,326,6,5,2.0,Divers,2017,présidentielle
35,87,Cornillé,627,320,301,326,6,6,1.0,Régionalisme,2017,présidentielle
35,87,Cornillé,627,320,301,326,6,7,124.0,Centre,2017,présidentielle
35,87,Cornillé,627,320,301,326,6,8,109.0,Droite,2017,présidentielle
35,87,Cornillé,627,320,301,326,6,9,0.0,Droite,2017,présidentielle
35,87,Cornillé,627,320,301,326,6,10,2.0,Droite,2017,présidentielle
35,87,Cornillé,627,320,301,326,6,11,27.0,Extrême Droite,2017,présidentielle
35,88,Corps-Nuds,2350,1317,1012,1338,21,0,13.0,Extrême Gauche,2017,présidentielle
35,88,Corps-Nuds,2350,1317,1012,1338,21,1,194.0,Gauche,2017,présidentielle
35,88,Corps-Nuds,2350,1317,1012,1338,21,2,97.0,Gauche,2017,présidentielle
35,88,Corps-Nuds,2350,1317,1012,1338,21,3,9.0,Écologie,2017,présidentielle
35,88,Corps-Nuds,2350,1317,1012,1338,21,4,83.0,Écologie,2017,présidentielle
35,88,Corps-Nuds,2350,1317,1012,1338,21,5,9.0,Divers,2017,présidentielle
35,88,Corps-Nuds,2350,1317,1012,1338,21,6,14.0,Régionalisme,2017,présidentielle
35,88,Corps-Nuds,2350,1317,1012,1338,21,7,562.0,Centre,2017,présidentielle
35,88,Corps-Nuds,2350,1317,1012,1338,21,8,213.0,Droite,2017,présidentielle
35,88,Corps-Nuds,2350,1317,1012,1338,21,9,5.0,Droite,2017,présidentielle
35,88,Corps-Nuds,2350,1317,1012,1338,21,10,8.0,Droite,2017,présidentielle
35,88,Corps-Nuds,2350,1317,1012,1338,21,11,110.0,Extrême Droite,2017,présidentielle
35,96,Domagné,1619,897,704,915,18,0,6.0,Extrême Gauche,2017,présidentielle
35,96,Domagné,1619,897,704,915,18,1,85.0,Gauche,2017,présidentielle
35,96,Domagné,1619,897,704,915,18,2,48.0,Gauche,2017,présidentielle
35,96,Domagné,1619,897,704,915,18,3,6.0,Écologie,2017,présidentielle
35,96,Domagné,1619,897,704,915,18,4,30.0,Écologie,2017,présidentielle
35,96,Domagné,1619,897,704,915,18,5,6.0,Divers,2017,présidentielle
35,96,Domagné,1619,897,704,915,18,6,4.0,Régionalisme,2017,présidentielle
35,96,Domagné,1619,897,704,915,18,7,397.0,Centre,2017,présidentielle
35,96,Domagné,1619,897,704,915,18,8,236.0,Droite,2017,présidentielle
35,96,Domagné,1619,897,704,915,18,9,7.0,Droite,2017,présidentielle
35,96,Domagné,1619,897,704,915,18,10,16.0,Droite,2017,présidentielle
35,96,Domagné,1619,897,704,915,18,11,56.0,Extrême Droite,2017,présidentielle
35,97,Domalain,1326,619,688,638,19,0,4.0,Extrême Gauche,2017,présidentielle
35,97,Domalain,1326,619,688,638,19,1,44.0,Gauche,2017,présidentielle
35,97,Domalain,1326,619,688,638,19,2,17.0,Gauche,2017,présidentielle
35,97,Domalain,1326,619,688,638,19,3,2.0,Écologie,2017,présidentielle
35,97,Domalain,1326,619,688,638,19,4,14.0,Écologie,2017,présidentielle
35,97,Domalain,1326,619,688,638,19,5,0.0,Divers,2017,présidentielle
35,97,Domalain,1326,619,688,638,19,6,3.0,Régionalisme,2017,présidentielle
35,97,Domalain,1326,619,688,638,19,7,204.0,Centre,2017,présidentielle
35,97,Domalain,1326,619,688,638,19,8,259.0,Droite,2017,présidentielle
35,97,Domalain,1326,619,688,638,19,9,4.0,Droite,2017,présidentielle
35,97,Domalain,1326,619,688,638,19,10,4.0,Droite,2017,présidentielle
35,97,Domalain,1326,619,688,638,19,11,64.0,Extrême Droite,2017,présidentielle
35,99,Domloup,2427,1422,986,1441,19,0,15.0,Extrême Gauche,2017,présidentielle
35,99,Domloup,2427,1422,986,1441,19,1,190.0,Gauche,2017,présidentielle
35,99,Domloup,2427,1422,986,1441,19,2,116.0,Gauche,2017,présidentielle
35,99,Domloup,2427,1422,986,1441,19,3,14.0,Écologie,2017,présidentielle
35,99,Domloup,2427,1422,986,1441,19,4,66.0,Écologie,2017,présidentielle
35,99,Domloup,2427,1422,986,1441,19,5,4.0,Divers,2017,présidentielle
35,99,Domloup,2427,1422,986,1441,19,6,15.0,Régionalisme,2017,présidentielle
35,99,Domloup,2427,1422,986,1441,19,7,639.0,Centre,2017,présidentielle
35,99,Domloup,2427,1422,986,1441,19,8,242.0,Droite,2017,présidentielle
35,99,Domloup,2427,1422,986,1441,19,9,33.0,Droite,2017,présidentielle
35,99,Domloup,2427,1422,986,1441,19,10,18.0,Droite,2017,présidentielle
35,99,Domloup,2427,1422,986,1441,19,11,70.0,Extrême Droite,2017,présidentielle
35,102,Drouges,373,193,177,196,3,0,1.0,Extrême Gauche,2017,présidentielle
35,102,Drouges,373,193,177,196,3,1,22.0,Gauche,2017,présidentielle
35,102,Drouges,373,193,177,196,3,2,4.0,Gauche,2017,présidentielle
35,102,Drouges,373,193,177,196,3,3,2.0,Écologie,2017,présidentielle
35,102,Drouges,373,193,177,196,3,4,5.0,Écologie,2017,présidentielle
35,102,Drouges,373,193,177,196,3,5,2.0,Divers,2017,présidentielle
35,102,Drouges,373,193,177,196,3,6,2.0,Régionalisme,2017,présidentielle
35,102,Drouges,373,193,177,196,3,7,52.0,Centre,2017,présidentielle
35,102,Drouges,373,193,177,196,3,8,84.0,Droite,2017,présidentielle
35,102,Drouges,373,193,177,196,3,9,1.0,Droite,2017,présidentielle
35,102,Drouges,373,193,177,196,3,10,2.0,Droite,2017,présidentielle
35,102,Drouges,373,193,177,196,3,11,16.0,Extrême Droite,2017,présidentielle
35,103,Eancé,283,167,110,173,6,0,4.0,Extrême Gauche,2017,présidentielle
35,103,Eancé,283,167,110,173,6,1,16.0,Gauche,2017,présidentielle
35,103,Eancé,283,167,110,173,6,2,1.0,Gauche,2017,présidentielle
35,103,Eancé,283,167,110,173,6,3,1.0,Écologie,2017,présidentielle
35,103,Eancé,283,167,110,173,6,4,9.0,Écologie,2017,présidentielle
35,103,Eancé,283,167,110,173,6,5,0.0,Divers,2017,présidentielle
35,103,Eancé,283,167,110,173,6,6,2.0,Régionalisme,2017,présidentielle
35,103,Eancé,283,167,110,173,6,7,43.0,Centre,2017,présidentielle
35,103,Eancé,283,167,110,173,6,8,70.0,Droite,2017,présidentielle
35,103,Eancé,283,167,110,173,6,9,1.0,Droite,2017,présidentielle
35,103,Eancé,283,167,110,173,6,10,1.0,Droite,2017,présidentielle
35,103,Eancé,283,167,110,173,6,11,19.0,Extrême Droite,2017,présidentielle
35,105,Erbrée,1403,711,681,722,11,0,2.0,Extrême Gauche,2017,présidentielle
35,105,Erbrée,1403,711,681,722,11,1,49.0,Gauche,2017,présidentielle
35,105,Erbrée,1403,711,681,722,11,2,20.0,Gauche,2017,présidentielle
35,105,Erbrée,1403,711,681,722,11,3,5.0,Écologie,2017,présidentielle
35,105,Erbrée,1403,711,681,722,11,4,26.0,Écologie,2017,présidentielle
35,105,Erbrée,1403,711,681,722,11,5,3.0,Divers,2017,présidentielle
35,105,Erbrée,1403,711,681,722,11,6,5.0,Régionalisme,2017,présidentielle
35,105,Erbrée,1403,711,681,722,11,7,250.0,Centre,2017,présidentielle
35,105,Erbrée,1403,711,681,722,11,8,299.0,Droite,2017,présidentielle
35,105,Erbrée,1403,711,681,722,11,9,6.0,Droite,2017,présidentielle
35,105,Erbrée,1403,711,681,722,11,10,3.0,Droite,2017,présidentielle
35,105,Erbrée,1403,711,681,722,11,11,43.0,Extrême Droite,2017,présidentielle
35,108,Essé,788,405,372,416,11,0,4.0,Extrême Gauche,2017,présidentielle
35,108,Essé,788,405,372,416,11,1,36.0,Gauche,2017,présidentielle
35,108,Essé,788,405,372,416,11,2,17.0,Gauche,2017,présidentielle
35,108,Essé,788,405,372,416,11,3,2.0,Écologie,2017,présidentielle
35,108,Essé,788,405,372,416,11,4,17.0,Écologie,2017,présidentielle
35,108,Essé,788,405,372,416,11,5,2.0,Divers,2017,présidentielle
35,108,Essé,788,405,372,416,11,6,8.0,Régionalisme,2017,présidentielle
35,108,Essé,788,405,372,416,11,7,153.0,Centre,2017,présidentielle
35,108,Essé,788,405,372,416,11,8,112.0,Droite,2017,présidentielle
35,108,Essé,788,405,372,416,11,9,1.0,Droite,2017,présidentielle
35,108,Essé,788,405,372,416,11,10,6.0,Droite,2017,présidentielle
35,108,Essé,788,405,372,416,11,11,47.0,Extrême Droite,2017,présidentielle
35,109,Etrelles,1770,1029,728,1042,13,0,13.0,Extrême Gauche,2017,présidentielle
35,109,Etrelles,1770,1029,728,1042,13,1,76.0,Gauche,2017,présidentielle
35,109,Etrelles,1770,1029,728,1042,13,2,49.0,Gauche,2017,présidentielle
35,109,Etrelles,1770,1029,728,1042,13,3,10.0,Écologie,2017,présidentielle
35,109,Etrelles,1770,1029,728,1042,13,4,29.0,Écologie,2017,présidentielle
35,109,Etrelles,1770,1029,728,1042,13,5,7.0,Divers,2017,présidentielle
35,109,Etrelles,1770,1029,728,1042,13,6,4.0,Régionalisme,2017,présidentielle
35,109,Etrelles,1770,1029,728,1042,13,7,416.0,Centre,2017,présidentielle
35,109,Etrelles,1770,1029,728,1042,13,8,362.0,Droite,2017,présidentielle
35,109,Etrelles,1770,1029,728,1042,13,9,8.0,Droite,2017,présidentielle
35,109,Etrelles,1770,1029,728,1042,13,10,11.0,Droite,2017,présidentielle
35,109,Etrelles,1770,1029,728,1042,13,11,44.0,Extrême Droite,2017,présidentielle
35,114,Forges-la-Forêt,182,97,82,100,3,0,4.0,Extrême Gauche,2017,présidentielle
35,114,Forges-la-Forêt,182,97,82,100,3,1,13.0,Gauche,2017,présidentielle
35,114,Forges-la-Forêt,182,97,82,100,3,2,0.0,Gauche,2017,présidentielle
35,114,Forges-la-Forêt,182,97,82,100,3,3,2.0,Écologie,2017,présidentielle
35,114,Forges-la-Forêt,182,97,82,100,3,4,2.0,Écologie,2017,présidentielle
35,114,Forges-la-Forêt,182,97,82,100,3,5,0.0,Divers,2017,présidentielle
35,114,Forges-la-Forêt,182,97,82,100,3,6,0.0,Régionalisme,2017,présidentielle
35,114,Forges-la-Forêt,182,97,82,100,3,7,27.0,Centre,2017,présidentielle
35,114,Forges-la-Forêt,182,97,82,100,3,8,36.0,Droite,2017,présidentielle
35,114,Forges-la-Forêt,182,97,82,100,3,9,0.0,Droite,2017,présidentielle
35,114,Forges-la-Forêt,182,97,82,100,3,10,2.0,Droite,2017,présidentielle
35,114,Forges-la-Forêt,182,97,82,100,3,11,11.0,Extrême Droite,2017,présidentielle
35,119,Gennes-sur-Seiche,634,301,325,309,8,0,7.0,Extrême Gauche,2017,présidentielle
35,119,Gennes-sur-Seiche,634,301,325,309,8,1,33.0,Gauche,2017,présidentielle
35,119,Gennes-sur-Seiche,634,301,325,309,8,2,9.0,Gauche,2017,présidentielle
35,119,Gennes-sur-Seiche,634,301,325,309,8,3,3.0,Écologie,2017,présidentielle
35,119,Gennes-sur-Seiche,634,301,325,309,8,4,4.0,Écologie,2017,présidentielle
35,119,Gennes-sur-Seiche,634,301,325,309,8,5,1.0,Divers,2017,présidentielle
35,119,Gennes-sur-Seiche,634,301,325,309,8,6,1.0,Régionalisme,2017,présidentielle
35,119,Gennes-sur-Seiche,634,301,325,309,8,7,108.0,Centre,2017,présidentielle
35,119,Gennes-sur-Seiche,634,301,325,309,8,8,106.0,Droite,2017,présidentielle
35,119,Gennes-sur-Seiche,634,301,325,309,8,9,2.0,Droite,2017,présidentielle
35,119,Gennes-sur-Seiche,634,301,325,309,8,10,4.0,Droite,2017,présidentielle
35,119,Gennes-sur-Seiche,634,301,325,309,8,11,23.0,Extrême Droite,2017,présidentielle
35,125,La Guerche-de-Bretagne,2814,1461,1320,1494,33,0,5.0,Extrême Gauche,2017,présidentielle
35,125,La Guerche-de-Bretagne,2814,1461,1320,1494,33,1,89.0,Gauche,2017,présidentielle
35,125,La Guerche-de-Bretagne,2814,1461,1320,1494,33,2,54.0,Gauche,2017,présidentielle
35,125,La Guerche-de-Bretagne,2814,1461,1320,1494,33,3,4.0,Écologie,2017,présidentielle
35,125,La Guerche-de-Bretagne,2814,1461,1320,1494,33,4,27.0,Écologie,2017,présidentielle
35,125,La Guerche-de-Bretagne,2814,1461,1320,1494,33,5,3.0,Divers,2017,présidentielle
35,125,La Guerche-de-Bretagne,2814,1461,1320,1494,33,6,5.0,Régionalisme,2017,présidentielle
35,125,La Guerche-de-Bretagne,2814,1461,1320,1494,33,7,528.0,Centre,2017,présidentielle
35,125,La Guerche-de-Bretagne,2814,1461,1320,1494,33,8,643.0,Droite,2017,présidentielle
35,125,La Guerche-de-Bretagne,2814,1461,1320,1494,33,9,3.0,Droite,2017,présidentielle
35,125,La Guerche-de-Bretagne,2814,1461,1320,1494,33,10,14.0,Droite,2017,présidentielle
35,125,La Guerche-de-Bretagne,2814,1461,1320,1494,33,11,86.0,Extrême Droite,2017,présidentielle
35,136,Janzé,5814,3179,2590,3224,45,0,36.0,Extrême Gauche,2017,présidentielle
35,136,Janzé,5814,3179,2590,3224,45,1,296.0,Gauche,2017,présidentielle
35,136,Janzé,5814,3179,2590,3224,45,2,166.0,Gauche,2017,présidentielle
35,136,Janzé,5814,3179,2590,3224,45,3,17.0,Écologie,2017,présidentielle
35,136,Janzé,5814,3179,2590,3224,45,4,119.0,Écologie,2017,présidentielle
35,136,Janzé,5814,3179,2590,3224,45,5,15.0,Divers,2017,présidentielle
35,136,Janzé,5814,3179,2590,3224,45,6,16.0,Régionalisme,2017,présidentielle
35,136,Janzé,5814,3179,2590,3224,45,7,1324.0,Centre,2017,présidentielle
35,136,Janzé,5814,3179,2590,3224,45,8,906.0,Droite,2017,présidentielle
35,136,Janzé,5814,3179,2590,3224,45,9,14.0,Droite,2017,présidentielle
35,136,Janzé,5814,3179,2590,3224,45,10,44.0,Droite,2017,présidentielle
35,136,Janzé,5814,3179,2590,3224,45,11,226.0,Extrême Droite,2017,présidentielle
35,141,Landavran,500,277,219,281,4,0,4.0,Extrême Gauche,2017,présidentielle
35,141,Landavran,500,277,219,281,4,1,30.0,Gauche,2017,présidentielle
35,141,Landavran,500,277,219,281,4,2,9.0,Gauche,2017,présidentielle
35,141,Landavran,500,277,219,281,4,3,2.0,Écologie,2017,présidentielle
35,141,Landavran,500,277,219,281,4,4,10.0,Écologie,2017,présidentielle
35,141,Landavran,500,277,219,281,4,5,1.0,Divers,2017,présidentielle
35,141,Landavran,500,277,219,281,4,6,3.0,Régionalisme,2017,présidentielle
35,141,Landavran,500,277,219,281,4,7,93.0,Centre,2017,présidentielle
35,141,Landavran,500,277,219,281,4,8,93.0,Droite,2017,présidentielle
35,141,Landavran,500,277,219,281,4,9,1.0,Droite,2017,présidentielle
35,141,Landavran,500,277,219,281,4,10,2.0,Droite,2017,présidentielle
35,141,Landavran,500,277,219,281,4,11,29.0,Extrême Droite,2017,présidentielle
35,161,Louvigné-de-Bais,1355,656,682,673,17,0,8.0,Extrême Gauche,2017,présidentielle
35,161,Louvigné-de-Bais,1355,656,682,673,17,1,55.0,Gauche,2017,présidentielle
35,161,Louvigné-de-Bais,1355,656,682,673,17,2,20.0,Gauche,2017,présidentielle
35,161,Louvigné-de-Bais,1355,656,682,673,17,3,7.0,Écologie,2017,présidentielle
35,161,Louvigné-de-Bais,1355,656,682,673,17,4,13.0,Écologie,2017,présidentielle
35,161,Louvigné-de-Bais,1355,656,682,673,17,5,1.0,Divers,2017,présidentielle
35,161,Louvigné-de-Bais,1355,656,682,673,17,6,3.0,Régionalisme,2017,présidentielle
35,161,Louvigné-de-Bais,1355,656,682,673,17,7,253.0,Centre,2017,présidentielle
35,161,Louvigné-de-Bais,1355,656,682,673,17,8,232.0,Droite,2017,présidentielle
35,161,Louvigné-de-Bais,1355,656,682,673,17,9,3.0,Droite,2017,présidentielle
35,161,Louvigné-de-Bais,1355,656,682,673,17,10,5.0,Droite,2017,présidentielle
35,161,Louvigné-de-Bais,1355,656,682,673,17,11,56.0,Extrême Droite,2017,présidentielle
35,165,Marcillé-Robert,645,323,316,329,6,0,1.0,Extrême Gauche,2017,présidentielle
35,165,Marcillé-Robert,645,323,316,329,6,1,35.0,Gauche,2017,présidentielle
35,165,Marcillé-Robert,645,323,316,329,6,2,11.0,Gauche,2017,présidentielle
35,165,Marcillé-Robert,645,323,316,329,6,3,2.0,Écologie,2017,présidentielle
35,165,Marcillé-Robert,645,323,316,329,6,4,16.0,Écologie,2017,présidentielle
35,165,Marcillé-Robert,645,323,316,329,6,5,1.0,Divers,2017,présidentielle
35,165,Marcillé-Robert,645,323,316,329,6,6,4.0,Régionalisme,2017,présidentielle
35,165,Marcillé-Robert,645,323,316,329,6,7,98.0,Centre,2017,présidentielle
35,165,Marcillé-Robert,645,323,316,329,6,8,118.0,Droite,2017,présidentielle
35,165,Marcillé-Robert,645,323,316,329,6,9,0.0,Droite,2017,présidentielle
35,165,Marcillé-Robert,645,323,316,329,6,10,3.0,Droite,2017,présidentielle
35,165,Marcillé-Robert,645,323,316,329,6,11,34.0,Extrême Droite,2017,présidentielle
35,166,Marpiré,806,390,405,401,11,0,5.0,Extrême Gauche,2017,présidentielle
35,166,Marpiré,806,390,405,401,11,1,50.0,Gauche,2017,présidentielle
35,166,Marpiré,806,390,405,401,11,2,20.0,Gauche,2017,présidentielle
35,166,Marpiré,806,390,405,401,11,3,1.0,Écologie,2017,présidentielle
35,166,Marpiré,806,390,405,401,11,4,16.0,Écologie,2017,présidentielle
35,166,Marpiré,806,390,405,401,11,5,5.0,Divers,2017,présidentielle
35,166,Marpiré,806,390,405,401,11,6,3.0,Régionalisme,2017,présidentielle
35,166,Marpiré,806,390,405,401,11,7,121.0,Centre,2017,présidentielle
35,166,Marpiré,806,390,405,401,11,8,121.0,Droite,2017,présidentielle
35,166,Marpiré,806,390,405,401,11,9,4.0,Droite,2017,présidentielle
35,166,Marpiré,806,390,405,401,11,10,3.0,Droite,2017,présidentielle
35,166,Marpiré,806,390,405,401,11,11,41.0,Extrême Droite,2017,présidentielle
35,167,Martigné-Ferchaud,1947,922,1008,939,17,0,7.0,Extrême Gauche,2017,présidentielle
35,167,Martigné-Ferchaud,1947,922,1008,939,17,1,77.0,Gauche,2017,présidentielle
35,167,Martigné-Ferchaud,1947,922,1008,939,17,2,26.0,Gauche,2017,présidentielle
35,167,Martigné-Ferchaud,1947,922,1008,939,17,3,6.0,Écologie,2017,présidentielle
35,167,Martigné-Ferchaud,1947,922,1008,939,17,4,23.0,Écologie,2017,présidentielle
35,167,Martigné-Ferchaud,1947,922,1008,939,17,5,2.0,Divers,2017,présidentielle
35,167,Martigné-Ferchaud,1947,922,1008,939,17,6,2.0,Régionalisme,2017,présidentielle
35,167,Martigné-Ferchaud,1947,922,1008,939,17,7,323.0,Centre,2017,présidentielle
35,167,Martigné-Ferchaud,1947,922,1008,939,17,8,355.0,Droite,2017,présidentielle
35,167,Martigné-Ferchaud,1947,922,1008,939,17,9,5.0,Droite,2017,présidentielle
35,167,Martigné-Ferchaud,1947,922,1008,939,17,10,8.0,Droite,2017,présidentielle
35,167,Martigné-Ferchaud,1947,922,1008,939,17,11,88.0,Extrême Droite,2017,présidentielle
35,170,Mecé,457,225,230,227,2,0,5.0,Extrême Gauche,2017,présidentielle
35,170,Mecé,457,225,230,227,2,1,31.0,Gauche,2017,présidentielle
35,170,Mecé,457,225,230,227,2,2,10.0,Gauche,2017,présidentielle
35,170,Mecé,457,225,230,227,2,3,5.0,Écologie,2017,présidentielle
35,170,Mecé,457,225,230,227,2,4,5.0,Écologie,2017,présidentielle
35,170,Mecé,457,225,230,227,2,5,0.0,Divers,2017,présidentielle
35,170,Mecé,457,225,230,227,2,6,3.0,Régionalisme,2017,présidentielle
35,170,Mecé,457,225,230,227,2,7,59.0,Centre,2017,présidentielle
35,170,Mecé,457,225,230,227,2,8,68.0,Droite,2017,présidentielle
35,170,Mecé,457,225,230,227,2,9,3.0,Droite,2017,présidentielle
35,170,Mecé,457,225,230,227,2,10,5.0,Droite,2017,présidentielle
35,170,Mecé,457,225,230,227,2,11,31.0,Extrême Droite,2017,présidentielle
35,183,Mondevert,591,277,305,286,9,0,6.0,Extrême Gauche,2017,présidentielle
35,183,Mondevert,591,277,305,286,9,1,20.0,Gauche,2017,présidentielle
35,183,Mondevert,591,277,305,286,9,2,7.0,Gauche,2017,présidentielle
35,183,Mondevert,591,277,305,286,9,3,1.0,Écologie,2017,présidentielle
35,183,Mondevert,591,277,305,286,9,4,6.0,Écologie,2017,présidentielle
35,183,Mondevert,591,277,305,286,9,5,0.0,Divers,2017,présidentielle
35,183,Mondevert,591,277,305,286,9,6,2.0,Régionalisme,2017,présidentielle
35,183,Mondevert,591,277,305,286,9,7,114.0,Centre,2017,présidentielle
35,183,Mondevert,591,277,305,286,9,8,96.0,Droite,2017,présidentielle
35,183,Mondevert,591,277,305,286,9,9,0.0,Droite,2017,présidentielle
35,183,Mondevert,591,277,305,286,9,10,3.0,Droite,2017,présidentielle
35,183,Mondevert,591,277,305,286,9,11,22.0,Extrême Droite,2017,présidentielle
35,185,Montautour,188,97,88,100,3,0,2.0,Extrême Gauche,2017,présidentielle
35,185,Montautour,188,97,88,100,3,1,7.0,Gauche,2017,présidentielle
35,185,Montautour,188,97,88,100,3,2,2.0,Gauche,2017,présidentielle
35,185,Montautour,188,97,88,100,3,3,0.0,Écologie,2017,présidentielle
35,185,Montautour,188,97,88,100,3,4,3.0,Écologie,2017,présidentielle
35,185,Montautour,188,97,88,100,3,5,0.0,Divers,2017,présidentielle
35,185,Montautour,188,97,88,100,3,6,0.0,Régionalisme,2017,présidentielle
35,185,Montautour,188,97,88,100,3,7,28.0,Centre,2017,présidentielle
35,185,Montautour,188,97,88,100,3,8,42.0,Droite,2017,présidentielle
35,185,Montautour,188,97,88,100,3,9,1.0,Droite,2017,présidentielle
35,185,Montautour,188,97,88,100,3,10,3.0,Droite,2017,présidentielle
35,185,Montautour,188,97,88,100,3,11,9.0,Extrême Droite,2017,présidentielle
35,192,Montreuil-des-Landes,178,104,72,106,2,0,4.0,Extrême Gauche,2017,présidentielle
35,192,Montreuil-des-Landes,178,104,72,106,2,1,14.0,Gauche,2017,présidentielle
35,192,Montreuil-des-Landes,178,104,72,106,2,2,3.0,Gauche,2017,présidentielle
35,192,Montreuil-des-Landes,178,104,72,106,2,3,0.0,Écologie,2017,présidentielle
35,192,Montreuil-des-Landes,178,104,72,106,2,4,3.0,Écologie,2017,présidentielle
35,192,Montreuil-des-Landes,178,104,72,106,2,5,0.0,Divers,2017,présidentielle
35,192,Montreuil-des-Landes,178,104,72,106,2,6,0.0,Régionalisme,2017,présidentielle
35,192,Montreuil-des-Landes,178,104,72,106,2,7,28.0,Centre,2017,présidentielle
35,192,Montreuil-des-Landes,178,104,72,106,2,8,39.0,Droite,2017,présidentielle
35,192,Montreuil-des-Landes,178,104,72,106,2,9,0.0,Droite,2017,présidentielle
35,192,Montreuil-des-Landes,178,104,72,106,2,10,1.0,Droite,2017,présidentielle
35,192,Montreuil-des-Landes,178,104,72,106,2,11,12.0,Extrême Droite,2017,présidentielle
35,194,Montreuil-sous-Pérouse,871,485,381,490,5,0,3.0,Extrême Gauche,2017,présidentielle
35,194,Montreuil-sous-Pérouse,871,485,381,490,5,1,58.0,Gauche,2017,présidentielle
35,194,Montreuil-sous-Pérouse,871,485,381,490,5,2,20.0,Gauche,2017,présidentielle
35,194,Montreuil-sous-Pérouse,871,485,381,490,5,3,1.0,Écologie,2017,présidentielle
35,194,Montreuil-sous-Pérouse,871,485,381,490,5,4,14.0,Écologie,2017,présidentielle
35,194,Montreuil-sous-Pérouse,871,485,381,490,5,5,1.0,Divers,2017,présidentielle
35,194,Montreuil-sous-Pérouse,871,485,381,490,5,6,0.0,Régionalisme,2017,présidentielle
35,194,Montreuil-sous-Pérouse,871,485,381,490,5,7,217.0,Centre,2017,présidentielle
35,194,Montreuil-sous-Pérouse,871,485,381,490,5,8,150.0,Droite,2017,présidentielle
35,194,Montreuil-sous-Pérouse,871,485,381,490,5,9,0.0,Droite,2017,présidentielle
35,194,Montreuil-sous-Pérouse,871,485,381,490,5,10,4.0,Droite,2017,présidentielle
35,194,Montreuil-sous-Pérouse,871,485,381,490,5,11,17.0,Extrême Droite,2017,présidentielle
35,198,Moulins,536,256,277,259,3,0,1.0,Extrême Gauche,2017,présidentielle
35,198,Moulins,536,256,277,259,3,1,32.0,Gauche,2017,présidentielle
35,198,Moulins,536,256,277,259,3,2,24.0,Gauche,2017,présidentielle
35,198,Moulins,536,256,277,259,3,3,0.0,Écologie,2017,présidentielle
35,198,Moulins,536,256,277,259,3,4,11.0,Écologie,2017,présidentielle
35,198,Moulins,536,256,277,259,3,5,1.0,Divers,2017,présidentielle
35,198,Moulins,536,256,277,259,3,6,1.0,Régionalisme,2017,présidentielle
35,198,Moulins,536,256,277,259,3,7,103.0,Centre,2017,présidentielle
35,198,Moulins,536,256,277,259,3,8,68.0,Droite,2017,présidentielle
35,198,Moulins,536,256,277,259,3,9,1.0,Droite,2017,présidentielle
35,198,Moulins,536,256,277,259,3,10,2.0,Droite,2017,présidentielle
35,198,Moulins,536,256,277,259,3,11,12.0,Extrême Droite,2017,présidentielle
35,199,Moussé,218,113,99,119,6,0,0.0,Extrême Gauche,2017,présidentielle
35,199,Moussé,218,113,99,119,6,1,8.0,Gauche,2017,présidentielle
35,199,Moussé,218,113,99,119,6,2,4.0,Gauche,2017,présidentielle
35,199,Moussé,218,113,99,119,6,3,0.0,Écologie,2017,présidentielle
35,199,Moussé,218,113,99,119,6,4,2.0,Écologie,2017,présidentielle
35,199,Moussé,218,113,99,119,6,5,0.0,Divers,2017,présidentielle
35,199,Moussé,218,113,99,119,6,6,0.0,Régionalisme,2017,présidentielle
35,199,Moussé,218,113,99,119,6,7,37.0,Centre,2017,présidentielle
35,199,Moussé,218,113,99,119,6,8,51.0,Droite,2017,présidentielle
35,199,Moussé,218,113,99,119,6,9,2.0,Droite,2017,présidentielle
35,199,Moussé,218,113,99,119,6,10,1.0,Droite,2017,présidentielle
35,199,Moussé,218,113,99,119,6,11,8.0,Extrême Droite,2017,présidentielle
35,200,Moutiers,597,303,281,316,13,0,4.0,Extrême Gauche,2017,présidentielle
35,200,Moutiers,597,303,281,316,13,1,18.0,Gauche,2017,présidentielle
35,200,Moutiers,597,303,281,316,13,2,4.0,Gauche,2017,présidentielle
35,200,Moutiers,597,303,281,316,13,3,4.0,Écologie,2017,présidentielle
35,200,Moutiers,597,303,281,316,13,4,6.0,Écologie,2017,présidentielle
35,200,Moutiers,597,303,281,316,13,5,0.0,Divers,2017,présidentielle
35,200,Moutiers,597,303,281,316,13,6,0.0,Régionalisme,2017,présidentielle
35,200,Moutiers,597,303,281,316,13,7,84.0,Centre,2017,présidentielle
35,200,Moutiers,597,303,281,316,13,8,160.0,Droite,2017,présidentielle
35,200,Moutiers,597,303,281,316,13,9,4.0,Droite,2017,présidentielle
35,200,Moutiers,597,303,281,316,13,10,0.0,Droite,2017,présidentielle
35,200,Moutiers,597,303,281,316,13,11,19.0,Extrême Droite,2017,présidentielle
35,204,Nouvoitou,2393,1290,1084,1309,19,0,6.0,Extrême Gauche,2017,présidentielle
35,204,Nouvoitou,2393,1290,1084,1309,19,1,184.0,Gauche,2017,présidentielle
35,204,Nouvoitou,2393,1290,1084,1309,19,2,153.0,Gauche,2017,présidentielle
35,204,Nouvoitou,2393,1290,1084,1309,19,3,9.0,Écologie,2017,présidentielle
35,204,Nouvoitou,2393,1290,1084,1309,19,4,75.0,Écologie,2017,présidentielle
35,204,Nouvoitou,2393,1290,1084,1309,19,5,1.0,Divers,2017,présidentielle
35,204,Nouvoitou,2393,1290,1084,1309,19,6,9.0,Régionalisme,2017,présidentielle
35,204,Nouvoitou,2393,1290,1084,1309,19,7,556.0,Centre,2017,présidentielle
35,204,Nouvoitou,2393,1290,1084,1309,19,8,188.0,Droite,2017,présidentielle
35,204,Nouvoitou,2393,1290,1084,1309,19,9,6.0,Droite,2017,présidentielle
35,204,Nouvoitou,2393,1290,1084,1309,19,10,18.0,Droite,2017,présidentielle
35,204,Nouvoitou,2393,1290,1084,1309,19,11,85.0,Extrême Droite,2017,présidentielle
35,207,Noyal-sur-Vilaine,4494,2654,1811,2683,29,0,20.0,Extrême Gauche,2017,présidentielle
35,207,Noyal-sur-Vilaine,4494,2654,1811,2683,29,1,265.0,Gauche,2017,présidentielle
35,207,Noyal-sur-Vilaine,4494,2654,1811,2683,29,2,370.0,Gauche,2017,présidentielle
35,207,Noyal-sur-Vilaine,4494,2654,1811,2683,29,3,6.0,Écologie,2017,présidentielle
35,207,Noyal-sur-Vilaine,4494,2654,1811,2683,29,4,138.0,Écologie,2017,présidentielle
35,207,Noyal-sur-Vilaine,4494,2654,1811,2683,29,5,9.0,Divers,2017,présidentielle
35,207,Noyal-sur-Vilaine,4494,2654,1811,2683,29,6,13.0,Régionalisme,2017,présidentielle
35,207,Noyal-sur-Vilaine,4494,2654,1811,2683,29,7,1214.0,Centre,2017,présidentielle
35,207,Noyal-sur-Vilaine,4494,2654,1811,2683,29,8,476.0,Droite,2017,présidentielle
35,207,Noyal-sur-Vilaine,4494,2654,1811,2683,29,9,15.0,Droite,2017,présidentielle
35,207,Noyal-sur-Vilaine,4494,2654,1811,2683,29,10,23.0,Droite,2017,présidentielle
35,207,Noyal-sur-Vilaine,4494,2654,1811,2683,29,11,105.0,Extrême Droite,2017,présidentielle
35,217,Le Pertre,1010,547,453,557,10,0,5.0,Extrême Gauche,2017,présidentielle
35,217,Le Pertre,1010,547,453,557,10,1,22.0,Gauche,2017,présidentielle
35,217,Le Pertre,1010,547,453,557,10,2,10.0,Gauche,2017,présidentielle
35,217,Le Pertre,1010,547,453,557,10,3,1.0,Écologie,2017,présidentielle
35,217,Le Pertre,1010,547,453,557,10,4,9.0,Écologie,2017,présidentielle
35,217,Le Pertre,1010,547,453,557,10,5,3.0,Divers,2017,présidentielle
35,217,Le Pertre,1010,547,453,557,10,6,4.0,Régionalisme,2017,présidentielle
35,217,Le Pertre,1010,547,453,557,10,7,248.0,Centre,2017,présidentielle
35,217,Le Pertre,1010,547,453,557,10,8,200.0,Droite,2017,présidentielle
35,217,Le Pertre,1010,547,453,557,10,9,0.0,Droite,2017,présidentielle
35,217,Le Pertre,1010,547,453,557,10,10,14.0,Droite,2017,présidentielle
35,217,Le Pertre,1010,547,453,557,10,11,31.0,Extrême Droite,2017,présidentielle
35,220,Piré-sur-Seiche,1801,1024,759,1042,18,0,8.0,Extrême Gauche,2017,présidentielle
35,220,Piré-sur-Seiche,1801,1024,759,1042,18,1,144.0,Gauche,2017,présidentielle
35,220,Piré-sur-Seiche,1801,1024,759,1042,18,2,47.0,Gauche,2017,présidentielle
35,220,Piré-sur-Seiche,1801,1024,759,1042,18,3,9.0,Écologie,2017,présidentielle
35,220,Piré-sur-Seiche,1801,1024,759,1042,18,4,42.0,Écologie,2017,présidentielle
35,220,Piré-sur-Seiche,1801,1024,759,1042,18,5,5.0,Divers,2017,présidentielle
35,220,Piré-sur-Seiche,1801,1024,759,1042,18,6,4.0,Régionalisme,2017,présidentielle
35,220,Piré-sur-Seiche,1801,1024,759,1042,18,7,420.0,Centre,2017,présidentielle
35,220,Piré-sur-Seiche,1801,1024,759,1042,18,8,246.0,Droite,2017,présidentielle
35,220,Piré-sur-Seiche,1801,1024,759,1042,18,9,5.0,Droite,2017,présidentielle
35,220,Piré-sur-Seiche,1801,1024,759,1042,18,10,24.0,Droite,2017,présidentielle
35,220,Piré-sur-Seiche,1801,1024,759,1042,18,11,70.0,Extrême Droite,2017,présidentielle
35,229,Pocé-les-Bois,923,540,373,550,10,0,4.0,Extrême Gauche,2017,présidentielle
35,229,Pocé-les-Bois,923,540,373,550,10,1,55.0,Gauche,2017,présidentielle
35,229,Pocé-les-Bois,923,540,373,550,10,2,19.0,Gauche,2017,présidentielle
35,229,Pocé-les-Bois,923,540,373,550,10,3,6.0,Écologie,2017,présidentielle
35,229,Pocé-les-Bois,923,540,373,550,10,4,26.0,Écologie,2017,présidentielle
35,229,Pocé-les-Bois,923,540,373,550,10,5,1.0,Divers,2017,présidentielle
35,229,Pocé-les-Bois,923,540,373,550,10,6,6.0,Régionalisme,2017,présidentielle
35,229,Pocé-les-Bois,923,540,373,550,10,7,205.0,Centre,2017,présidentielle
35,229,Pocé-les-Bois,923,540,373,550,10,8,189.0,Droite,2017,présidentielle
35,229,Pocé-les-Bois,923,540,373,550,10,9,2.0,Droite,2017,présidentielle
35,229,Pocé-les-Bois,923,540,373,550,10,10,4.0,Droite,2017,présidentielle
35,229,Pocé-les-Bois,923,540,373,550,10,11,23.0,Extrême Droite,2017,présidentielle
35,232,Princé,260,142,111,149,7,0,3.0,Extrême Gauche,2017,présidentielle
35,232,Princé,260,142,111,149,7,1,7.0,Gauche,2017,présidentielle
35,232,Princé,260,142,111,149,7,2,2.0,Gauche,2017,présidentielle
35,232,Princé,260,142,111,149,7,3,0.0,Écologie,2017,présidentielle
35,232,Princé,260,142,111,149,7,4,4.0,Écologie,2017,présidentielle
35,232,Princé,260,142,111,149,7,5,0.0,Divers,2017,présidentielle
35,232,Princé,260,142,111,149,7,6,1.0,Régionalisme,2017,présidentielle
35,232,Princé,260,142,111,149,7,7,38.0,Centre,2017,présidentielle
35,232,Princé,260,142,111,149,7,8,67.0,Droite,2017,présidentielle
35,232,Princé,260,142,111,149,7,9,0.0,Droite,2017,présidentielle
35,232,Princé,260,142,111,149,7,10,1.0,Droite,2017,présidentielle
35,232,Princé,260,142,111,149,7,11,19.0,Extrême Droite,2017,présidentielle
35,235,Rannée,838,455,373,465,10,0,8.0,Extrême Gauche,2017,présidentielle
35,235,Rannée,838,455,373,465,10,1,40.0,Gauche,2017,présidentielle
35,235,Rannée,838,455,373,465,10,2,12.0,Gauche,2017,présidentielle
35,235,Rannée,838,455,373,465,10,3,2.0,Écologie,2017,présidentielle
35,235,Rannée,838,455,373,465,10,4,9.0,Écologie,2017,présidentielle
35,235,Rannée,838,455,373,465,10,5,2.0,Divers,2017,présidentielle
35,235,Rannée,838,455,373,465,10,6,2.0,Régionalisme,2017,présidentielle
35,235,Rannée,838,455,373,465,10,7,134.0,Centre,2017,présidentielle
35,235,Rannée,838,455,373,465,10,8,210.0,Droite,2017,présidentielle
35,235,Rannée,838,455,373,465,10,9,2.0,Droite,2017,présidentielle
35,235,Rannée,838,455,373,465,10,10,5.0,Droite,2017,présidentielle
35,235,Rannée,838,455,373,465,10,11,29.0,Extrême Droite,2017,présidentielle
35,239,Retiers,3022,1553,1441,1581,28,0,21.0,Extrême Gauche,2017,présidentielle
35,239,Retiers,3022,1553,1441,1581,28,1,137.0,Gauche,2017,présidentielle
35,239,Retiers,3022,1553,1441,1581,28,2,50.0,Gauche,2017,présidentielle
35,239,Retiers,3022,1553,1441,1581,28,3,6.0,Écologie,2017,présidentielle
35,239,Retiers,3022,1553,1441,1581,28,4,43.0,Écologie,2017,présidentielle
35,239,Retiers,3022,1553,1441,1581,28,5,3.0,Divers,2017,présidentielle
35,239,Retiers,3022,1553,1441,1581,28,6,6.0,Régionalisme,2017,présidentielle
35,239,Retiers,3022,1553,1441,1581,28,7,649.0,Centre,2017,présidentielle
35,239,Retiers,3022,1553,1441,1581,28,8,480.0,Droite,2017,présidentielle
35,239,Retiers,3022,1553,1441,1581,28,9,6.0,Droite,2017,présidentielle
35,239,Retiers,3022,1553,1441,1581,28,10,22.0,Droite,2017,présidentielle
35,239,Retiers,3022,1553,1441,1581,28,11,130.0,Extrême Droite,2017,présidentielle
35,250,Saint-Armel,1356,811,529,827,16,0,8.0,Extrême Gauche,2017,présidentielle
35,250,Saint-Armel,1356,811,529,827,16,1,152.0,Gauche,2017,présidentielle
35,250,Saint-Armel,1356,811,529,827,16,2,63.0,Gauche,2017,présidentielle
35,250,Saint-Armel,1356,811,529,827,16,3,6.0,Écologie,2017,présidentielle
35,250,Saint-Armel,1356,811,529,827,16,4,39.0,Écologie,2017,présidentielle
35,250,Saint-Armel,1356,811,529,827,16,5,3.0,Divers,2017,présidentielle
35,250,Saint-Armel,1356,811,529,827,16,6,6.0,Régionalisme,2017,présidentielle
35,250,Saint-Armel,1356,811,529,827,16,7,359.0,Centre,2017,présidentielle
35,250,Saint-Armel,1356,811,529,827,16,8,111.0,Droite,2017,présidentielle
35,250,Saint-Armel,1356,811,529,827,16,9,1.0,Droite,2017,présidentielle
35,250,Saint-Armel,1356,811,529,827,16,10,16.0,Droite,2017,présidentielle
35,250,Saint-Armel,1356,811,529,827,16,11,47.0,Extrême Droite,2017,présidentielle
35,252,Saint-Aubin-des-Landes,737,403,329,408,5,0,4.0,Extrême Gauche,2017,présidentielle
35,252,Saint-Aubin-des-Landes,737,403,329,408,5,1,28.0,Gauche,2017,présidentielle
35,252,Saint-Aubin-des-Landes,737,403,329,408,5,2,14.0,Gauche,2017,présidentielle
35,252,Saint-Aubin-des-Landes,737,403,329,408,5,3,7.0,Écologie,2017,présidentielle
35,252,Saint-Aubin-des-Landes,737,403,329,408,5,4,8.0,Écologie,2017,présidentielle
35,252,Saint-Aubin-des-Landes,737,403,329,408,5,5,1.0,Divers,2017,présidentielle
35,252,Saint-Aubin-des-Landes,737,403,329,408,5,6,3.0,Régionalisme,2017,présidentielle
35,252,Saint-Aubin-des-Landes,737,403,329,408,5,7,148.0,Centre,2017,présidentielle
35,252,Saint-Aubin-des-Landes,737,403,329,408,5,8,159.0,Droite,2017,présidentielle
35,252,Saint-Aubin-des-Landes,737,403,329,408,5,9,1.0,Droite,2017,présidentielle
35,252,Saint-Aubin-des-Landes,737,403,329,408,5,10,3.0,Droite,2017,présidentielle
35,252,Saint-Aubin-des-Landes,737,403,329,408,5,11,27.0,Extrême Droite,2017,présidentielle
35,260,Saint-Christophe-des-Bois,409,229,171,238,9,0,6.0,Extrême Gauche,2017,présidentielle
35,260,Saint-Christophe-des-Bois,409,229,171,238,9,1,17.0,Gauche,2017,présidentielle
35,260,Saint-Christophe-des-Bois,409,229,171,238,9,2,3.0,Gauche,2017,présidentielle
35,260,Saint-Christophe-des-Bois,409,229,171,238,9,3,2.0,Écologie,2017,présidentielle
35,260,Saint-Christophe-des-Bois,409,229,171,238,9,4,13.0,Écologie,2017,présidentielle
35,260,Saint-Christophe-des-Bois,409,229,171,238,9,5,0.0,Divers,2017,présidentielle
35,260,Saint-Christophe-des-Bois,409,229,171,238,9,6,2.0,Régionalisme,2017,présidentielle
35,260,Saint-Christophe-des-Bois,409,229,171,238,9,7,71.0,Centre,2017,présidentielle
35,260,Saint-Christophe-des-Bois,409,229,171,238,9,8,83.0,Droite,2017,présidentielle
35,260,Saint-Christophe-des-Bois,409,229,171,238,9,9,3.0,Droite,2017,présidentielle
35,260,Saint-Christophe-des-Bois,409,229,171,238,9,10,2.0,Droite,2017,présidentielle
35,260,Saint-Christophe-des-Bois,409,229,171,238,9,11,27.0,Extrême Droite,2017,présidentielle
35,262,Sainte-Colombe,234,123,110,124,1,0,2.0,Extrême Gauche,2017,présidentielle
35,262,Sainte-Colombe,234,123,110,124,1,1,14.0,Gauche,2017,présidentielle
35,262,Sainte-Colombe,234,123,110,124,1,2,6.0,Gauche,2017,présidentielle
35,262,Sainte-Colombe,234,123,110,124,1,3,0.0,Écologie,2017,présidentielle
35,262,Sainte-Colombe,234,123,110,124,1,4,4.0,Écologie,2017,présidentielle
35,262,Sainte-Colombe,234,123,110,124,1,5,2.0,Divers,2017,présidentielle
35,262,Sainte-Colombe,234,123,110,124,1,6,1.0,Régionalisme,2017,présidentielle
35,262,Sainte-Colombe,234,123,110,124,1,7,43.0,Centre,2017,présidentielle
35,262,Sainte-Colombe,234,123,110,124,1,8,41.0,Droite,2017,présidentielle
35,262,Sainte-Colombe,234,123,110,124,1,9,1.0,Droite,2017,présidentielle
35,262,Sainte-Colombe,234,123,110,124,1,10,3.0,Droite,2017,présidentielle
35,262,Sainte-Colombe,234,123,110,124,1,11,6.0,Extrême Droite,2017,présidentielle
35,264,Saint-Didier,1397,788,596,801,13,0,7.0,Extrême Gauche,2017,présidentielle
35,264,Saint-Didier,1397,788,596,801,13,1,68.0,Gauche,2017,présidentielle
35,264,Saint-Didier,1397,788,596,801,13,2,50.0,Gauche,2017,présidentielle
35,264,Saint-Didier,1397,788,596,801,13,3,10.0,Écologie,2017,présidentielle
35,264,Saint-Didier,1397,788,596,801,13,4,34.0,Écologie,2017,présidentielle
35,264,Saint-Didier,1397,788,596,801,13,5,1.0,Divers,2017,présidentielle
35,264,Saint-Didier,1397,788,596,801,13,6,4.0,Régionalisme,2017,présidentielle
35,264,Saint-Didier,1397,788,596,801,13,7,331.0,Centre,2017,présidentielle
35,264,Saint-Didier,1397,788,596,801,13,8,215.0,Droite,2017,présidentielle
35,264,Saint-Didier,1397,788,596,801,13,9,4.0,Droite,2017,présidentielle
35,264,Saint-Didier,1397,788,596,801,13,10,9.0,Droite,2017,présidentielle
35,264,Saint-Didier,1397,788,596,801,13,11,55.0,Extrême Droite,2017,présidentielle
35,272,Saint-Germain-du-Pinel,665,320,342,323,3,0,3.0,Extrême Gauche,2017,présidentielle
35,272,Saint-Germain-du-Pinel,665,320,342,323,3,1,22.0,Gauche,2017,présidentielle
35,272,Saint-Germain-du-Pinel,665,320,342,323,3,2,9.0,Gauche,2017,présidentielle
35,272,Saint-Germain-du-Pinel,665,320,342,323,3,3,1.0,Écologie,2017,présidentielle
35,272,Saint-Germain-du-Pinel,665,320,342,323,3,4,7.0,Écologie,2017,présidentielle
35,272,Saint-Germain-du-Pinel,665,320,342,323,3,5,0.0,Divers,2017,présidentielle
35,272,Saint-Germain-du-Pinel,665,320,342,323,3,6,0.0,Régionalisme,2017,présidentielle
35,272,Saint-Germain-du-Pinel,665,320,342,323,3,7,118.0,Centre,2017,présidentielle
35,272,Saint-Germain-du-Pinel,665,320,342,323,3,8,138.0,Droite,2017,présidentielle
35,272,Saint-Germain-du-Pinel,665,320,342,323,3,9,1.0,Droite,2017,présidentielle
35,272,Saint-Germain-du-Pinel,665,320,342,323,3,10,2.0,Droite,2017,présidentielle
35,272,Saint-Germain-du-Pinel,665,320,342,323,3,11,19.0,Extrême Droite,2017,présidentielle
35,283,Saint-Jean-sur-Vilaine,929,542,382,547,5,0,4.0,Extrême Gauche,2017,présidentielle
35,283,Saint-Jean-sur-Vilaine,929,542,382,547,5,1,65.0,Gauche,2017,présidentielle
35,283,Saint-Jean-sur-Vilaine,929,542,382,547,5,2,26.0,Gauche,2017,présidentielle
35,283,Saint-Jean-sur-Vilaine,929,542,382,547,5,3,5.0,Écologie,2017,présidentielle
35,283,Saint-Jean-sur-Vilaine,929,542,382,547,5,4,14.0,Écologie,2017,présidentielle
35,283,Saint-Jean-sur-Vilaine,929,542,382,547,5,5,4.0,Divers,2017,présidentielle
35,283,Saint-Jean-sur-Vilaine,929,542,382,547,5,6,2.0,Régionalisme,2017,présidentielle
35,283,Saint-Jean-sur-Vilaine,929,542,382,547,5,7,214.0,Centre,2017,présidentielle
35,283,Saint-Jean-sur-Vilaine,929,542,382,547,5,8,157.0,Droite,2017,présidentielle
35,283,Saint-Jean-sur-Vilaine,929,542,382,547,5,9,5.0,Droite,2017,présidentielle
35,283,Saint-Jean-sur-Vilaine,929,542,382,547,5,10,11.0,Droite,2017,présidentielle
35,283,Saint-Jean-sur-Vilaine,929,542,382,547,5,11,35.0,Extrême Droite,2017,présidentielle
35,300,Saint-M'Hervé,1024,521,490,534,13,0,8.0,Extrême Gauche,2017,présidentielle
35,300,Saint-M'Hervé,1024,521,490,534,13,1,27.0,Gauche,2017,présidentielle
35,300,Saint-M'Hervé,1024,521,490,534,13,2,13.0,Gauche,2017,présidentielle
35,300,Saint-M'Hervé,1024,521,490,534,13,3,4.0,Écologie,2017,présidentielle
35,300,Saint-M'Hervé,1024,521,490,534,13,4,16.0,Écologie,2017,présidentielle
35,300,Saint-M'Hervé,1024,521,490,534,13,5,1.0,Divers,2017,présidentielle
35,300,Saint-M'Hervé,1024,521,490,534,13,6,2.0,Régionalisme,2017,présidentielle
35,300,Saint-M'Hervé,1024,521,490,534,13,7,154.0,Centre,2017,présidentielle
35,300,Saint-M'Hervé,1024,521,490,534,13,8,255.0,Droite,2017,présidentielle
35,300,Saint-M'Hervé,1024,521,490,534,13,9,1.0,Droite,2017,présidentielle
35,300,Saint-M'Hervé,1024,521,490,534,13,10,4.0,Droite,2017,présidentielle
35,300,Saint-M'Hervé,1024,521,490,534,13,11,36.0,Extrême Droite,2017,présidentielle
35,325,La Selle-Guerchaise,124,55,68,56,1,0,0.0,Extrême Gauche,2017,présidentielle
35,325,La Selle-Guerchaise,124,55,68,56,1,1,1.0,Gauche,2017,présidentielle
35,325,La Selle-Guerchaise,124,55,68,56,1,2,1.0,Gauche,2017,présidentielle
35,325,La Selle-Guerchaise,124,55,68,56,1,3,0.0,Écologie,2017,présidentielle
35,325,La Selle-Guerchaise,124,55,68,56,1,4,0.0,Écologie,2017,présidentielle
35,325,La Selle-Guerchaise,124,55,68,56,1,5,1.0,Divers,2017,présidentielle
35,325,La Selle-Guerchaise,124,55,68,56,1,6,1.0,Régionalisme,2017,présidentielle
35,325,La Selle-Guerchaise,124,55,68,56,1,7,21.0,Centre,2017,présidentielle
35,325,La Selle-Guerchaise,124,55,68,56,1,8,24.0,Droite,2017,présidentielle
35,325,La Selle-Guerchaise,124,55,68,56,1,9,1.0,Droite,2017,présidentielle
35,325,La Selle-Guerchaise,124,55,68,56,1,10,2.0,Droite,2017,présidentielle
35,325,La Selle-Guerchaise,124,55,68,56,1,11,3.0,Extrême Droite,2017,présidentielle
35,327,Servon-sur-Vilaine,2852,1656,1171,1681,25,0,12.0,Extrême Gauche,2017,présidentielle
35,327,Servon-sur-Vilaine,2852,1656,1171,1681,25,1,240.0,Gauche,2017,présidentielle
35,327,Servon-sur-Vilaine,2852,1656,1171,1681,25,2,149.0,Gauche,2017,présidentielle
35,327,Servon-sur-Vilaine,2852,1656,1171,1681,25,3,11.0,Écologie,2017,présidentielle
35,327,Servon-sur-Vilaine,2852,1656,1171,1681,25,4,69.0,Écologie,2017,présidentielle
35,327,Servon-sur-Vilaine,2852,1656,1171,1681,25,5,10.0,Divers,2017,présidentielle
35,327,Servon-sur-Vilaine,2852,1656,1171,1681,25,6,13.0,Régionalisme,2017,présidentielle
35,327,Servon-sur-Vilaine,2852,1656,1171,1681,25,7,735.0,Centre,2017,présidentielle
35,327,Servon-sur-Vilaine,2852,1656,1171,1681,25,8,299.0,Droite,2017,présidentielle
35,327,Servon-sur-Vilaine,2852,1656,1171,1681,25,9,7.0,Droite,2017,présidentielle
35,327,Servon-sur-Vilaine,2852,1656,1171,1681,25,10,19.0,Droite,2017,présidentielle
35,327,Servon-sur-Vilaine,2852,1656,1171,1681,25,11,92.0,Extrême Droite,2017,présidentielle
35,330,Taillis,670,399,269,401,2,0,5.0,Extrême Gauche,2017,présidentielle
35,330,Taillis,670,399,269,401,2,1,38.0,Gauche,2017,présidentielle
35,330,Taillis,670,399,269,401,2,2,19.0,Gauche,2017,présidentielle
35,330,Taillis,670,399,269,401,2,3,3.0,Écologie,2017,présidentielle
35,330,Taillis,670,399,269,401,2,4,13.0,Écologie,2017,présidentielle
35,330,Taillis,670,399,269,401,2,5,2.0,Divers,2017,présidentielle
35,330,Taillis,670,399,269,401,2,6,2.0,Régionalisme,2017,présidentielle
35,330,Taillis,670,399,269,401,2,7,157.0,Centre,2017,présidentielle
35,330,Taillis,670,399,269,401,2,8,119.0,Droite,2017,présidentielle
35,330,Taillis,670,399,269,401,2,9,3.0,Droite,2017,présidentielle
35,330,Taillis,670,399,269,401,2,10,4.0,Droite,2017,présidentielle
35,330,Taillis,670,399,269,401,2,11,34.0,Extrême Droite,2017,présidentielle
35,333,Le Theil-de-Bretagne,1175,591,572,603,12,0,8.0,Extrême Gauche,2017,présidentielle
35,333,Le Theil-de-Bretagne,1175,591,572,603,12,1,68.0,Gauche,2017,présidentielle
35,333,Le Theil-de-Bretagne,1175,591,572,603,12,2,24.0,Gauche,2017,présidentielle
35,333,Le Theil-de-Bretagne,1175,591,572,603,12,3,5.0,Écologie,2017,présidentielle
35,333,Le Theil-de-Bretagne,1175,591,572,603,12,4,22.0,Écologie,2017,présidentielle
35,333,Le Theil-de-Bretagne,1175,591,572,603,12,5,0.0,Divers,2017,présidentielle
35,333,Le Theil-de-Bretagne,1175,591,572,603,12,6,7.0,Régionalisme,2017,présidentielle
35,333,Le Theil-de-Bretagne,1175,591,572,603,12,7,213.0,Centre,2017,présidentielle
35,333,Le Theil-de-Bretagne,1175,591,572,603,12,8,174.0,Droite,2017,présidentielle
35,333,Le Theil-de-Bretagne,1175,591,572,603,12,9,0.0,Droite,2017,présidentielle
35,333,Le Theil-de-Bretagne,1175,591,572,603,12,10,13.0,Droite,2017,présidentielle
35,333,Le Theil-de-Bretagne,1175,591,572,603,12,11,57.0,Extrême Droite,2017,présidentielle
35,335,Thourie,545,294,246,299,5,0,6.0,Extrême Gauche,2017,présidentielle
35,335,Thourie,545,294,246,299,5,1,49.0,Gauche,2017,présidentielle
35,335,Thourie,545,294,246,299,5,2,10.0,Gauche,2017,présidentielle
35,335,Thourie,545,294,246,299,5,3,1.0,Écologie,2017,présidentielle
35,335,Thourie,545,294,246,299,5,4,21.0,Écologie,2017,présidentielle
35,335,Thourie,545,294,246,299,5,5,1.0,Divers,2017,présidentielle
35,335,Thourie,545,294,246,299,5,6,2.0,Régionalisme,2017,présidentielle
35,335,Thourie,545,294,246,299,5,7,93.0,Centre,2017,présidentielle
35,335,Thourie,545,294,246,299,5,8,73.0,Droite,2017,présidentielle
35,335,Thourie,545,294,246,299,5,9,1.0,Droite,2017,présidentielle
35,335,Thourie,545,294,246,299,5,10,5.0,Droite,2017,présidentielle
35,335,Thourie,545,294,246,299,5,11,32.0,Extrême Droite,2017,présidentielle
35,338,Torcé,846,465,376,470,5,0,6.0,Extrême Gauche,2017,présidentielle
35,338,Torcé,846,465,376,470,5,1,57.0,Gauche,2017,présidentielle
35,338,Torcé,846,465,376,470,5,2,10.0,Gauche,2017,présidentielle
35,338,Torcé,846,465,376,470,5,3,3.0,Écologie,2017,présidentielle
35,338,Torcé,846,465,376,470,5,4,9.0,Écologie,2017,présidentielle
35,338,Torcé,846,465,376,470,5,5,0.0,Divers,2017,présidentielle
35,338,Torcé,846,465,376,470,5,6,1.0,Régionalisme,2017,présidentielle
35,338,Torcé,846,465,376,470,5,7,160.0,Centre,2017,présidentielle
35,338,Torcé,846,465,376,470,5,8,180.0,Droite,2017,présidentielle
35,338,Torcé,846,465,376,470,5,9,3.0,Droite,2017,présidentielle
35,338,Torcé,846,465,376,470,5,10,9.0,Droite,2017,présidentielle
35,338,Torcé,846,465,376,470,5,11,27.0,Extrême Droite,2017,présidentielle
35,347,Val-d'Izé,1869,1031,822,1047,16,0,10.0,Extrême Gauche,2017,présidentielle
35,347,Val-d'Izé,1869,1031,822,1047,16,1,80.0,Gauche,2017,présidentielle
35,347,Val-d'Izé,1869,1031,822,1047,16,2,29.0,Gauche,2017,présidentielle
35,347,Val-d'Izé,1869,1031,822,1047,16,3,4.0,Écologie,2017,présidentielle
35,347,Val-d'Izé,1869,1031,822,1047,16,4,24.0,Écologie,2017,présidentielle
35,347,Val-d'Izé,1869,1031,822,1047,16,5,5.0,Divers,2017,présidentielle
35,347,Val-d'Izé,1869,1031,822,1047,16,6,6.0,Régionalisme,2017,présidentielle
35,347,Val-d'Izé,1869,1031,822,1047,16,7,418.0,Centre,2017,présidentielle
35,347,Val-d'Izé,1869,1031,822,1047,16,8,377.0,Droite,2017,présidentielle
35,347,Val-d'Izé,1869,1031,822,1047,16,9,2.0,Droite,2017,présidentielle
35,347,Val-d'Izé,1869,1031,822,1047,16,10,7.0,Droite,2017,présidentielle
35,347,Val-d'Izé,1869,1031,822,1047,16,11,69.0,Extrême Droite,2017,présidentielle
35,350,Vergéal,575,314,256,319,5,0,4.0,Extrême Gauche,2017,présidentielle
35,350,Vergéal,575,314,256,319,5,1,23.0,Gauche,2017,présidentielle
35,350,Vergéal,575,314,256,319,5,2,9.0,Gauche,2017,présidentielle
35,350,Vergéal,575,314,256,319,5,3,1.0,Écologie,2017,présidentielle
35,350,Vergéal,575,314,256,319,5,4,10.0,Écologie,2017,présidentielle
35,350,Vergéal,575,314,256,319,5,5,2.0,Divers,2017,présidentielle
35,350,Vergéal,575,314,256,319,5,6,4.0,Régionalisme,2017,présidentielle
35,350,Vergéal,575,314,256,319,5,7,107.0,Centre,2017,présidentielle
35,350,Vergéal,575,314,256,319,5,8,123.0,Droite,2017,présidentielle
35,350,Vergéal,575,314,256,319,5,9,4.0,Droite,2017,présidentielle
35,350,Vergéal,575,314,256,319,5,10,1.0,Droite,2017,présidentielle
35,350,Vergéal,575,314,256,319,5,11,26.0,Extrême Droite,2017,présidentielle
35,359,Visseiche,587,262,322,265,3,0,4.0,Extrême Gauche,2017,présidentielle
35,359,Visseiche,587,262,322,265,3,1,22.0,Gauche,2017,présidentielle
35,359,Visseiche,587,262,322,265,3,2,2.0,Gauche,2017,présidentielle
35,359,Visseiche,587,262,322,265,3,3,2.0,Écologie,2017,présidentielle
35,359,Visseiche,587,262,322,265,3,4,9.0,Écologie,2017,présidentielle
35,359,Visseiche,587,262,322,265,3,5,1.0,Divers,2017,présidentielle
35,359,Visseiche,587,262,322,265,3,6,0.0,Régionalisme,2017,présidentielle
35,359,Visseiche,587,262,322,265,3,7,92.0,Centre,2017,présidentielle
35,359,Visseiche,587,262,322,265,3,8,89.0,Droite,2017,présidentielle
35,359,Visseiche,587,262,322,265,3,9,4.0,Droite,2017,présidentielle
35,359,Visseiche,587,262,322,265,3,10,5.0,Droite,2017,présidentielle
35,359,Visseiche,587,262,322,265,3,11,32.0,Extrême Droite,2017,présidentielle
35,360,Vitré,13291,7396,5795,7496,100,0,46.0,Extrême Gauche,2017,présidentielle
35,360,Vitré,13291,7396,5795,7496,100,1,576.0,Gauche,2017,présidentielle
35,360,Vitré,13291,7396,5795,7496,100,2,368.0,Gauche,2017,présidentielle
35,360,Vitré,13291,7396,5795,7496,100,3,40.0,Écologie,2017,présidentielle
35,360,Vitré,13291,7396,5795,7496,100,4,238.0,Écologie,2017,présidentielle
35,360,Vitré,13291,7396,5795,7496,100,5,21.0,Divers,2017,présidentielle
35,360,Vitré,13291,7396,5795,7496,100,6,32.0,Régionalisme,2017,présidentielle
35,360,Vitré,13291,7396,5795,7496,100,7,3030.0,Centre,2017,présidentielle
35,360,Vitré,13291,7396,5795,7496,100,8,2631.0,Droite,2017,présidentielle
35,360,Vitré,13291,7396,5795,7496,100,9,43.0,Droite,2017,présidentielle
35,360,Vitré,13291,7396,5795,7496,100,10,38.0,Droite,2017,présidentielle
35,360,Vitré,13291,7396,5795,7496,100,11,333.0,Extrême Droite,2017,présidentielle
35,3,Andouillé-Neuville,591,337,250,341,4,0,2.0,Extrême Gauche,2017,présidentielle
35,3,Andouillé-Neuville,591,337,250,341,4,1,26.0,Gauche,2017,présidentielle
35,3,Andouillé-Neuville,591,337,250,341,4,2,44.0,Gauche,2017,présidentielle
35,3,Andouillé-Neuville,591,337,250,341,4,3,4.0,Écologie,2017,présidentielle
35,3,Andouillé-Neuville,591,337,250,341,4,4,2.0,Divers,2017,présidentielle
35,3,Andouillé-Neuville,591,337,250,341,4,5,0.0,Divers,2017,présidentielle
35,3,Andouillé-Neuville,591,337,250,341,4,6,2.0,Régionalisme,2017,présidentielle
35,3,Andouillé-Neuville,591,337,250,341,4,7,127.0,Centre,2017,présidentielle
35,3,Andouillé-Neuville,591,337,250,341,4,8,97.0,Droite,2017,présidentielle
35,3,Andouillé-Neuville,591,337,250,341,4,9,0.0,Droite,2017,présidentielle
35,3,Andouillé-Neuville,591,337,250,341,4,10,33.0,Extrême Droite,2017,présidentielle
35,4,Antrain,928,509,415,513,4,0,5.0,Extrême Gauche,2017,présidentielle
35,4,Antrain,928,509,415,513,4,1,23.0,Gauche,2017,présidentielle
35,4,Antrain,928,509,415,513,4,2,29.0,Gauche,2017,présidentielle
35,4,Antrain,928,509,415,513,4,3,4.0,Écologie,2017,présidentielle
35,4,Antrain,928,509,415,513,4,4,3.0,Divers,2017,présidentielle
35,4,Antrain,928,509,415,513,4,5,0.0,Divers,2017,présidentielle
35,4,Antrain,928,509,415,513,4,6,3.0,Régionalisme,2017,présidentielle
35,4,Antrain,928,509,415,513,4,7,152.0,Centre,2017,présidentielle
35,4,Antrain,928,509,415,513,4,8,206.0,Droite,2017,présidentielle
35,4,Antrain,928,509,415,513,4,9,7.0,Droite,2017,présidentielle
35,4,Antrain,928,509,415,513,4,10,77.0,Extrême Droite,2017,présidentielle
35,7,Aubigné,285,175,107,178,3,0,2.0,Extrême Gauche,2017,présidentielle
35,7,Aubigné,285,175,107,178,3,1,17.0,Gauche,2017,présidentielle
35,7,Aubigné,285,175,107,178,3,2,23.0,Gauche,2017,présidentielle
35,7,Aubigné,285,175,107,178,3,3,6.0,Écologie,2017,présidentielle
35,7,Aubigné,285,175,107,178,3,4,1.0,Divers,2017,présidentielle
35,7,Aubigné,285,175,107,178,3,5,0.0,Divers,2017,présidentielle
35,7,Aubigné,285,175,107,178,3,6,4.0,Régionalisme,2017,présidentielle
35,7,Aubigné,285,175,107,178,3,7,65.0,Centre,2017,présidentielle
35,7,Aubigné,285,175,107,178,3,8,45.0,Droite,2017,présidentielle
35,7,Aubigné,285,175,107,178,3,9,0.0,Droite,2017,présidentielle
35,7,Aubigné,285,175,107,178,3,10,12.0,Extrême Droite,2017,présidentielle
35,11,Baillé,224,142,78,146,4,0,1.0,Extrême Gauche,2017,présidentielle
35,11,Baillé,224,142,78,146,4,1,13.0,Gauche,2017,présidentielle
35,11,Baillé,224,142,78,146,4,2,16.0,Gauche,2017,présidentielle
35,11,Baillé,224,142,78,146,4,3,0.0,Écologie,2017,présidentielle
35,11,Baillé,224,142,78,146,4,4,0.0,Divers,2017,présidentielle
35,11,Baillé,224,142,78,146,4,5,0.0,Divers,2017,présidentielle
35,11,Baillé,224,142,78,146,4,6,0.0,Régionalisme,2017,présidentielle
35,11,Baillé,224,142,78,146,4,7,32.0,Centre,2017,présidentielle
35,11,Baillé,224,142,78,146,4,8,49.0,Droite,2017,présidentielle
35,11,Baillé,224,142,78,146,4,9,1.0,Droite,2017,présidentielle
35,11,Baillé,224,142,78,146,4,10,30.0,Extrême Droite,2017,présidentielle
35,18,La Bazouge-du-Désert,854,439,402,452,13,0,4.0,Extrême Gauche,2017,présidentielle
35,18,La Bazouge-du-Désert,854,439,402,452,13,1,18.0,Gauche,2017,présidentielle
35,18,La Bazouge-du-Désert,854,439,402,452,13,2,31.0,Gauche,2017,présidentielle
35,18,La Bazouge-du-Désert,854,439,402,452,13,3,23.0,Écologie,2017,présidentielle
35,18,La Bazouge-du-Désert,854,439,402,452,13,4,4.0,Divers,2017,présidentielle
35,18,La Bazouge-du-Désert,854,439,402,452,13,5,0.0,Divers,2017,présidentielle
35,18,La Bazouge-du-Désert,854,439,402,452,13,6,4.0,Régionalisme,2017,présidentielle
35,18,La Bazouge-du-Désert,854,439,402,452,13,7,72.0,Centre,2017,présidentielle
35,18,La Bazouge-du-Désert,854,439,402,452,13,8,231.0,Droite,2017,présidentielle
35,18,La Bazouge-du-Désert,854,439,402,452,13,9,0.0,Droite,2017,présidentielle
35,18,La Bazouge-du-Désert,854,439,402,452,13,10,52.0,Extrême Droite,2017,présidentielle
35,19,Bazouges-la-Pérouse,1356,747,593,763,16,0,4.0,Extrême Gauche,2017,présidentielle
35,19,Bazouges-la-Pérouse,1356,747,593,763,16,1,50.0,Gauche,2017,présidentielle
35,19,Bazouges-la-Pérouse,1356,747,593,763,16,2,74.0,Gauche,2017,présidentielle
35,19,Bazouges-la-Pérouse,1356,747,593,763,16,3,9.0,Écologie,2017,présidentielle
35,19,Bazouges-la-Pérouse,1356,747,593,763,16,4,14.0,Divers,2017,présidentielle
35,19,Bazouges-la-Pérouse,1356,747,593,763,16,5,0.0,Divers,2017,présidentielle
35,19,Bazouges-la-Pérouse,1356,747,593,763,16,6,8.0,Régionalisme,2017,présidentielle
35,19,Bazouges-la-Pérouse,1356,747,593,763,16,7,226.0,Centre,2017,présidentielle
35,19,Bazouges-la-Pérouse,1356,747,593,763,16,8,275.0,Droite,2017,présidentielle
35,19,Bazouges-la-Pérouse,1356,747,593,763,16,9,9.0,Droite,2017,présidentielle
35,19,Bazouges-la-Pérouse,1356,747,593,763,16,10,78.0,Extrême Droite,2017,présidentielle
35,21,Beaucé,1009,564,432,577,13,0,4.0,Extrême Gauche,2017,présidentielle
35,21,Beaucé,1009,564,432,577,13,1,30.0,Gauche,2017,présidentielle
35,21,Beaucé,1009,564,432,577,13,2,45.0,Gauche,2017,présidentielle
35,21,Beaucé,1009,564,432,577,13,3,5.0,Écologie,2017,présidentielle
35,21,Beaucé,1009,564,432,577,13,4,4.0,Divers,2017,présidentielle
35,21,Beaucé,1009,564,432,577,13,5,0.0,Divers,2017,présidentielle
35,21,Beaucé,1009,564,432,577,13,6,2.0,Régionalisme,2017,présidentielle
35,21,Beaucé,1009,564,432,577,13,7,188.0,Centre,2017,présidentielle
35,21,Beaucé,1009,564,432,577,13,8,224.0,Droite,2017,présidentielle
35,21,Beaucé,1009,564,432,577,13,9,0.0,Droite,2017,présidentielle
35,21,Beaucé,1009,564,432,577,13,10,62.0,Extrême Droite,2017,présidentielle
35,25,Billé,762,378,381,381,3,0,4.0,Extrême Gauche,2017,présidentielle
35,25,Billé,762,378,381,381,3,1,21.0,Gauche,2017,présidentielle
35,25,Billé,762,378,381,381,3,2,28.0,Gauche,2017,présidentielle
35,25,Billé,762,378,381,381,3,3,3.0,Écologie,2017,présidentielle
35,25,Billé,762,378,381,381,3,4,2.0,Divers,2017,présidentielle
35,25,Billé,762,378,381,381,3,5,0.0,Divers,2017,présidentielle
35,25,Billé,762,378,381,381,3,6,3.0,Régionalisme,2017,présidentielle
35,25,Billé,762,378,381,381,3,7,100.0,Centre,2017,présidentielle
35,25,Billé,762,378,381,381,3,8,177.0,Droite,2017,présidentielle
35,25,Billé,762,378,381,381,3,9,2.0,Droite,2017,présidentielle
35,25,Billé,762,378,381,381,3,10,38.0,Extrême Droite,2017,présidentielle
35,34,La Boussac,903,435,464,439,4,0,8.0,Extrême Gauche,2017,présidentielle
35,34,La Boussac,903,435,464,439,4,1,39.0,Gauche,2017,présidentielle
35,34,La Boussac,903,435,464,439,4,2,60.0,Gauche,2017,présidentielle
35,34,La Boussac,903,435,464,439,4,3,10.0,Écologie,2017,présidentielle
35,34,La Boussac,903,435,464,439,4,4,2.0,Divers,2017,présidentielle
35,34,La Boussac,903,435,464,439,4,5,0.0,Divers,2017,présidentielle
35,34,La Boussac,903,435,464,439,4,6,6.0,Régionalisme,2017,présidentielle
35,34,La Boussac,903,435,464,439,4,7,134.0,Centre,2017,présidentielle
35,34,La Boussac,903,435,464,439,4,8,100.0,Droite,2017,présidentielle
35,34,La Boussac,903,435,464,439,4,9,2.0,Droite,2017,présidentielle
35,34,La Boussac,903,435,464,439,4,10,74.0,Extrême Droite,2017,présidentielle
35,44,Broualan,257,144,110,147,3,0,1.0,Extrême Gauche,2017,présidentielle
35,44,Broualan,257,144,110,147,3,1,15.0,Gauche,2017,présidentielle
35,44,Broualan,257,144,110,147,3,2,20.0,Gauche,2017,présidentielle
35,44,Broualan,257,144,110,147,3,3,1.0,Écologie,2017,présidentielle
35,44,Broualan,257,144,110,147,3,4,0.0,Divers,2017,présidentielle
35,44,Broualan,257,144,110,147,3,5,0.0,Divers,2017,présidentielle
35,44,Broualan,257,144,110,147,3,6,2.0,Régionalisme,2017,présidentielle
35,44,Broualan,257,144,110,147,3,7,44.0,Centre,2017,présidentielle
35,44,Broualan,257,144,110,147,3,8,42.0,Droite,2017,présidentielle
35,44,Broualan,257,144,110,147,3,9,0.0,Droite,2017,présidentielle
35,44,Broualan,257,144,110,147,3,10,19.0,Extrême Droite,2017,présidentielle
35,62,La Chapelle-Janson,1070,587,477,593,6,0,4.0,Extrême Gauche,2017,présidentielle
35,62,La Chapelle-Janson,1070,587,477,593,6,1,24.0,Gauche,2017,présidentielle
35,62,La Chapelle-Janson,1070,587,477,593,6,2,33.0,Gauche,2017,présidentielle
35,62,La Chapelle-Janson,1070,587,477,593,6,3,8.0,Écologie,2017,présidentielle
35,62,La Chapelle-Janson,1070,587,477,593,6,4,0.0,Divers,2017,présidentielle
35,62,La Chapelle-Janson,1070,587,477,593,6,5,0.0,Divers,2017,présidentielle
35,62,La Chapelle-Janson,1070,587,477,593,6,6,7.0,Régionalisme,2017,présidentielle
35,62,La Chapelle-Janson,1070,587,477,593,6,7,172.0,Centre,2017,présidentielle
35,62,La Chapelle-Janson,1070,587,477,593,6,8,288.0,Droite,2017,présidentielle
35,62,La Chapelle-Janson,1070,587,477,593,6,9,0.0,Droite,2017,présidentielle
35,62,La Chapelle-Janson,1070,587,477,593,6,10,51.0,Extrême Droite,2017,présidentielle
35,63,La Chapelle-Saint-Aubert,331,168,161,170,2,0,0.0,Extrême Gauche,2017,présidentielle
35,63,La Chapelle-Saint-Aubert,331,168,161,170,2,1,12.0,Gauche,2017,présidentielle
35,63,La Chapelle-Saint-Aubert,331,168,161,170,2,2,10.0,Gauche,2017,présidentielle
35,63,La Chapelle-Saint-Aubert,331,168,161,170,2,3,2.0,Écologie,2017,présidentielle
35,63,La Chapelle-Saint-Aubert,331,168,161,170,2,4,0.0,Divers,2017,présidentielle
35,63,La Chapelle-Saint-Aubert,331,168,161,170,2,5,0.0,Divers,2017,présidentielle
35,63,La Chapelle-Saint-Aubert,331,168,161,170,2,6,0.0,Régionalisme,2017,présidentielle
35,63,La Chapelle-Saint-Aubert,331,168,161,170,2,7,34.0,Centre,2017,présidentielle
35,63,La Chapelle-Saint-Aubert,331,168,161,170,2,8,80.0,Droite,2017,présidentielle
35,63,La Chapelle-Saint-Aubert,331,168,161,170,2,9,0.0,Droite,2017,présidentielle
35,63,La Chapelle-Saint-Aubert,331,168,161,170,2,10,30.0,Extrême Droite,2017,présidentielle
35,71,Le Châtellier,332,180,148,184,4,0,0.0,Extrême Gauche,2017,présidentielle
35,71,Le Châtellier,332,180,148,184,4,1,13.0,Gauche,2017,présidentielle
35,71,Le Châtellier,332,180,148,184,4,2,13.0,Gauche,2017,présidentielle
35,71,Le Châtellier,332,180,148,184,4,3,2.0,Écologie,2017,présidentielle
35,71,Le Châtellier,332,180,148,184,4,4,1.0,Divers,2017,présidentielle
35,71,Le Châtellier,332,180,148,184,4,5,0.0,Divers,2017,présidentielle
35,71,Le Châtellier,332,180,148,184,4,6,1.0,Régionalisme,2017,présidentielle
35,71,Le Châtellier,332,180,148,184,4,7,42.0,Centre,2017,présidentielle
35,71,Le Châtellier,332,180,148,184,4,8,94.0,Droite,2017,présidentielle
35,71,Le Châtellier,332,180,148,184,4,9,0.0,Droite,2017,présidentielle
35,71,Le Châtellier,332,180,148,184,4,10,14.0,Extrême Droite,2017,présidentielle
35,75,Chauvigné,565,331,230,335,4,0,2.0,Extrême Gauche,2017,présidentielle
35,75,Chauvigné,565,331,230,335,4,1,16.0,Gauche,2017,présidentielle
35,75,Chauvigné,565,331,230,335,4,2,34.0,Gauche,2017,présidentielle
35,75,Chauvigné,565,331,230,335,4,3,4.0,Écologie,2017,présidentielle
35,75,Chauvigné,565,331,230,335,4,4,2.0,Divers,2017,présidentielle
35,75,Chauvigné,565,331,230,335,4,5,0.0,Divers,2017,présidentielle
35,75,Chauvigné,565,331,230,335,4,6,7.0,Régionalisme,2017,présidentielle
35,75,Chauvigné,565,331,230,335,4,7,68.0,Centre,2017,présidentielle
35,75,Chauvigné,565,331,230,335,4,8,135.0,Droite,2017,présidentielle
35,75,Chauvigné,565,331,230,335,4,9,1.0,Droite,2017,présidentielle
35,75,Chauvigné,565,331,230,335,4,10,62.0,Extrême Droite,2017,présidentielle
35,79,Chevaigné,1700,1046,635,1065,19,0,16.0,Extrême Gauche,2017,présidentielle
35,79,Chevaigné,1700,1046,635,1065,19,1,136.0,Gauche,2017,présidentielle
35,79,Chevaigné,1700,1046,635,1065,19,2,146.0,Gauche,2017,présidentielle
35,79,Chevaigné,1700,1046,635,1065,19,3,15.0,Écologie,2017,présidentielle
35,79,Chevaigné,1700,1046,635,1065,19,4,6.0,Divers,2017,présidentielle
35,79,Chevaigné,1700,1046,635,1065,19,5,0.0,Divers,2017,présidentielle
35,79,Chevaigné,1700,1046,635,1065,19,6,9.0,Régionalisme,2017,présidentielle
35,79,Chevaigné,1700,1046,635,1065,19,7,504.0,Centre,2017,présidentielle
35,79,Chevaigné,1700,1046,635,1065,19,8,167.0,Droite,2017,présidentielle
35,79,Chevaigné,1700,1046,635,1065,19,9,4.0,Droite,2017,présidentielle
35,79,Chevaigné,1700,1046,635,1065,19,10,43.0,Extrême Droite,2017,présidentielle
35,86,Combourtillé,399,195,196,203,8,0,1.0,Extrême Gauche,2017,présidentielle
35,86,Combourtillé,399,195,196,203,8,1,14.0,Gauche,2017,présidentielle
35,86,Combourtillé,399,195,196,203,8,2,20.0,Gauche,2017,présidentielle
35,86,Combourtillé,399,195,196,203,8,3,3.0,Écologie,2017,présidentielle
35,86,Combourtillé,399,195,196,203,8,4,0.0,Divers,2017,présidentielle
35,86,Combourtillé,399,195,196,203,8,5,0.0,Divers,2017,présidentielle
35,86,Combourtillé,399,195,196,203,8,6,0.0,Régionalisme,2017,présidentielle
35,86,Combourtillé,399,195,196,203,8,7,35.0,Centre,2017,présidentielle
35,86,Combourtillé,399,195,196,203,8,8,107.0,Droite,2017,présidentielle
35,86,Combourtillé,399,195,196,203,8,9,1.0,Droite,2017,présidentielle
35,86,Combourtillé,399,195,196,203,8,10,14.0,Extrême Droite,2017,présidentielle
35,100,Dompierre-du-Chemin,370,209,156,214,5,0,4.0,Extrême Gauche,2017,présidentielle
35,100,Dompierre-du-Chemin,370,209,156,214,5,1,12.0,Gauche,2017,présidentielle
35,100,Dompierre-du-Chemin,370,209,156,214,5,2,22.0,Gauche,2017,présidentielle
35,100,Dompierre-du-Chemin,370,209,156,214,5,3,3.0,Écologie,2017,présidentielle
35,100,Dompierre-du-Chemin,370,209,156,214,5,4,1.0,Divers,2017,présidentielle
35,100,Dompierre-du-Chemin,370,209,156,214,5,5,0.0,Divers,2017,présidentielle
35,100,Dompierre-du-Chemin,370,209,156,214,5,6,0.0,Régionalisme,2017,présidentielle
35,100,Dompierre-du-Chemin,370,209,156,214,5,7,52.0,Centre,2017,présidentielle
35,100,Dompierre-du-Chemin,370,209,156,214,5,8,94.0,Droite,2017,présidentielle
35,100,Dompierre-du-Chemin,370,209,156,214,5,9,1.0,Droite,2017,présidentielle
35,100,Dompierre-du-Chemin,370,209,156,214,5,10,20.0,Extrême Droite,2017,présidentielle
35,110,Feins,719,330,376,343,13,0,0.0,Extrême Gauche,2017,présidentielle
35,110,Feins,719,330,376,343,13,1,36.0,Gauche,2017,présidentielle
35,110,Feins,719,330,376,343,13,2,63.0,Gauche,2017,présidentielle
35,110,Feins,719,330,376,343,13,3,8.0,Écologie,2017,présidentielle
35,110,Feins,719,330,376,343,13,4,3.0,Divers,2017,présidentielle
35,110,Feins,719,330,376,343,13,5,0.0,Divers,2017,présidentielle
35,110,Feins,719,330,376,343,13,6,7.0,Régionalisme,2017,présidentielle
35,110,Feins,719,330,376,343,13,7,114.0,Centre,2017,présidentielle
35,110,Feins,719,330,376,343,13,8,75.0,Droite,2017,présidentielle
35,110,Feins,719,330,376,343,13,9,2.0,Droite,2017,présidentielle
35,110,Feins,719,330,376,343,13,10,22.0,Extrême Droite,2017,présidentielle
35,111,Le Ferré,473,266,194,279,13,0,2.0,Extrême Gauche,2017,présidentielle
35,111,Le Ferré,473,266,194,279,13,1,12.0,Gauche,2017,présidentielle
35,111,Le Ferré,473,266,194,279,13,2,11.0,Gauche,2017,présidentielle
35,111,Le Ferré,473,266,194,279,13,3,5.0,Écologie,2017,présidentielle
35,111,Le Ferré,473,266,194,279,13,4,0.0,Divers,2017,présidentielle
35,111,Le Ferré,473,266,194,279,13,5,0.0,Divers,2017,présidentielle
35,111,Le Ferré,473,266,194,279,13,6,1.0,Régionalisme,2017,présidentielle
35,111,Le Ferré,473,266,194,279,13,7,59.0,Centre,2017,présidentielle
35,111,Le Ferré,473,266,194,279,13,8,129.0,Droite,2017,présidentielle
35,111,Le Ferré,473,266,194,279,13,9,8.0,Droite,2017,présidentielle
35,111,Le Ferré,473,266,194,279,13,10,39.0,Extrême Droite,2017,présidentielle
35,112,Fleurigné,795,424,363,432,8,0,7.0,Extrême Gauche,2017,présidentielle
35,112,Fleurigné,795,424,363,432,8,1,24.0,Gauche,2017,présidentielle
35,112,Fleurigné,795,424,363,432,8,2,17.0,Gauche,2017,présidentielle
35,112,Fleurigné,795,424,363,432,8,3,6.0,Écologie,2017,présidentielle
35,112,Fleurigné,795,424,363,432,8,4,0.0,Divers,2017,présidentielle
35,112,Fleurigné,795,424,363,432,8,5,0.0,Divers,2017,présidentielle
35,112,Fleurigné,795,424,363,432,8,6,6.0,Régionalisme,2017,présidentielle
35,112,Fleurigné,795,424,363,432,8,7,141.0,Centre,2017,présidentielle
35,112,Fleurigné,795,424,363,432,8,8,180.0,Droite,2017,présidentielle
35,112,Fleurigné,795,424,363,432,8,9,2.0,Droite,2017,présidentielle
35,112,Fleurigné,795,424,363,432,8,10,41.0,Extrême Droite,2017,présidentielle
35,113,La Fontenelle,402,249,149,253,4,0,2.0,Extrême Gauche,2017,présidentielle
35,113,La Fontenelle,402,249,149,253,4,1,8.0,Gauche,2017,présidentielle
35,113,La Fontenelle,402,249,149,253,4,2,25.0,Gauche,2017,présidentielle
35,113,La Fontenelle,402,249,149,253,4,3,3.0,Écologie,2017,présidentielle
35,113,La Fontenelle,402,249,149,253,4,4,0.0,Divers,2017,présidentielle
35,113,La Fontenelle,402,249,149,253,4,5,0.0,Divers,2017,présidentielle
35,113,La Fontenelle,402,249,149,253,4,6,1.0,Régionalisme,2017,présidentielle
35,113,La Fontenelle,402,249,149,253,4,7,57.0,Centre,2017,présidentielle
35,113,La Fontenelle,402,249,149,253,4,8,109.0,Droite,2017,présidentielle
35,113,La Fontenelle,402,249,149,253,4,9,1.0,Droite,2017,présidentielle
35,113,La Fontenelle,402,249,149,253,4,10,43.0,Extrême Droite,2017,présidentielle
35,115,Fougères,14013,7272,6635,7378,106,0,52.0,Extrême Gauche,2017,présidentielle
35,115,Fougères,14013,7272,6635,7378,106,1,638.0,Gauche,2017,présidentielle
35,115,Fougères,14013,7272,6635,7378,106,2,798.0,Gauche,2017,présidentielle
35,115,Fougères,14013,7272,6635,7378,106,3,83.0,Écologie,2017,présidentielle
35,115,Fougères,14013,7272,6635,7378,106,4,27.0,Divers,2017,présidentielle
35,115,Fougères,14013,7272,6635,7378,106,5,0.0,Divers,2017,présidentielle
35,115,Fougères,14013,7272,6635,7378,106,6,52.0,Régionalisme,2017,présidentielle
35,115,Fougères,14013,7272,6635,7378,106,7,2372.0,Centre,2017,présidentielle
35,115,Fougères,14013,7272,6635,7378,106,8,2355.0,Droite,2017,présidentielle
35,115,Fougères,14013,7272,6635,7378,106,9,69.0,Droite,2017,présidentielle
35,115,Fougères,14013,7272,6635,7378,106,10,826.0,Extrême Droite,2017,présidentielle
35,118,Gahard,1004,527,457,547,20,0,2.0,Extrême Gauche,2017,présidentielle
35,118,Gahard,1004,527,457,547,20,1,57.0,Gauche,2017,présidentielle
35,118,Gahard,1004,527,457,547,20,2,93.0,Gauche,2017,présidentielle
35,118,Gahard,1004,527,457,547,20,3,5.0,Écologie,2017,présidentielle
35,118,Gahard,1004,527,457,547,20,4,2.0,Divers,2017,présidentielle
35,118,Gahard,1004,527,457,547,20,5,0.0,Divers,2017,présidentielle
35,118,Gahard,1004,527,457,547,20,6,1.0,Régionalisme,2017,présidentielle
35,118,Gahard,1004,527,457,547,20,7,169.0,Centre,2017,présidentielle
35,118,Gahard,1004,527,457,547,20,8,141.0,Droite,2017,présidentielle
35,118,Gahard,1004,527,457,547,20,9,5.0,Droite,2017,présidentielle
35,118,Gahard,1004,527,457,547,20,10,52.0,Extrême Droite,2017,présidentielle
35,121,Gosné,1362,745,599,763,18,0,9.0,Extrême Gauche,2017,présidentielle
35,121,Gosné,1362,745,599,763,18,1,52.0,Gauche,2017,présidentielle
35,121,Gosné,1362,745,599,763,18,2,107.0,Gauche,2017,présidentielle
35,121,Gosné,1362,745,599,763,18,3,13.0,Écologie,2017,présidentielle
35,121,Gosné,1362,745,599,763,18,4,5.0,Divers,2017,présidentielle
35,121,Gosné,1362,745,599,763,18,5,0.0,Divers,2017,présidentielle
35,121,Gosné,1362,745,599,763,18,6,10.0,Régionalisme,2017,présidentielle
35,121,Gosné,1362,745,599,763,18,7,315.0,Centre,2017,présidentielle
35,121,Gosné,1362,745,599,763,18,8,161.0,Droite,2017,présidentielle
35,121,Gosné,1362,745,599,763,18,9,2.0,Droite,2017,présidentielle
35,121,Gosné,1362,745,599,763,18,10,71.0,Extrême Droite,2017,présidentielle
35,137,Javené,1610,861,735,875,14,0,0.0,Extrême Gauche,2017,présidentielle
35,137,Javené,1610,861,735,875,14,1,65.0,Gauche,2017,présidentielle
35,137,Javené,1610,861,735,875,14,2,74.0,Gauche,2017,présidentielle
35,137,Javené,1610,861,735,875,14,3,7.0,Écologie,2017,présidentielle
35,137,Javené,1610,861,735,875,14,4,4.0,Divers,2017,présidentielle
35,137,Javené,1610,861,735,875,14,5,0.0,Divers,2017,présidentielle
35,137,Javené,1610,861,735,875,14,6,1.0,Régionalisme,2017,présidentielle
35,137,Javené,1610,861,735,875,14,7,288.0,Centre,2017,présidentielle
35,137,Javené,1610,861,735,875,14,8,342.0,Droite,2017,présidentielle
35,137,Javené,1610,861,735,875,14,9,5.0,Droite,2017,présidentielle
35,137,Javené,1610,861,735,875,14,10,75.0,Extrême Droite,2017,présidentielle
35,138,Laignelet,839,457,375,464,7,0,6.0,Extrême Gauche,2017,présidentielle
35,138,Laignelet,839,457,375,464,7,1,38.0,Gauche,2017,présidentielle
35,138,Laignelet,839,457,375,464,7,2,33.0,Gauche,2017,présidentielle
35,138,Laignelet,839,457,375,464,7,3,6.0,Écologie,2017,présidentielle
35,138,Laignelet,839,457,375,464,7,4,1.0,Divers,2017,présidentielle
35,138,Laignelet,839,457,375,464,7,5,0.0,Divers,2017,présidentielle
35,138,Laignelet,839,457,375,464,7,6,3.0,Régionalisme,2017,présidentielle
35,138,Laignelet,839,457,375,464,7,7,143.0,Centre,2017,présidentielle
35,138,Laignelet,839,457,375,464,7,8,164.0,Droite,2017,présidentielle
35,138,Laignelet,839,457,375,464,7,9,3.0,Droite,2017,présidentielle
35,138,Laignelet,839,457,375,464,7,10,60.0,Extrême Droite,2017,présidentielle
35,142,Landéan,930,500,418,512,12,0,3.0,Extrême Gauche,2017,présidentielle
35,142,Landéan,930,500,418,512,12,1,12.0,Gauche,2017,présidentielle
35,142,Landéan,930,500,418,512,12,2,42.0,Gauche,2017,présidentielle
35,142,Landéan,930,500,418,512,12,3,19.0,Écologie,2017,présidentielle
35,142,Landéan,930,500,418,512,12,4,2.0,Divers,2017,présidentielle
35,142,Landéan,930,500,418,512,12,5,0.0,Divers,2017,présidentielle
35,142,Landéan,930,500,418,512,12,6,5.0,Régionalisme,2017,présidentielle
35,142,Landéan,930,500,418,512,12,7,160.0,Centre,2017,présidentielle
35,142,Landéan,930,500,418,512,12,8,179.0,Droite,2017,présidentielle
35,142,Landéan,930,500,418,512,12,9,4.0,Droite,2017,présidentielle
35,142,Landéan,930,500,418,512,12,10,74.0,Extrême Droite,2017,présidentielle
35,150,Lécousse,2797,1631,1151,1646,15,0,8.0,Extrême Gauche,2017,présidentielle
35,150,Lécousse,2797,1631,1151,1646,15,1,104.0,Gauche,2017,présidentielle
35,150,Lécousse,2797,1631,1151,1646,15,2,125.0,Gauche,2017,présidentielle
35,150,Lécousse,2797,1631,1151,1646,15,3,26.0,Écologie,2017,présidentielle
35,150,Lécousse,2797,1631,1151,1646,15,4,3.0,Divers,2017,présidentielle
35,150,Lécousse,2797,1631,1151,1646,15,5,0.0,Divers,2017,présidentielle
35,150,Lécousse,2797,1631,1151,1646,15,6,6.0,Régionalisme,2017,présidentielle
35,150,Lécousse,2797,1631,1151,1646,15,7,465.0,Centre,2017,présidentielle
35,150,Lécousse,2797,1631,1151,1646,15,8,768.0,Droite,2017,présidentielle
35,150,Lécousse,2797,1631,1151,1646,15,9,9.0,Droite,2017,présidentielle
35,150,Lécousse,2797,1631,1151,1646,15,10,117.0,Extrême Droite,2017,présidentielle
35,157,Le Loroux,434,233,193,241,8,0,0.0,Extrême Gauche,2017,présidentielle
35,157,Le Loroux,434,233,193,241,8,1,10.0,Gauche,2017,présidentielle
35,157,Le Loroux,434,233,193,241,8,2,18.0,Gauche,2017,présidentielle
35,157,Le Loroux,434,233,193,241,8,3,3.0,Écologie,2017,présidentielle
35,157,Le Loroux,434,233,193,241,8,4,0.0,Divers,2017,présidentielle
35,157,Le Loroux,434,233,193,241,8,5,0.0,Divers,2017,présidentielle
35,157,Le Loroux,434,233,193,241,8,6,1.0,Régionalisme,2017,présidentielle
35,157,Le Loroux,434,233,193,241,8,7,43.0,Centre,2017,présidentielle
35,157,Le Loroux,434,233,193,241,8,8,132.0,Droite,2017,présidentielle
35,157,Le Loroux,434,233,193,241,8,9,1.0,Droite,2017,présidentielle
35,157,Le Loroux,434,233,193,241,8,10,25.0,Extrême Droite,2017,présidentielle
35,162,Louvigné-du-Désert,2721,1371,1318,1403,32,0,12.0,Extrême Gauche,2017,présidentielle
35,162,Louvigné-du-Désert,2721,1371,1318,1403,32,1,46.0,Gauche,2017,présidentielle
35,162,Louvigné-du-Désert,2721,1371,1318,1403,32,2,78.0,Gauche,2017,présidentielle
35,162,Louvigné-du-Désert,2721,1371,1318,1403,32,3,20.0,Écologie,2017,présidentielle
35,162,Louvigné-du-Désert,2721,1371,1318,1403,32,4,11.0,Divers,2017,présidentielle
35,162,Louvigné-du-Désert,2721,1371,1318,1403,32,5,0.0,Divers,2017,présidentielle
35,162,Louvigné-du-Désert,2721,1371,1318,1403,32,6,9.0,Régionalisme,2017,présidentielle
35,162,Louvigné-du-Désert,2721,1371,1318,1403,32,7,344.0,Centre,2017,présidentielle
35,162,Louvigné-du-Désert,2721,1371,1318,1403,32,8,693.0,Droite,2017,présidentielle
35,162,Louvigné-du-Désert,2721,1371,1318,1403,32,9,7.0,Droite,2017,présidentielle
35,162,Louvigné-du-Désert,2721,1371,1318,1403,32,10,151.0,Extrême Droite,2017,présidentielle
35,163,Luitré,960,523,429,531,8,0,1.0,Extrême Gauche,2017,présidentielle
35,163,Luitré,960,523,429,531,8,1,17.0,Gauche,2017,présidentielle
35,163,Luitré,960,523,429,531,8,2,23.0,Gauche,2017,présidentielle
35,163,Luitré,960,523,429,531,8,3,12.0,Écologie,2017,présidentielle
35,163,Luitré,960,523,429,531,8,4,10.0,Divers,2017,présidentielle
35,163,Luitré,960,523,429,531,8,5,0.0,Divers,2017,présidentielle
35,163,Luitré,960,523,429,531,8,6,7.0,Régionalisme,2017,présidentielle
35,163,Luitré,960,523,429,531,8,7,125.0,Centre,2017,présidentielle
35,163,Luitré,960,523,429,531,8,8,278.0,Droite,2017,présidentielle
35,163,Luitré,960,523,429,531,8,9,5.0,Droite,2017,présidentielle
35,163,Luitré,960,523,429,531,8,10,45.0,Extrême Droite,2017,présidentielle
35,164,Marcillé-Raoul,558,284,267,291,7,0,4.0,Extrême Gauche,2017,présidentielle
35,164,Marcillé-Raoul,558,284,267,291,7,1,24.0,Gauche,2017,présidentielle
35,164,Marcillé-Raoul,558,284,267,291,7,2,17.0,Gauche,2017,présidentielle
35,164,Marcillé-Raoul,558,284,267,291,7,3,1.0,Écologie,2017,présidentielle
35,164,Marcillé-Raoul,558,284,267,291,7,4,4.0,Divers,2017,présidentielle
35,164,Marcillé-Raoul,558,284,267,291,7,5,0.0,Divers,2017,présidentielle
35,164,Marcillé-Raoul,558,284,267,291,7,6,3.0,Régionalisme,2017,présidentielle
35,164,Marcillé-Raoul,558,284,267,291,7,7,63.0,Centre,2017,présidentielle
35,164,Marcillé-Raoul,558,284,267,291,7,8,122.0,Droite,2017,présidentielle
35,164,Marcillé-Raoul,558,284,267,291,7,9,0.0,Droite,2017,présidentielle
35,164,Marcillé-Raoul,558,284,267,291,7,10,46.0,Extrême Droite,2017,présidentielle
35,173,Melesse,4773,2697,2017,2756,59,0,20.0,Extrême Gauche,2017,présidentielle
35,173,Melesse,4773,2697,2017,2756,59,1,314.0,Gauche,2017,présidentielle
35,173,Melesse,4773,2697,2017,2756,59,2,307.0,Gauche,2017,présidentielle
35,173,Melesse,4773,2697,2017,2756,59,3,34.0,Écologie,2017,présidentielle
35,173,Melesse,4773,2697,2017,2756,59,4,15.0,Divers,2017,présidentielle
35,173,Melesse,4773,2697,2017,2756,59,5,0.0,Divers,2017,présidentielle
35,173,Melesse,4773,2697,2017,2756,59,6,22.0,Régionalisme,2017,présidentielle
35,173,Melesse,4773,2697,2017,2756,59,7,1360.0,Centre,2017,présidentielle
35,173,Melesse,4773,2697,2017,2756,59,8,424.0,Droite,2017,présidentielle
35,173,Melesse,4773,2697,2017,2756,59,9,15.0,Droite,2017,présidentielle
35,173,Melesse,4773,2697,2017,2756,59,10,186.0,Extrême Droite,2017,présidentielle
35,174,Mellé,450,243,204,246,3,0,1.0,Extrême Gauche,2017,présidentielle
35,174,Mellé,450,243,204,246,3,1,16.0,Gauche,2017,présidentielle
35,174,Mellé,450,243,204,246,3,2,14.0,Gauche,2017,présidentielle
35,174,Mellé,450,243,204,246,3,3,3.0,Écologie,2017,présidentielle
35,174,Mellé,450,243,204,246,3,4,0.0,Divers,2017,présidentielle
35,174,Mellé,450,243,204,246,3,5,0.0,Divers,2017,présidentielle
35,174,Mellé,450,243,204,246,3,6,1.0,Régionalisme,2017,présidentielle
35,174,Mellé,450,243,204,246,3,7,51.0,Centre,2017,présidentielle
35,174,Mellé,450,243,204,246,3,8,118.0,Droite,2017,présidentielle
35,174,Mellé,450,243,204,246,3,9,1.0,Droite,2017,présidentielle
35,174,Mellé,450,243,204,246,3,10,38.0,Extrême Droite,2017,présidentielle
35,178,Mézières-sur-Couesnon,1125,569,544,581,12,0,6.0,Extrême Gauche,2017,présidentielle
35,178,Mézières-sur-Couesnon,1125,569,544,581,12,1,41.0,Gauche,2017,présidentielle
35,178,Mézières-sur-Couesnon,1125,569,544,581,12,2,71.0,Gauche,2017,présidentielle
35,178,Mézières-sur-Couesnon,1125,569,544,581,12,3,4.0,Écologie,2017,présidentielle
35,178,Mézières-sur-Couesnon,1125,569,544,581,12,4,2.0,Divers,2017,présidentielle
35,178,Mézières-sur-Couesnon,1125,569,544,581,12,5,0.0,Divers,2017,présidentielle
35,178,Mézières-sur-Couesnon,1125,569,544,581,12,6,7.0,Régionalisme,2017,présidentielle
35,178,Mézières-sur-Couesnon,1125,569,544,581,12,7,204.0,Centre,2017,présidentielle
35,178,Mézières-sur-Couesnon,1125,569,544,581,12,8,161.0,Droite,2017,présidentielle
35,178,Mézières-sur-Couesnon,1125,569,544,581,12,9,4.0,Droite,2017,présidentielle
35,178,Mézières-sur-Couesnon,1125,569,544,581,12,10,69.0,Extrême Droite,2017,présidentielle
35,190,Monthault,180,79,96,84,5,0,0.0,Extrême Gauche,2017,présidentielle
35,190,Monthault,180,79,96,84,5,1,6.0,Gauche,2017,présidentielle
35,190,Monthault,180,79,96,84,5,2,6.0,Gauche,2017,présidentielle
35,190,Monthault,180,79,96,84,5,3,1.0,Écologie,2017,présidentielle
35,190,Monthault,180,79,96,84,5,4,0.0,Divers,2017,présidentielle
35,190,Monthault,180,79,96,84,5,5,0.0,Divers,2017,présidentielle
35,190,Monthault,180,79,96,84,5,6,1.0,Régionalisme,2017,présidentielle
35,190,Monthault,180,79,96,84,5,7,15.0,Centre,2017,présidentielle
35,190,Monthault,180,79,96,84,5,8,33.0,Droite,2017,présidentielle
35,190,Monthault,180,79,96,84,5,9,1.0,Droite,2017,présidentielle
35,190,Monthault,180,79,96,84,5,10,16.0,Extrême Droite,2017,présidentielle
35,191,Les Portes du Coglais,1641,877,739,902,25,0,9.0,Extrême Gauche,2017,présidentielle
35,191,Les Portes du Coglais,1641,877,739,902,25,1,50.0,Gauche,2017,présidentielle
35,191,Les Portes du Coglais,1641,877,739,902,25,2,86.0,Gauche,2017,présidentielle
35,191,Les Portes du Coglais,1641,877,739,902,25,3,5.0,Écologie,2017,présidentielle
35,191,Les Portes du Coglais,1641,877,739,902,25,4,9.0,Divers,2017,présidentielle
35,191,Les Portes du Coglais,1641,877,739,902,25,5,0.0,Divers,2017,présidentielle
35,191,Les Portes du Coglais,1641,877,739,902,25,6,4.0,Régionalisme,2017,présidentielle
35,191,Les Portes du Coglais,1641,877,739,902,25,7,224.0,Centre,2017,présidentielle
35,191,Les Portes du Coglais,1641,877,739,902,25,8,358.0,Droite,2017,présidentielle
35,191,Les Portes du Coglais,1641,877,739,902,25,9,6.0,Droite,2017,présidentielle
35,191,Les Portes du Coglais,1641,877,739,902,25,10,126.0,Extrême Droite,2017,présidentielle
35,193,Montreuil-le-Gast,1420,807,588,832,25,0,4.0,Extrême Gauche,2017,présidentielle
35,193,Montreuil-le-Gast,1420,807,588,832,25,1,89.0,Gauche,2017,présidentielle
35,193,Montreuil-le-Gast,1420,807,588,832,25,2,108.0,Gauche,2017,présidentielle
35,193,Montreuil-le-Gast,1420,807,588,832,25,3,12.0,Écologie,2017,présidentielle
35,193,Montreuil-le-Gast,1420,807,588,832,25,4,3.0,Divers,2017,présidentielle
35,193,Montreuil-le-Gast,1420,807,588,832,25,5,0.0,Divers,2017,présidentielle
35,193,Montreuil-le-Gast,1420,807,588,832,25,6,11.0,Régionalisme,2017,présidentielle
35,193,Montreuil-le-Gast,1420,807,588,832,25,7,419.0,Centre,2017,présidentielle
35,193,Montreuil-le-Gast,1420,807,588,832,25,8,96.0,Droite,2017,présidentielle
35,193,Montreuil-le-Gast,1420,807,588,832,25,9,3.0,Droite,2017,présidentielle
35,193,Montreuil-le-Gast,1420,807,588,832,25,10,62.0,Extrême Droite,2017,présidentielle
35,195,Montreuil-sur-Ille,1582,883,683,899,16,0,19.0,Extrême Gauche,2017,présidentielle
35,195,Montreuil-sur-Ille,1582,883,683,899,16,1,125.0,Gauche,2017,présidentielle
35,195,Montreuil-sur-Ille,1582,883,683,899,16,2,183.0,Gauche,2017,présidentielle
35,195,Montreuil-sur-Ille,1582,883,683,899,16,3,9.0,Écologie,2017,présidentielle
35,195,Montreuil-sur-Ille,1582,883,683,899,16,4,4.0,Divers,2017,présidentielle
35,195,Montreuil-sur-Ille,1582,883,683,899,16,5,0.0,Divers,2017,présidentielle
35,195,Montreuil-sur-Ille,1582,883,683,899,16,6,6.0,Régionalisme,2017,présidentielle
35,195,Montreuil-sur-Ille,1582,883,683,899,16,7,327.0,Centre,2017,présidentielle
35,195,Montreuil-sur-Ille,1582,883,683,899,16,8,108.0,Droite,2017,présidentielle
35,195,Montreuil-sur-Ille,1582,883,683,899,16,9,4.0,Droite,2017,présidentielle
35,195,Montreuil-sur-Ille,1582,883,683,899,16,10,98.0,Extrême Droite,2017,présidentielle
35,197,Mouazé,1024,562,454,570,8,0,3.0,Extrême Gauche,2017,présidentielle
35,197,Mouazé,1024,562,454,570,8,1,65.0,Gauche,2017,présidentielle
35,197,Mouazé,1024,562,454,570,8,2,77.0,Gauche,2017,présidentielle
35,197,Mouazé,1024,562,454,570,8,3,10.0,Écologie,2017,présidentielle
35,197,Mouazé,1024,562,454,570,8,4,8.0,Divers,2017,présidentielle
35,197,Mouazé,1024,562,454,570,8,5,0.0,Divers,2017,présidentielle
35,197,Mouazé,1024,562,454,570,8,6,6.0,Régionalisme,2017,présidentielle
35,197,Mouazé,1024,562,454,570,8,7,250.0,Centre,2017,présidentielle
35,197,Mouazé,1024,562,454,570,8,8,84.0,Droite,2017,présidentielle
35,197,Mouazé,1024,562,454,570,8,9,3.0,Droite,2017,présidentielle
35,197,Mouazé,1024,562,454,570,8,10,56.0,Extrême Droite,2017,présidentielle
35,205,Noyal-sous-Bazouges,288,168,113,175,7,0,3.0,Extrême Gauche,2017,présidentielle
35,205,Noyal-sous-Bazouges,288,168,113,175,7,1,18.0,Gauche,2017,présidentielle
35,205,Noyal-sous-Bazouges,288,168,113,175,7,2,14.0,Gauche,2017,présidentielle
35,205,Noyal-sous-Bazouges,288,168,113,175,7,3,2.0,Écologie,2017,présidentielle
35,205,Noyal-sous-Bazouges,288,168,113,175,7,4,1.0,Divers,2017,présidentielle
35,205,Noyal-sous-Bazouges,288,168,113,175,7,5,0.0,Divers,2017,présidentielle
35,205,Noyal-sous-Bazouges,288,168,113,175,7,6,3.0,Régionalisme,2017,présidentielle
35,205,Noyal-sous-Bazouges,288,168,113,175,7,7,34.0,Centre,2017,présidentielle
35,205,Noyal-sous-Bazouges,288,168,113,175,7,8,62.0,Droite,2017,présidentielle
35,205,Noyal-sous-Bazouges,288,168,113,175,7,9,4.0,Droite,2017,présidentielle
35,205,Noyal-sous-Bazouges,288,168,113,175,7,10,27.0,Extrême Droite,2017,présidentielle
35,214,Parcé,483,270,212,271,1,0,1.0,Extrême Gauche,2017,présidentielle
35,214,Parcé,483,270,212,271,1,1,10.0,Gauche,2017,présidentielle
35,214,Parcé,483,270,212,271,1,2,15.0,Gauche,2017,présidentielle
35,214,Parcé,483,270,212,271,1,3,4.0,Écologie,2017,présidentielle
35,214,Parcé,483,270,212,271,1,4,1.0,Divers,2017,présidentielle
35,214,Parcé,483,270,212,271,1,5,0.0,Divers,2017,présidentielle
35,214,Parcé,483,270,212,271,1,6,0.0,Régionalisme,2017,présidentielle
35,214,Parcé,483,270,212,271,1,7,62.0,Centre,2017,présidentielle
35,214,Parcé,483,270,212,271,1,8,147.0,Droite,2017,présidentielle
35,214,Parcé,483,270,212,271,1,9,4.0,Droite,2017,présidentielle
35,214,Parcé,483,270,212,271,1,10,26.0,Extrême Droite,2017,présidentielle
35,215,Parigné,943,493,433,510,17,0,2.0,Extrême Gauche,2017,présidentielle
35,215,Parigné,943,493,433,510,17,1,24.0,Gauche,2017,présidentielle
35,215,Parigné,943,493,433,510,17,2,32.0,Gauche,2017,présidentielle
35,215,Parigné,943,493,433,510,17,3,7.0,Écologie,2017,présidentielle
35,215,Parigné,943,493,433,510,17,4,1.0,Divers,2017,présidentielle
35,215,Parigné,943,493,433,510,17,5,0.0,Divers,2017,présidentielle
35,215,Parigné,943,493,433,510,17,6,1.0,Régionalisme,2017,présidentielle
35,215,Parigné,943,493,433,510,17,7,153.0,Centre,2017,présidentielle
35,215,Parigné,943,493,433,510,17,8,205.0,Droite,2017,présidentielle
35,215,Parigné,943,493,433,510,17,9,5.0,Droite,2017,présidentielle
35,215,Parigné,943,493,433,510,17,10,63.0,Extrême Droite,2017,présidentielle
35,222,Pleine-Fougères,1344,719,598,746,27,0,15.0,Extrême Gauche,2017,présidentielle
35,222,Pleine-Fougères,1344,719,598,746,27,1,36.0,Gauche,2017,présidentielle
35,222,Pleine-Fougères,1344,719,598,746,27,2,75.0,Gauche,2017,présidentielle
35,222,Pleine-Fougères,1344,719,598,746,27,3,7.0,Écologie,2017,présidentielle
35,222,Pleine-Fougères,1344,719,598,746,27,4,10.0,Divers,2017,présidentielle
35,222,Pleine-Fougères,1344,719,598,746,27,5,0.0,Divers,2017,présidentielle
35,222,Pleine-Fougères,1344,719,598,746,27,6,9.0,Régionalisme,2017,présidentielle
35,222,Pleine-Fougères,1344,719,598,746,27,7,216.0,Centre,2017,présidentielle
35,222,Pleine-Fougères,1344,719,598,746,27,8,214.0,Droite,2017,présidentielle
35,222,Pleine-Fougères,1344,719,598,746,27,9,3.0,Droite,2017,présidentielle
35,222,Pleine-Fougères,1344,719,598,746,27,10,134.0,Extrême Droite,2017,présidentielle
35,230,Poilley,311,164,144,167,3,0,1.0,Extrême Gauche,2017,présidentielle
35,230,Poilley,311,164,144,167,3,1,6.0,Gauche,2017,présidentielle
35,230,Poilley,311,164,144,167,3,2,3.0,Gauche,2017,présidentielle
35,230,Poilley,311,164,144,167,3,3,2.0,Écologie,2017,présidentielle
35,230,Poilley,311,164,144,167,3,4,0.0,Divers,2017,présidentielle
35,230,Poilley,311,164,144,167,3,5,0.0,Divers,2017,présidentielle
35,230,Poilley,311,164,144,167,3,6,5.0,Régionalisme,2017,présidentielle
35,230,Poilley,311,164,144,167,3,7,52.0,Centre,2017,présidentielle
35,230,Poilley,311,164,144,167,3,8,80.0,Droite,2017,présidentielle
35,230,Poilley,311,164,144,167,3,9,3.0,Droite,2017,présidentielle
35,230,Poilley,311,164,144,167,3,10,12.0,Extrême Droite,2017,présidentielle
35,242,Rimou,268,147,116,152,5,0,1.0,Extrême Gauche,2017,présidentielle
35,242,Rimou,268,147,116,152,5,1,15.0,Gauche,2017,présidentielle
35,242,Rimou,268,147,116,152,5,2,27.0,Gauche,2017,présidentielle
35,242,Rimou,268,147,116,152,5,3,0.0,Écologie,2017,présidentielle
35,242,Rimou,268,147,116,152,5,4,2.0,Divers,2017,présidentielle
35,242,Rimou,268,147,116,152,5,5,0.0,Divers,2017,présidentielle
35,242,Rimou,268,147,116,152,5,6,1.0,Régionalisme,2017,présidentielle
35,242,Rimou,268,147,116,152,5,7,36.0,Centre,2017,présidentielle
35,242,Rimou,268,147,116,152,5,8,54.0,Droite,2017,présidentielle
35,242,Rimou,268,147,116,152,5,9,0.0,Droite,2017,présidentielle
35,242,Rimou,268,147,116,152,5,10,11.0,Extrême Droite,2017,présidentielle
35,243,Romagné,1720,976,727,993,17,0,2.0,Extrême Gauche,2017,présidentielle
35,243,Romagné,1720,976,727,993,17,1,35.0,Gauche,2017,présidentielle
35,243,Romagné,1720,976,727,993,17,2,59.0,Gauche,2017,présidentielle
35,243,Romagné,1720,976,727,993,17,3,10.0,Écologie,2017,présidentielle
35,243,Romagné,1720,976,727,993,17,4,4.0,Divers,2017,présidentielle
35,243,Romagné,1720,976,727,993,17,5,0.0,Divers,2017,présidentielle
35,243,Romagné,1720,976,727,993,17,6,9.0,Régionalisme,2017,présidentielle
35,243,Romagné,1720,976,727,993,17,7,267.0,Centre,2017,présidentielle
35,243,Romagné,1720,976,727,993,17,8,497.0,Droite,2017,présidentielle
35,243,Romagné,1720,976,727,993,17,9,1.0,Droite,2017,présidentielle
35,243,Romagné,1720,976,727,993,17,10,92.0,Extrême Droite,2017,présidentielle
35,244,Romazy,202,124,75,127,3,0,1.0,Extrême Gauche,2017,présidentielle
35,244,Romazy,202,124,75,127,3,1,8.0,Gauche,2017,présidentielle
35,244,Romazy,202,124,75,127,3,2,8.0,Gauche,2017,présidentielle
35,244,Romazy,202,124,75,127,3,3,1.0,Écologie,2017,présidentielle
35,244,Romazy,202,124,75,127,3,4,0.0,Divers,2017,présidentielle
35,244,Romazy,202,124,75,127,3,5,0.0,Divers,2017,présidentielle
35,244,Romazy,202,124,75,127,3,6,0.0,Régionalisme,2017,présidentielle
35,244,Romazy,202,124,75,127,3,7,37.0,Centre,2017,présidentielle
35,244,Romazy,202,124,75,127,3,8,56.0,Droite,2017,présidentielle
35,244,Romazy,202,124,75,127,3,9,1.0,Droite,2017,présidentielle
35,244,Romazy,202,124,75,127,3,10,12.0,Extrême Droite,2017,présidentielle
35,247,Roz-sur-Couesnon,740,407,326,414,7,0,3.0,Extrême Gauche,2017,présidentielle
35,247,Roz-sur-Couesnon,740,407,326,414,7,1,30.0,Gauche,2017,présidentielle
35,247,Roz-sur-Couesnon,740,407,326,414,7,2,43.0,Gauche,2017,présidentielle
35,247,Roz-sur-Couesnon,740,407,326,414,7,3,1.0,Écologie,2017,présidentielle
35,247,Roz-sur-Couesnon,740,407,326,414,7,4,4.0,Divers,2017,présidentielle
35,247,Roz-sur-Couesnon,740,407,326,414,7,5,0.0,Divers,2017,présidentielle
35,247,Roz-sur-Couesnon,740,407,326,414,7,6,6.0,Régionalisme,2017,présidentielle
35,247,Roz-sur-Couesnon,740,407,326,414,7,7,139.0,Centre,2017,présidentielle
35,247,Roz-sur-Couesnon,740,407,326,414,7,8,111.0,Droite,2017,présidentielle
35,247,Roz-sur-Couesnon,740,407,326,414,7,9,2.0,Droite,2017,présidentielle
35,247,Roz-sur-Couesnon,740,407,326,414,7,10,68.0,Extrême Droite,2017,présidentielle
35,248,Sains,393,201,187,206,5,0,3.0,Extrême Gauche,2017,présidentielle
35,248,Sains,393,201,187,206,5,1,8.0,Gauche,2017,présidentielle
35,248,Sains,393,201,187,206,5,2,18.0,Gauche,2017,présidentielle
35,248,Sains,393,201,187,206,5,3,2.0,Écologie,2017,présidentielle
35,248,Sains,393,201,187,206,5,4,0.0,Divers,2017,présidentielle
35,248,Sains,393,201,187,206,5,5,0.0,Divers,2017,présidentielle
35,248,Sains,393,201,187,206,5,6,0.0,Régionalisme,2017,présidentielle
35,248,Sains,393,201,187,206,5,7,71.0,Centre,2017,présidentielle
35,248,Sains,393,201,187,206,5,8,51.0,Droite,2017,présidentielle
35,248,Sains,393,201,187,206,5,9,1.0,Droite,2017,présidentielle
35,248,Sains,393,201,187,206,5,10,47.0,Extrême Droite,2017,présidentielle
35,251,Saint-Aubin-d'Aubigné,2693,1379,1286,1407,28,0,7.0,Extrême Gauche,2017,présidentielle
35,251,Saint-Aubin-d'Aubigné,2693,1379,1286,1407,28,1,133.0,Gauche,2017,présidentielle
35,251,Saint-Aubin-d'Aubigné,2693,1379,1286,1407,28,2,175.0,Gauche,2017,présidentielle
35,251,Saint-Aubin-d'Aubigné,2693,1379,1286,1407,28,3,11.0,Écologie,2017,présidentielle
35,251,Saint-Aubin-d'Aubigné,2693,1379,1286,1407,28,4,7.0,Divers,2017,présidentielle
35,251,Saint-Aubin-d'Aubigné,2693,1379,1286,1407,28,5,0.0,Divers,2017,présidentielle
35,251,Saint-Aubin-d'Aubigné,2693,1379,1286,1407,28,6,11.0,Régionalisme,2017,présidentielle
35,251,Saint-Aubin-d'Aubigné,2693,1379,1286,1407,28,7,666.0,Centre,2017,présidentielle
35,251,Saint-Aubin-d'Aubigné,2693,1379,1286,1407,28,8,254.0,Droite,2017,présidentielle
35,251,Saint-Aubin-d'Aubigné,2693,1379,1286,1407,28,9,10.0,Droite,2017,présidentielle
35,251,Saint-Aubin-d'Aubigné,2693,1379,1286,1407,28,10,105.0,Extrême Droite,2017,présidentielle
35,253,Saint-Aubin-du-Cormier,2325,1300,998,1327,27,0,16.0,Extrême Gauche,2017,présidentielle
35,253,Saint-Aubin-du-Cormier,2325,1300,998,1327,27,1,113.0,Gauche,2017,présidentielle
35,253,Saint-Aubin-du-Cormier,2325,1300,998,1327,27,2,127.0,Gauche,2017,présidentielle
35,253,Saint-Aubin-du-Cormier,2325,1300,998,1327,27,3,16.0,Écologie,2017,présidentielle
35,253,Saint-Aubin-du-Cormier,2325,1300,998,1327,27,4,8.0,Divers,2017,présidentielle
35,253,Saint-Aubin-du-Cormier,2325,1300,998,1327,27,5,0.0,Divers,2017,présidentielle
35,253,Saint-Aubin-du-Cormier,2325,1300,998,1327,27,6,7.0,Régionalisme,2017,présidentielle
35,253,Saint-Aubin-du-Cormier,2325,1300,998,1327,27,7,484.0,Centre,2017,présidentielle
35,253,Saint-Aubin-du-Cormier,2325,1300,998,1327,27,8,387.0,Droite,2017,présidentielle
35,253,Saint-Aubin-du-Cormier,2325,1300,998,1327,27,9,9.0,Droite,2017,présidentielle
35,253,Saint-Aubin-du-Cormier,2325,1300,998,1327,27,10,133.0,Extrême Droite,2017,présidentielle
35,257,Maen-Roch,3445,1768,1639,1806,38,0,15.0,Extrême Gauche,2017,présidentielle
35,257,Maen-Roch,3445,1768,1639,1806,38,1,89.0,Gauche,2017,présidentielle
35,257,Maen-Roch,3445,1768,1639,1806,38,2,137.0,Gauche,2017,présidentielle
35,257,Maen-Roch,3445,1768,1639,1806,38,3,21.0,Écologie,2017,présidentielle
35,257,Maen-Roch,3445,1768,1639,1806,38,4,3.0,Divers,2017,présidentielle
35,257,Maen-Roch,3445,1768,1639,1806,38,5,0.0,Divers,2017,présidentielle
35,257,Maen-Roch,3445,1768,1639,1806,38,6,14.0,Régionalisme,2017,présidentielle
35,257,Maen-Roch,3445,1768,1639,1806,38,7,580.0,Centre,2017,présidentielle
35,257,Maen-Roch,3445,1768,1639,1806,38,8,638.0,Droite,2017,présidentielle
35,257,Maen-Roch,3445,1768,1639,1806,38,9,10.0,Droite,2017,présidentielle
35,257,Maen-Roch,3445,1768,1639,1806,38,10,261.0,Extrême Droite,2017,présidentielle
35,259,Saint-Broladre,797,398,391,406,8,0,4.0,Extrême Gauche,2017,présidentielle
35,259,Saint-Broladre,797,398,391,406,8,1,26.0,Gauche,2017,présidentielle
35,259,Saint-Broladre,797,398,391,406,8,2,40.0,Gauche,2017,présidentielle
35,259,Saint-Broladre,797,398,391,406,8,3,6.0,Écologie,2017,présidentielle
35,259,Saint-Broladre,797,398,391,406,8,4,3.0,Divers,2017,présidentielle
35,259,Saint-Broladre,797,398,391,406,8,5,0.0,Divers,2017,présidentielle
35,259,Saint-Broladre,797,398,391,406,8,6,5.0,Régionalisme,2017,présidentielle
35,259,Saint-Broladre,797,398,391,406,8,7,98.0,Centre,2017,présidentielle
35,259,Saint-Broladre,797,398,391,406,8,8,112.0,Droite,2017,présidentielle
35,259,Saint-Broladre,797,398,391,406,8,9,31.0,Droite,2017,présidentielle
35,259,Saint-Broladre,797,398,391,406,8,10,73.0,Extrême Droite,2017,présidentielle
35,261,Saint-Christophe-de-Valains,154,84,70,84,0,0,0.0,Extrême Gauche,2017,présidentielle
35,261,Saint-Christophe-de-Valains,154,84,70,84,0,1,2.0,Gauche,2017,présidentielle
35,261,Saint-Christophe-de-Valains,154,84,70,84,0,2,7.0,Gauche,2017,présidentielle
35,261,Saint-Christophe-de-Valains,154,84,70,84,0,3,2.0,Écologie,2017,présidentielle
35,261,Saint-Christophe-de-Valains,154,84,70,84,0,4,0.0,Divers,2017,présidentielle
35,261,Saint-Christophe-de-Valains,154,84,70,84,0,5,0.0,Divers,2017,présidentielle
35,261,Saint-Christophe-de-Valains,154,84,70,84,0,6,2.0,Régionalisme,2017,présidentielle
35,261,Saint-Christophe-de-Valains,154,84,70,84,0,7,22.0,Centre,2017,présidentielle
35,261,Saint-Christophe-de-Valains,154,84,70,84,0,8,31.0,Droite,2017,présidentielle
35,261,Saint-Christophe-de-Valains,154,84,70,84,0,9,0.0,Droite,2017,présidentielle
35,261,Saint-Christophe-de-Valains,154,84,70,84,0,10,18.0,Extrême Droite,2017,présidentielle
35,269,Saint-Georges-de-Chesné,474,261,205,269,8,0,3.0,Extrême Gauche,2017,présidentielle
35,269,Saint-Georges-de-Chesné,474,261,205,269,8,1,11.0,Gauche,2017,présidentielle
35,269,Saint-Georges-de-Chesné,474,261,205,269,8,2,15.0,Gauche,2017,présidentielle
35,269,Saint-Georges-de-Chesné,474,261,205,269,8,3,1.0,Écologie,2017,présidentielle
35,269,Saint-Georges-de-Chesné,474,261,205,269,8,4,1.0,Divers,2017,présidentielle
35,269,Saint-Georges-de-Chesné,474,261,205,269,8,5,0.0,Divers,2017,présidentielle
35,269,Saint-Georges-de-Chesné,474,261,205,269,8,6,0.0,Régionalisme,2017,présidentielle
35,269,Saint-Georges-de-Chesné,474,261,205,269,8,7,80.0,Centre,2017,présidentielle
35,269,Saint-Georges-de-Chesné,474,261,205,269,8,8,115.0,Droite,2017,présidentielle
35,269,Saint-Georges-de-Chesné,474,261,205,269,8,9,0.0,Droite,2017,présidentielle
35,269,Saint-Georges-de-Chesné,474,261,205,269,8,10,35.0,Extrême Droite,2017,présidentielle
35,270,Saint-Georges-de-Gréhaigne,302,157,135,167,10,0,3.0,Extrême Gauche,2017,présidentielle
35,270,Saint-Georges-de-Gréhaigne,302,157,135,167,10,1,7.0,Gauche,2017,présidentielle
35,270,Saint-Georges-de-Gréhaigne,302,157,135,167,10,2,13.0,Gauche,2017,présidentielle
35,270,Saint-Georges-de-Gréhaigne,302,157,135,167,10,3,1.0,Écologie,2017,présidentielle
35,270,Saint-Georges-de-Gréhaigne,302,157,135,167,10,4,0.0,Divers,2017,présidentielle
35,270,Saint-Georges-de-Gréhaigne,302,157,135,167,10,5,0.0,Divers,2017,présidentielle
35,270,Saint-Georges-de-Gréhaigne,302,157,135,167,10,6,1.0,Régionalisme,2017,présidentielle
35,270,Saint-Georges-de-Gréhaigne,302,157,135,167,10,7,35.0,Centre,2017,présidentielle
35,270,Saint-Georges-de-Gréhaigne,302,157,135,167,10,8,64.0,Droite,2017,présidentielle
35,270,Saint-Georges-de-Gréhaigne,302,157,135,167,10,9,2.0,Droite,2017,présidentielle
35,270,Saint-Georges-de-Gréhaigne,302,157,135,167,10,10,31.0,Extrême Droite,2017,présidentielle
35,271,Saint-Georges-de-Reintembault,1017,495,516,501,6,0,1.0,Extrême Gauche,2017,présidentielle
35,271,Saint-Georges-de-Reintembault,1017,495,516,501,6,1,21.0,Gauche,2017,présidentielle
35,271,Saint-Georges-de-Reintembault,1017,495,516,501,6,2,21.0,Gauche,2017,présidentielle
35,271,Saint-Georges-de-Reintembault,1017,495,516,501,6,3,5.0,Écologie,2017,présidentielle
35,271,Saint-Georges-de-Reintembault,1017,495,516,501,6,4,1.0,Divers,2017,présidentielle
35,271,Saint-Georges-de-Reintembault,1017,495,516,501,6,5,0.0,Divers,2017,présidentielle
35,271,Saint-Georges-de-Reintembault,1017,495,516,501,6,6,3.0,Régionalisme,2017,présidentielle
35,271,Saint-Georges-de-Reintembault,1017,495,516,501,6,7,123.0,Centre,2017,présidentielle
35,271,Saint-Georges-de-Reintembault,1017,495,516,501,6,8,244.0,Droite,2017,présidentielle
35,271,Saint-Georges-de-Reintembault,1017,495,516,501,6,9,2.0,Droite,2017,présidentielle
35,271,Saint-Georges-de-Reintembault,1017,495,516,501,6,10,74.0,Extrême Droite,2017,présidentielle
35,273,Saint-Germain-en-Coglès,1540,870,644,896,26,0,14.0,Extrême Gauche,2017,présidentielle
35,273,Saint-Germain-en-Coglès,1540,870,644,896,26,1,49.0,Gauche,2017,présidentielle
35,273,Saint-Germain-en-Coglès,1540,870,644,896,26,2,47.0,Gauche,2017,présidentielle
35,273,Saint-Germain-en-Coglès,1540,870,644,896,26,3,15.0,Écologie,2017,présidentielle
35,273,Saint-Germain-en-Coglès,1540,870,644,896,26,4,4.0,Divers,2017,présidentielle
35,273,Saint-Germain-en-Coglès,1540,870,644,896,26,5,0.0,Divers,2017,présidentielle
35,273,Saint-Germain-en-Coglès,1540,870,644,896,26,6,11.0,Régionalisme,2017,présidentielle
35,273,Saint-Germain-en-Coglès,1540,870,644,896,26,7,217.0,Centre,2017,présidentielle
35,273,Saint-Germain-en-Coglès,1540,870,644,896,26,8,420.0,Droite,2017,présidentielle
35,273,Saint-Germain-en-Coglès,1540,870,644,896,26,9,2.0,Droite,2017,présidentielle
35,273,Saint-Germain-en-Coglès,1540,870,644,896,26,10,91.0,Extrême Droite,2017,présidentielle
35,274,Saint-Germain-sur-Ille,638,407,223,415,8,0,2.0,Extrême Gauche,2017,présidentielle
35,274,Saint-Germain-sur-Ille,638,407,223,415,8,1,68.0,Gauche,2017,présidentielle
35,274,Saint-Germain-sur-Ille,638,407,223,415,8,2,104.0,Gauche,2017,présidentielle
35,274,Saint-Germain-sur-Ille,638,407,223,415,8,3,3.0,Écologie,2017,présidentielle
35,274,Saint-Germain-sur-Ille,638,407,223,415,8,4,1.0,Divers,2017,présidentielle
35,274,Saint-Germain-sur-Ille,638,407,223,415,8,5,0.0,Divers,2017,présidentielle
35,274,Saint-Germain-sur-Ille,638,407,223,415,8,6,6.0,Régionalisme,2017,présidentielle
35,274,Saint-Germain-sur-Ille,638,407,223,415,8,7,153.0,Centre,2017,présidentielle
35,274,Saint-Germain-sur-Ille,638,407,223,415,8,8,46.0,Droite,2017,présidentielle
35,274,Saint-Germain-sur-Ille,638,407,223,415,8,9,2.0,Droite,2017,présidentielle
35,274,Saint-Germain-sur-Ille,638,407,223,415,8,10,22.0,Extrême Droite,2017,présidentielle
35,280,Saint-Hilaire-des-Landes,690,377,300,390,13,0,7.0,Extrême Gauche,2017,présidentielle
35,280,Saint-Hilaire-des-Landes,690,377,300,390,13,1,21.0,Gauche,2017,présidentielle
35,280,Saint-Hilaire-des-Landes,690,377,300,390,13,2,39.0,Gauche,2017,présidentielle
35,280,Saint-Hilaire-des-Landes,690,377,300,390,13,3,5.0,Écologie,2017,présidentielle
35,280,Saint-Hilaire-des-Landes,690,377,300,390,13,4,1.0,Divers,2017,présidentielle
35,280,Saint-Hilaire-des-Landes,690,377,300,390,13,5,0.0,Divers,2017,présidentielle
35,280,Saint-Hilaire-des-Landes,690,377,300,390,13,6,1.0,Régionalisme,2017,présidentielle
35,280,Saint-Hilaire-des-Landes,690,377,300,390,13,7,99.0,Centre,2017,présidentielle
35,280,Saint-Hilaire-des-Landes,690,377,300,390,13,8,141.0,Droite,2017,présidentielle
35,280,Saint-Hilaire-des-Landes,690,377,300,390,13,9,2.0,Droite,2017,présidentielle
35,280,Saint-Hilaire-des-Landes,690,377,300,390,13,10,61.0,Extrême Droite,2017,présidentielle
35,282,Saint-Jean-sur-Couesnon,815,466,341,474,8,0,3.0,Extrême Gauche,2017,présidentielle
35,282,Saint-Jean-sur-Couesnon,815,466,341,474,8,1,49.0,Gauche,2017,présidentielle
35,282,Saint-Jean-sur-Couesnon,815,466,341,474,8,2,52.0,Gauche,2017,présidentielle
35,282,Saint-Jean-sur-Couesnon,815,466,341,474,8,3,6.0,Écologie,2017,présidentielle
35,282,Saint-Jean-sur-Couesnon,815,466,341,474,8,4,2.0,Divers,2017,présidentielle
35,282,Saint-Jean-sur-Couesnon,815,466,341,474,8,5,0.0,Divers,2017,présidentielle
35,282,Saint-Jean-sur-Couesnon,815,466,341,474,8,6,2.0,Régionalisme,2017,présidentielle
35,282,Saint-Jean-sur-Couesnon,815,466,341,474,8,7,143.0,Centre,2017,présidentielle
35,282,Saint-Jean-sur-Couesnon,815,466,341,474,8,8,168.0,Droite,2017,présidentielle
35,282,Saint-Jean-sur-Couesnon,815,466,341,474,8,9,4.0,Droite,2017,présidentielle
35,282,Saint-Jean-sur-Couesnon,815,466,341,474,8,10,37.0,Extrême Droite,2017,présidentielle
35,291,Saint-Marcan,321,182,138,183,1,0,1.0,Extrême Gauche,2017,présidentielle
35,291,Saint-Marcan,321,182,138,183,1,1,10.0,Gauche,2017,présidentielle
35,291,Saint-Marcan,321,182,138,183,1,2,12.0,Gauche,2017,présidentielle
35,291,Saint-Marcan,321,182,138,183,1,3,1.0,Écologie,2017,présidentielle
35,291,Saint-Marcan,321,182,138,183,1,4,1.0,Divers,2017,présidentielle
35,291,Saint-Marcan,321,182,138,183,1,5,0.0,Divers,2017,présidentielle
35,291,Saint-Marcan,321,182,138,183,1,6,1.0,Régionalisme,2017,présidentielle
35,291,Saint-Marcan,321,182,138,183,1,7,61.0,Centre,2017,présidentielle
35,291,Saint-Marcan,321,182,138,183,1,8,57.0,Droite,2017,présidentielle
35,291,Saint-Marcan,321,182,138,183,1,9,0.0,Droite,2017,présidentielle
35,291,Saint-Marcan,321,182,138,183,1,10,38.0,Extrême Droite,2017,présidentielle
35,292,Saint-Marc-le-Blanc,993,526,455,538,12,0,3.0,Extrême Gauche,2017,présidentielle
35,292,Saint-Marc-le-Blanc,993,526,455,538,12,1,30.0,Gauche,2017,présidentielle
35,292,Saint-Marc-le-Blanc,993,526,455,538,12,2,53.0,Gauche,2017,présidentielle
35,292,Saint-Marc-le-Blanc,993,526,455,538,12,3,3.0,Écologie,2017,présidentielle
35,292,Saint-Marc-le-Blanc,993,526,455,538,12,4,7.0,Divers,2017,présidentielle
35,292,Saint-Marc-le-Blanc,993,526,455,538,12,5,0.0,Divers,2017,présidentielle
35,292,Saint-Marc-le-Blanc,993,526,455,538,12,6,1.0,Régionalisme,2017,présidentielle
35,292,Saint-Marc-le-Blanc,993,526,455,538,12,7,150.0,Centre,2017,présidentielle
35,292,Saint-Marc-le-Blanc,993,526,455,538,12,8,208.0,Droite,2017,présidentielle
35,292,Saint-Marc-le-Blanc,993,526,455,538,12,9,3.0,Droite,2017,présidentielle
35,292,Saint-Marc-le-Blanc,993,526,455,538,12,10,68.0,Extrême Droite,2017,présidentielle
35,293,Saint-Marc-sur-Couesnon,396,234,158,238,4,0,2.0,Extrême Gauche,2017,présidentielle
35,293,Saint-Marc-sur-Couesnon,396,234,158,238,4,1,14.0,Gauche,2017,présidentielle
35,293,Saint-Marc-sur-Couesnon,396,234,158,238,4,2,24.0,Gauche,2017,présidentielle
35,293,Saint-Marc-sur-Couesnon,396,234,158,238,4,3,3.0,Écologie,2017,présidentielle
35,293,Saint-Marc-sur-Couesnon,396,234,158,238,4,4,0.0,Divers,2017,présidentielle
35,293,Saint-Marc-sur-Couesnon,396,234,158,238,4,5,0.0,Divers,2017,présidentielle
35,293,Saint-Marc-sur-Couesnon,396,234,158,238,4,6,1.0,Régionalisme,2017,présidentielle
35,293,Saint-Marc-sur-Couesnon,396,234,158,238,4,7,61.0,Centre,2017,présidentielle
35,293,Saint-Marc-sur-Couesnon,396,234,158,238,4,8,106.0,Droite,2017,présidentielle
35,293,Saint-Marc-sur-Couesnon,396,234,158,238,4,9,2.0,Droite,2017,présidentielle
35,293,Saint-Marc-sur-Couesnon,396,234,158,238,4,10,21.0,Extrême Droite,2017,présidentielle
35,296,Saint-Médard-sur-Ille,1009,522,469,540,18,0,5.0,Extrême Gauche,2017,présidentielle
35,296,Saint-Médard-sur-Ille,1009,522,469,540,18,1,70.0,Gauche,2017,présidentielle
35,296,Saint-Médard-sur-Ille,1009,522,469,540,18,2,89.0,Gauche,2017,présidentielle
35,296,Saint-Médard-sur-Ille,1009,522,469,540,18,3,10.0,Écologie,2017,présidentielle
35,296,Saint-Médard-sur-Ille,1009,522,469,540,18,4,5.0,Divers,2017,présidentielle
35,296,Saint-Médard-sur-Ille,1009,522,469,540,18,5,0.0,Divers,2017,présidentielle
35,296,Saint-Médard-sur-Ille,1009,522,469,540,18,6,10.0,Régionalisme,2017,présidentielle
35,296,Saint-Médard-sur-Ille,1009,522,469,540,18,7,205.0,Centre,2017,présidentielle
35,296,Saint-Médard-sur-Ille,1009,522,469,540,18,8,82.0,Droite,2017,présidentielle
35,296,Saint-Médard-sur-Ille,1009,522,469,540,18,9,2.0,Droite,2017,présidentielle
35,296,Saint-Médard-sur-Ille,1009,522,469,540,18,10,44.0,Extrême Droite,2017,présidentielle
35,303,Saint-Ouen-la-Rouërie,640,323,310,330,7,0,2.0,Extrême Gauche,2017,présidentielle
35,303,Saint-Ouen-la-Rouërie,640,323,310,330,7,1,14.0,Gauche,2017,présidentielle
35,303,Saint-Ouen-la-Rouërie,640,323,310,330,7,2,28.0,Gauche,2017,présidentielle
35,303,Saint-Ouen-la-Rouërie,640,323,310,330,7,3,0.0,Écologie,2017,présidentielle
35,303,Saint-Ouen-la-Rouërie,640,323,310,330,7,4,1.0,Divers,2017,présidentielle
35,303,Saint-Ouen-la-Rouërie,640,323,310,330,7,5,0.0,Divers,2017,présidentielle
35,303,Saint-Ouen-la-Rouërie,640,323,310,330,7,6,5.0,Régionalisme,2017,présidentielle
35,303,Saint-Ouen-la-Rouërie,640,323,310,330,7,7,80.0,Centre,2017,présidentielle
35,303,Saint-Ouen-la-Rouërie,640,323,310,330,7,8,146.0,Droite,2017,présidentielle
35,303,Saint-Ouen-la-Rouërie,640,323,310,330,7,9,5.0,Droite,2017,présidentielle
35,303,Saint-Ouen-la-Rouërie,640,323,310,330,7,10,42.0,Extrême Droite,2017,présidentielle
35,304,Saint-Ouen-des-Alleux,977,510,458,519,9,0,4.0,Extrême Gauche,2017,présidentielle
35,304,Saint-Ouen-des-Alleux,977,510,458,519,9,1,40.0,Gauche,2017,présidentielle
35,304,Saint-Ouen-des-Alleux,977,510,458,519,9,2,46.0,Gauche,2017,présidentielle
35,304,Saint-Ouen-des-Alleux,977,510,458,519,9,3,2.0,Écologie,2017,présidentielle
35,304,Saint-Ouen-des-Alleux,977,510,458,519,9,4,7.0,Divers,2017,présidentielle
35,304,Saint-Ouen-des-Alleux,977,510,458,519,9,5,0.0,Divers,2017,présidentielle
35,304,Saint-Ouen-des-Alleux,977,510,458,519,9,6,6.0,Régionalisme,2017,présidentielle
35,304,Saint-Ouen-des-Alleux,977,510,458,519,9,7,149.0,Centre,2017,présidentielle
35,304,Saint-Ouen-des-Alleux,977,510,458,519,9,8,186.0,Droite,2017,présidentielle
35,304,Saint-Ouen-des-Alleux,977,510,458,519,9,9,1.0,Droite,2017,présidentielle
35,304,Saint-Ouen-des-Alleux,977,510,458,519,9,10,69.0,Extrême Droite,2017,présidentielle
35,309,Saint-Rémy-du-Plain,559,272,281,278,6,0,1.0,Extrême Gauche,2017,présidentielle
35,309,Saint-Rémy-du-Plain,559,272,281,278,6,1,13.0,Gauche,2017,présidentielle
35,309,Saint-Rémy-du-Plain,559,272,281,278,6,2,20.0,Gauche,2017,présidentielle
35,309,Saint-Rémy-du-Plain,559,272,281,278,6,3,3.0,Écologie,2017,présidentielle
35,309,Saint-Rémy-du-Plain,559,272,281,278,6,4,0.0,Divers,2017,présidentielle
35,309,Saint-Rémy-du-Plain,559,272,281,278,6,5,0.0,Divers,2017,présidentielle
35,309,Saint-Rémy-du-Plain,559,272,281,278,6,6,1.0,Régionalisme,2017,présidentielle
35,309,Saint-Rémy-du-Plain,559,272,281,278,6,7,73.0,Centre,2017,présidentielle
35,309,Saint-Rémy-du-Plain,559,272,281,278,6,8,116.0,Droite,2017,présidentielle
35,309,Saint-Rémy-du-Plain,559,272,281,278,6,9,2.0,Droite,2017,présidentielle
35,309,Saint-Rémy-du-Plain,559,272,281,278,6,10,43.0,Extrême Droite,2017,présidentielle
35,310,Saint-Sauveur-des-Landes,916,525,378,538,13,0,5.0,Extrême Gauche,2017,présidentielle
35,310,Saint-Sauveur-des-Landes,916,525,378,538,13,1,25.0,Gauche,2017,présidentielle
35,310,Saint-Sauveur-des-Landes,916,525,378,538,13,2,36.0,Gauche,2017,présidentielle
35,310,Saint-Sauveur-des-Landes,916,525,378,538,13,3,7.0,Écologie,2017,présidentielle
35,310,Saint-Sauveur-des-Landes,916,525,378,538,13,4,1.0,Divers,2017,présidentielle
35,310,Saint-Sauveur-des-Landes,916,525,378,538,13,5,0.0,Divers,2017,présidentielle
35,310,Saint-Sauveur-des-Landes,916,525,378,538,13,6,3.0,Régionalisme,2017,présidentielle
35,310,Saint-Sauveur-des-Landes,916,525,378,538,13,7,134.0,Centre,2017,présidentielle
35,310,Saint-Sauveur-des-Landes,916,525,378,538,13,8,257.0,Droite,2017,présidentielle
35,310,Saint-Sauveur-des-Landes,916,525,378,538,13,9,0.0,Droite,2017,présidentielle
35,310,Saint-Sauveur-des-Landes,916,525,378,538,13,10,57.0,Extrême Droite,2017,présidentielle
35,324,La Selle-en-Luitré,423,265,147,276,11,0,2.0,Extrême Gauche,2017,présidentielle
35,324,La Selle-en-Luitré,423,265,147,276,11,1,17.0,Gauche,2017,présidentielle
35,324,La Selle-en-Luitré,423,265,147,276,11,2,21.0,Gauche,2017,présidentielle
35,324,La Selle-en-Luitré,423,265,147,276,11,3,2.0,Écologie,2017,présidentielle
35,324,La Selle-en-Luitré,423,265,147,276,11,4,2.0,Divers,2017,présidentielle
35,324,La Selle-en-Luitré,423,265,147,276,11,5,0.0,Divers,2017,présidentielle
35,324,La Selle-en-Luitré,423,265,147,276,11,6,4.0,Régionalisme,2017,présidentielle
35,324,La Selle-en-Luitré,423,265,147,276,11,7,72.0,Centre,2017,présidentielle
35,324,La Selle-en-Luitré,423,265,147,276,11,8,119.0,Droite,2017,présidentielle
35,324,La Selle-en-Luitré,423,265,147,276,11,9,0.0,Droite,2017,présidentielle
35,324,La Selle-en-Luitré,423,265,147,276,11,10,26.0,Extrême Droite,2017,présidentielle
35,326,Sens-de-Bretagne,1685,869,785,900,31,0,8.0,Extrême Gauche,2017,présidentielle
35,326,Sens-de-Bretagne,1685,869,785,900,31,1,54.0,Gauche,2017,présidentielle
35,326,Sens-de-Bretagne,1685,869,785,900,31,2,97.0,Gauche,2017,présidentielle
35,326,Sens-de-Bretagne,1685,869,785,900,31,3,7.0,Écologie,2017,présidentielle
35,326,Sens-de-Bretagne,1685,869,785,900,31,4,5.0,Divers,2017,présidentielle
35,326,Sens-de-Bretagne,1685,869,785,900,31,5,0.0,Divers,2017,présidentielle
35,326,Sens-de-Bretagne,1685,869,785,900,31,6,8.0,Régionalisme,2017,présidentielle
35,326,Sens-de-Bretagne,1685,869,785,900,31,7,293.0,Centre,2017,présidentielle
35,326,Sens-de-Bretagne,1685,869,785,900,31,8,278.0,Droite,2017,présidentielle
35,326,Sens-de-Bretagne,1685,869,785,900,31,9,0.0,Droite,2017,présidentielle
35,326,Sens-de-Bretagne,1685,869,785,900,31,10,119.0,Extrême Droite,2017,présidentielle
35,329,Sougéal,413,204,201,212,8,0,3.0,Extrême Gauche,2017,présidentielle
35,329,Sougéal,413,204,201,212,8,1,14.0,Gauche,2017,présidentielle
35,329,Sougéal,413,204,201,212,8,2,15.0,Gauche,2017,présidentielle
35,329,Sougéal,413,204,201,212,8,3,1.0,Écologie,2017,présidentielle
35,329,Sougéal,413,204,201,212,8,4,0.0,Divers,2017,présidentielle
35,329,Sougéal,413,204,201,212,8,5,0.0,Divers,2017,présidentielle
35,329,Sougéal,413,204,201,212,8,6,1.0,Régionalisme,2017,présidentielle
35,329,Sougéal,413,204,201,212,8,7,56.0,Centre,2017,présidentielle
35,329,Sougéal,413,204,201,212,8,8,75.0,Droite,2017,présidentielle
35,329,Sougéal,413,204,201,212,8,9,1.0,Droite,2017,présidentielle
35,329,Sougéal,413,204,201,212,8,10,38.0,Extrême Droite,2017,présidentielle
35,336,Le Tiercent,158,84,72,86,2,0,1.0,Extrême Gauche,2017,présidentielle
35,336,Le Tiercent,158,84,72,86,2,1,15.0,Gauche,2017,présidentielle
35,336,Le Tiercent,158,84,72,86,2,2,10.0,Gauche,2017,présidentielle
35,336,Le Tiercent,158,84,72,86,2,3,0.0,Écologie,2017,présidentielle
35,336,Le Tiercent,158,84,72,86,2,4,0.0,Divers,2017,présidentielle
35,336,Le Tiercent,158,84,72,86,2,5,0.0,Divers,2017,présidentielle
35,336,Le Tiercent,158,84,72,86,2,6,3.0,Régionalisme,2017,présidentielle
35,336,Le Tiercent,158,84,72,86,2,7,18.0,Centre,2017,présidentielle
35,336,Le Tiercent,158,84,72,86,2,8,22.0,Droite,2017,présidentielle
35,336,Le Tiercent,158,84,72,86,2,9,0.0,Droite,2017,présidentielle
35,336,Le Tiercent,158,84,72,86,2,10,15.0,Extrême Droite,2017,présidentielle
35,339,Trans-la-Forêt,432,230,195,237,7,0,5.0,Extrême Gauche,2017,présidentielle
35,339,Trans-la-Forêt,432,230,195,237,7,1,14.0,Gauche,2017,présidentielle
35,339,Trans-la-Forêt,432,230,195,237,7,2,19.0,Gauche,2017,présidentielle
35,339,Trans-la-Forêt,432,230,195,237,7,3,6.0,Écologie,2017,présidentielle
35,339,Trans-la-Forêt,432,230,195,237,7,4,2.0,Divers,2017,présidentielle
35,339,Trans-la-Forêt,432,230,195,237,7,5,0.0,Divers,2017,présidentielle
35,339,Trans-la-Forêt,432,230,195,237,7,6,5.0,Régionalisme,2017,présidentielle
35,339,Trans-la-Forêt,432,230,195,237,7,7,67.0,Centre,2017,présidentielle
35,339,Trans-la-Forêt,432,230,195,237,7,8,80.0,Droite,2017,présidentielle
35,339,Trans-la-Forêt,432,230,195,237,7,9,6.0,Droite,2017,présidentielle
35,339,Trans-la-Forêt,432,230,195,237,7,10,26.0,Extrême Droite,2017,présidentielle
35,341,Tremblay,1034,530,489,545,15,0,3.0,Extrême Gauche,2017,présidentielle
35,341,Tremblay,1034,530,489,545,15,1,27.0,Gauche,2017,présidentielle
35,341,Tremblay,1034,530,489,545,15,2,43.0,Gauche,2017,présidentielle
35,341,Tremblay,1034,530,489,545,15,3,3.0,Écologie,2017,présidentielle
35,341,Tremblay,1034,530,489,545,15,4,2.0,Divers,2017,présidentielle
35,341,Tremblay,1034,530,489,545,15,5,0.0,Divers,2017,présidentielle
35,341,Tremblay,1034,530,489,545,15,6,6.0,Régionalisme,2017,présidentielle
35,341,Tremblay,1034,530,489,545,15,7,149.0,Centre,2017,présidentielle
35,341,Tremblay,1034,530,489,545,15,8,184.0,Droite,2017,présidentielle
35,341,Tremblay,1034,530,489,545,15,9,6.0,Droite,2017,présidentielle
35,341,Tremblay,1034,530,489,545,15,10,107.0,Extrême Droite,2017,présidentielle
35,348,Vendel,293,164,128,165,1,0,1.0,Extrême Gauche,2017,présidentielle
35,348,Vendel,293,164,128,165,1,1,9.0,Gauche,2017,présidentielle
35,348,Vendel,293,164,128,165,1,2,12.0,Gauche,2017,présidentielle
35,348,Vendel,293,164,128,165,1,3,1.0,Écologie,2017,présidentielle
35,348,Vendel,293,164,128,165,1,4,0.0,Divers,2017,présidentielle
35,348,Vendel,293,164,128,165,1,5,0.0,Divers,2017,présidentielle
35,348,Vendel,293,164,128,165,1,6,4.0,Régionalisme,2017,présidentielle
35,348,Vendel,293,164,128,165,1,7,25.0,Centre,2017,présidentielle
35,348,Vendel,293,164,128,165,1,8,96.0,Droite,2017,présidentielle
35,348,Vendel,293,164,128,165,1,9,0.0,Droite,2017,présidentielle
35,348,Vendel,293,164,128,165,1,10,16.0,Extrême Droite,2017,présidentielle
35,354,Vieux-Viel,232,120,109,123,3,0,0.0,Extrême Gauche,2017,présidentielle
35,354,Vieux-Viel,232,120,109,123,3,1,3.0,Gauche,2017,présidentielle
35,354,Vieux-Viel,232,120,109,123,3,2,7.0,Gauche,2017,présidentielle
35,354,Vieux-Viel,232,120,109,123,3,3,1.0,Écologie,2017,présidentielle
35,354,Vieux-Viel,232,120,109,123,3,4,0.0,Divers,2017,présidentielle
35,354,Vieux-Viel,232,120,109,123,3,5,0.0,Divers,2017,présidentielle
35,354,Vieux-Viel,232,120,109,123,3,6,2.0,Régionalisme,2017,présidentielle
35,354,Vieux-Viel,232,120,109,123,3,7,33.0,Centre,2017,présidentielle
35,354,Vieux-Viel,232,120,109,123,3,8,52.0,Droite,2017,présidentielle
35,354,Vieux-Viel,232,120,109,123,3,9,2.0,Droite,2017,présidentielle
35,354,Vieux-Viel,232,120,109,123,3,10,20.0,Extrême Droite,2017,présidentielle
35,355,Vieux-Vy-sur-Couesnon,875,490,376,499,9,0,3.0,Extrême Gauche,2017,présidentielle
35,355,Vieux-Vy-sur-Couesnon,875,490,376,499,9,1,44.0,Gauche,2017,présidentielle
35,355,Vieux-Vy-sur-Couesnon,875,490,376,499,9,2,53.0,Gauche,2017,présidentielle
35,355,Vieux-Vy-sur-Couesnon,875,490,376,499,9,3,9.0,Écologie,2017,présidentielle
35,355,Vieux-Vy-sur-Couesnon,875,490,376,499,9,4,0.0,Divers,2017,présidentielle
35,355,Vieux-Vy-sur-Couesnon,875,490,376,499,9,5,0.0,Divers,2017,présidentielle
35,355,Vieux-Vy-sur-Couesnon,875,490,376,499,9,6,5.0,Régionalisme,2017,présidentielle
35,355,Vieux-Vy-sur-Couesnon,875,490,376,499,9,7,139.0,Centre,2017,présidentielle
35,355,Vieux-Vy-sur-Couesnon,875,490,376,499,9,8,187.0,Droite,2017,présidentielle
35,355,Vieux-Vy-sur-Couesnon,875,490,376,499,9,9,0.0,Droite,2017,présidentielle
35,355,Vieux-Vy-sur-Couesnon,875,490,376,499,9,10,50.0,Extrême Droite,2017,présidentielle
35,357,Villamée,263,152,110,153,1,0,0.0,Extrême Gauche,2017,présidentielle
35,357,Villamée,263,152,110,153,1,1,5.0,Gauche,2017,présidentielle
35,357,Villamée,263,152,110,153,1,2,21.0,Gauche,2017,présidentielle
35,357,Villamée,263,152,110,153,1,3,3.0,Écologie,2017,présidentielle
35,357,Villamée,263,152,110,153,1,4,1.0,Divers,2017,présidentielle
35,357,Villamée,263,152,110,153,1,5,0.0,Divers,2017,présidentielle
35,357,Villamée,263,152,110,153,1,6,0.0,Régionalisme,2017,présidentielle
35,357,Villamée,263,152,110,153,1,7,18.0,Centre,2017,présidentielle
35,357,Villamée,263,152,110,153,1,8,79.0,Droite,2017,présidentielle
35,357,Villamée,263,152,110,153,1,9,1.0,Droite,2017,présidentielle
35,357,Villamée,263,152,110,153,1,10,24.0,Extrême Droite,2017,présidentielle
35,9,Baguer-Morvan,1157,620,525,632,12,0,2.0,Extrême Gauche,2017,présidentielle
35,9,Baguer-Morvan,1157,620,525,632,12,1,6.0,Extrême Gauche,2017,présidentielle
35,9,Baguer-Morvan,1157,620,525,632,12,2,41.0,Gauche,2017,présidentielle
35,9,Baguer-Morvan,1157,620,525,632,12,3,42.0,Gauche,2017,présidentielle
35,9,Baguer-Morvan,1157,620,525,632,12,4,2.0,Écologie,2017,présidentielle
35,9,Baguer-Morvan,1157,620,525,632,12,5,12.0,Écologie,2017,présidentielle
35,9,Baguer-Morvan,1157,620,525,632,12,6,0.0,Divers,2017,présidentielle
35,9,Baguer-Morvan,1157,620,525,632,12,7,2.0,Divers,2017,présidentielle
35,9,Baguer-Morvan,1157,620,525,632,12,8,6.0,Divers,2017,présidentielle
35,9,Baguer-Morvan,1157,620,525,632,12,9,1.0,Régionalisme,2017,présidentielle
35,9,Baguer-Morvan,1157,620,525,632,12,10,181.0,Centre,2017,présidentielle
35,9,Baguer-Morvan,1157,620,525,632,12,11,254.0,Droite,2017,présidentielle
35,9,Baguer-Morvan,1157,620,525,632,12,12,0.0,Droite,2017,présidentielle
35,9,Baguer-Morvan,1157,620,525,632,12,13,71.0,Extrême Droite,2017,présidentielle
35,10,Baguer-Pican,1108,555,538,570,15,0,1.0,Extrême Gauche,2017,présidentielle
35,10,Baguer-Pican,1108,555,538,570,15,1,15.0,Extrême Gauche,2017,présidentielle
35,10,Baguer-Pican,1108,555,538,570,15,2,38.0,Gauche,2017,présidentielle
35,10,Baguer-Pican,1108,555,538,570,15,3,44.0,Gauche,2017,présidentielle
35,10,Baguer-Pican,1108,555,538,570,15,4,2.0,Écologie,2017,présidentielle
35,10,Baguer-Pican,1108,555,538,570,15,5,5.0,Écologie,2017,présidentielle
35,10,Baguer-Pican,1108,555,538,570,15,6,0.0,Divers,2017,présidentielle
35,10,Baguer-Pican,1108,555,538,570,15,7,12.0,Divers,2017,présidentielle
35,10,Baguer-Pican,1108,555,538,570,15,8,4.0,Divers,2017,présidentielle
35,10,Baguer-Pican,1108,555,538,570,15,9,3.0,Régionalisme,2017,présidentielle
35,10,Baguer-Pican,1108,555,538,570,15,10,192.0,Centre,2017,présidentielle
35,10,Baguer-Pican,1108,555,538,570,15,11,179.0,Droite,2017,présidentielle
35,10,Baguer-Pican,1108,555,538,570,15,12,3.0,Droite,2017,présidentielle
35,10,Baguer-Pican,1108,555,538,570,15,13,57.0,Extrême Droite,2017,présidentielle
35,49,Cancale,4824,2525,2271,2553,28,0,6.0,Extrême Gauche,2017,présidentielle
35,49,Cancale,4824,2525,2271,2553,28,1,17.0,Extrême Gauche,2017,présidentielle
35,49,Cancale,4824,2525,2271,2553,28,2,155.0,Gauche,2017,présidentielle
35,49,Cancale,4824,2525,2271,2553,28,3,150.0,Gauche,2017,présidentielle
35,49,Cancale,4824,2525,2271,2553,28,4,17.0,Écologie,2017,présidentielle
35,49,Cancale,4824,2525,2271,2553,28,5,19.0,Écologie,2017,présidentielle
35,49,Cancale,4824,2525,2271,2553,28,6,4.0,Divers,2017,présidentielle
35,49,Cancale,4824,2525,2271,2553,28,7,25.0,Divers,2017,présidentielle
35,49,Cancale,4824,2525,2271,2553,28,8,14.0,Divers,2017,présidentielle
35,49,Cancale,4824,2525,2271,2553,28,9,21.0,Régionalisme,2017,présidentielle
35,49,Cancale,4824,2525,2271,2553,28,10,1021.0,Centre,2017,présidentielle
35,49,Cancale,4824,2525,2271,2553,28,11,858.0,Droite,2017,présidentielle
35,49,Cancale,4824,2525,2271,2553,28,12,25.0,Droite,2017,présidentielle
35,49,Cancale,4824,2525,2271,2553,28,13,193.0,Extrême Droite,2017,présidentielle
35,70,Châteauneuf-d'Ille-et-Vilaine,917,453,458,459,6,0,0.0,Extrême Gauche,2017,présidentielle
35,70,Châteauneuf-d'Ille-et-Vilaine,917,453,458,459,6,1,3.0,Extrême Gauche,2017,présidentielle
35,70,Châteauneuf-d'Ille-et-Vilaine,917,453,458,459,6,2,42.0,Gauche,2017,présidentielle
35,70,Châteauneuf-d'Ille-et-Vilaine,917,453,458,459,6,3,33.0,Gauche,2017,présidentielle
35,70,Châteauneuf-d'Ille-et-Vilaine,917,453,458,459,6,4,4.0,Écologie,2017,présidentielle
35,70,Châteauneuf-d'Ille-et-Vilaine,917,453,458,459,6,5,11.0,Écologie,2017,présidentielle
35,70,Châteauneuf-d'Ille-et-Vilaine,917,453,458,459,6,6,1.0,Divers,2017,présidentielle
35,70,Châteauneuf-d'Ille-et-Vilaine,917,453,458,459,6,7,9.0,Divers,2017,présidentielle
35,70,Châteauneuf-d'Ille-et-Vilaine,917,453,458,459,6,8,2.0,Divers,2017,présidentielle
35,70,Châteauneuf-d'Ille-et-Vilaine,917,453,458,459,6,9,3.0,Régionalisme,2017,présidentielle
35,70,Châteauneuf-d'Ille-et-Vilaine,917,453,458,459,6,10,154.0,Centre,2017,présidentielle
35,70,Châteauneuf-d'Ille-et-Vilaine,917,453,458,459,6,11,122.0,Droite,2017,présidentielle
35,70,Châteauneuf-d'Ille-et-Vilaine,917,453,458,459,6,12,9.0,Droite,2017,présidentielle
35,70,Châteauneuf-d'Ille-et-Vilaine,917,453,458,459,6,13,60.0,Extrême Droite,2017,présidentielle
35,78,Cherrueix,900,554,339,561,7,0,3.0,Extrême Gauche,2017,présidentielle
35,78,Cherrueix,900,554,339,561,7,1,2.0,Extrême Gauche,2017,présidentielle
35,78,Cherrueix,900,554,339,561,7,2,22.0,Gauche,2017,présidentielle
35,78,Cherrueix,900,554,339,561,7,3,27.0,Gauche,2017,présidentielle
35,78,Cherrueix,900,554,339,561,7,4,1.0,Écologie,2017,présidentielle
35,78,Cherrueix,900,554,339,561,7,5,3.0,Écologie,2017,présidentielle
35,78,Cherrueix,900,554,339,561,7,6,4.0,Divers,2017,présidentielle
35,78,Cherrueix,900,554,339,561,7,7,5.0,Divers,2017,présidentielle
35,78,Cherrueix,900,554,339,561,7,8,1.0,Divers,2017,présidentielle
35,78,Cherrueix,900,554,339,561,7,9,3.0,Régionalisme,2017,présidentielle
35,78,Cherrueix,900,554,339,561,7,10,128.0,Centre,2017,présidentielle
35,78,Cherrueix,900,554,339,561,7,11,314.0,Droite,2017,présidentielle
35,78,Cherrueix,900,554,339,561,7,12,2.0,Droite,2017,présidentielle
35,78,Cherrueix,900,554,339,561,7,13,39.0,Extrême Droite,2017,présidentielle
35,93,Dinard,8863,4973,3813,5050,77,0,18.0,Extrême Gauche,2017,présidentielle
35,93,Dinard,8863,4973,3813,5050,77,1,22.0,Extrême Gauche,2017,présidentielle
35,93,Dinard,8863,4973,3813,5050,77,2,286.0,Gauche,2017,présidentielle
35,93,Dinard,8863,4973,3813,5050,77,3,337.0,Gauche,2017,présidentielle
35,93,Dinard,8863,4973,3813,5050,77,4,56.0,Écologie,2017,présidentielle
35,93,Dinard,8863,4973,3813,5050,77,5,25.0,Écologie,2017,présidentielle
35,93,Dinard,8863,4973,3813,5050,77,6,3.0,Divers,2017,présidentielle
35,93,Dinard,8863,4973,3813,5050,77,7,73.0,Divers,2017,présidentielle
35,93,Dinard,8863,4973,3813,5050,77,8,23.0,Divers,2017,présidentielle
35,93,Dinard,8863,4973,3813,5050,77,9,24.0,Régionalisme,2017,présidentielle
35,93,Dinard,8863,4973,3813,5050,77,10,2031.0,Centre,2017,présidentielle
35,93,Dinard,8863,4973,3813,5050,77,11,1585.0,Droite,2017,présidentielle
35,93,Dinard,8863,4973,3813,5050,77,12,85.0,Droite,2017,présidentielle
35,93,Dinard,8863,4973,3813,5050,77,13,405.0,Extrême Droite,2017,présidentielle
35,95,Dol-de-Bretagne,4150,2136,1979,2171,35,0,11.0,Extrême Gauche,2017,présidentielle
35,95,Dol-de-Bretagne,4150,2136,1979,2171,35,1,19.0,Extrême Gauche,2017,présidentielle
35,95,Dol-de-Bretagne,4150,2136,1979,2171,35,2,151.0,Gauche,2017,présidentielle
35,95,Dol-de-Bretagne,4150,2136,1979,2171,35,3,208.0,Gauche,2017,présidentielle
35,95,Dol-de-Bretagne,4150,2136,1979,2171,35,4,13.0,Écologie,2017,présidentielle
35,95,Dol-de-Bretagne,4150,2136,1979,2171,35,5,19.0,Écologie,2017,présidentielle
35,95,Dol-de-Bretagne,4150,2136,1979,2171,35,6,2.0,Divers,2017,présidentielle
35,95,Dol-de-Bretagne,4150,2136,1979,2171,35,7,26.0,Divers,2017,présidentielle
35,95,Dol-de-Bretagne,4150,2136,1979,2171,35,8,9.0,Divers,2017,présidentielle
35,95,Dol-de-Bretagne,4150,2136,1979,2171,35,9,20.0,Régionalisme,2017,présidentielle
35,95,Dol-de-Bretagne,4150,2136,1979,2171,35,10,715.0,Centre,2017,présidentielle
35,95,Dol-de-Bretagne,4150,2136,1979,2171,35,11,703.0,Droite,2017,présidentielle
35,95,Dol-de-Bretagne,4150,2136,1979,2171,35,12,21.0,Droite,2017,présidentielle
35,95,Dol-de-Bretagne,4150,2136,1979,2171,35,13,219.0,Extrême Droite,2017,présidentielle
35,104,Epiniac,1045,619,414,631,12,0,6.0,Extrême Gauche,2017,présidentielle
35,104,Epiniac,1045,619,414,631,12,1,12.0,Extrême Gauche,2017,présidentielle
35,104,Epiniac,1045,619,414,631,12,2,39.0,Gauche,2017,présidentielle
35,104,Epiniac,1045,619,414,631,12,3,44.0,Gauche,2017,présidentielle
35,104,Epiniac,1045,619,414,631,12,4,3.0,Écologie,2017,présidentielle
35,104,Epiniac,1045,619,414,631,12,5,1.0,Écologie,2017,présidentielle
35,104,Epiniac,1045,619,414,631,12,6,0.0,Divers,2017,présidentielle
35,104,Epiniac,1045,619,414,631,12,7,12.0,Divers,2017,présidentielle
35,104,Epiniac,1045,619,414,631,12,8,1.0,Divers,2017,présidentielle
35,104,Epiniac,1045,619,414,631,12,9,3.0,Régionalisme,2017,présidentielle
35,104,Epiniac,1045,619,414,631,12,10,151.0,Centre,2017,présidentielle
35,104,Epiniac,1045,619,414,631,12,11,263.0,Droite,2017,présidentielle
35,104,Epiniac,1045,619,414,631,12,12,5.0,Droite,2017,présidentielle
35,104,Epiniac,1045,619,414,631,12,13,79.0,Extrême Droite,2017,présidentielle
35,116,La Fresnais,1733,859,854,879,20,0,5.0,Extrême Gauche,2017,présidentielle
35,116,La Fresnais,1733,859,854,879,20,1,5.0,Extrême Gauche,2017,présidentielle
35,116,La Fresnais,1733,859,854,879,20,2,76.0,Gauche,2017,présidentielle
35,116,La Fresnais,1733,859,854,879,20,3,42.0,Gauche,2017,présidentielle
35,116,La Fresnais,1733,859,854,879,20,4,7.0,Écologie,2017,présidentielle
35,116,La Fresnais,1733,859,854,879,20,5,11.0,Écologie,2017,présidentielle
35,116,La Fresnais,1733,859,854,879,20,6,1.0,Divers,2017,présidentielle
35,116,La Fresnais,1733,859,854,879,20,7,10.0,Divers,2017,présidentielle
35,116,La Fresnais,1733,859,854,879,20,8,9.0,Divers,2017,présidentielle
35,116,La Fresnais,1733,859,854,879,20,9,2.0,Régionalisme,2017,présidentielle
35,116,La Fresnais,1733,859,854,879,20,10,288.0,Centre,2017,présidentielle
35,116,La Fresnais,1733,859,854,879,20,11,307.0,Droite,2017,présidentielle
35,116,La Fresnais,1733,859,854,879,20,12,4.0,Droite,2017,présidentielle
35,116,La Fresnais,1733,859,854,879,20,13,92.0,Extrême Droite,2017,présidentielle
35,122,La Gouesnière,1355,720,620,735,15,0,5.0,Extrême Gauche,2017,présidentielle
35,122,La Gouesnière,1355,720,620,735,15,1,11.0,Extrême Gauche,2017,présidentielle
35,122,La Gouesnière,1355,720,620,735,15,2,59.0,Gauche,2017,présidentielle
35,122,La Gouesnière,1355,720,620,735,15,3,45.0,Gauche,2017,présidentielle
35,122,La Gouesnière,1355,720,620,735,15,4,4.0,Écologie,2017,présidentielle
35,122,La Gouesnière,1355,720,620,735,15,5,6.0,Écologie,2017,présidentielle
35,122,La Gouesnière,1355,720,620,735,15,6,5.0,Divers,2017,présidentielle
35,122,La Gouesnière,1355,720,620,735,15,7,10.0,Divers,2017,présidentielle
35,122,La Gouesnière,1355,720,620,735,15,8,1.0,Divers,2017,présidentielle
35,122,La Gouesnière,1355,720,620,735,15,9,6.0,Régionalisme,2017,présidentielle
35,122,La Gouesnière,1355,720,620,735,15,10,234.0,Centre,2017,présidentielle
35,122,La Gouesnière,1355,720,620,735,15,11,264.0,Droite,2017,présidentielle
35,122,La Gouesnière,1355,720,620,735,15,12,6.0,Droite,2017,présidentielle
35,122,La Gouesnière,1355,720,620,735,15,13,64.0,Extrême Droite,2017,présidentielle
35,132,Hirel,1100,611,475,625,14,0,0.0,Extrême Gauche,2017,présidentielle
35,132,Hirel,1100,611,475,625,14,1,5.0,Extrême Gauche,2017,présidentielle
35,132,Hirel,1100,611,475,625,14,2,34.0,Gauche,2017,présidentielle
35,132,Hirel,1100,611,475,625,14,3,60.0,Gauche,2017,présidentielle
35,132,Hirel,1100,611,475,625,14,4,11.0,Écologie,2017,présidentielle
35,132,Hirel,1100,611,475,625,14,5,2.0,Écologie,2017,présidentielle
35,132,Hirel,1100,611,475,625,14,6,0.0,Divers,2017,présidentielle
35,132,Hirel,1100,611,475,625,14,7,6.0,Divers,2017,présidentielle
35,132,Hirel,1100,611,475,625,14,8,2.0,Divers,2017,présidentielle
35,132,Hirel,1100,611,475,625,14,9,5.0,Régionalisme,2017,présidentielle
35,132,Hirel,1100,611,475,625,14,10,187.0,Centre,2017,présidentielle
35,132,Hirel,1100,611,475,625,14,11,227.0,Droite,2017,présidentielle
35,132,Hirel,1100,611,475,625,14,12,2.0,Droite,2017,présidentielle
35,132,Hirel,1100,611,475,625,14,13,70.0,Extrême Droite,2017,présidentielle
35,153,Lillemer,238,127,103,135,8,0,2.0,Extrême Gauche,2017,présidentielle
35,153,Lillemer,238,127,103,135,8,1,1.0,Extrême Gauche,2017,présidentielle
35,153,Lillemer,238,127,103,135,8,2,9.0,Gauche,2017,présidentielle
35,153,Lillemer,238,127,103,135,8,3,9.0,Gauche,2017,présidentielle
35,153,Lillemer,238,127,103,135,8,4,1.0,Écologie,2017,présidentielle
35,153,Lillemer,238,127,103,135,8,5,0.0,Écologie,2017,présidentielle
35,153,Lillemer,238,127,103,135,8,6,0.0,Divers,2017,présidentielle
35,153,Lillemer,238,127,103,135,8,7,1.0,Divers,2017,présidentielle
35,153,Lillemer,238,127,103,135,8,8,0.0,Divers,2017,présidentielle
35,153,Lillemer,238,127,103,135,8,9,1.0,Régionalisme,2017,présidentielle
35,153,Lillemer,238,127,103,135,8,10,31.0,Centre,2017,présidentielle
35,153,Lillemer,238,127,103,135,8,11,52.0,Droite,2017,présidentielle
35,153,Lillemer,238,127,103,135,8,12,1.0,Droite,2017,présidentielle
35,153,Lillemer,238,127,103,135,8,13,19.0,Extrême Droite,2017,présidentielle
35,179,Miniac-Morvan,2753,1265,1464,1289,24,0,3.0,Extrême Gauche,2017,présidentielle
35,179,Miniac-Morvan,2753,1265,1464,1289,24,1,13.0,Extrême Gauche,2017,présidentielle
35,179,Miniac-Morvan,2753,1265,1464,1289,24,2,109.0,Gauche,2017,présidentielle
35,179,Miniac-Morvan,2753,1265,1464,1289,24,3,76.0,Gauche,2017,présidentielle
35,179,Miniac-Morvan,2753,1265,1464,1289,24,4,15.0,Écologie,2017,présidentielle
35,179,Miniac-Morvan,2753,1265,1464,1289,24,5,20.0,Écologie,2017,présidentielle
35,179,Miniac-Morvan,2753,1265,1464,1289,24,6,1.0,Divers,2017,présidentielle
35,179,Miniac-Morvan,2753,1265,1464,1289,24,7,12.0,Divers,2017,présidentielle
35,179,Miniac-Morvan,2753,1265,1464,1289,24,8,4.0,Divers,2017,présidentielle
35,179,Miniac-Morvan,2753,1265,1464,1289,24,9,10.0,Régionalisme,2017,présidentielle
35,179,Miniac-Morvan,2753,1265,1464,1289,24,10,420.0,Centre,2017,présidentielle
35,179,Miniac-Morvan,2753,1265,1464,1289,24,11,389.0,Droite,2017,présidentielle
35,179,Miniac-Morvan,2753,1265,1464,1289,24,12,6.0,Droite,2017,présidentielle
35,179,Miniac-Morvan,2753,1265,1464,1289,24,13,187.0,Extrême Droite,2017,présidentielle
35,181,Le Minihic-sur-Rance,1145,719,424,721,2,0,1.0,Extrême Gauche,2017,présidentielle
35,181,Le Minihic-sur-Rance,1145,719,424,721,2,1,4.0,Extrême Gauche,2017,présidentielle
35,181,Le Minihic-sur-Rance,1145,719,424,721,2,2,53.0,Gauche,2017,présidentielle
35,181,Le Minihic-sur-Rance,1145,719,424,721,2,3,70.0,Gauche,2017,présidentielle
35,181,Le Minihic-sur-Rance,1145,719,424,721,2,4,5.0,Écologie,2017,présidentielle
35,181,Le Minihic-sur-Rance,1145,719,424,721,2,5,5.0,Écologie,2017,présidentielle
35,181,Le Minihic-sur-Rance,1145,719,424,721,2,6,0.0,Divers,2017,présidentielle
35,181,Le Minihic-sur-Rance,1145,719,424,721,2,7,6.0,Divers,2017,présidentielle
35,181,Le Minihic-sur-Rance,1145,719,424,721,2,8,2.0,Divers,2017,présidentielle
35,181,Le Minihic-sur-Rance,1145,719,424,721,2,9,9.0,Régionalisme,2017,présidentielle
35,181,Le Minihic-sur-Rance,1145,719,424,721,2,10,331.0,Centre,2017,présidentielle
35,181,Le Minihic-sur-Rance,1145,719,424,721,2,11,189.0,Droite,2017,présidentielle
35,181,Le Minihic-sur-Rance,1145,719,424,721,2,12,5.0,Droite,2017,présidentielle
35,181,Le Minihic-sur-Rance,1145,719,424,721,2,13,39.0,Extrême Droite,2017,présidentielle
35,186,Mont-Dol,878,480,389,489,9,0,2.0,Extrême Gauche,2017,présidentielle
35,186,Mont-Dol,878,480,389,489,9,1,2.0,Extrême Gauche,2017,présidentielle
35,186,Mont-Dol,878,480,389,489,9,2,34.0,Gauche,2017,présidentielle
35,186,Mont-Dol,878,480,389,489,9,3,42.0,Gauche,2017,présidentielle
35,186,Mont-Dol,878,480,389,489,9,4,3.0,Écologie,2017,présidentielle
35,186,Mont-Dol,878,480,389,489,9,5,1.0,Écologie,2017,présidentielle
35,186,Mont-Dol,878,480,389,489,9,6,0.0,Divers,2017,présidentielle
35,186,Mont-Dol,878,480,389,489,9,7,5.0,Divers,2017,présidentielle
35,186,Mont-Dol,878,480,389,489,9,8,3.0,Divers,2017,présidentielle
35,186,Mont-Dol,878,480,389,489,9,9,1.0,Régionalisme,2017,présidentielle
35,186,Mont-Dol,878,480,389,489,9,10,156.0,Centre,2017,présidentielle
35,186,Mont-Dol,878,480,389,489,9,11,168.0,Droite,2017,présidentielle
35,186,Mont-Dol,878,480,389,489,9,12,0.0,Droite,2017,présidentielle
35,186,Mont-Dol,878,480,389,489,9,13,63.0,Extrême Droite,2017,présidentielle
35,224,Plerguer,2024,1023,984,1040,17,0,6.0,Extrême Gauche,2017,présidentielle
35,224,Plerguer,2024,1023,984,1040,17,1,9.0,Extrême Gauche,2017,présidentielle
35,224,Plerguer,2024,1023,984,1040,17,2,62.0,Gauche,2017,présidentielle
35,224,Plerguer,2024,1023,984,1040,17,3,66.0,Gauche,2017,présidentielle
35,224,Plerguer,2024,1023,984,1040,17,4,11.0,Écologie,2017,présidentielle
35,224,Plerguer,2024,1023,984,1040,17,5,14.0,Écologie,2017,présidentielle
35,224,Plerguer,2024,1023,984,1040,17,6,0.0,Divers,2017,présidentielle
35,224,Plerguer,2024,1023,984,1040,17,7,11.0,Divers,2017,présidentielle
35,224,Plerguer,2024,1023,984,1040,17,8,3.0,Divers,2017,présidentielle
35,224,Plerguer,2024,1023,984,1040,17,9,8.0,Régionalisme,2017,présidentielle
35,224,Plerguer,2024,1023,984,1040,17,10,308.0,Centre,2017,présidentielle
35,224,Plerguer,2024,1023,984,1040,17,11,400.0,Droite,2017,présidentielle
35,224,Plerguer,2024,1023,984,1040,17,12,2.0,Droite,2017,présidentielle
35,224,Plerguer,2024,1023,984,1040,17,13,123.0,Extrême Droite,2017,présidentielle
35,228,Pleurtuit,5331,2651,2621,2710,59,0,8.0,Extrême Gauche,2017,présidentielle
35,228,Pleurtuit,5331,2651,2621,2710,59,1,24.0,Extrême Gauche,2017,présidentielle
35,228,Pleurtuit,5331,2651,2621,2710,59,2,209.0,Gauche,2017,présidentielle
35,228,Pleurtuit,5331,2651,2621,2710,59,3,188.0,Gauche,2017,présidentielle
35,228,Pleurtuit,5331,2651,2621,2710,59,4,22.0,Écologie,2017,présidentielle
35,228,Pleurtuit,5331,2651,2621,2710,59,5,19.0,Écologie,2017,présidentielle
35,228,Pleurtuit,5331,2651,2621,2710,59,6,0.0,Divers,2017,présidentielle
35,228,Pleurtuit,5331,2651,2621,2710,59,7,51.0,Divers,2017,présidentielle
35,228,Pleurtuit,5331,2651,2621,2710,59,8,19.0,Divers,2017,présidentielle
35,228,Pleurtuit,5331,2651,2621,2710,59,9,25.0,Régionalisme,2017,présidentielle
35,228,Pleurtuit,5331,2651,2621,2710,59,10,1135.0,Centre,2017,présidentielle
35,228,Pleurtuit,5331,2651,2621,2710,59,11,638.0,Droite,2017,présidentielle
35,228,Pleurtuit,5331,2651,2621,2710,59,12,33.0,Droite,2017,présidentielle
35,228,Pleurtuit,5331,2651,2621,2710,59,13,280.0,Extrême Droite,2017,présidentielle
35,241,La Richardais,2018,1148,856,1162,14,0,4.0,Extrême Gauche,2017,présidentielle
35,241,La Richardais,2018,1148,856,1162,14,1,9.0,Extrême Gauche,2017,présidentielle
35,241,La Richardais,2018,1148,856,1162,14,2,86.0,Gauche,2017,présidentielle
35,241,La Richardais,2018,1148,856,1162,14,3,96.0,Gauche,2017,présidentielle
35,241,La Richardais,2018,1148,856,1162,14,4,15.0,Écologie,2017,présidentielle
35,241,La Richardais,2018,1148,856,1162,14,5,12.0,Écologie,2017,présidentielle
35,241,La Richardais,2018,1148,856,1162,14,6,0.0,Divers,2017,présidentielle
35,241,La Richardais,2018,1148,856,1162,14,7,16.0,Divers,2017,présidentielle
35,241,La Richardais,2018,1148,856,1162,14,8,9.0,Divers,2017,présidentielle
35,241,La Richardais,2018,1148,856,1162,14,9,19.0,Régionalisme,2017,présidentielle
35,241,La Richardais,2018,1148,856,1162,14,10,501.0,Centre,2017,présidentielle
35,241,La Richardais,2018,1148,856,1162,14,11,269.0,Droite,2017,présidentielle
35,241,La Richardais,2018,1148,856,1162,14,12,12.0,Droite,2017,présidentielle
35,241,La Richardais,2018,1148,856,1162,14,13,100.0,Extrême Droite,2017,présidentielle
35,246,Roz-Landrieux,984,509,455,529,20,0,4.0,Extrême Gauche,2017,présidentielle
35,246,Roz-Landrieux,984,509,455,529,20,1,9.0,Extrême Gauche,2017,présidentielle
35,246,Roz-Landrieux,984,509,455,529,20,2,42.0,Gauche,2017,présidentielle
35,246,Roz-Landrieux,984,509,455,529,20,3,49.0,Gauche,2017,présidentielle
35,246,Roz-Landrieux,984,509,455,529,20,4,2.0,Écologie,2017,présidentielle
35,246,Roz-Landrieux,984,509,455,529,20,5,3.0,Écologie,2017,présidentielle
35,246,Roz-Landrieux,984,509,455,529,20,6,0.0,Divers,2017,présidentielle
35,246,Roz-Landrieux,984,509,455,529,20,7,3.0,Divers,2017,présidentielle
35,246,Roz-Landrieux,984,509,455,529,20,8,2.0,Divers,2017,présidentielle
35,246,Roz-Landrieux,984,509,455,529,20,9,3.0,Régionalisme,2017,présidentielle
35,246,Roz-Landrieux,984,509,455,529,20,10,173.0,Centre,2017,présidentielle
35,246,Roz-Landrieux,984,509,455,529,20,11,159.0,Droite,2017,présidentielle
35,246,Roz-Landrieux,984,509,455,529,20,12,2.0,Droite,2017,présidentielle
35,246,Roz-Landrieux,984,509,455,529,20,13,58.0,Extrême Droite,2017,présidentielle
35,255,Saint-Benoît-des-Ondes,814,444,365,449,5,0,1.0,Extrême Gauche,2017,présidentielle
35,255,Saint-Benoît-des-Ondes,814,444,365,449,5,1,2.0,Extrême Gauche,2017,présidentielle
35,255,Saint-Benoît-des-Ondes,814,444,365,449,5,2,24.0,Gauche,2017,présidentielle
35,255,Saint-Benoît-des-Ondes,814,444,365,449,5,3,24.0,Gauche,2017,présidentielle
35,255,Saint-Benoît-des-Ondes,814,444,365,449,5,4,4.0,Écologie,2017,présidentielle
35,255,Saint-Benoît-des-Ondes,814,444,365,449,5,5,0.0,Écologie,2017,présidentielle
35,255,Saint-Benoît-des-Ondes,814,444,365,449,5,6,28.0,Divers,2017,présidentielle
35,255,Saint-Benoît-des-Ondes,814,444,365,449,5,7,6.0,Divers,2017,présidentielle
35,255,Saint-Benoît-des-Ondes,814,444,365,449,5,8,0.0,Divers,2017,présidentielle
35,255,Saint-Benoît-des-Ondes,814,444,365,449,5,9,7.0,Régionalisme,2017,présidentielle
35,255,Saint-Benoît-des-Ondes,814,444,365,449,5,10,163.0,Centre,2017,présidentielle
35,255,Saint-Benoît-des-Ondes,814,444,365,449,5,11,143.0,Droite,2017,présidentielle
35,255,Saint-Benoît-des-Ondes,814,444,365,449,5,12,2.0,Droite,2017,présidentielle
35,255,Saint-Benoît-des-Ondes,814,444,365,449,5,13,40.0,Extrême Droite,2017,présidentielle
35,256,Saint-Briac-sur-Mer,2194,1348,834,1360,12,0,3.0,Extrême Gauche,2017,présidentielle
35,256,Saint-Briac-sur-Mer,2194,1348,834,1360,12,1,8.0,Extrême Gauche,2017,présidentielle
35,256,Saint-Briac-sur-Mer,2194,1348,834,1360,12,2,64.0,Gauche,2017,présidentielle
35,256,Saint-Briac-sur-Mer,2194,1348,834,1360,12,3,99.0,Gauche,2017,présidentielle
35,256,Saint-Briac-sur-Mer,2194,1348,834,1360,12,4,10.0,Écologie,2017,présidentielle
35,256,Saint-Briac-sur-Mer,2194,1348,834,1360,12,5,11.0,Écologie,2017,présidentielle
35,256,Saint-Briac-sur-Mer,2194,1348,834,1360,12,6,1.0,Divers,2017,présidentielle
35,256,Saint-Briac-sur-Mer,2194,1348,834,1360,12,7,12.0,Divers,2017,présidentielle
35,256,Saint-Briac-sur-Mer,2194,1348,834,1360,12,8,10.0,Divers,2017,présidentielle
35,256,Saint-Briac-sur-Mer,2194,1348,834,1360,12,9,5.0,Régionalisme,2017,présidentielle
35,256,Saint-Briac-sur-Mer,2194,1348,834,1360,12,10,610.0,Centre,2017,présidentielle
35,256,Saint-Briac-sur-Mer,2194,1348,834,1360,12,11,447.0,Droite,2017,présidentielle
35,256,Saint-Briac-sur-Mer,2194,1348,834,1360,12,12,11.0,Droite,2017,présidentielle
35,256,Saint-Briac-sur-Mer,2194,1348,834,1360,12,13,57.0,Extrême Droite,2017,présidentielle
35,263,Saint-Coulomb,2414,1355,1041,1373,18,0,4.0,Extrême Gauche,2017,présidentielle
35,263,Saint-Coulomb,2414,1355,1041,1373,18,1,8.0,Extrême Gauche,2017,présidentielle
35,263,Saint-Coulomb,2414,1355,1041,1373,18,2,68.0,Gauche,2017,présidentielle
35,263,Saint-Coulomb,2414,1355,1041,1373,18,3,85.0,Gauche,2017,présidentielle
35,263,Saint-Coulomb,2414,1355,1041,1373,18,4,14.0,Écologie,2017,présidentielle
35,263,Saint-Coulomb,2414,1355,1041,1373,18,5,7.0,Écologie,2017,présidentielle
35,263,Saint-Coulomb,2414,1355,1041,1373,18,6,1.0,Divers,2017,présidentielle
35,263,Saint-Coulomb,2414,1355,1041,1373,18,7,14.0,Divers,2017,présidentielle
35,263,Saint-Coulomb,2414,1355,1041,1373,18,8,3.0,Divers,2017,présidentielle
35,263,Saint-Coulomb,2414,1355,1041,1373,18,9,9.0,Régionalisme,2017,présidentielle
35,263,Saint-Coulomb,2414,1355,1041,1373,18,10,532.0,Centre,2017,présidentielle
35,263,Saint-Coulomb,2414,1355,1041,1373,18,11,478.0,Droite,2017,présidentielle
35,263,Saint-Coulomb,2414,1355,1041,1373,18,12,12.0,Droite,2017,présidentielle
35,263,Saint-Coulomb,2414,1355,1041,1373,18,13,120.0,Extrême Droite,2017,présidentielle
35,279,Saint-Guinoux,833,428,395,438,10,0,0.0,Extrême Gauche,2017,présidentielle
35,279,Saint-Guinoux,833,428,395,438,10,1,3.0,Extrême Gauche,2017,présidentielle
35,279,Saint-Guinoux,833,428,395,438,10,2,45.0,Gauche,2017,présidentielle
35,279,Saint-Guinoux,833,428,395,438,10,3,20.0,Gauche,2017,présidentielle
35,279,Saint-Guinoux,833,428,395,438,10,4,4.0,Écologie,2017,présidentielle
35,279,Saint-Guinoux,833,428,395,438,10,5,0.0,Écologie,2017,présidentielle
35,279,Saint-Guinoux,833,428,395,438,10,6,0.0,Divers,2017,présidentielle
35,279,Saint-Guinoux,833,428,395,438,10,7,8.0,Divers,2017,présidentielle
35,279,Saint-Guinoux,833,428,395,438,10,8,0.0,Divers,2017,présidentielle
35,279,Saint-Guinoux,833,428,395,438,10,9,4.0,Régionalisme,2017,présidentielle
35,279,Saint-Guinoux,833,428,395,438,10,10,124.0,Centre,2017,présidentielle
35,279,Saint-Guinoux,833,428,395,438,10,11,153.0,Droite,2017,présidentielle
35,279,Saint-Guinoux,833,428,395,438,10,12,20.0,Droite,2017,présidentielle
35,279,Saint-Guinoux,833,428,395,438,10,13,47.0,Extrême Droite,2017,présidentielle
35,284,Saint-Jouan-des-Guérets,2364,1330,1018,1346,16,0,6.0,Extrême Gauche,2017,présidentielle
35,284,Saint-Jouan-des-Guérets,2364,1330,1018,1346,16,1,10.0,Extrême Gauche,2017,présidentielle
35,284,Saint-Jouan-des-Guérets,2364,1330,1018,1346,16,2,90.0,Gauche,2017,présidentielle
35,284,Saint-Jouan-des-Guérets,2364,1330,1018,1346,16,3,89.0,Gauche,2017,présidentielle
35,284,Saint-Jouan-des-Guérets,2364,1330,1018,1346,16,4,9.0,Écologie,2017,présidentielle
35,284,Saint-Jouan-des-Guérets,2364,1330,1018,1346,16,5,4.0,Écologie,2017,présidentielle
35,284,Saint-Jouan-des-Guérets,2364,1330,1018,1346,16,6,0.0,Divers,2017,présidentielle
35,284,Saint-Jouan-des-Guérets,2364,1330,1018,1346,16,7,15.0,Divers,2017,présidentielle
35,284,Saint-Jouan-des-Guérets,2364,1330,1018,1346,16,8,5.0,Divers,2017,présidentielle
35,284,Saint-Jouan-des-Guérets,2364,1330,1018,1346,16,9,14.0,Régionalisme,2017,présidentielle
35,284,Saint-Jouan-des-Guérets,2364,1330,1018,1346,16,10,483.0,Centre,2017,présidentielle
35,284,Saint-Jouan-des-Guérets,2364,1330,1018,1346,16,11,490.0,Droite,2017,présidentielle
35,284,Saint-Jouan-des-Guérets,2364,1330,1018,1346,16,12,10.0,Droite,2017,présidentielle
35,284,Saint-Jouan-des-Guérets,2364,1330,1018,1346,16,13,105.0,Extrême Droite,2017,présidentielle
35,287,Saint-Lunaire,2167,1369,771,1396,27,0,3.0,Extrême Gauche,2017,présidentielle
35,287,Saint-Lunaire,2167,1369,771,1396,27,1,11.0,Extrême Gauche,2017,présidentielle
35,287,Saint-Lunaire,2167,1369,771,1396,27,2,82.0,Gauche,2017,présidentielle
35,287,Saint-Lunaire,2167,1369,771,1396,27,3,132.0,Gauche,2017,présidentielle
35,287,Saint-Lunaire,2167,1369,771,1396,27,4,13.0,Écologie,2017,présidentielle
35,287,Saint-Lunaire,2167,1369,771,1396,27,5,11.0,Écologie,2017,présidentielle
35,287,Saint-Lunaire,2167,1369,771,1396,27,6,0.0,Divers,2017,présidentielle
35,287,Saint-Lunaire,2167,1369,771,1396,27,7,16.0,Divers,2017,présidentielle
35,287,Saint-Lunaire,2167,1369,771,1396,27,8,2.0,Divers,2017,présidentielle
35,287,Saint-Lunaire,2167,1369,771,1396,27,9,12.0,Régionalisme,2017,présidentielle
35,287,Saint-Lunaire,2167,1369,771,1396,27,10,582.0,Centre,2017,présidentielle
35,287,Saint-Lunaire,2167,1369,771,1396,27,11,386.0,Droite,2017,présidentielle
35,287,Saint-Lunaire,2167,1369,771,1396,27,12,20.0,Droite,2017,présidentielle
35,287,Saint-Lunaire,2167,1369,771,1396,27,13,99.0,Extrême Droite,2017,présidentielle
35,288,Saint-Malo,37499,20239,17018,20481,242,0,97.0,Extrême Gauche,2017,présidentielle
35,288,Saint-Malo,37499,20239,17018,20481,242,1,118.0,Extrême Gauche,2017,présidentielle
35,288,Saint-Malo,37499,20239,17018,20481,242,2,1421.0,Gauche,2017,présidentielle
35,288,Saint-Malo,37499,20239,17018,20481,242,3,1647.0,Gauche,2017,présidentielle
35,288,Saint-Malo,37499,20239,17018,20481,242,4,163.0,Écologie,2017,présidentielle
35,288,Saint-Malo,37499,20239,17018,20481,242,5,74.0,Écologie,2017,présidentielle
35,288,Saint-Malo,37499,20239,17018,20481,242,6,33.0,Divers,2017,présidentielle
35,288,Saint-Malo,37499,20239,17018,20481,242,7,287.0,Divers,2017,présidentielle
35,288,Saint-Malo,37499,20239,17018,20481,242,8,90.0,Divers,2017,présidentielle
35,288,Saint-Malo,37499,20239,17018,20481,242,9,149.0,Régionalisme,2017,présidentielle
35,288,Saint-Malo,37499,20239,17018,20481,242,10,7146.0,Centre,2017,présidentielle
35,288,Saint-Malo,37499,20239,17018,20481,242,11,7639.0,Droite,2017,présidentielle
35,288,Saint-Malo,37499,20239,17018,20481,242,12,162.0,Droite,2017,présidentielle
35,288,Saint-Malo,37499,20239,17018,20481,242,13,1213.0,Extrême Droite,2017,présidentielle
35,299,Saint-Méloir-des-Ondes,3262,1682,1566,1696,14,0,4.0,Extrême Gauche,2017,présidentielle
35,299,Saint-Méloir-des-Ondes,3262,1682,1566,1696,14,1,12.0,Extrême Gauche,2017,présidentielle
35,299,Saint-Méloir-des-Ondes,3262,1682,1566,1696,14,2,112.0,Gauche,2017,présidentielle
35,299,Saint-Méloir-des-Ondes,3262,1682,1566,1696,14,3,110.0,Gauche,2017,présidentielle
35,299,Saint-Méloir-des-Ondes,3262,1682,1566,1696,14,4,15.0,Écologie,2017,présidentielle
35,299,Saint-Méloir-des-Ondes,3262,1682,1566,1696,14,5,3.0,Écologie,2017,présidentielle
35,299,Saint-Méloir-des-Ondes,3262,1682,1566,1696,14,6,5.0,Divers,2017,présidentielle
35,299,Saint-Méloir-des-Ondes,3262,1682,1566,1696,14,7,22.0,Divers,2017,présidentielle
35,299,Saint-Méloir-des-Ondes,3262,1682,1566,1696,14,8,13.0,Divers,2017,présidentielle
35,299,Saint-Méloir-des-Ondes,3262,1682,1566,1696,14,9,7.0,Régionalisme,2017,présidentielle
35,299,Saint-Méloir-des-Ondes,3262,1682,1566,1696,14,10,606.0,Centre,2017,présidentielle
35,299,Saint-Méloir-des-Ondes,3262,1682,1566,1696,14,11,590.0,Droite,2017,présidentielle
35,299,Saint-Méloir-des-Ondes,3262,1682,1566,1696,14,12,12.0,Droite,2017,présidentielle
35,299,Saint-Méloir-des-Ondes,3262,1682,1566,1696,14,13,171.0,Extrême Droite,2017,présidentielle
35,306,Saint-Père,1851,963,871,980,17,0,1.0,Extrême Gauche,2017,présidentielle
35,306,Saint-Père,1851,963,871,980,17,1,13.0,Extrême Gauche,2017,présidentielle
35,306,Saint-Père,1851,963,871,980,17,2,96.0,Gauche,2017,présidentielle
35,306,Saint-Père,1851,963,871,980,17,3,77.0,Gauche,2017,présidentielle
35,306,Saint-Père,1851,963,871,980,17,4,11.0,Écologie,2017,présidentielle
35,306,Saint-Père,1851,963,871,980,17,5,4.0,Écologie,2017,présidentielle
35,306,Saint-Père,1851,963,871,980,17,6,0.0,Divers,2017,présidentielle
35,306,Saint-Père,1851,963,871,980,17,7,14.0,Divers,2017,présidentielle
35,306,Saint-Père,1851,963,871,980,17,8,1.0,Divers,2017,présidentielle
35,306,Saint-Père,1851,963,871,980,17,9,8.0,Régionalisme,2017,présidentielle
35,306,Saint-Père,1851,963,871,980,17,10,333.0,Centre,2017,présidentielle
35,306,Saint-Père,1851,963,871,980,17,11,315.0,Droite,2017,présidentielle
35,306,Saint-Père,1851,963,871,980,17,12,9.0,Droite,2017,présidentielle
35,306,Saint-Père,1851,963,871,980,17,13,81.0,Extrême Droite,2017,présidentielle
35,314,Saint-Suliac,846,524,312,534,10,0,1.0,Extrême Gauche,2017,présidentielle
35,314,Saint-Suliac,846,524,312,534,10,1,9.0,Extrême Gauche,2017,présidentielle
35,314,Saint-Suliac,846,524,312,534,10,2,36.0,Gauche,2017,présidentielle
35,314,Saint-Suliac,846,524,312,534,10,3,33.0,Gauche,2017,présidentielle
35,314,Saint-Suliac,846,524,312,534,10,4,4.0,Écologie,2017,présidentielle
35,314,Saint-Suliac,846,524,312,534,10,5,1.0,Écologie,2017,présidentielle
35,314,Saint-Suliac,846,524,312,534,10,6,2.0,Divers,2017,présidentielle
35,314,Saint-Suliac,846,524,312,534,10,7,9.0,Divers,2017,présidentielle
35,314,Saint-Suliac,846,524,312,534,10,8,1.0,Divers,2017,présidentielle
35,314,Saint-Suliac,846,524,312,534,10,9,6.0,Régionalisme,2017,présidentielle
35,314,Saint-Suliac,846,524,312,534,10,10,242.0,Centre,2017,présidentielle
35,314,Saint-Suliac,846,524,312,534,10,11,160.0,Droite,2017,présidentielle
35,314,Saint-Suliac,846,524,312,534,10,12,2.0,Droite,2017,présidentielle
35,314,Saint-Suliac,846,524,312,534,10,13,18.0,Extrême Droite,2017,présidentielle
35,358,La Ville-ès-Nonais,824,472,350,474,2,0,2.0,Extrême Gauche,2017,présidentielle
35,358,La Ville-ès-Nonais,824,472,350,474,2,1,5.0,Extrême Gauche,2017,présidentielle
35,358,La Ville-ès-Nonais,824,472,350,474,2,2,31.0,Gauche,2017,présidentielle
35,358,La Ville-ès-Nonais,824,472,350,474,2,3,35.0,Gauche,2017,présidentielle
35,358,La Ville-ès-Nonais,824,472,350,474,2,4,5.0,Écologie,2017,présidentielle
35,358,La Ville-ès-Nonais,824,472,350,474,2,5,1.0,Écologie,2017,présidentielle
35,358,La Ville-ès-Nonais,824,472,350,474,2,6,0.0,Divers,2017,présidentielle
35,358,La Ville-ès-Nonais,824,472,350,474,2,7,11.0,Divers,2017,présidentielle
35,358,La Ville-ès-Nonais,824,472,350,474,2,8,1.0,Divers,2017,présidentielle
35,358,La Ville-ès-Nonais,824,472,350,474,2,9,4.0,Régionalisme,2017,présidentielle
35,358,La Ville-ès-Nonais,824,472,350,474,2,10,172.0,Centre,2017,présidentielle
35,358,La Ville-ès-Nonais,824,472,350,474,2,11,165.0,Droite,2017,présidentielle
35,358,La Ville-ès-Nonais,824,472,350,474,2,12,5.0,Droite,2017,présidentielle
35,358,La Ville-ès-Nonais,824,472,350,474,2,13,35.0,Extrême Droite,2017,présidentielle
35,361,Le Vivier-sur-Mer,837,436,394,443,7,0,3.0,Extrême Gauche,2017,présidentielle
35,361,Le Vivier-sur-Mer,837,436,394,443,7,1,2.0,Extrême Gauche,2017,présidentielle
35,361,Le Vivier-sur-Mer,837,436,394,443,7,2,21.0,Gauche,2017,présidentielle
35,361,Le Vivier-sur-Mer,837,436,394,443,7,3,31.0,Gauche,2017,présidentielle
35,361,Le Vivier-sur-Mer,837,436,394,443,7,4,1.0,Écologie,2017,présidentielle
35,361,Le Vivier-sur-Mer,837,436,394,443,7,5,1.0,Écologie,2017,présidentielle
35,361,Le Vivier-sur-Mer,837,436,394,443,7,6,0.0,Divers,2017,présidentielle
35,361,Le Vivier-sur-Mer,837,436,394,443,7,7,1.0,Divers,2017,présidentielle
35,361,Le Vivier-sur-Mer,837,436,394,443,7,8,1.0,Divers,2017,présidentielle
35,361,Le Vivier-sur-Mer,837,436,394,443,7,9,0.0,Régionalisme,2017,présidentielle
35,361,Le Vivier-sur-Mer,837,436,394,443,7,10,142.0,Centre,2017,présidentielle
35,361,Le Vivier-sur-Mer,837,436,394,443,7,11,202.0,Droite,2017,présidentielle
35,361,Le Vivier-sur-Mer,837,436,394,443,7,12,1.0,Droite,2017,présidentielle
35,361,Le Vivier-sur-Mer,837,436,394,443,7,13,30.0,Extrême Droite,2017,présidentielle
35,362,Le Tronchet,712,415,285,427,12,0,0.0,Extrême Gauche,2017,présidentielle
35,362,Le Tronchet,712,415,285,427,12,1,9.0,Extrême Gauche,2017,présidentielle
35,362,Le Tronchet,712,415,285,427,12,2,35.0,Gauche,2017,présidentielle
35,362,Le Tronchet,712,415,285,427,12,3,34.0,Gauche,2017,présidentielle
35,362,Le Tronchet,712,415,285,427,12,4,0.0,Écologie,2017,présidentielle
35,362,Le Tronchet,712,415,285,427,12,5,6.0,Écologie,2017,présidentielle
35,362,Le Tronchet,712,415,285,427,12,6,2.0,Divers,2017,présidentielle
35,362,Le Tronchet,712,415,285,427,12,7,5.0,Divers,2017,présidentielle
35,362,Le Tronchet,712,415,285,427,12,8,2.0,Divers,2017,présidentielle
35,362,Le Tronchet,712,415,285,427,12,9,2.0,Régionalisme,2017,présidentielle
35,362,Le Tronchet,712,415,285,427,12,10,133.0,Centre,2017,présidentielle
35,362,Le Tronchet,712,415,285,427,12,11,133.0,Droite,2017,présidentielle
35,362,Le Tronchet,712,415,285,427,12,12,2.0,Droite,2017,présidentielle
35,362,Le Tronchet,712,415,285,427,12,13,52.0,Extrême Droite,2017,présidentielle
35,76,Chavagne,3149,1747,1381,1768,21,0,9.0,Extrême Gauche,2017,présidentielle
35,76,Chavagne,3149,1747,1381,1768,21,1,7.0,Extrême Gauche,2017,présidentielle
35,76,Chavagne,3149,1747,1381,1768,21,2,16.0,Gauche,2017,présidentielle
35,76,Chavagne,3149,1747,1381,1768,21,3,228.0,Gauche,2017,présidentielle
35,76,Chavagne,3149,1747,1381,1768,21,4,244.0,Gauche,2017,présidentielle
35,76,Chavagne,3149,1747,1381,1768,21,5,4.0,Gauche,2017,présidentielle
35,76,Chavagne,3149,1747,1381,1768,21,6,82.0,Écologie,2017,présidentielle
35,76,Chavagne,3149,1747,1381,1768,21,7,17.0,Écologie,2017,présidentielle
35,76,Chavagne,3149,1747,1381,1768,21,8,12.0,Écologie,2017,présidentielle
35,76,Chavagne,3149,1747,1381,1768,21,9,9.0,Écologie,2017,présidentielle
35,76,Chavagne,3149,1747,1381,1768,21,10,9.0,Divers,2017,présidentielle
35,76,Chavagne,3149,1747,1381,1768,21,11,4.0,Divers,2017,présidentielle
35,76,Chavagne,3149,1747,1381,1768,21,12,14.0,Divers,2017,présidentielle
35,76,Chavagne,3149,1747,1381,1768,21,13,11.0,Divers,2017,présidentielle
35,76,Chavagne,3149,1747,1381,1768,21,14,14.0,Régionalisme,2017,présidentielle
35,76,Chavagne,3149,1747,1381,1768,21,15,763.0,Centre,2017,présidentielle
35,76,Chavagne,3149,1747,1381,1768,21,16,162.0,Droite,2017,présidentielle
35,76,Chavagne,3149,1747,1381,1768,21,17,16.0,Droite,2017,présidentielle
35,76,Chavagne,3149,1747,1381,1768,21,18,23.0,Droite,2017,présidentielle
35,76,Chavagne,3149,1747,1381,1768,21,19,103.0,Extrême Droite,2017,présidentielle
35,80,Cintré,1566,888,660,906,18,0,7.0,Extrême Gauche,2017,présidentielle
35,80,Cintré,1566,888,660,906,18,1,1.0,Extrême Gauche,2017,présidentielle
35,80,Cintré,1566,888,660,906,18,2,7.0,Gauche,2017,présidentielle
35,80,Cintré,1566,888,660,906,18,3,146.0,Gauche,2017,présidentielle
35,80,Cintré,1566,888,660,906,18,4,96.0,Gauche,2017,présidentielle
35,80,Cintré,1566,888,660,906,18,5,2.0,Gauche,2017,présidentielle
35,80,Cintré,1566,888,660,906,18,6,38.0,Écologie,2017,présidentielle
35,80,Cintré,1566,888,660,906,18,7,4.0,Écologie,2017,présidentielle
35,80,Cintré,1566,888,660,906,18,8,4.0,Écologie,2017,présidentielle
35,80,Cintré,1566,888,660,906,18,9,8.0,Écologie,2017,présidentielle
35,80,Cintré,1566,888,660,906,18,10,8.0,Divers,2017,présidentielle
35,80,Cintré,1566,888,660,906,18,11,12.0,Divers,2017,présidentielle
35,80,Cintré,1566,888,660,906,18,12,6.0,Divers,2017,présidentielle
35,80,Cintré,1566,888,660,906,18,13,7.0,Divers,2017,présidentielle
35,80,Cintré,1566,888,660,906,18,14,11.0,Régionalisme,2017,présidentielle
35,80,Cintré,1566,888,660,906,18,15,383.0,Centre,2017,présidentielle
35,80,Cintré,1566,888,660,906,18,16,74.0,Droite,2017,présidentielle
35,80,Cintré,1566,888,660,906,18,17,5.0,Droite,2017,présidentielle
35,80,Cintré,1566,888,660,906,18,18,9.0,Droite,2017,présidentielle
35,80,Cintré,1566,888,660,906,18,19,60.0,Extrême Droite,2017,présidentielle
35,131,L'Hermitage,2944,1777,1136,1808,31,0,7.0,Extrême Gauche,2017,présidentielle
35,131,L'Hermitage,2944,1777,1136,1808,31,1,4.0,Extrême Gauche,2017,présidentielle
35,131,L'Hermitage,2944,1777,1136,1808,31,2,19.0,Gauche,2017,présidentielle
35,131,L'Hermitage,2944,1777,1136,1808,31,3,199.0,Gauche,2017,présidentielle
35,131,L'Hermitage,2944,1777,1136,1808,31,4,255.0,Gauche,2017,présidentielle
35,131,L'Hermitage,2944,1777,1136,1808,31,5,7.0,Gauche,2017,présidentielle
35,131,L'Hermitage,2944,1777,1136,1808,31,6,94.0,Écologie,2017,présidentielle
35,131,L'Hermitage,2944,1777,1136,1808,31,7,23.0,Écologie,2017,présidentielle
35,131,L'Hermitage,2944,1777,1136,1808,31,8,2.0,Écologie,2017,présidentielle
35,131,L'Hermitage,2944,1777,1136,1808,31,9,9.0,Écologie,2017,présidentielle
35,131,L'Hermitage,2944,1777,1136,1808,31,10,8.0,Divers,2017,présidentielle
35,131,L'Hermitage,2944,1777,1136,1808,31,11,11.0,Divers,2017,présidentielle
35,131,L'Hermitage,2944,1777,1136,1808,31,12,5.0,Divers,2017,présidentielle
35,131,L'Hermitage,2944,1777,1136,1808,31,13,11.0,Divers,2017,présidentielle
35,131,L'Hermitage,2944,1777,1136,1808,31,14,24.0,Régionalisme,2017,présidentielle
35,131,L'Hermitage,2944,1777,1136,1808,31,15,771.0,Centre,2017,présidentielle
35,131,L'Hermitage,2944,1777,1136,1808,31,16,140.0,Droite,2017,présidentielle
35,131,L'Hermitage,2944,1777,1136,1808,31,17,7.0,Droite,2017,présidentielle
35,131,L'Hermitage,2944,1777,1136,1808,31,18,30.0,Droite,2017,présidentielle
35,131,L'Hermitage,2944,1777,1136,1808,31,19,151.0,Extrême Droite,2017,présidentielle
35,196,Mordelles,5767,3120,2575,3192,72,0,20.0,Extrême Gauche,2017,présidentielle
35,196,Mordelles,5767,3120,2575,3192,72,1,10.0,Extrême Gauche,2017,présidentielle
35,196,Mordelles,5767,3120,2575,3192,72,2,21.0,Gauche,2017,présidentielle
35,196,Mordelles,5767,3120,2575,3192,72,3,306.0,Gauche,2017,présidentielle
35,196,Mordelles,5767,3120,2575,3192,72,4,381.0,Gauche,2017,présidentielle
35,196,Mordelles,5767,3120,2575,3192,72,5,16.0,Gauche,2017,présidentielle
35,196,Mordelles,5767,3120,2575,3192,72,6,115.0,Écologie,2017,présidentielle
35,196,Mordelles,5767,3120,2575,3192,72,7,31.0,Écologie,2017,présidentielle
35,196,Mordelles,5767,3120,2575,3192,72,8,15.0,Écologie,2017,présidentielle
35,196,Mordelles,5767,3120,2575,3192,72,9,12.0,Écologie,2017,présidentielle
35,196,Mordelles,5767,3120,2575,3192,72,10,24.0,Divers,2017,présidentielle
35,196,Mordelles,5767,3120,2575,3192,72,11,8.0,Divers,2017,présidentielle
35,196,Mordelles,5767,3120,2575,3192,72,12,24.0,Divers,2017,présidentielle
35,196,Mordelles,5767,3120,2575,3192,72,13,14.0,Divers,2017,présidentielle
35,196,Mordelles,5767,3120,2575,3192,72,14,21.0,Régionalisme,2017,présidentielle
35,196,Mordelles,5767,3120,2575,3192,72,15,1504.0,Centre,2017,présidentielle
35,196,Mordelles,5767,3120,2575,3192,72,16,366.0,Droite,2017,présidentielle
35,196,Mordelles,5767,3120,2575,3192,72,17,9.0,Droite,2017,présidentielle
35,196,Mordelles,5767,3120,2575,3192,72,18,37.0,Droite,2017,présidentielle
35,196,Mordelles,5767,3120,2575,3192,72,19,186.0,Extrême Droite,2017,présidentielle
35,238,Rennes,50025,27802,21950,28075,273,0,122.0,Extrême Gauche,2017,présidentielle
35,238,Rennes,50025,27802,21950,28075,273,1,37.0,Extrême Gauche,2017,présidentielle
35,238,Rennes,50025,27802,21950,28075,273,2,432.0,Gauche,2017,présidentielle
35,238,Rennes,50025,27802,21950,28075,273,3,4307.0,Gauche,2017,présidentielle
35,238,Rennes,50025,27802,21950,28075,273,4,3305.0,Gauche,2017,présidentielle
35,238,Rennes,50025,27802,21950,28075,273,5,240.0,Gauche,2017,présidentielle
35,238,Rennes,50025,27802,21950,28075,273,6,2427.0,Écologie,2017,présidentielle
35,238,Rennes,50025,27802,21950,28075,273,7,242.0,Écologie,2017,présidentielle
35,238,Rennes,50025,27802,21950,28075,273,8,88.0,Écologie,2017,présidentielle
35,238,Rennes,50025,27802,21950,28075,273,9,121.0,Écologie,2017,présidentielle
35,238,Rennes,50025,27802,21950,28075,273,10,206.0,Divers,2017,présidentielle
35,238,Rennes,50025,27802,21950,28075,273,11,337.0,Divers,2017,présidentielle
35,238,Rennes,50025,27802,21950,28075,273,12,141.0,Divers,2017,présidentielle
35,238,Rennes,50025,27802,21950,28075,273,13,93.0,Divers,2017,présidentielle
35,238,Rennes,50025,27802,21950,28075,273,14,195.0,Régionalisme,2017,présidentielle
35,238,Rennes,50025,27802,21950,28075,273,15,10885.0,Centre,2017,présidentielle
35,238,Rennes,50025,27802,21950,28075,273,16,3473.0,Droite,2017,présidentielle
35,238,Rennes,50025,27802,21950,28075,273,17,228.0,Droite,2017,présidentielle
35,238,Rennes,50025,27802,21950,28075,273,18,175.0,Droite,2017,présidentielle
35,238,Rennes,50025,27802,21950,28075,273,19,748.0,Extrême Droite,2017,présidentielle
35,240,Le Rheu,5890,3211,2634,3256,45,0,16.0,Extrême Gauche,2017,présidentielle
35,240,Le Rheu,5890,3211,2634,3256,45,1,1.0,Extrême Gauche,2017,présidentielle
35,240,Le Rheu,5890,3211,2634,3256,45,2,33.0,Gauche,2017,présidentielle
35,240,Le Rheu,5890,3211,2634,3256,45,3,432.0,Gauche,2017,présidentielle
35,240,Le Rheu,5890,3211,2634,3256,45,4,436.0,Gauche,2017,présidentielle
35,240,Le Rheu,5890,3211,2634,3256,45,5,19.0,Gauche,2017,présidentielle
35,240,Le Rheu,5890,3211,2634,3256,45,6,202.0,Écologie,2017,présidentielle
35,240,Le Rheu,5890,3211,2634,3256,45,7,34.0,Écologie,2017,présidentielle
35,240,Le Rheu,5890,3211,2634,3256,45,8,15.0,Écologie,2017,présidentielle
35,240,Le Rheu,5890,3211,2634,3256,45,9,13.0,Écologie,2017,présidentielle
35,240,Le Rheu,5890,3211,2634,3256,45,10,25.0,Divers,2017,présidentielle
35,240,Le Rheu,5890,3211,2634,3256,45,11,20.0,Divers,2017,présidentielle
35,240,Le Rheu,5890,3211,2634,3256,45,12,13.0,Divers,2017,présidentielle
35,240,Le Rheu,5890,3211,2634,3256,45,13,9.0,Divers,2017,présidentielle
35,240,Le Rheu,5890,3211,2634,3256,45,14,21.0,Régionalisme,2017,présidentielle
35,240,Le Rheu,5890,3211,2634,3256,45,15,1447.0,Centre,2017,présidentielle
35,240,Le Rheu,5890,3211,2634,3256,45,16,310.0,Droite,2017,présidentielle
35,240,Le Rheu,5890,3211,2634,3256,45,17,13.0,Droite,2017,présidentielle
35,240,Le Rheu,5890,3211,2634,3256,45,18,26.0,Droite,2017,présidentielle
35,240,Le Rheu,5890,3211,2634,3256,45,19,126.0,Extrême Droite,2017,présidentielle
35,275,Saint-Gilles,3205,1936,1243,1962,26,0,10.0,Extrême Gauche,2017,présidentielle
35,275,Saint-Gilles,3205,1936,1243,1962,26,1,3.0,Extrême Gauche,2017,présidentielle
35,275,Saint-Gilles,3205,1936,1243,1962,26,2,13.0,Gauche,2017,présidentielle
35,275,Saint-Gilles,3205,1936,1243,1962,26,3,197.0,Gauche,2017,présidentielle
35,275,Saint-Gilles,3205,1936,1243,1962,26,4,330.0,Gauche,2017,présidentielle
35,275,Saint-Gilles,3205,1936,1243,1962,26,5,11.0,Gauche,2017,présidentielle
35,275,Saint-Gilles,3205,1936,1243,1962,26,6,77.0,Écologie,2017,présidentielle
35,275,Saint-Gilles,3205,1936,1243,1962,26,7,14.0,Écologie,2017,présidentielle
35,275,Saint-Gilles,3205,1936,1243,1962,26,8,7.0,Écologie,2017,présidentielle
35,275,Saint-Gilles,3205,1936,1243,1962,26,9,3.0,Écologie,2017,présidentielle
35,275,Saint-Gilles,3205,1936,1243,1962,26,10,9.0,Divers,2017,présidentielle
35,275,Saint-Gilles,3205,1936,1243,1962,26,11,6.0,Divers,2017,présidentielle
35,275,Saint-Gilles,3205,1936,1243,1962,26,12,11.0,Divers,2017,présidentielle
35,275,Saint-Gilles,3205,1936,1243,1962,26,13,8.0,Divers,2017,présidentielle
35,275,Saint-Gilles,3205,1936,1243,1962,26,14,16.0,Régionalisme,2017,présidentielle
35,275,Saint-Gilles,3205,1936,1243,1962,26,15,872.0,Centre,2017,présidentielle
35,275,Saint-Gilles,3205,1936,1243,1962,26,16,211.0,Droite,2017,présidentielle
35,275,Saint-Gilles,3205,1936,1243,1962,26,17,9.0,Droite,2017,présidentielle
35,275,Saint-Gilles,3205,1936,1243,1962,26,18,21.0,Droite,2017,présidentielle
35,275,Saint-Gilles,3205,1936,1243,1962,26,19,108.0,Extrême Droite,2017,présidentielle
35,281,Saint-Jacques-de-la-Lande,7496,3857,3586,3910,53,0,38.0,Extrême Gauche,2017,présidentielle
35,281,Saint-Jacques-de-la-Lande,7496,3857,3586,3910,53,1,8.0,Extrême Gauche,2017,présidentielle
35,281,Saint-Jacques-de-la-Lande,7496,3857,3586,3910,53,2,61.0,Gauche,2017,présidentielle
35,281,Saint-Jacques-de-la-Lande,7496,3857,3586,3910,53,3,525.0,Gauche,2017,présidentielle
35,281,Saint-Jacques-de-la-Lande,7496,3857,3586,3910,53,4,831.0,Gauche,2017,présidentielle
35,281,Saint-Jacques-de-la-Lande,7496,3857,3586,3910,53,5,35.0,Gauche,2017,présidentielle
35,281,Saint-Jacques-de-la-Lande,7496,3857,3586,3910,53,6,218.0,Écologie,2017,présidentielle
35,281,Saint-Jacques-de-la-Lande,7496,3857,3586,3910,53,7,45.0,Écologie,2017,présidentielle
35,281,Saint-Jacques-de-la-Lande,7496,3857,3586,3910,53,8,16.0,Écologie,2017,présidentielle
35,281,Saint-Jacques-de-la-Lande,7496,3857,3586,3910,53,9,18.0,Écologie,2017,présidentielle
35,281,Saint-Jacques-de-la-Lande,7496,3857,3586,3910,53,10,43.0,Divers,2017,présidentielle
35,281,Saint-Jacques-de-la-Lande,7496,3857,3586,3910,53,11,41.0,Divers,2017,présidentielle
35,281,Saint-Jacques-de-la-Lande,7496,3857,3586,3910,53,12,19.0,Divers,2017,présidentielle
35,281,Saint-Jacques-de-la-Lande,7496,3857,3586,3910,53,13,14.0,Divers,2017,présidentielle
35,281,Saint-Jacques-de-la-Lande,7496,3857,3586,3910,53,14,11.0,Régionalisme,2017,présidentielle
35,281,Saint-Jacques-de-la-Lande,7496,3857,3586,3910,53,15,1421.0,Centre,2017,présidentielle
35,281,Saint-Jacques-de-la-Lande,7496,3857,3586,3910,53,16,258.0,Droite,2017,présidentielle
35,281,Saint-Jacques-de-la-Lande,7496,3857,3586,3910,53,17,9.0,Droite,2017,présidentielle
35,281,Saint-Jacques-de-la-Lande,7496,3857,3586,3910,53,18,45.0,Droite,2017,présidentielle
35,281,Saint-Jacques-de-la-Lande,7496,3857,3586,3910,53,19,201.0,Extrême Droite,2017,présidentielle
35,353,Vezin-le-Coquet,3427,2049,1355,2072,23,0,10.0,Extrême Gauche,2017,présidentielle
35,353,Vezin-le-Coquet,3427,2049,1355,2072,23,1,3.0,Extrême Gauche,2017,présidentielle
35,353,Vezin-le-Coquet,3427,2049,1355,2072,23,2,25.0,Gauche,2017,présidentielle
35,353,Vezin-le-Coquet,3427,2049,1355,2072,23,3,221.0,Gauche,2017,présidentielle
35,353,Vezin-le-Coquet,3427,2049,1355,2072,23,4,272.0,Gauche,2017,présidentielle
35,353,Vezin-le-Coquet,3427,2049,1355,2072,23,5,14.0,Gauche,2017,présidentielle
35,353,Vezin-le-Coquet,3427,2049,1355,2072,23,6,111.0,Écologie,2017,présidentielle
35,353,Vezin-le-Coquet,3427,2049,1355,2072,23,7,14.0,Écologie,2017,présidentielle
35,353,Vezin-le-Coquet,3427,2049,1355,2072,23,8,8.0,Écologie,2017,présidentielle
35,353,Vezin-le-Coquet,3427,2049,1355,2072,23,9,4.0,Écologie,2017,présidentielle
35,353,Vezin-le-Coquet,3427,2049,1355,2072,23,10,10.0,Divers,2017,présidentielle
35,353,Vezin-le-Coquet,3427,2049,1355,2072,23,11,8.0,Divers,2017,présidentielle
35,353,Vezin-le-Coquet,3427,2049,1355,2072,23,12,12.0,Divers,2017,présidentielle
35,353,Vezin-le-Coquet,3427,2049,1355,2072,23,13,5.0,Divers,2017,présidentielle
35,353,Vezin-le-Coquet,3427,2049,1355,2072,23,14,11.0,Régionalisme,2017,présidentielle
35,353,Vezin-le-Coquet,3427,2049,1355,2072,23,15,943.0,Centre,2017,présidentielle
35,353,Vezin-le-Coquet,3427,2049,1355,2072,23,16,264.0,Droite,2017,présidentielle
35,353,Vezin-le-Coquet,3427,2049,1355,2072,23,17,8.0,Droite,2017,présidentielle
35,353,Vezin-le-Coquet,3427,2049,1355,2072,23,18,19.0,Droite,2017,présidentielle
35,353,Vezin-le-Coquet,3427,2049,1355,2072,23,19,87.0,Extrême Droite,2017,présidentielle
