id_fait,code_commune,libelle_commune,population,densite,est_rennes_metro,annee,periode,type_scrutin,tour,inscrits,tx_abstention,tx_participation,pct_drt,pct_gch,pct_ctr,pct_exg,pct_exd,med_niveau_vie,tx_pauvrete,gini,ratio_d9_d1,taux_delinq_mille,nb_assoc_pour_1000,target_bloc,target_bloc_num
2323,35001,Acigné,6888,233.00,t,2002,avant_2010,PRESIDENTIELLE,2,4074,14.90,85.10,93.51,0.00,0.00,0.00,6.49,,,,,,,DRT,0
2324,35001,Acigné,6888,233.00,t,2007,avant_2010,PRESIDENTIELLE,1,4357,8.93,91.07,23.90,35.23,26.45,6.15,4.65,,,,,,,GCH,1
2325,35001,Acigné,6888,233.00,t,2012,2010_2020,PRESIDENTIELLE,1,4672,11.13,88.87,21.22,39.10,13.41,13.19,8.95,,,,,,,GCH,1
2326,35001,Acigné,6888,233.00,t,2017,2010_2020,PRESIDENTIELLE,1,5041,11.78,88.22,15.66,12.65,36.89,21.34,13.27,,,,,,,CTR,2
2327,35001,Acigné,6888,233.00,t,2017,2010_2020,PRESIDENTIELLE,2,5041,16.01,83.99,0.00,0.00,85.64,0.00,14.36,,,,,,,CTR,2
2328,35001,Acigné,6888,233.00,t,2022,post_2020,PRESIDENTIELLE,1,5378,18.61,81.39,4.17,14.53,38.06,27.47,15.76,,,,,,,CTR,2
2329,35001,Acigné,6888,233.00,t,2022,post_2020,PRESIDENTIELLE,2,5381,18.81,81.19,0.00,0.00,80.82,0.00,19.18,,,,,,,CTR,2
2330,35002,Amanlis,,,f,2002,avant_2010,PRESIDENTIELLE,2,1088,14.25,85.75,88.79,0.00,0.00,0.00,11.21,,,,,,,DRT,0
2331,35002,Amanlis,,,f,2007,avant_2010,PRESIDENTIELLE,1,1158,8.46,91.54,30.05,22.58,27.27,7.37,8.52,,,,,,,DRT,0
2332,35002,Amanlis,,,f,2012,2010_2020,PRESIDENTIELLE,1,1191,12.43,87.57,26.71,26.61,15.69,11.99,15.79,,,,,,,DRT,0
2333,35002,Amanlis,,,f,2017,2010_2020,PRESIDENTIELLE,1,1310,11.15,88.85,16.40,9.70,29.89,23.10,20.46,,,,,,,CTR,2
2334,35002,Amanlis,,,f,2017,2010_2020,PRESIDENTIELLE,2,1310,18.02,81.98,0.00,0.00,75.89,0.00,24.11,,,,,,,CTR,2
2335,35002,Amanlis,,,f,2022,post_2020,PRESIDENTIELLE,1,1350,17.56,82.44,3.96,9.75,35.79,22.72,27.78,,,,,,,CTR,2
2336,35002,Amanlis,,,f,2022,post_2020,PRESIDENTIELLE,2,1353,19.51,80.49,0.00,0.00,68.22,0.00,31.78,,,,,,,CTR,2
2337,35003,Andouillé-Neuville,,,f,2002,avant_2010,PRESIDENTIELLE,2,347,12.68,87.32,93.45,0.00,0.00,0.00,6.55,,,,,,,DRT,0
2338,35003,Andouillé-Neuville,,,f,2007,avant_2010,PRESIDENTIELLE,1,462,12.12,87.88,30.10,24.13,21.39,13.68,6.22,,,,,,,DRT,0
2339,35003,Andouillé-Neuville,,,f,2012,2010_2020,PRESIDENTIELLE,1,515,13.59,86.41,27.13,28.74,13.33,13.56,15.17,,,,,,,GCH,1
2340,35003,Andouillé-Neuville,,,f,2017,2010_2020,PRESIDENTIELLE,1,591,13.03,86.97,17.17,8.18,28.34,21.36,24.95,,,,,,,CTR,2
2341,35003,Andouillé-Neuville,,,f,2017,2010_2020,PRESIDENTIELLE,2,591,17.09,82.91,0.00,0.00,71.63,0.00,28.37,,,,,,,CTR,2
2342,35003,Andouillé-Neuville,,,f,2022,post_2020,PRESIDENTIELLE,1,642,18.69,81.31,5.12,9.65,37.01,23.03,25.20,22880.00,,,,,25.84,CTR,2
2343,35003,Andouillé-Neuville,,,f,2022,post_2020,PRESIDENTIELLE,2,641,20.12,79.88,0.00,0.00,68.44,0.00,31.56,22880.00,,,,,25.84,CTR,2
2344,35004,Val-Couesnon,,,f,2002,avant_2010,PRESIDENTIELLE,2,1045,20.96,79.04,84.10,0.00,0.00,0.00,15.90,,,,,,,DRT,0
2345,35004,Val-Couesnon,,,f,2007,avant_2010,PRESIDENTIELLE,1,1020,16.47,83.53,33.17,24.31,16.89,10.06,12.22,,,,,,,DRT,0
2346,35004,Val-Couesnon,,,f,2012,2010_2020,PRESIDENTIELLE,1,1054,19.64,80.36,28.17,27.80,9.88,10.61,21.95,,,,,,,DRT,0
2347,35004,Val-Couesnon,,,f,2017,2010_2020,PRESIDENTIELLE,1,931,19.44,80.56,24.56,4.09,21.69,17.87,31.51,,,,,,,EXD,4
2348,35004,Val-Couesnon,,,f,2017,2010_2020,PRESIDENTIELLE,2,930,23.66,76.34,0.00,0.00,56.58,0.00,43.42,,,,,,,CTR,2
2349,35004,Val-Couesnon,,,f,2022,post_2020,PRESIDENTIELLE,1,3023,25.14,74.86,4.72,4.23,33.72,19.78,37.54,,,,,,,EXD,4
2350,35004,Val-Couesnon,,,f,2022,post_2020,PRESIDENTIELLE,2,3026,24.75,75.25,0.00,0.00,51.49,0.00,48.51,,,,,,,CTR,2
2351,35005,Arbrissel,,,f,2002,avant_2010,PRESIDENTIELLE,2,181,16.02,83.98,91.22,0.00,0.00,0.00,8.78,,,,,,,DRT,0
2352,35005,Arbrissel,,,f,2007,avant_2010,PRESIDENTIELLE,1,180,8.89,91.11,41.36,11.11,29.01,9.26,8.64,,,,,,,DRT,0
2353,35005,Arbrissel,,,f,2012,2010_2020,PRESIDENTIELLE,1,199,10.55,89.45,35.84,16.18,12.14,10.40,23.12,,,,,,,DRT,0
2354,35005,Arbrissel,,,f,2017,2010_2020,PRESIDENTIELLE,1,214,15.42,84.58,17.42,6.74,21.35,17.98,36.52,,,,,,,EXD,4
2355,35005,Arbrissel,,,f,2017,2010_2020,PRESIDENTIELLE,2,214,19.16,80.84,0.00,0.00,62.96,0.00,37.04,,,,,,,CTR,2
2356,35005,Arbrissel,,,f,2022,post_2020,PRESIDENTIELLE,1,205,20.00,80.00,3.05,4.27,35.98,18.29,38.41,,,,,,,EXD,4
2357,35005,Arbrissel,,,f,2022,post_2020,PRESIDENTIELLE,2,206,22.82,77.18,0.00,0.00,55.03,0.00,44.97,,,,,,,CTR,2
2358,35006,Argentré-du-Plessis,,,f,2002,avant_2010,PRESIDENTIELLE,2,2850,14.21,85.79,91.50,0.00,0.00,0.00,8.50,,,,,,,DRT,0
2359,35006,Argentré-du-Plessis,,,f,2007,avant_2010,PRESIDENTIELLE,1,3055,10.67,89.33,34.96,17.93,28.62,6.41,8.87,,,,,,,DRT,0
2360,35006,Argentré-du-Plessis,,,f,2012,2010_2020,PRESIDENTIELLE,1,3258,14.21,85.79,33.73,21.81,17.23,10.30,14.94,,,,,,,DRT,0
2361,35006,Argentré-du-Plessis,,,f,2017,2010_2020,PRESIDENTIELLE,1,3481,16.43,83.57,23.84,6.54,29.01,17.65,22.71,,,,,,,CTR,2
2362,35006,Argentré-du-Plessis,,,f,2017,2010_2020,PRESIDENTIELLE,2,3481,20.14,79.86,0.00,0.00,77.29,0.00,22.71,,,,,,,CTR,2
2363,35006,Argentré-du-Plessis,,,f,2022,post_2020,PRESIDENTIELLE,1,3514,20.92,79.08,5.53,9.25,43.94,17.51,23.77,,,,,,,CTR,2
2364,35006,Argentré-du-Plessis,,,f,2022,post_2020,PRESIDENTIELLE,2,3510,19.40,80.60,0.00,0.00,71.17,0.00,28.83,,,,,,,CTR,2
2365,35007,Aubigné,,,f,2002,avant_2010,PRESIDENTIELLE,2,192,8.85,91.15,84.34,0.00,0.00,0.00,15.66,,,,,,,DRT,0
2366,35007,Aubigné,,,f,2007,avant_2010,PRESIDENTIELLE,1,232,6.03,93.97,28.17,23.94,18.31,12.68,10.80,,,,,,,DRT,0
2367,35007,Aubigné,,,f,2012,2010_2020,PRESIDENTIELLE,1,279,8.24,91.76,22.40,33.20,8.00,18.00,14.80,,,,,,,GCH,1
2368,35007,Aubigné,,,f,2017,2010_2020,PRESIDENTIELLE,1,283,9.19,90.81,13.31,9.68,30.65,21.37,24.60,,,,,,,CTR,2
2369,35007,Aubigné,,,f,2017,2010_2020,PRESIDENTIELLE,2,283,12.37,87.63,0.00,0.00,70.89,0.00,29.11,,,,,,,CTR,2
2370,35007,Aubigné,,,f,2022,post_2020,PRESIDENTIELLE,1,326,10.12,89.88,3.17,10.56,34.51,27.82,23.94,,,,,,,CTR,2
2371,35007,Aubigné,,,f,2022,post_2020,PRESIDENTIELLE,2,326,11.66,88.34,0.00,0.00,64.14,0.00,35.86,,,,,,,CTR,2
2372,35008,Availles-sur-Seiche,,,f,2002,avant_2010,PRESIDENTIELLE,2,340,18.53,81.47,89.69,0.00,0.00,0.00,10.31,,,,,,,DRT,0
2373,35008,Availles-sur-Seiche,,,f,2007,avant_2010,PRESIDENTIELLE,1,399,12.53,87.47,34.60,21.11,23.17,9.68,10.26,,,,,,,DRT,0
2374,35008,Availles-sur-Seiche,,,f,2012,2010_2020,PRESIDENTIELLE,1,405,15.31,84.69,31.93,18.37,11.45,15.36,22.29,,,,,,,DRT,0
2375,35008,Availles-sur-Seiche,,,f,2017,2010_2020,PRESIDENTIELLE,1,423,14.66,85.34,19.44,3.66,23.94,18.31,34.37,,,,,,,EXD,4
2376,35008,Availles-sur-Seiche,,,f,2017,2010_2020,PRESIDENTIELLE,2,423,19.15,80.85,0.00,0.00,56.62,0.00,43.38,,,,,,,CTR,2
2377,35008,Availles-sur-Seiche,,,f,2022,post_2020,PRESIDENTIELLE,1,462,21.21,78.79,3.92,5.88,31.93,17.09,41.18,,,,,,,EXD,4
2378,35008,Availles-sur-Seiche,,,f,2022,post_2020,PRESIDENTIELLE,2,462,19.91,80.09,0.00,0.00,50.00,0.00,50.00,,,,,,,CTR,2
2379,35009,Baguer-Morvan,,,f,2002,avant_2010,PRESIDENTIELLE,2,1108,16.61,83.39,87.00,0.00,0.00,0.00,13.00,,,,,,,DRT,0
2380,35009,Baguer-Morvan,,,f,2007,avant_2010,PRESIDENTIELLE,1,1137,12.23,87.77,32.38,23.39,21.14,9.70,10.73,,,,,,,DRT,0
2381,35009,Baguer-Morvan,,,f,2012,2010_2020,PRESIDENTIELLE,1,1157,13.57,86.43,28.98,25.00,10.51,11.73,21.84,,,,,,,DRT,0
2382,35009,Baguer-Morvan,,,f,2017,2010_2020,PRESIDENTIELLE,1,1160,15.43,84.57,18.81,5.22,25.71,19.02,31.14,,,,,,,EXD,4
2383,35009,Baguer-Morvan,,,f,2017,2010_2020,PRESIDENTIELLE,2,1160,18.88,81.12,0.00,0.00,60.29,0.00,39.71,,,,,,,CTR,2
2384,35009,Baguer-Morvan,,,f,2022,post_2020,PRESIDENTIELLE,1,1260,20.40,79.60,2.87,3.49,39.18,18.05,36.41,,,,,,,CTR,2
2385,35009,Baguer-Morvan,,,f,2022,post_2020,PRESIDENTIELLE,2,1260,19.60,80.40,0.00,0.00,55.04,0.00,44.96,,,,,,,CTR,2
2386,35010,Baguer-Pican,,,f,2002,avant_2010,PRESIDENTIELLE,2,765,18.95,81.05,88.69,0.00,0.00,0.00,11.31,,,,,,,DRT,0
2387,35010,Baguer-Pican,,,f,2007,avant_2010,PRESIDENTIELLE,1,844,10.78,89.22,29.80,28.71,16.87,10.88,11.70,,,,,,,DRT,0
2388,35010,Baguer-Pican,,,f,2012,2010_2020,PRESIDENTIELLE,1,972,11.42,88.58,23.12,32.18,9.30,12.75,20.86,,,,,,,GCH,1
2389,35010,Baguer-Pican,,,f,2017,2010_2020,PRESIDENTIELLE,1,1105,13.94,86.06,13.93,5.62,25.38,20.09,34.99,,,,,,,EXD,4
2390,35010,Baguer-Pican,,,f,2017,2010_2020,PRESIDENTIELLE,2,1105,16.83,83.17,0.00,0.00,57.06,0.00,42.94,,,,,,,CTR,2
2391,35010,Baguer-Pican,,,f,2022,post_2020,PRESIDENTIELLE,1,1234,19.21,80.79,4.15,5.71,32.16,17.74,40.25,,,,,,,EXD,4
2392,35010,Baguer-Pican,,,f,2022,post_2020,PRESIDENTIELLE,2,1236,17.56,82.44,0.00,0.00,51.54,0.00,48.46,,,,,,,CTR,2
2393,35012,Bain-de-Bretagne,,,f,2002,avant_2010,PRESIDENTIELLE,2,4041,19.35,80.65,88.00,0.00,0.00,0.00,12.00,,,,,,,DRT,0
2394,35012,Bain-de-Bretagne,,,f,2007,avant_2010,PRESIDENTIELLE,1,4743,13.45,86.55,30.08,23.01,24.71,7.00,11.87,,,,,,,DRT,0
2395,35012,Bain-de-Bretagne,,,f,2012,2010_2020,PRESIDENTIELLE,1,4999,16.74,83.26,26.71,27.98,12.63,11.11,18.82,,,,,,,GCH,1
2396,35012,Bain-de-Bretagne,,,f,2017,2010_2020,PRESIDENTIELLE,1,5392,19.86,80.14,18.82,6.89,29.83,20.73,23.56,,,,,,,CTR,2
2397,35012,Bain-de-Bretagne,,,f,2017,2010_2020,PRESIDENTIELLE,2,5386,22.60,77.40,0.00,0.00,73.80,0.00,26.20,,,,,,,CTR,2
2398,35012,Bain-de-Bretagne,,,f,2022,post_2020,PRESIDENTIELLE,1,5662,24.90,75.10,4.41,8.04,37.84,22.24,27.47,22930.00,,0.219,2.600,,27.13,CTR,2
2399,35012,Bain-de-Bretagne,,,f,2022,post_2020,PRESIDENTIELLE,2,5692,25.11,74.89,0.00,0.00,66.16,0.00,33.84,22930.00,,0.219,2.600,,27.13,CTR,2
2400,35013,Bains-sur-Oust,,,f,2002,avant_2010,PRESIDENTIELLE,2,2437,14.44,85.56,90.03,0.00,0.00,0.00,9.97,,,,,,,DRT,0
2401,35013,Bains-sur-Oust,,,f,2007,avant_2010,PRESIDENTIELLE,1,2581,9.80,90.20,28.24,28.37,24.11,6.66,10.01,,,,,,,GCH,1
2402,35013,Bains-sur-Oust,,,f,2012,2010_2020,PRESIDENTIELLE,1,2676,15.36,84.64,24.70,31.41,11.32,12.30,16.73,,,,,,,GCH,1
2403,35013,Bains-sur-Oust,,,f,2017,2010_2020,PRESIDENTIELLE,1,2818,16.29,83.71,18.58,8.45,30.88,20.74,21.31,,,,,,,CTR,2
2404,35013,Bains-sur-Oust,,,f,2017,2010_2020,PRESIDENTIELLE,2,2818,21.54,78.46,0.00,0.00,75.62,0.00,24.38,,,,,,,CTR,2
2405,35013,Bains-sur-Oust,,,f,2022,post_2020,PRESIDENTIELLE,1,2839,19.55,80.45,3.99,6.95,39.08,22.84,27.14,,,,,,,CTR,2
2406,35013,Bains-sur-Oust,,,f,2022,post_2020,PRESIDENTIELLE,2,2846,20.52,79.48,0.00,0.00,65.57,0.00,34.43,,,,,,,CTR,2
2407,35014,Bais,,,t,2002,avant_2010,PRESIDENTIELLE,2,1424,18.89,81.11,89.15,0.00,0.00,0.00,10.85,,,,,,,DRT,0
2408,35014,Bais,,,t,2007,avant_2010,PRESIDENTIELLE,1,1485,15.56,84.44,45.17,12.75,21.53,6.50,12.27,,,,,,,DRT,0
2409,35014,Bais,,,t,2012,2010_2020,PRESIDENTIELLE,1,1556,15.36,84.64,36.63,16.87,14.70,8.79,20.45,,,,,,,DRT,0
2410,35014,Bais,,,t,2017,2010_2020,PRESIDENTIELLE,1,1626,17.47,82.53,24.11,4.71,25.43,14.37,31.30,,,,,,,EXD,4
2411,35014,Bais,,,t,2017,2010_2020,PRESIDENTIELLE,2,1627,22.56,77.44,0.00,0.00,65.84,0.00,34.16,,,,,,,CTR,2
2412,35014,Bais,,,t,2022,post_2020,PRESIDENTIELLE,1,1709,23.99,76.01,4.30,5.63,41.36,15.48,33.23,,,,,,,CTR,2
2413,35014,Bais,,,t,2022,post_2020,PRESIDENTIELLE,2,1710,23.10,76.90,0.00,0.00,60.39,0.00,39.61,,,,,,,CTR,2
2414,35015,Balazé,,,f,2002,avant_2010,PRESIDENTIELLE,2,1415,15.48,84.52,92.50,0.00,0.00,0.00,7.50,,,,,,,DRT,0
2415,35015,Balazé,,,f,2007,avant_2010,PRESIDENTIELLE,1,1583,11.50,88.50,39.93,12.95,28.36,7.13,9.16,,,,,,,DRT,0
2416,35015,Balazé,,,f,2012,2010_2020,PRESIDENTIELLE,1,1671,13.76,86.24,34.62,18.80,18.52,10.26,16.24,,,,,,,DRT,0
2417,35015,Balazé,,,f,2017,2010_2020,PRESIDENTIELLE,1,1768,16.46,83.54,22.94,5.36,30.20,19.27,22.02,,,,,,,CTR,2
2418,35015,Balazé,,,f,2017,2010_2020,PRESIDENTIELLE,2,1768,21.61,78.39,0.00,0.00,75.14,0.00,24.86,,,,,,,CTR,2
2419,35015,Balazé,,,f,2022,post_2020,PRESIDENTIELLE,1,1729,23.77,76.23,7.09,6.61,41.26,19.13,25.91,,,,,,,CTR,2
2420,35015,Balazé,,,f,2022,post_2020,PRESIDENTIELLE,2,1731,22.36,77.64,0.00,0.00,66.91,0.00,33.09,,,,,,,CTR,2
2421,35016,Baulon,,,f,2002,avant_2010,PRESIDENTIELLE,2,1051,13.32,86.68,81.95,0.00,0.00,0.00,18.05,,,,,,,DRT,0
2422,35016,Baulon,,,f,2007,avant_2010,PRESIDENTIELLE,1,1306,11.18,88.82,24.87,24.96,25.13,8.93,13.84,,,,,,,CTR,2
2423,35016,Baulon,,,f,2012,2010_2020,PRESIDENTIELLE,1,1396,15.40,84.60,22.24,30.78,9.48,11.90,22.24,,,,,,,GCH,1
2424,35016,Baulon,,,f,2017,2010_2020,PRESIDENTIELLE,1,1490,14.90,85.10,14.33,8.03,26.86,21.79,28.50,,,,,,,EXD,4
2425,35016,Baulon,,,f,2017,2010_2020,PRESIDENTIELLE,2,1490,20.60,79.40,0.00,0.00,67.15,0.00,32.85,,,,,,,CTR,2
2426,35016,Baulon,,,f,2022,post_2020,PRESIDENTIELLE,1,1597,17.22,82.78,3.41,6.97,33.77,23.39,32.46,,,,,,,CTR,2
2427,35016,Baulon,,,f,2022,post_2020,PRESIDENTIELLE,2,1602,20.22,79.78,0.00,0.00,58.99,0.00,41.01,,,,,,,CTR,2
2428,35017,Baussaine,,,f,2002,avant_2010,PRESIDENTIELLE,2,400,11.50,88.50,86.27,0.00,0.00,0.00,13.73,,,,,,,DRT,0
2429,35017,Baussaine,,,f,2007,avant_2010,PRESIDENTIELLE,1,430,10.70,89.30,26.82,29.17,24.22,9.64,8.85,,,,,,,GCH,1
2430,35017,Baussaine,,,f,2012,2010_2020,PRESIDENTIELLE,1,457,14.66,85.34,24.81,27.13,14.21,14.47,15.76,,,,,,,GCH,1
2431,35017,Baussaine,,,f,2017,2010_2020,PRESIDENTIELLE,1,497,14.69,85.31,18.12,8.70,28.74,22.71,21.50,,,,,,,CTR,2
2432,35017,Baussaine,,,f,2017,2010_2020,PRESIDENTIELLE,2,496,17.34,82.66,0.00,0.00,70.73,0.00,29.27,,,,,,,CTR,2
2490,35026,Bléruais,,,f,2022,post_2020,PRESIDENTIELLE,2,78,20.51,79.49,0.00,0.00,71.67,0.00,28.33,,,,,,,CTR,2
2433,35017,Baussaine,,,f,2022,post_2020,PRESIDENTIELLE,1,503,19.88,80.12,4.85,8.16,34.18,23.47,29.34,22790.00,,,,,26.67,CTR,2
2434,35017,Baussaine,,,f,2022,post_2020,PRESIDENTIELLE,2,503,21.07,78.93,0.00,0.00,62.08,0.00,37.92,22790.00,,,,,26.67,CTR,2
2435,35018,Bazouge-du-Désert,,,f,2002,avant_2010,PRESIDENTIELLE,2,786,12.09,87.91,84.89,0.00,0.00,0.00,15.11,,,,,,,DRT,0
2436,35018,Bazouge-du-Désert,,,f,2007,avant_2010,PRESIDENTIELLE,1,797,10.04,89.96,42.94,11.30,20.48,6.64,16.38,,,,,,,DRT,0
2437,35018,Bazouge-du-Désert,,,f,2012,2010_2020,PRESIDENTIELLE,1,827,12.33,87.67,35.43,14.57,17.14,10.00,21.29,,,,,,,DRT,0
2438,35018,Bazouge-du-Désert,,,f,2017,2010_2020,PRESIDENTIELLE,1,850,14.71,85.29,30.99,4.59,18.22,17.22,28.98,,,,,,,DRT,0
2439,35018,Bazouge-du-Désert,,,f,2017,2010_2020,PRESIDENTIELLE,2,850,17.76,82.24,0.00,0.00,64.36,0.00,35.64,,,,,,,CTR,2
2440,35018,Bazouge-du-Désert,,,f,2022,post_2020,PRESIDENTIELLE,1,828,22.83,77.17,6.19,4.07,39.25,16.29,34.20,,,,,,,CTR,2
2441,35018,Bazouge-du-Désert,,,f,2022,post_2020,PRESIDENTIELLE,2,827,22.61,77.39,0.00,0.00,59.15,0.00,40.85,,,,,,,CTR,2
2442,35019,Bazouges-la-Pérouse,,,f,2002,avant_2010,PRESIDENTIELLE,2,1371,14.88,85.12,86.13,0.00,0.00,0.00,13.87,,,,,,,DRT,0
2443,35019,Bazouges-la-Pérouse,,,f,2007,avant_2010,PRESIDENTIELLE,1,1434,11.65,88.35,37.70,27.17,15.76,7.40,9.97,,,,,,,DRT,0
2444,35019,Bazouges-la-Pérouse,,,f,2012,2010_2020,PRESIDENTIELLE,1,1362,13.88,86.12,35.34,27.76,9.83,10.01,15.14,,,,,,,DRT,0
2445,35019,Bazouges-la-Pérouse,,,f,2017,2010_2020,PRESIDENTIELLE,1,1356,16.74,83.26,25.20,6.10,25.39,19.02,24.11,,,,,,,CTR,2
2446,35019,Bazouges-la-Pérouse,,,f,2017,2010_2020,PRESIDENTIELLE,2,1356,19.99,80.01,0.00,0.00,68.35,0.00,31.65,,,,,,,CTR,2
2447,35019,Bazouges-la-Pérouse,,,f,2022,post_2020,PRESIDENTIELLE,1,1378,20.03,79.97,5.58,3.78,33.87,23.27,33.49,,,,,,,CTR,2
2448,35019,Bazouges-la-Pérouse,,,f,2022,post_2020,PRESIDENTIELLE,2,1376,21.37,78.63,0.00,0.00,58.58,0.00,41.42,,,,,,,CTR,2
2449,35021,Beaucé,,,f,2002,avant_2010,PRESIDENTIELLE,2,914,12.58,87.42,89.55,0.00,0.00,0.00,10.45,,,,,,,DRT,0
2450,35021,Beaucé,,,f,2007,avant_2010,PRESIDENTIELLE,1,935,7.38,92.62,31.50,20.96,25.76,8.20,10.19,,,,,,,DRT,0
2451,35021,Beaucé,,,f,2012,2010_2020,PRESIDENTIELLE,1,987,8.81,91.19,31.64,24.77,12.84,13.63,15.65,,,,,,,DRT,0
2452,35021,Beaucé,,,f,2017,2010_2020,PRESIDENTIELLE,1,1008,9.92,90.08,25.82,6.00,29.78,16.42,21.74,,,,,,,CTR,2
2453,35021,Beaucé,,,f,2017,2010_2020,PRESIDENTIELLE,2,1008,14.78,85.22,0.00,0.00,76.21,0.00,23.79,,,,,,,CTR,2
2454,35021,Beaucé,,,f,2022,post_2020,PRESIDENTIELLE,1,1030,18.06,81.94,6.39,6.99,41.33,18.19,27.11,,,,,,,CTR,2
2455,35021,Beaucé,,,f,2022,post_2020,PRESIDENTIELLE,2,1030,18.06,81.94,0.00,0.00,67.56,0.00,32.44,,,,,,,CTR,2
2456,35022,Bécherel,690,1211.00,f,2002,avant_2010,PRESIDENTIELLE,2,455,13.19,86.81,88.77,0.00,0.00,0.00,11.23,,,,,,,DRT,0
2457,35022,Bécherel,690,1211.00,f,2007,avant_2010,PRESIDENTIELLE,1,466,12.45,87.55,32.11,25.49,19.12,11.76,7.84,,,,,,,DRT,0
2458,35022,Bécherel,690,1211.00,f,2012,2010_2020,PRESIDENTIELLE,1,474,16.67,83.33,31.36,25.19,7.71,15.94,14.14,,,,,,,DRT,0
2459,35022,Bécherel,690,1211.00,f,2017,2010_2020,PRESIDENTIELLE,1,486,14.20,85.80,21.08,9.31,22.79,26.47,20.34,,,,,,,EXG,3
2460,35022,Bécherel,690,1211.00,f,2017,2010_2020,PRESIDENTIELLE,2,486,17.90,82.10,0.00,0.00,72.67,0.00,27.33,,,,,,,CTR,2
2461,35022,Bécherel,690,1211.00,f,2022,post_2020,PRESIDENTIELLE,1,533,19.89,80.11,4.34,7.71,25.78,33.73,28.43,,,,,,,EXG,3
2462,35022,Bécherel,690,1211.00,f,2022,post_2020,PRESIDENTIELLE,2,532,22.18,77.82,0.00,0.00,62.36,0.00,37.64,,,,,,,CTR,2
2463,35023,Bédée,,,t,2002,avant_2010,PRESIDENTIELLE,2,2491,17.10,82.90,87.23,0.00,0.00,0.00,12.77,,,,,,,DRT,0
2464,35023,Bédée,,,t,2007,avant_2010,PRESIDENTIELLE,1,2846,11.42,88.58,28.89,26.65,24.37,7.80,8.96,,,,,,,DRT,0
2465,35023,Bédée,,,t,2012,2010_2020,PRESIDENTIELLE,1,2998,13.91,86.09,26.94,30.99,11.68,11.56,16.36,,,,,,,GCH,1
2466,35023,Bédée,,,t,2017,2010_2020,PRESIDENTIELLE,1,3100,14.42,85.58,17.37,8.07,33.00,20.90,20.47,,,,,,,CTR,2
2467,35023,Bédée,,,t,2017,2010_2020,PRESIDENTIELLE,2,3100,18.26,81.74,0.00,0.00,75.71,0.00,24.29,,,,,,,CTR,2
2468,35023,Bédée,,,t,2022,post_2020,PRESIDENTIELLE,1,3380,18.20,81.80,4.02,8.59,39.69,23.79,23.90,,,,,,,CTR,2
2469,35023,Bédée,,,t,2022,post_2020,PRESIDENTIELLE,2,3381,17.48,82.52,0.00,0.00,69.89,0.00,30.11,,,,,,,CTR,2
2470,35024,Betton,12695,475.00,f,2002,avant_2010,PRESIDENTIELLE,2,6278,13.79,86.21,94.06,0.00,0.00,0.00,5.94,,,,,,,DRT,0
2471,35024,Betton,12695,475.00,f,2007,avant_2010,PRESIDENTIELLE,1,7133,8.58,91.42,23.21,35.03,27.13,6.62,4.31,,,,,,,GCH,1
2472,35024,Betton,12695,475.00,f,2012,2010_2020,PRESIDENTIELLE,1,8016,12.15,87.85,21.90,38.57,12.68,12.90,8.93,,,,,,,GCH,1
2473,35024,Betton,12695,475.00,f,2017,2010_2020,PRESIDENTIELLE,1,8839,11.99,88.01,15.34,12.11,38.03,22.90,11.43,,,,,,,CTR,2
2474,35024,Betton,12695,475.00,f,2017,2010_2020,PRESIDENTIELLE,2,8835,15.86,84.14,0.00,0.00,87.73,0.00,12.27,,,,,,,CTR,2
2475,35024,Betton,12695,475.00,f,2022,post_2020,PRESIDENTIELLE,1,9479,18.30,81.70,3.80,13.63,39.39,27.76,15.42,,,,,,,CTR,2
2476,35024,Betton,12695,475.00,f,2022,post_2020,PRESIDENTIELLE,2,9485,18.90,81.10,0.00,0.00,80.92,0.00,19.08,,,,,,,CTR,2
2477,35025,Billé,,,t,2002,avant_2010,PRESIDENTIELLE,2,712,13.06,86.94,90.78,0.00,0.00,0.00,9.22,,,,,,,DRT,0
2478,35025,Billé,,,t,2007,avant_2010,PRESIDENTIELLE,1,745,8.86,91.14,34.50,15.81,27.96,6.08,12.01,,,,,,,DRT,0
2479,35025,Billé,,,t,2012,2010_2020,PRESIDENTIELLE,1,770,11.04,88.96,28.59,21.56,17.96,9.43,19.31,,,,,,,DRT,0
2480,35025,Billé,,,t,2017,2010_2020,PRESIDENTIELLE,1,763,12.58,87.42,21.97,5.99,28.26,17.05,26.57,,,,,,,CTR,2
2481,35025,Billé,,,t,2017,2010_2020,PRESIDENTIELLE,2,763,14.94,85.06,0.00,0.00,70.98,0.00,29.02,,,,,,,CTR,2
2482,35025,Billé,,,t,2022,post_2020,PRESIDENTIELLE,1,810,21.36,78.64,5.00,7.42,41.45,14.52,31.61,,,,,,,CTR,2
2483,35025,Billé,,,t,2022,post_2020,PRESIDENTIELLE,2,812,19.70,80.30,0.00,0.00,64.23,0.00,35.77,,,,,,,CTR,2
2484,35026,Bléruais,,,f,2002,avant_2010,PRESIDENTIELLE,2,55,12.73,87.27,85.11,0.00,0.00,0.00,14.89,,,,,,,DRT,0
2485,35026,Bléruais,,,f,2007,avant_2010,PRESIDENTIELLE,1,71,8.45,91.55,23.81,19.05,34.92,6.35,12.70,,,,,,,CTR,2
2486,35026,Bléruais,,,f,2012,2010_2020,PRESIDENTIELLE,1,85,17.65,82.35,24.29,28.57,17.14,7.14,22.86,,,,,,,GCH,1
2487,35026,Bléruais,,,f,2017,2010_2020,PRESIDENTIELLE,1,85,9.41,90.59,10.53,18.42,26.32,19.74,25.00,,,,,,,CTR,2
2488,35026,Bléruais,,,f,2017,2010_2020,PRESIDENTIELLE,2,85,12.94,87.06,0.00,0.00,71.83,0.00,28.17,,,,,,,CTR,2
2489,35026,Bléruais,,,f,2022,post_2020,PRESIDENTIELLE,1,76,18.42,81.58,0.00,8.33,43.33,23.33,25.00,,,,,,,CTR,2
2491,35027,Boisgervilly,,,f,2002,avant_2010,PRESIDENTIELLE,2,917,13.85,86.15,88.61,0.00,0.00,0.00,11.39,,,,,,,DRT,0
2492,35027,Boisgervilly,,,f,2007,avant_2010,PRESIDENTIELLE,1,1054,10.53,89.47,28.33,26.82,22.64,9.44,10.41,,,,,,,DRT,0
2493,35027,Boisgervilly,,,f,2012,2010_2020,PRESIDENTIELLE,1,1144,12.50,87.50,24.74,29.06,11.19,14.17,18.38,,,,,,,GCH,1
2494,35027,Boisgervilly,,,f,2017,2010_2020,PRESIDENTIELLE,1,1187,12.89,87.11,16.65,8.83,29.24,18.88,26.19,,,,,,,CTR,2
2495,35027,Boisgervilly,,,f,2017,2010_2020,PRESIDENTIELLE,2,1186,19.81,80.19,0.00,0.00,68.50,0.00,31.50,,,,,,,CTR,2
2496,35027,Boisgervilly,,,f,2022,post_2020,PRESIDENTIELLE,1,1248,15.71,84.29,4.09,7.80,36.84,18.91,32.36,,,,,,,CTR,2
2497,35027,Boisgervilly,,,f,2022,post_2020,PRESIDENTIELLE,2,1248,16.35,83.65,0.00,0.00,59.17,0.00,40.83,,,,,,,CTR,2
2498,35028,Boistrudan,,,f,2002,avant_2010,PRESIDENTIELLE,2,337,14.24,85.76,84.81,0.00,0.00,0.00,15.19,,,,,,,DRT,0
2499,35028,Boistrudan,,,f,2007,avant_2010,PRESIDENTIELLE,1,440,11.14,88.86,31.58,18.95,23.42,10.26,13.68,,,,,,,DRT,0
2500,35028,Boistrudan,,,f,2012,2010_2020,PRESIDENTIELLE,1,419,11.22,88.78,30.79,20.71,13.62,11.44,19.89,,,,,,,DRT,0
2501,35028,Boistrudan,,,f,2017,2010_2020,PRESIDENTIELLE,1,487,13.96,86.04,16.06,4.87,22.14,25.06,31.63,,,,,,,EXD,4
2502,35028,Boistrudan,,,f,2017,2010_2020,PRESIDENTIELLE,2,487,21.15,78.85,0.00,0.00,67.35,0.00,32.65,,,,,,,CTR,2
2503,35028,Boistrudan,,,f,2022,post_2020,PRESIDENTIELLE,1,524,21.95,78.05,6.19,7.18,31.19,19.55,35.89,,,,,,,EXD,4
2504,35028,Boistrudan,,,f,2022,post_2020,PRESIDENTIELLE,2,524,22.71,77.29,0.00,0.00,55.12,0.00,44.88,,,,,,,CTR,2
2505,35029,Bonnemain,,,f,2002,avant_2010,PRESIDENTIELLE,2,853,16.76,83.24,86.14,0.00,0.00,0.00,13.86,,,,,,,DRT,0
2506,35029,Bonnemain,,,f,2007,avant_2010,PRESIDENTIELLE,1,969,12.38,87.62,32.34,24.91,19.64,8.50,11.74,,,,,,,DRT,0
2507,35029,Bonnemain,,,f,2012,2010_2020,PRESIDENTIELLE,1,994,13.28,86.72,27.59,30.44,9.16,11.53,18.07,,,,,,,GCH,1
2508,35029,Bonnemain,,,f,2017,2010_2020,PRESIDENTIELLE,1,1019,13.25,86.75,18.66,7.28,21.13,20.54,32.28,,,,,,,EXD,4
2509,35029,Bonnemain,,,f,2017,2010_2020,PRESIDENTIELLE,2,1019,16.78,83.22,0.00,0.00,58.82,0.00,41.18,,,,,,,CTR,2
2510,35029,Bonnemain,,,f,2022,post_2020,PRESIDENTIELLE,1,1096,21.53,78.47,4.55,5.50,30.38,21.29,38.28,,,,,,,EXD,4
2511,35029,Bonnemain,,,f,2022,post_2020,PRESIDENTIELLE,2,1096,21.62,78.38,0.00,0.00,50.78,0.00,49.22,,,,,,,CTR,2
2512,35030,Bosse-de-Bretagne,,,t,2002,avant_2010,PRESIDENTIELLE,2,289,16.61,83.39,87.95,0.00,0.00,0.00,12.05,,,,,,,DRT,0
2513,35030,Bosse-de-Bretagne,,,t,2007,avant_2010,PRESIDENTIELLE,1,385,9.09,90.91,27.43,23.89,22.42,8.26,15.63,,,,,,,DRT,0
2514,35030,Bosse-de-Bretagne,,,t,2012,2010_2020,PRESIDENTIELLE,1,417,10.55,89.45,23.22,25.96,13.93,10.66,21.04,,,,,,,GCH,1
2515,35030,Bosse-de-Bretagne,,,t,2017,2010_2020,PRESIDENTIELLE,1,467,11.78,88.22,9.90,14.11,26.49,21.53,27.23,,,,,,,EXD,4
2516,35030,Bosse-de-Bretagne,,,t,2017,2010_2020,PRESIDENTIELLE,2,467,18.20,81.80,0.00,0.00,67.36,0.00,32.64,,,,,,,CTR,2
2517,35030,Bosse-de-Bretagne,,,t,2022,post_2020,PRESIDENTIELLE,1,481,19.96,80.04,2.66,11.70,30.59,27.39,27.66,,,,,,,CTR,2
2518,35030,Bosse-de-Bretagne,,,t,2022,post_2020,PRESIDENTIELLE,2,481,19.96,80.04,0.00,0.00,59.94,0.00,40.06,,,,,,,CTR,2
2519,35031,Bouëxière,,,f,2002,avant_2010,PRESIDENTIELLE,2,2528,14.32,85.68,90.49,0.00,0.00,0.00,9.51,,,,,,,DRT,0
2520,35031,Bouëxière,,,f,2007,avant_2010,PRESIDENTIELLE,1,2631,10.07,89.93,27.47,30.25,22.23,8.36,8.23,,,,,,,GCH,1
2521,35031,Bouëxière,,,f,2012,2010_2020,PRESIDENTIELLE,1,2708,13.29,86.71,25.50,31.46,11.36,12.49,15.93,,,,,,,GCH,1
2522,35031,Bouëxière,,,f,2017,2010_2020,PRESIDENTIELLE,1,2936,11.96,88.04,15.71,8.33,30.40,23.61,21.87,,,,,,,CTR,2
2523,35031,Bouëxière,,,f,2017,2010_2020,PRESIDENTIELLE,2,2930,16.76,83.24,0.00,0.00,73.36,0.00,26.64,,,,,,,CTR,2
2524,35031,Bouëxière,,,f,2022,post_2020,PRESIDENTIELLE,1,3235,18.02,81.98,2.40,9.81,35.53,26.22,26.03,,,,,,,CTR,2
2525,35031,Bouëxière,,,f,2022,post_2020,PRESIDENTIELLE,2,3238,19.15,80.85,0.00,0.00,68.35,0.00,31.65,,,,,,,CTR,2
2526,35032,Bourgbarré,4580,323.00,f,2002,avant_2010,PRESIDENTIELLE,2,1761,15.50,84.50,89.65,0.00,0.00,0.00,10.35,,,,,,,DRT,0
2527,35032,Bourgbarré,4580,323.00,f,2007,avant_2010,PRESIDENTIELLE,1,2083,8.93,91.07,25.59,29.98,24.89,7.98,8.83,,,,,,,GCH,1
2528,35032,Bourgbarré,4580,323.00,f,2012,2010_2020,PRESIDENTIELLE,1,2511,13.62,86.38,20.53,36.42,11.49,12.54,15.99,,,,,,,GCH,1
2529,35032,Bourgbarré,4580,323.00,f,2017,2010_2020,PRESIDENTIELLE,1,2812,14.30,85.70,14.81,7.26,34.49,23.26,20.02,,,,,,,CTR,2
2530,35032,Bourgbarré,4580,323.00,f,2017,2010_2020,PRESIDENTIELLE,2,2812,19.31,80.69,0.00,0.00,76.29,0.00,23.71,,,,,,,CTR,2
2531,35032,Bourgbarré,4580,323.00,f,2022,post_2020,PRESIDENTIELLE,1,3091,17.44,82.56,3.51,10.12,37.77,23.58,25.03,,,,,,,CTR,2
2532,35032,Bourgbarré,4580,323.00,f,2022,post_2020,PRESIDENTIELLE,2,3093,17.23,82.77,0.00,0.00,67.61,0.00,32.39,,,,,,,CTR,2
2533,35033,Bourg-des-Comptes,,,t,2002,avant_2010,PRESIDENTIELLE,2,1477,14.49,85.51,88.77,0.00,0.00,0.00,11.23,,,,,,,DRT,0
2534,35033,Bourg-des-Comptes,,,t,2007,avant_2010,PRESIDENTIELLE,1,1594,8.72,91.28,26.13,28.77,24.53,8.69,8.62,,,,,,,GCH,1
2535,35033,Bourg-des-Comptes,,,t,2012,2010_2020,PRESIDENTIELLE,1,1907,8.91,91.09,20.90,31.93,11.44,15.59,16.52,,,,,,,GCH,1
2536,35033,Bourg-des-Comptes,,,t,2017,2010_2020,PRESIDENTIELLE,1,2129,11.37,88.63,14.69,8.98,30.36,24.65,21.06,,,,,,,CTR,2
2537,35033,Bourg-des-Comptes,,,t,2017,2010_2020,PRESIDENTIELLE,2,2129,14.84,85.16,0.00,0.00,76.51,0.00,23.49,,,,,,,CTR,2
2538,35033,Bourg-des-Comptes,,,t,2022,post_2020,PRESIDENTIELLE,1,2403,17.39,82.61,3.20,10.05,33.20,28.87,24.69,,,,,,,CTR,2
2539,35033,Bourg-des-Comptes,,,t,2022,post_2020,PRESIDENTIELLE,2,2406,18.25,81.75,0.00,0.00,69.43,0.00,30.57,,,,,,,CTR,2
2540,35034,Boussac,,,f,2002,avant_2010,PRESIDENTIELLE,2,749,19.76,80.24,85.51,0.00,0.00,0.00,14.49,,,,,,,DRT,0
2541,35034,Boussac,,,f,2007,avant_2010,PRESIDENTIELLE,1,835,13.77,86.23,31.65,25.04,18.57,9.56,12.38,,,,,,,DRT,0
2542,35034,Boussac,,,f,2012,2010_2020,PRESIDENTIELLE,1,852,14.55,85.45,25.99,25.42,8.76,13.42,23.02,,,,,,,DRT,0
2543,35034,Boussac,,,f,2017,2010_2020,PRESIDENTIELLE,1,903,14.84,85.16,15.37,5.61,20.59,23.66,34.49,,,,,,,EXD,4
2544,35034,Boussac,,,f,2017,2010_2020,PRESIDENTIELLE,2,903,18.72,81.28,0.00,0.00,53.58,0.00,46.42,,,,,,,CTR,2
2545,35034,Boussac,,,f,2022,post_2020,PRESIDENTIELLE,1,927,21.57,78.43,3.65,4.77,29.73,22.16,39.69,,,,,,,EXD,4
2546,35034,Boussac,,,f,2022,post_2020,PRESIDENTIELLE,2,927,21.04,78.96,0.00,0.00,51.42,0.00,48.58,,,,,,,CTR,2
2547,35035,Bovel,,,f,2002,avant_2010,PRESIDENTIELLE,2,319,14.73,85.27,78.80,0.00,0.00,0.00,21.20,,,,,,,DRT,0
2719,35063,Chapelle-Saint-Aubert,,,f,2017,2010_2020,PRESIDENTIELLE,2,329,22.80,77.20,0.00,0.00,56.31,0.00,43.69,,,,,,,CTR,2
2548,35035,Bovel,,,f,2007,avant_2010,PRESIDENTIELLE,1,382,9.69,90.31,23.46,27.27,18.77,11.44,13.78,,,,,,,GCH,1
2549,35035,Bovel,,,f,2012,2010_2020,PRESIDENTIELLE,1,379,13.19,86.81,19.69,29.23,11.38,14.15,20.92,,,,,,,GCH,1
2550,35035,Bovel,,,f,2017,2010_2020,PRESIDENTIELLE,1,405,15.56,84.44,11.62,10.09,25.99,25.69,26.61,,,,,,,EXD,4
2551,35035,Bovel,,,f,2017,2010_2020,PRESIDENTIELLE,2,405,20.49,79.51,0.00,0.00,61.03,0.00,38.97,,,,,,,CTR,2
2552,35035,Bovel,,,f,2022,post_2020,PRESIDENTIELLE,1,452,17.04,82.96,3.00,9.81,25.61,26.43,35.15,,,,,,,EXD,4
2553,35035,Bovel,,,f,2022,post_2020,PRESIDENTIELLE,2,452,20.35,79.65,0.00,0.00,52.19,0.00,47.81,,,,,,,CTR,2
2554,35037,Bréal-sous-Montfort,,,f,2002,avant_2010,PRESIDENTIELLE,2,2951,14.13,85.87,89.87,0.00,0.00,0.00,10.13,,,,,,,DRT,0
2555,35037,Bréal-sous-Montfort,,,f,2007,avant_2010,PRESIDENTIELLE,1,3314,10.17,89.83,27.43,27.50,25.02,7.93,8.75,,,,,,,GCH,1
2556,35037,Bréal-sous-Montfort,,,f,2012,2010_2020,PRESIDENTIELLE,1,3706,11.66,88.34,24.48,31.53,13.14,12.11,15.89,,,,,,,GCH,1
2557,35037,Bréal-sous-Montfort,,,f,2017,2010_2020,PRESIDENTIELLE,1,4387,12.13,87.87,16.29,7.65,33.52,21.52,20.85,,,,,,,CTR,2
2558,35037,Bréal-sous-Montfort,,,f,2017,2010_2020,PRESIDENTIELLE,2,4387,17.67,82.33,0.00,0.00,75.55,0.00,24.45,,,,,,,CTR,2
2559,35037,Bréal-sous-Montfort,,,f,2022,post_2020,PRESIDENTIELLE,1,4711,18.93,81.07,3.72,8.84,39.49,22.29,25.66,,,,,,,CTR,2
2560,35037,Bréal-sous-Montfort,,,f,2022,post_2020,PRESIDENTIELLE,2,4711,18.72,81.28,0.00,0.00,68.55,0.00,31.45,,,,,,,CTR,2
2561,35038,Bréal-sous-Vitré,,,f,2002,avant_2010,PRESIDENTIELLE,2,417,17.99,82.01,85.28,0.00,0.00,0.00,14.72,,,,,,,DRT,0
2562,35038,Bréal-sous-Vitré,,,f,2007,avant_2010,PRESIDENTIELLE,1,434,12.67,87.33,30.54,16.49,22.16,10.27,17.57,,,,,,,DRT,0
2563,35038,Bréal-sous-Vitré,,,f,2012,2010_2020,PRESIDENTIELLE,1,453,14.79,85.21,24.47,25.27,16.76,8.24,23.40,,,,,,,GCH,1
2564,35038,Bréal-sous-Vitré,,,f,2017,2010_2020,PRESIDENTIELLE,1,465,15.48,84.52,14.29,2.38,26.46,17.99,38.36,,,,,,,EXD,4
2565,35038,Bréal-sous-Vitré,,,f,2017,2010_2020,PRESIDENTIELLE,2,465,24.30,75.70,0.00,0.00,58.77,0.00,41.23,,,,,,,CTR,2
2566,35038,Bréal-sous-Vitré,,,f,2022,post_2020,PRESIDENTIELLE,1,494,23.68,76.32,5.15,6.78,29.54,18.70,39.84,,,,,,,EXD,4
2567,35038,Bréal-sous-Vitré,,,f,2022,post_2020,PRESIDENTIELLE,2,494,23.48,76.52,0.00,0.00,52.12,0.00,47.88,,,,,,,CTR,2
2568,35039,Brécé,2147,300.00,f,2002,avant_2010,PRESIDENTIELLE,2,1074,12.38,87.62,90.13,0.00,0.00,0.00,9.87,,,,,,,DRT,0
2569,35039,Brécé,2147,300.00,f,2007,avant_2010,PRESIDENTIELLE,1,1231,8.77,91.23,25.81,28.06,27.97,9.44,6.74,,,,,,,GCH,1
2570,35039,Brécé,2147,300.00,f,2012,2010_2020,PRESIDENTIELLE,1,1388,12.68,87.32,21.35,33.00,16.88,12.24,14.09,,,,,,,GCH,1
2571,35039,Brécé,2147,300.00,f,2017,2010_2020,PRESIDENTIELLE,1,1524,12.73,87.27,13.01,9.55,30.56,28.18,18.63,,,,,,,CTR,2
2572,35039,Brécé,2147,300.00,f,2017,2010_2020,PRESIDENTIELLE,2,1524,17.65,82.35,0.00,0.00,80.62,0.00,19.38,,,,,,,CTR,2
2573,35039,Brécé,2147,300.00,f,2022,post_2020,PRESIDENTIELLE,1,1569,17.72,82.28,3.04,10.81,37.23,27.46,21.46,,,,,,,CTR,2
2574,35039,Brécé,2147,300.00,f,2022,post_2020,PRESIDENTIELLE,2,1569,16.25,83.75,0.00,0.00,73.74,0.00,26.26,,,,,,,CTR,2
2575,35040,Breteil,,,t,2002,avant_2010,PRESIDENTIELLE,2,2308,16.59,83.41,91.69,0.00,0.00,0.00,8.31,,,,,,,DRT,0
2576,35040,Breteil,,,t,2007,avant_2010,PRESIDENTIELLE,1,2458,9.19,90.81,22.24,33.15,24.15,9.55,7.05,,,,,,,GCH,1
2577,35040,Breteil,,,t,2012,2010_2020,PRESIDENTIELLE,1,2520,10.36,89.64,18.88,38.89,13.04,12.90,12.86,,,,,,,GCH,1
2578,35040,Breteil,,,t,2017,2010_2020,PRESIDENTIELLE,1,2725,14.17,85.83,12.97,10.96,32.97,24.50,18.47,,,,,,,CTR,2
2579,35040,Breteil,,,t,2017,2010_2020,PRESIDENTIELLE,2,2725,19.49,80.51,0.00,0.00,78.96,0.00,21.04,,,,,,,CTR,2
2580,35040,Breteil,,,t,2022,post_2020,PRESIDENTIELLE,1,2851,20.20,79.80,3.38,10.23,37.42,26.10,22.86,,,,,,,CTR,2
2581,35040,Breteil,,,t,2022,post_2020,PRESIDENTIELLE,2,2852,21.60,78.40,0.00,0.00,70.92,0.00,29.08,,,,,,,CTR,2
2582,35041,Brie,,,f,2002,avant_2010,PRESIDENTIELLE,2,524,13.74,86.26,86.51,0.00,0.00,0.00,13.49,,,,,,,DRT,0
2583,35041,Brie,,,f,2007,avant_2010,PRESIDENTIELLE,1,589,10.02,89.98,28.87,28.68,25.43,5.54,9.56,,,,,,,DRT,0
2584,35041,Brie,,,f,2012,2010_2020,PRESIDENTIELLE,1,608,10.20,89.80,24.29,26.37,11.68,12.43,22.98,,,,,,,GCH,1
2585,35041,Brie,,,f,2017,2010_2020,PRESIDENTIELLE,1,694,9.51,90.49,17.84,8.84,20.79,19.97,32.08,,,,,,,EXD,4
2586,35041,Brie,,,f,2017,2010_2020,PRESIDENTIELLE,2,694,14.70,85.30,0.00,0.00,65.50,0.00,34.50,,,,,,,CTR,2
2587,35041,Brie,,,f,2022,post_2020,PRESIDENTIELLE,1,738,18.56,81.44,3.09,5.84,35.40,21.99,33.68,,,,,,,CTR,2
2588,35041,Brie,,,f,2022,post_2020,PRESIDENTIELLE,2,738,18.56,81.44,0.00,0.00,57.78,0.00,42.22,,,,,,,CTR,2
2589,35042,Brielles,,,f,2002,avant_2010,PRESIDENTIELLE,2,437,12.13,87.87,90.74,0.00,0.00,0.00,9.26,,,,,,,DRT,0
2590,35042,Brielles,,,f,2007,avant_2010,PRESIDENTIELLE,1,502,10.16,89.84,37.30,18.65,23.37,8.76,10.79,,,,,,,DRT,0
2591,35042,Brielles,,,f,2012,2010_2020,PRESIDENTIELLE,1,469,9.38,90.62,35.34,18.99,15.62,7.45,20.67,,,,,,,DRT,0
2592,35042,Brielles,,,f,2017,2010_2020,PRESIDENTIELLE,1,477,10.06,89.94,29.81,3.29,24.41,12.68,29.81,,,,,,,DRT,0
2593,35042,Brielles,,,f,2017,2010_2020,PRESIDENTIELLE,2,477,12.58,87.42,0.00,0.00,67.22,0.00,32.78,,,,,,,CTR,2
2594,35042,Brielles,,,f,2022,post_2020,PRESIDENTIELLE,1,489,21.47,78.53,5.45,6.54,37.33,17.17,33.51,,,,,,,CTR,2
2595,35042,Brielles,,,f,2022,post_2020,PRESIDENTIELLE,2,488,19.26,80.74,0.00,0.00,58.92,0.00,41.08,,,,,,,CTR,2
2596,35044,Broualan,,,t,2002,avant_2010,PRESIDENTIELLE,2,230,14.35,85.65,88.77,0.00,0.00,0.00,11.23,,,,,,,DRT,0
2597,35044,Broualan,,,t,2007,avant_2010,PRESIDENTIELLE,1,240,12.08,87.92,42.11,22.49,18.18,10.05,4.78,,,,,,,DRT,0
2598,35044,Broualan,,,t,2012,2010_2020,PRESIDENTIELLE,1,268,12.31,87.69,33.33,24.12,9.21,17.11,14.47,,,,,,,DRT,0
2599,35044,Broualan,,,t,2017,2010_2020,PRESIDENTIELLE,1,257,13.23,86.77,21.30,10.65,19.44,23.15,25.46,,,,,,,EXD,4
2600,35044,Broualan,,,t,2017,2010_2020,PRESIDENTIELLE,2,257,17.90,82.10,0.00,0.00,67.02,0.00,32.98,,,,,,,CTR,2
2601,35044,Broualan,,,t,2022,post_2020,PRESIDENTIELLE,1,277,15.88,84.12,6.09,4.78,37.83,20.43,30.87,20490.00,,,,,12.17,CTR,2
2602,35044,Broualan,,,t,2022,post_2020,PRESIDENTIELLE,2,277,17.33,82.67,0.00,0.00,54.07,0.00,45.93,20490.00,,,,,12.17,CTR,2
2603,35045,Bruc-sur-Aff,,,f,2002,avant_2010,PRESIDENTIELLE,2,663,14.03,85.97,86.31,0.00,0.00,0.00,13.69,,,,,,,DRT,0
2604,35045,Bruc-sur-Aff,,,f,2007,avant_2010,PRESIDENTIELLE,1,681,10.87,89.13,39.17,15.33,25.67,7.00,10.83,,,,,,,DRT,0
2605,35045,Bruc-sur-Aff,,,f,2012,2010_2020,PRESIDENTIELLE,1,695,15.54,84.46,35.41,21.93,12.44,11.05,17.79,,,,,,,DRT,0
2606,35045,Bruc-sur-Aff,,,f,2017,2010_2020,PRESIDENTIELLE,1,691,16.21,83.79,23.49,4.09,27.40,19.22,25.62,,,,,,,CTR,2
2607,35045,Bruc-sur-Aff,,,f,2017,2010_2020,PRESIDENTIELLE,2,691,18.81,81.19,0.00,0.00,66.54,0.00,33.46,,,,,,,CTR,2
2608,35045,Bruc-sur-Aff,,,f,2022,post_2020,PRESIDENTIELLE,1,694,20.61,79.39,3.14,4.98,40.04,16.42,35.42,21480.00,,,,,18.69,CTR,2
2609,35045,Bruc-sur-Aff,,,f,2022,post_2020,PRESIDENTIELLE,2,694,21.61,78.39,0.00,0.00,58.53,0.00,41.47,21480.00,,,,,18.69,CTR,2
2610,35046,Brulais,,,f,2002,avant_2010,PRESIDENTIELLE,2,344,15.70,84.30,83.33,0.00,0.00,0.00,16.67,,,,,,,DRT,0
2611,35046,Brulais,,,f,2007,avant_2010,PRESIDENTIELLE,1,360,9.17,90.83,31.89,17.34,26.63,6.19,16.10,,,,,,,DRT,0
2612,35046,Brulais,,,f,2012,2010_2020,PRESIDENTIELLE,1,368,12.50,87.50,28.48,23.73,15.51,5.06,26.90,,,,,,,DRT,0
2613,35046,Brulais,,,f,2017,2010_2020,PRESIDENTIELLE,1,389,13.11,86.89,20.43,4.88,21.04,17.38,35.98,,,,,,,EXD,4
2614,35046,Brulais,,,f,2017,2010_2020,PRESIDENTIELLE,2,389,16.45,83.55,0.00,0.00,54.80,0.00,45.20,,,,,,,CTR,2
2615,35046,Brulais,,,f,2022,post_2020,PRESIDENTIELLE,1,383,19.06,80.94,6.95,1.66,27.15,19.87,44.37,20160.00,,,,,24.03,EXD,4
2616,35046,Brulais,,,f,2022,post_2020,PRESIDENTIELLE,2,383,16.97,83.03,0.00,0.00,41.38,0.00,58.62,20160.00,,,,,24.03,EXD,4
2617,35047,Bruz,19651,656.00,f,2002,avant_2010,PRESIDENTIELLE,2,8966,16.93,83.07,91.82,0.00,0.00,0.00,8.18,,,,,,,DRT,0
2618,35047,Bruz,19651,656.00,f,2007,avant_2010,PRESIDENTIELLE,1,10019,11.07,88.93,28.06,29.92,26.26,5.63,7.12,,,,,,,GCH,1
2619,35047,Bruz,19651,656.00,f,2012,2010_2020,PRESIDENTIELLE,1,11305,14.67,85.33,26.02,31.74,13.85,12.28,12.69,,,,,,,GCH,1
2620,35047,Bruz,19651,656.00,f,2017,2010_2020,PRESIDENTIELLE,1,12497,16.37,83.63,19.88,9.11,35.47,19.44,15.92,,,,,,,CTR,2
2621,35047,Bruz,19651,656.00,f,2017,2010_2020,PRESIDENTIELLE,2,12497,21.41,78.59,0.00,0.00,82.85,0.00,17.15,,,,,,,CTR,2
2622,35047,Bruz,19651,656.00,f,2022,post_2020,PRESIDENTIELLE,1,13388,22.00,78.00,4.61,11.29,40.45,23.52,20.13,25250.00,,0.275,3.100,,24.15,CTR,2
2623,35047,Bruz,19651,656.00,f,2022,post_2020,PRESIDENTIELLE,2,13397,22.84,77.16,0.00,0.00,75.93,0.00,24.07,25250.00,,0.275,3.100,,24.15,CTR,2
2624,35049,Cancale,,,f,2002,avant_2010,PRESIDENTIELLE,2,4360,21.03,78.97,86.19,0.00,0.00,0.00,13.81,,,,,,,DRT,0
2625,35049,Cancale,,,f,2007,avant_2010,PRESIDENTIELLE,1,4633,17.42,82.58,40.13,19.23,21.06,6.51,10.82,,,,,,,DRT,0
2626,35049,Cancale,,,f,2012,2010_2020,PRESIDENTIELLE,1,4783,20.72,79.28,35.77,25.71,10.52,9.28,16.27,,,,,,,DRT,0
2627,35049,Cancale,,,f,2017,2010_2020,PRESIDENTIELLE,1,4816,21.70,78.30,29.98,5.99,28.76,15.59,19.57,,,,,,,DRT,0
2628,35049,Cancale,,,f,2017,2010_2020,PRESIDENTIELLE,2,4817,24.12,75.88,0.00,0.00,75.50,0.00,24.50,,,,,,,CTR,2
2629,35049,Cancale,,,f,2022,post_2020,PRESIDENTIELLE,1,5064,22.57,77.43,6.54,7.38,42.26,17.54,26.28,25380.00,,0.262,3.000,,32.41,CTR,2
2630,35049,Cancale,,,f,2022,post_2020,PRESIDENTIELLE,2,5067,23.66,76.34,0.00,0.00,69.53,0.00,30.47,25380.00,,0.262,3.000,,32.41,CTR,2
2631,35050,Cardroc,,,f,2002,avant_2010,PRESIDENTIELLE,2,315,13.97,86.03,86.33,0.00,0.00,0.00,13.67,,,,,,,DRT,0
2632,35050,Cardroc,,,f,2007,avant_2010,PRESIDENTIELLE,1,344,9.59,90.41,25.72,27.65,26.37,9.97,6.75,,,,,,,GCH,1
2633,35050,Cardroc,,,f,2012,2010_2020,PRESIDENTIELLE,1,402,8.96,91.04,23.08,31.59,10.99,14.84,14.84,,,,,,,GCH,1
2634,35050,Cardroc,,,f,2017,2010_2020,PRESIDENTIELLE,1,416,10.10,89.90,12.84,11.48,30.60,21.86,22.68,,,,,,,CTR,2
2635,35050,Cardroc,,,f,2017,2010_2020,PRESIDENTIELLE,2,416,14.90,85.10,0.00,0.00,75.86,0.00,24.14,,,,,,,CTR,2
2636,35050,Cardroc,,,f,2022,post_2020,PRESIDENTIELLE,1,410,14.39,85.61,2.59,11.53,34.87,25.94,25.07,24330.00,,,,,30.10,CTR,2
2637,35050,Cardroc,,,f,2022,post_2020,PRESIDENTIELLE,2,410,16.10,83.90,0.00,0.00,65.27,0.00,34.73,24330.00,,,,,30.10,CTR,2
2638,35051,Cesson-Sévigné,17716,551.00,t,2002,avant_2010,PRESIDENTIELLE,2,11182,15.57,84.43,93.34,0.00,0.00,0.00,6.66,,,,,,,DRT,0
2639,35051,Cesson-Sévigné,17716,551.00,t,2007,avant_2010,PRESIDENTIELLE,1,11794,9.95,90.05,30.65,29.01,27.81,4.57,4.89,,,,,,,DRT,0
2640,35051,Cesson-Sévigné,17716,551.00,t,2012,2010_2020,PRESIDENTIELLE,1,12629,14.06,85.94,29.94,31.81,16.07,9.82,8.40,,,,,,,GCH,1
2641,35051,Cesson-Sévigné,17716,551.00,t,2017,2010_2020,PRESIDENTIELLE,1,13218,13.97,86.03,24.74,8.50,38.92,17.25,10.43,,,,,,,CTR,2
2642,35051,Cesson-Sévigné,17716,551.00,t,2017,2010_2020,PRESIDENTIELLE,2,13218,17.92,82.08,0.00,0.00,87.65,0.00,12.35,,,,,,,CTR,2
2643,35051,Cesson-Sévigné,17716,551.00,t,2022,post_2020,PRESIDENTIELLE,1,13226,17.97,82.03,7.27,11.20,41.75,23.04,16.73,29450.00,,0.276,3.300,,32.92,CTR,2
2644,35051,Cesson-Sévigné,17716,551.00,t,2022,post_2020,PRESIDENTIELLE,2,13234,18.96,81.04,0.00,0.00,81.06,0.00,18.94,29450.00,,0.276,3.300,,32.92,CTR,2
2645,35052,Champeaux,,,f,2002,avant_2010,PRESIDENTIELLE,2,368,14.40,85.60,94.10,0.00,0.00,0.00,5.90,,,,,,,DRT,0
2646,35052,Champeaux,,,f,2007,avant_2010,PRESIDENTIELLE,1,388,10.57,89.43,35.28,16.62,28.57,8.16,9.33,,,,,,,DRT,0
2647,35052,Champeaux,,,f,2012,2010_2020,PRESIDENTIELLE,1,394,16.24,83.76,34.97,22.39,15.64,10.12,14.42,,,,,,,DRT,0
2648,35052,Champeaux,,,f,2017,2010_2020,PRESIDENTIELLE,1,386,14.51,85.49,21.32,6.58,33.54,18.18,20.06,,,,,,,CTR,2
2649,35052,Champeaux,,,f,2017,2010_2020,PRESIDENTIELLE,2,386,19.95,80.05,0.00,0.00,80.00,0.00,20.00,,,,,,,CTR,2
2650,35052,Champeaux,,,f,2022,post_2020,PRESIDENTIELLE,1,386,15.28,84.72,7.96,5.10,42.04,22.61,22.29,23890.00,,,,,11.90,CTR,2
2651,35052,Champeaux,,,f,2022,post_2020,PRESIDENTIELLE,2,388,15.21,84.79,0.00,0.00,71.67,0.00,28.33,23890.00,,,,,11.90,CTR,2
2652,35054,Chanteloup,,,f,2002,avant_2010,PRESIDENTIELLE,2,876,15.18,84.82,90.37,0.00,0.00,0.00,9.63,,,,,,,DRT,0
2653,35054,Chanteloup,,,f,2007,avant_2010,PRESIDENTIELLE,1,996,10.64,89.36,24.86,28.32,25.09,10.98,8.79,,,,,,,GCH,1
2654,35054,Chanteloup,,,f,2012,2010_2020,PRESIDENTIELLE,1,1103,9.34,90.66,20.25,32.68,12.54,14.18,16.03,,,,,,,GCH,1
2655,35054,Chanteloup,,,f,2017,2010_2020,PRESIDENTIELLE,1,1246,11.32,88.68,14.43,8.15,30.93,25.30,20.90,,,,,,,CTR,2
2656,35054,Chanteloup,,,f,2017,2010_2020,PRESIDENTIELLE,2,1246,17.50,82.50,0.00,0.00,74.76,0.00,25.24,,,,,,,CTR,2
2657,35054,Chanteloup,,,f,2022,post_2020,PRESIDENTIELLE,1,1361,18.44,81.56,3.45,9.34,35.95,25.21,26.05,23630.00,,,,,23.39,CTR,2
2658,35054,Chanteloup,,,f,2022,post_2020,PRESIDENTIELLE,2,1361,19.69,80.31,0.00,0.00,67.67,0.00,32.33,23630.00,,,,,23.39,CTR,2
2659,35055,Chantepie,10232,854.00,f,2002,avant_2010,PRESIDENTIELLE,2,4861,15.10,84.90,94.42,0.00,0.00,0.00,5.58,,,,,,,DRT,0
2660,35055,Chantepie,10232,854.00,f,2007,avant_2010,PRESIDENTIELLE,1,5509,10.66,89.34,24.39,34.94,26.26,6.26,4.84,,,,,,,GCH,1
2661,35055,Chantepie,10232,854.00,f,2012,2010_2020,PRESIDENTIELLE,1,6808,14.25,85.75,19.95,37.94,15.18,12.46,10.42,,,,,,,GCH,1
2662,35055,Chantepie,10232,854.00,f,2017,2010_2020,PRESIDENTIELLE,1,7298,16.00,84.00,16.02,10.32,37.65,22.93,12.91,,,,,,,CTR,2
2663,35055,Chantepie,10232,854.00,f,2017,2010_2020,PRESIDENTIELLE,2,7295,20.59,79.41,0.00,0.00,86.49,0.00,13.51,,,,,,,CTR,2
2664,35055,Chantepie,10232,854.00,f,2022,post_2020,PRESIDENTIELLE,1,7433,20.29,79.71,4.44,10.76,37.07,30.58,17.15,24870.00,,0.245,3.200,,19.85,CTR,2
2665,35055,Chantepie,10232,854.00,f,2022,post_2020,PRESIDENTIELLE,2,7433,21.86,78.14,0.00,0.00,78.95,0.00,21.05,24870.00,,0.245,3.200,,19.85,CTR,2
2666,35056,Chapelle-aux-Filtzméens,,,f,2002,avant_2010,PRESIDENTIELLE,2,328,12.80,87.20,91.34,0.00,0.00,0.00,8.66,,,,,,,DRT,0
2667,35056,Chapelle-aux-Filtzméens,,,f,2007,avant_2010,PRESIDENTIELLE,1,433,8.78,91.22,23.70,32.81,26.04,8.07,6.77,,,,,,,GCH,1
2668,35056,Chapelle-aux-Filtzméens,,,f,2012,2010_2020,PRESIDENTIELLE,1,529,10.96,89.04,21.81,33.26,9.07,16.20,15.33,,,,,,,GCH,1
2669,35056,Chapelle-aux-Filtzméens,,,f,2017,2010_2020,PRESIDENTIELLE,1,562,10.85,89.15,13.03,9.78,29.33,25.66,22.20,,,,,,,CTR,2
2670,35056,Chapelle-aux-Filtzméens,,,f,2017,2010_2020,PRESIDENTIELLE,2,564,13.30,86.70,0.00,0.00,71.91,0.00,28.09,,,,,,,CTR,2
2671,35056,Chapelle-aux-Filtzméens,,,f,2022,post_2020,PRESIDENTIELLE,1,624,14.42,85.58,2.71,8.51,30.37,31.14,27.27,22710.00,,,,,26.67,EXG,3
2672,35056,Chapelle-aux-Filtzméens,,,f,2022,post_2020,PRESIDENTIELLE,2,623,17.34,82.66,0.00,0.00,65.85,0.00,34.15,22710.00,,,,,26.67,CTR,2
2673,35057,Chapelle-Bouëxic,,,f,2002,avant_2010,PRESIDENTIELLE,2,645,13.02,86.98,83.43,0.00,0.00,0.00,16.57,,,,,,,DRT,0
2674,35057,Chapelle-Bouëxic,,,f,2007,avant_2010,PRESIDENTIELLE,1,719,9.18,90.82,22.65,28.35,22.03,8.63,14.79,,,,,,,GCH,1
2675,35057,Chapelle-Bouëxic,,,f,2012,2010_2020,PRESIDENTIELLE,1,804,11.07,88.93,23.25,27.82,8.84,15.41,19.69,,,,,,,GCH,1
2676,35057,Chapelle-Bouëxic,,,f,2017,2010_2020,PRESIDENTIELLE,1,849,12.13,87.87,11.31,8.04,27.11,25.07,28.47,,,,,,,EXD,4
2677,35057,Chapelle-Bouëxic,,,f,2017,2010_2020,PRESIDENTIELLE,2,849,16.49,83.51,0.00,0.00,66.88,0.00,33.12,,,,,,,CTR,2
2678,35057,Chapelle-Bouëxic,,,f,2022,post_2020,PRESIDENTIELLE,1,919,16.21,83.79,2.91,7.66,32.36,25.50,31.57,22910.00,,,,,18.99,CTR,2
2679,35057,Chapelle-Bouëxic,,,f,2022,post_2020,PRESIDENTIELLE,2,919,18.61,81.39,0.00,0.00,58.10,0.00,41.90,22910.00,,,,,18.99,CTR,2
2680,35058,la Chapelle-Chaussée,1300,88.00,t,2002,avant_2010,PRESIDENTIELLE,2,583,12.18,87.82,86.40,0.00,0.00,0.00,13.60,,,,,,,DRT,0
2681,35058,la Chapelle-Chaussée,1300,88.00,t,2007,avant_2010,PRESIDENTIELLE,1,720,9.03,90.97,25.27,28.53,27.29,6.82,8.53,,,,,,,GCH,1
2682,35058,la Chapelle-Chaussée,1300,88.00,t,2012,2010_2020,PRESIDENTIELLE,1,828,10.63,89.37,25.41,29.53,13.60,13.46,15.11,,,,,,,GCH,1
2683,35058,la Chapelle-Chaussée,1300,88.00,t,2017,2010_2020,PRESIDENTIELLE,1,865,11.21,88.79,16.04,9.36,29.55,23.40,21.66,,,,,,,CTR,2
2684,35058,la Chapelle-Chaussée,1300,88.00,t,2017,2010_2020,PRESIDENTIELLE,2,863,14.72,85.28,0.00,0.00,74.53,0.00,25.47,,,,,,,CTR,2
2685,35058,la Chapelle-Chaussée,1300,88.00,t,2022,post_2020,PRESIDENTIELLE,1,982,17.92,82.08,4.61,7.81,32.52,26.12,28.94,23890.00,,,,,23.09,CTR,2
2686,35058,la Chapelle-Chaussée,1300,88.00,t,2022,post_2020,PRESIDENTIELLE,2,983,19.74,80.26,0.00,0.00,62.36,0.00,37.64,23890.00,,,,,23.09,CTR,2
2687,35059,la Chapelle-des-Fougeretz,4604,529.00,f,2002,avant_2010,PRESIDENTIELLE,2,2414,11.85,88.15,92.51,0.00,0.00,0.00,7.49,,,,,,,DRT,0
2688,35059,la Chapelle-des-Fougeretz,4604,529.00,f,2007,avant_2010,PRESIDENTIELLE,1,2627,8.30,91.70,23.86,34.11,26.75,6.07,5.82,,,,,,,GCH,1
2689,35059,la Chapelle-des-Fougeretz,4604,529.00,f,2012,2010_2020,PRESIDENTIELLE,1,3133,11.71,88.29,21.75,39.05,12.03,12.80,10.45,,,,,,,GCH,1
2690,35059,la Chapelle-des-Fougeretz,4604,529.00,f,2017,2010_2020,PRESIDENTIELLE,1,3305,13.34,86.66,16.36,9.68,38.48,21.44,13.86,,,,,,,CTR,2
2691,35059,la Chapelle-des-Fougeretz,4604,529.00,f,2017,2010_2020,PRESIDENTIELLE,2,3305,16.88,83.12,0.00,0.00,84.69,0.00,15.31,,,,,,,CTR,2
2692,35059,la Chapelle-des-Fougeretz,4604,529.00,f,2022,post_2020,PRESIDENTIELLE,1,3446,19.01,80.99,3.99,11.34,40.32,27.22,17.12,25490.00,,0.237,2.800,,20.20,CTR,2
2693,35059,la Chapelle-des-Fougeretz,4604,529.00,f,2022,post_2020,PRESIDENTIELLE,2,3443,18.79,81.21,0.00,0.00,79.11,0.00,20.89,25490.00,,0.237,2.800,,20.20,CTR,2
2694,35060,Chapelle du Lou du Lac,,,t,2002,avant_2010,PRESIDENTIELLE,2,322,17.08,82.92,87.70,0.00,0.00,0.00,12.30,,,,,,,DRT,0
2695,35060,Chapelle du Lou du Lac,,,t,2007,avant_2010,PRESIDENTIELLE,1,408,9.31,90.69,27.10,28.73,27.91,6.50,8.40,,,,,,,GCH,1
2696,35060,Chapelle du Lou du Lac,,,t,2012,2010_2020,PRESIDENTIELLE,1,495,10.10,89.90,24.09,21.59,13.18,16.59,22.05,,,,,,,DRT,0
2697,35060,Chapelle du Lou du Lac,,,t,2017,2010_2020,PRESIDENTIELLE,1,642,11.84,88.16,15.37,6.51,25.68,23.87,28.57,,,,,,,EXD,4
2698,35060,Chapelle du Lou du Lac,,,t,2017,2010_2020,PRESIDENTIELLE,2,642,16.51,83.49,0.00,0.00,65.32,0.00,34.68,,,,,,,CTR,2
2699,35060,Chapelle du Lou du Lac,,,t,2022,post_2020,PRESIDENTIELLE,1,687,15.28,84.72,4.25,8.14,33.63,23.19,30.80,23310.00,,,,,19.29,CTR,2
2700,35060,Chapelle du Lou du Lac,,,t,2022,post_2020,PRESIDENTIELLE,2,687,16.74,83.26,0.00,0.00,59.81,0.00,40.19,23310.00,,,,,19.29,CTR,2
2701,35061,Chapelle-Erbrée,,,f,2002,avant_2010,PRESIDENTIELLE,2,357,9.80,90.20,89.51,0.00,0.00,0.00,10.49,,,,,,,DRT,0
2702,35061,Chapelle-Erbrée,,,f,2007,avant_2010,PRESIDENTIELLE,1,434,11.29,88.71,38.03,15.96,24.20,4.79,11.17,,,,,,,DRT,0
2703,35061,Chapelle-Erbrée,,,f,2012,2010_2020,PRESIDENTIELLE,1,481,12.27,87.73,34.94,20.00,13.49,9.40,19.76,,,,,,,DRT,0
2704,35061,Chapelle-Erbrée,,,f,2017,2010_2020,PRESIDENTIELLE,1,482,12.86,87.14,21.13,4.67,25.55,19.41,29.24,,,,,,,EXD,4
2705,35061,Chapelle-Erbrée,,,f,2017,2010_2020,PRESIDENTIELLE,2,481,18.71,81.29,0.00,0.00,67.83,0.00,32.17,,,,,,,CTR,2
2706,35061,Chapelle-Erbrée,,,f,2022,post_2020,PRESIDENTIELLE,1,490,22.86,77.14,5.72,7.08,37.06,16.62,33.51,21840.00,,,,,22.13,CTR,2
2707,35061,Chapelle-Erbrée,,,f,2022,post_2020,PRESIDENTIELLE,2,488,19.88,80.12,0.00,0.00,58.50,0.00,41.50,21840.00,,,,,22.13,CTR,2
2708,35062,Chapelle-Fleurigné,,,f,2002,avant_2010,PRESIDENTIELLE,2,983,11.70,88.30,87.12,0.00,0.00,0.00,12.88,,,,,,,DRT,0
2709,35062,Chapelle-Fleurigné,,,f,2007,avant_2010,PRESIDENTIELLE,1,1010,10.79,89.21,43.74,12.18,23.34,8.91,9.47,,,,,,,DRT,0
2710,35062,Chapelle-Fleurigné,,,f,2012,2010_2020,PRESIDENTIELLE,1,1066,9.85,90.15,39.89,20.00,12.34,9.26,16.60,,,,,,,DRT,0
2711,35062,Chapelle-Fleurigné,,,f,2017,2010_2020,PRESIDENTIELLE,1,1071,10.83,89.17,29.24,3.37,22.50,15.33,29.46,,,,,,,EXD,4
2712,35062,Chapelle-Fleurigné,,,f,2017,2010_2020,PRESIDENTIELLE,2,1071,14.94,85.06,0.00,0.00,67.46,0.00,32.54,,,,,,,CTR,2
2713,35062,Chapelle-Fleurigné,,,f,2022,post_2020,PRESIDENTIELLE,1,1070,17.20,82.80,5.06,5.06,42.18,14.48,33.22,21660.00,,,,,10.70,CTR,2
2714,35062,Chapelle-Fleurigné,,,f,2022,post_2020,PRESIDENTIELLE,2,1070,15.51,84.49,0.00,0.00,57.90,0.00,42.10,21660.00,,,,,10.70,CTR,2
2715,35063,Chapelle-Saint-Aubert,,,f,2002,avant_2010,PRESIDENTIELLE,2,293,16.72,83.28,83.98,0.00,0.00,0.00,16.02,,,,,,,DRT,0
2716,35063,Chapelle-Saint-Aubert,,,f,2007,avant_2010,PRESIDENTIELLE,1,299,11.04,88.96,32.56,17.05,25.97,4.65,16.67,,,,,,,DRT,0
2717,35063,Chapelle-Saint-Aubert,,,f,2012,2010_2020,PRESIDENTIELLE,1,298,18.79,81.21,36.71,18.99,12.66,8.44,20.25,,,,,,,DRT,0
2718,35063,Chapelle-Saint-Aubert,,,f,2017,2010_2020,PRESIDENTIELLE,1,329,18.24,81.76,27.31,5.00,20.77,14.62,31.92,,,,,,,EXD,4
2720,35063,Chapelle-Saint-Aubert,,,f,2022,post_2020,PRESIDENTIELLE,1,328,17.07,82.93,6.08,4.94,36.50,14.07,38.40,23380.00,,,,,19.23,EXD,4
2721,35063,Chapelle-Saint-Aubert,,,f,2022,post_2020,PRESIDENTIELLE,2,328,15.85,84.15,0.00,0.00,56.68,0.00,43.32,23380.00,,,,,19.23,CTR,2
2722,35064,Chapelle-de-Brain,,,f,2002,avant_2010,PRESIDENTIELLE,2,739,19.89,80.11,89.68,0.00,0.00,0.00,10.32,,,,,,,DRT,0
2723,35064,Chapelle-de-Brain,,,f,2007,avant_2010,PRESIDENTIELLE,1,796,14.32,85.68,27.01,23.73,24.18,9.85,12.24,,,,,,,DRT,0
2724,35064,Chapelle-de-Brain,,,f,2012,2010_2020,PRESIDENTIELLE,1,801,19.23,80.77,23.86,30.61,10.83,13.66,16.48,,,,,,,GCH,1
2725,35064,Chapelle-de-Brain,,,f,2017,2010_2020,PRESIDENTIELLE,1,788,19.42,80.58,17.39,7.57,20.13,28.02,26.41,,,,,,,EXG,3
2726,35064,Chapelle-de-Brain,,,f,2017,2010_2020,PRESIDENTIELLE,2,788,21.45,78.55,0.00,0.00,65.60,0.00,34.40,,,,,,,CTR,2
2727,35064,Chapelle-de-Brain,,,f,2022,post_2020,PRESIDENTIELLE,1,861,21.60,78.40,1.67,6.06,28.33,31.82,32.12,20420.00,,,,,41.55,EXD,4
2728,35064,Chapelle-de-Brain,,,f,2022,post_2020,PRESIDENTIELLE,2,861,24.85,75.15,0.00,0.00,52.86,0.00,47.14,20420.00,,,,,41.55,CTR,2
2729,35065,la Chapelle-Thouarault,2252,295.00,t,2002,avant_2010,PRESIDENTIELLE,2,1492,14.28,85.72,93.11,0.00,0.00,0.00,6.89,,,,,,,DRT,0
2730,35065,la Chapelle-Thouarault,2252,295.00,t,2007,avant_2010,PRESIDENTIELLE,1,1599,9.63,90.37,22.34,30.11,27.52,9.52,7.42,,,,,,,GCH,1
2731,35065,la Chapelle-Thouarault,2252,295.00,t,2012,2010_2020,PRESIDENTIELLE,1,1546,9.96,90.04,17.45,40.76,10.34,13.86,15.10,,,,,,,GCH,1
2732,35065,la Chapelle-Thouarault,2252,295.00,t,2017,2010_2020,PRESIDENTIELLE,1,1599,10.26,89.74,13.91,9.27,31.46,25.68,19.54,,,,,,,CTR,2
2733,35065,la Chapelle-Thouarault,2252,295.00,t,2017,2010_2020,PRESIDENTIELLE,2,1599,15.70,84.30,0.00,0.00,79.32,0.00,20.68,,,,,,,CTR,2
2734,35065,la Chapelle-Thouarault,2252,295.00,t,2022,post_2020,PRESIDENTIELLE,1,1690,16.21,83.79,2.69,9.00,36.57,29.75,21.99,23720.00,,0.198,2.400,,18.09,CTR,2
2735,35065,la Chapelle-Thouarault,2252,295.00,t,2022,post_2020,PRESIDENTIELLE,2,1692,17.38,82.62,0.00,0.00,71.62,0.00,28.38,23720.00,,0.198,2.400,,18.09,CTR,2
2736,35066,Chartres-de-Bretagne,8237,828.00,f,2002,avant_2010,PRESIDENTIELLE,2,5204,17.16,82.84,92.83,0.00,0.00,0.00,7.17,,,,,,,DRT,0
2737,35066,Chartres-de-Bretagne,8237,828.00,f,2007,avant_2010,PRESIDENTIELLE,1,5561,13.38,86.62,25.25,32.72,24.92,7.65,6.34,,,,,,,GCH,1
2738,35066,Chartres-de-Bretagne,8237,828.00,f,2012,2010_2020,PRESIDENTIELLE,1,5772,17.24,82.76,21.37,37.96,12.57,11.78,12.72,,,,,,,GCH,1
2739,35066,Chartres-de-Bretagne,8237,828.00,f,2017,2010_2020,PRESIDENTIELLE,1,5801,17.51,82.49,16.70,11.03,36.65,19.37,16.17,,,,,,,CTR,2
2740,35066,Chartres-de-Bretagne,8237,828.00,f,2017,2010_2020,PRESIDENTIELLE,2,5801,21.48,78.52,0.00,0.00,83.09,0.00,16.91,,,,,,,CTR,2
2741,35066,Chartres-de-Bretagne,8237,828.00,f,2022,post_2020,PRESIDENTIELLE,1,6005,22.16,77.84,4.37,11.37,38.23,26.22,19.82,23890.00,,0.252,3.100,,20.97,CTR,2
2742,35066,Chartres-de-Bretagne,8237,828.00,f,2022,post_2020,PRESIDENTIELLE,2,6010,24.23,75.77,0.00,0.00,76.23,0.00,23.77,23890.00,,0.252,3.100,,20.97,CTR,2
2743,35067,Chasné-sur-Illet,,,t,2002,avant_2010,PRESIDENTIELLE,2,842,8.91,91.09,92.39,0.00,0.00,0.00,7.61,,,,,,,DRT,0
2744,35067,Chasné-sur-Illet,,,t,2007,avant_2010,PRESIDENTIELLE,1,872,7.34,92.66,20.05,33.83,26.82,7.77,7.02,,,,,,,GCH,1
2745,35067,Chasné-sur-Illet,,,t,2012,2010_2020,PRESIDENTIELLE,1,989,8.19,91.81,14.99,38.48,14.43,16.89,11.86,,,,,,,GCH,1
2746,35067,Chasné-sur-Illet,,,t,2017,2010_2020,PRESIDENTIELLE,1,1069,9.64,90.36,10.82,12.09,32.24,27.47,17.07,,,,,,,CTR,2
2747,35067,Chasné-sur-Illet,,,t,2017,2010_2020,PRESIDENTIELLE,2,1069,14.69,85.31,0.00,0.00,82.49,0.00,17.51,,,,,,,CTR,2
2748,35067,Chasné-sur-Illet,,,t,2022,post_2020,PRESIDENTIELLE,1,1209,17.95,82.05,2.57,13.99,32.00,30.76,20.68,26210.00,,,,,20.56,CTR,2
2749,35067,Chasné-sur-Illet,,,t,2022,post_2020,PRESIDENTIELLE,2,1210,16.94,83.06,0.00,0.00,71.32,0.00,28.68,26210.00,,,,,20.56,CTR,2
2750,35068,Châteaubourg,,,t,2002,avant_2010,PRESIDENTIELLE,2,3502,14.11,85.89,93.35,0.00,0.00,0.00,6.65,,,,,,,DRT,0
2751,35068,Châteaubourg,,,t,2007,avant_2010,PRESIDENTIELLE,1,3840,9.11,90.89,28.18,26.41,28.38,6.30,6.91,,,,,,,CTR,2
2752,35068,Châteaubourg,,,t,2012,2010_2020,PRESIDENTIELLE,1,4324,12.42,87.58,24.59,31.92,15.57,12.51,11.92,,,,,,,GCH,1
2753,35068,Châteaubourg,,,t,2017,2010_2020,PRESIDENTIELLE,1,4824,12.77,87.23,16.06,8.54,36.16,23.44,15.70,,,,,,,CTR,2
2754,35068,Châteaubourg,,,t,2017,2010_2020,PRESIDENTIELLE,2,4824,17.62,82.38,0.00,0.00,81.89,0.00,18.11,,,,,,,CTR,2
2755,35068,Châteaubourg,,,t,2022,post_2020,PRESIDENTIELLE,1,5362,19.06,80.94,3.14,10.15,40.58,25.80,20.33,24830.00,,0.204,2.400,,21.14,CTR,2
2756,35068,Châteaubourg,,,t,2022,post_2020,PRESIDENTIELLE,2,5360,19.33,80.67,0.00,0.00,74.26,0.00,25.74,24830.00,,0.204,2.400,,21.14,CTR,2
2757,35069,Châteaugiron,,,t,2002,avant_2010,PRESIDENTIELLE,2,4132,15.83,84.17,93.20,0.00,0.00,0.00,6.80,,,,,,,DRT,0
2758,35069,Châteaugiron,,,t,2007,avant_2010,PRESIDENTIELLE,1,4663,11.00,89.00,29.81,26.87,28.74,6.61,5.35,,,,,,,DRT,0
2759,35069,Châteaugiron,,,t,2012,2010_2020,PRESIDENTIELLE,1,5199,14.20,85.80,27.04,30.54,17.52,11.83,9.48,,,,,,,GCH,1
2760,35069,Châteaugiron,,,t,2017,2010_2020,PRESIDENTIELLE,1,7189,10.74,89.26,19.71,8.46,36.32,19.21,16.13,,,,,,,CTR,2
2761,35069,Châteaugiron,,,t,2017,2010_2020,PRESIDENTIELLE,2,7187,15.63,84.37,0.00,0.00,83.48,0.00,16.52,,,,,,,CTR,2
2762,35069,Châteaugiron,,,t,2022,post_2020,PRESIDENTIELLE,1,8049,17.31,82.69,4.10,10.79,43.99,21.10,20.02,26900.00,,0.215,2.500,,15.34,CTR,2
2763,35069,Châteaugiron,,,t,2022,post_2020,PRESIDENTIELLE,2,8053,17.19,82.81,0.00,0.00,77.32,0.00,22.68,26900.00,,0.215,2.500,,15.34,CTR,2
2764,35070,Châteauneuf-d'Ille-et-Vilaine,,,t,2002,avant_2010,PRESIDENTIELLE,2,576,14.76,85.24,89.08,0.00,0.00,0.00,10.92,,,,,,,DRT,0
2765,35070,Châteauneuf-d'Ille-et-Vilaine,,,t,2007,avant_2010,PRESIDENTIELLE,1,618,8.41,91.59,30.77,22.18,25.04,7.69,11.27,,,,,,,DRT,0
2766,35070,Châteauneuf-d'Ille-et-Vilaine,,,t,2012,2010_2020,PRESIDENTIELLE,1,760,13.95,86.05,24.80,27.46,13.73,11.08,20.90,,,,,,,GCH,1
2767,35070,Châteauneuf-d'Ille-et-Vilaine,,,t,2017,2010_2020,PRESIDENTIELLE,1,919,14.15,85.85,14.89,6.16,28.24,23.49,26.96,,,,,,,CTR,2
2768,35070,Châteauneuf-d'Ille-et-Vilaine,,,t,2017,2010_2020,PRESIDENTIELLE,2,919,18.61,81.39,0.00,0.00,64.45,0.00,35.55,,,,,,,CTR,2
2769,35070,Châteauneuf-d'Ille-et-Vilaine,,,t,2022,post_2020,PRESIDENTIELLE,1,965,20.93,79.07,3.46,6.12,30.45,25.13,34.84,22380.00,,,,,16.08,EXD,4
2770,35070,Châteauneuf-d'Ille-et-Vilaine,,,t,2022,post_2020,PRESIDENTIELLE,2,965,21.35,78.65,0.00,0.00,54.84,0.00,45.16,22380.00,,,,,16.08,CTR,2
2771,35071,Châtellier,,,f,2002,avant_2010,PRESIDENTIELLE,2,293,14.68,85.32,85.77,0.00,0.00,0.00,14.23,,,,,,,DRT,0
2772,35071,Châtellier,,,f,2007,avant_2010,PRESIDENTIELLE,1,315,5.40,94.60,37.16,13.51,26.69,8.78,10.81,,,,,,,DRT,0
2773,35071,Châtellier,,,f,2012,2010_2020,PRESIDENTIELLE,1,314,11.78,88.22,35.06,18.08,16.97,8.12,19.19,,,,,,,DRT,0
2774,35071,Châtellier,,,f,2017,2010_2020,PRESIDENTIELLE,1,331,10.88,89.12,30.45,5.54,21.80,16.26,25.95,,,,,,,DRT,0
2775,35071,Châtellier,,,f,2017,2010_2020,PRESIDENTIELLE,2,331,17.22,82.78,0.00,0.00,66.38,0.00,33.62,,,,,,,CTR,2
2776,35071,Châtellier,,,f,2022,post_2020,PRESIDENTIELLE,1,321,15.58,84.42,6.51,5.75,37.93,19.54,30.27,22700.00,,,,,35.13,CTR,2
2777,35071,Châtellier,,,f,2022,post_2020,PRESIDENTIELLE,2,321,16.20,83.80,0.00,0.00,58.97,0.00,41.03,22700.00,,,,,35.13,CTR,2
2778,35072,Châtillon-en-Vendelais,,,f,2002,avant_2010,PRESIDENTIELLE,2,1176,17.52,82.48,90.00,0.00,0.00,0.00,10.00,,,,,,,DRT,0
2779,35072,Châtillon-en-Vendelais,,,f,2007,avant_2010,PRESIDENTIELLE,1,1239,12.19,87.81,38.69,16.92,23.93,6.36,10.37,,,,,,,DRT,0
2780,35072,Châtillon-en-Vendelais,,,f,2012,2010_2020,PRESIDENTIELLE,1,1262,16.72,83.28,35.51,21.27,13.17,9.76,17.46,,,,,,,DRT,0
2781,35072,Châtillon-en-Vendelais,,,f,2017,2010_2020,PRESIDENTIELLE,1,1259,17.00,83.00,21.93,4.13,26.75,18.68,28.22,,,,,,,EXD,4
2782,35072,Châtillon-en-Vendelais,,,f,2017,2010_2020,PRESIDENTIELLE,2,1259,22.40,77.60,0.00,0.00,69.41,0.00,30.59,,,,,,,CTR,2
2783,35072,Châtillon-en-Vendelais,,,f,2022,post_2020,PRESIDENTIELLE,1,1299,22.02,77.98,4.45,5.36,42.00,16.60,31.58,21810.00,,,,,23.01,CTR,2
2784,35072,Châtillon-en-Vendelais,,,f,2022,post_2020,PRESIDENTIELLE,2,1301,21.75,78.25,0.00,0.00,62.01,0.00,37.99,21810.00,,,,,23.01,CTR,2
2785,35075,Chauvigné,,,f,2002,avant_2010,PRESIDENTIELLE,2,468,13.68,86.32,84.28,0.00,0.00,0.00,15.72,,,,,,,DRT,0
2786,35075,Chauvigné,,,f,2007,avant_2010,PRESIDENTIELLE,1,497,8.45,91.55,31.17,19.73,21.52,9.19,15.02,,,,,,,DRT,0
2787,35075,Chauvigné,,,f,2012,2010_2020,PRESIDENTIELLE,1,555,9.01,90.99,24.08,27.55,10.20,11.84,24.08,,,,,,,GCH,1
2788,35075,Chauvigné,,,f,2017,2010_2020,PRESIDENTIELLE,1,568,14.08,85.92,14.01,4.31,20.26,20.04,41.38,,,,,,,EXD,4
2789,35075,Chauvigné,,,f,2017,2010_2020,PRESIDENTIELLE,2,568,14.44,85.56,0.00,0.00,54.68,0.00,45.32,,,,,,,CTR,2
2790,35075,Chauvigné,,,f,2022,post_2020,PRESIDENTIELLE,1,593,20.07,79.93,2.60,6.28,33.12,19.05,38.96,21820.00,,,,,24.78,EXD,4
2791,35075,Chauvigné,,,f,2022,post_2020,PRESIDENTIELLE,2,593,17.20,82.80,0.00,0.00,51.88,0.00,48.12,21820.00,,,,,24.78,CTR,2
2792,35076,Chavagne,4415,355.00,f,2002,avant_2010,PRESIDENTIELLE,2,2553,15.79,84.21,91.14,0.00,0.00,0.00,8.86,,,,,,,DRT,0
2793,35076,Chavagne,4415,355.00,f,2007,avant_2010,PRESIDENTIELLE,1,2894,10.50,89.50,25.95,30.29,27.51,7.27,6.53,,,,,,,GCH,1
2794,35076,Chavagne,4415,355.00,f,2012,2010_2020,PRESIDENTIELLE,1,2956,14.72,85.28,22.42,35.70,12.92,11.95,14.14,,,,,,,GCH,1
2795,35076,Chavagne,4415,355.00,f,2017,2010_2020,PRESIDENTIELLE,1,3148,15.66,84.34,16.60,9.30,33.28,22.25,18.37,,,,,,,CTR,2
2796,35076,Chavagne,4415,355.00,f,2017,2010_2020,PRESIDENTIELLE,2,3150,20.29,79.71,0.00,0.00,81.61,0.00,18.39,,,,,,,CTR,2
2797,35076,Chavagne,4415,355.00,f,2022,post_2020,PRESIDENTIELLE,1,3325,18.92,81.08,3.17,9.73,39.42,26.07,21.61,24610.00,,0.212,2.500,,17.97,CTR,2
2798,35076,Chavagne,4415,355.00,f,2022,post_2020,PRESIDENTIELLE,2,3327,18.67,81.33,0.00,0.00,73.45,0.00,26.55,24610.00,,0.212,2.500,,17.97,CTR,2
2799,35077,Chelun,,,t,2002,avant_2010,PRESIDENTIELLE,2,211,16.11,83.89,90.23,0.00,0.00,0.00,9.77,,,,,,,DRT,0
2800,35077,Chelun,,,t,2007,avant_2010,PRESIDENTIELLE,1,208,12.02,87.98,48.30,17.05,15.91,2.27,14.77,,,,,,,DRT,0
2801,35077,Chelun,,,t,2012,2010_2020,PRESIDENTIELLE,1,216,14.35,85.65,38.76,15.73,11.24,4.49,28.09,,,,,,,DRT,0
2802,35077,Chelun,,,t,2017,2010_2020,PRESIDENTIELLE,1,208,10.58,89.42,30.43,1.63,19.02,10.87,38.04,,,,,,,EXD,4
2803,35077,Chelun,,,t,2017,2010_2020,PRESIDENTIELLE,2,208,12.98,87.02,0.00,0.00,51.27,0.00,48.73,,,,,,,CTR,2
2804,35077,Chelun,,,t,2022,post_2020,PRESIDENTIELLE,1,238,21.85,78.15,10.87,4.35,30.98,13.59,40.22,20640.00,,,,,39.55,EXD,4
2805,35077,Chelun,,,t,2022,post_2020,PRESIDENTIELLE,2,238,19.75,80.25,0.00,0.00,48.00,0.00,52.00,20640.00,,,,,39.55,EXD,4
2806,35078,Cherrueix,,,f,2002,avant_2010,PRESIDENTIELLE,2,863,17.84,82.16,80.18,0.00,0.00,0.00,19.82,,,,,,,DRT,0
2807,35078,Cherrueix,,,f,2007,avant_2010,PRESIDENTIELLE,1,897,11.93,88.07,33.38,27.37,16.75,7.67,13.17,,,,,,,DRT,0
2808,35078,Cherrueix,,,f,2012,2010_2020,PRESIDENTIELLE,1,891,15.82,84.18,31.39,30.16,8.15,10.05,19.43,,,,,,,DRT,0
2809,35078,Cherrueix,,,f,2017,2010_2020,PRESIDENTIELLE,1,904,15.82,84.18,23.79,4.30,27.28,15.59,28.90,,,,,,,EXD,4
2810,35078,Cherrueix,,,f,2017,2010_2020,PRESIDENTIELLE,2,904,20.91,79.09,0.00,0.00,64.73,0.00,35.27,,,,,,,CTR,2
2811,35078,Cherrueix,,,f,2022,post_2020,PRESIDENTIELLE,1,932,22.64,77.36,5.11,5.11,37.64,18.04,34.09,22140.00,,,,,31.65,CTR,2
2812,35078,Cherrueix,,,f,2022,post_2020,PRESIDENTIELLE,2,932,21.57,78.43,0.00,0.00,56.11,0.00,43.89,22140.00,,,,,31.65,CTR,2
2813,35079,Chevaigné,2365,229.00,f,2002,avant_2010,PRESIDENTIELLE,2,1153,8.59,91.41,92.03,0.00,0.00,0.00,7.97,,,,,,,DRT,0
2814,35079,Chevaigné,2365,229.00,f,2007,avant_2010,PRESIDENTIELLE,1,1384,7.08,92.92,24.00,30.53,29.74,7.63,5.43,,,,,,,GCH,1
2815,35079,Chevaigné,2365,229.00,f,2012,2010_2020,PRESIDENTIELLE,1,1421,8.23,91.77,21.08,34.58,16.16,12.80,10.77,,,,,,,GCH,1
2816,35079,Chevaigné,2365,229.00,f,2017,2010_2020,PRESIDENTIELLE,1,1698,9.60,90.40,14.84,10.90,36.10,25.74,12.37,,,,,,,CTR,2
2817,35079,Chevaigné,2365,229.00,f,2017,2010_2020,PRESIDENTIELLE,2,1698,13.19,86.81,0.00,0.00,85.25,0.00,14.75,,,,,,,CTR,2
2818,35079,Chevaigné,2365,229.00,f,2022,post_2020,PRESIDENTIELLE,1,1801,15.49,84.51,3.28,13.81,38.34,28.55,16.02,26570.00,,0.221,2.600,,25.88,CTR,2
2819,35079,Chevaigné,2365,229.00,f,2022,post_2020,PRESIDENTIELLE,2,1801,16.38,83.62,0.00,0.00,79.91,0.00,20.09,26570.00,,0.221,2.600,,25.88,CTR,2
2820,35080,Cintré,2533,304.00,f,2002,avant_2010,PRESIDENTIELLE,2,1111,10.44,89.56,91.85,0.00,0.00,0.00,8.15,,,,,,,DRT,0
2821,35080,Cintré,2533,304.00,f,2007,avant_2010,PRESIDENTIELLE,1,1346,7.73,92.27,23.71,33.85,24.37,8.83,6.21,,,,,,,GCH,1
2822,35080,Cintré,2533,304.00,f,2012,2010_2020,PRESIDENTIELLE,1,1511,11.18,88.82,20.77,36.62,12.66,13.27,13.04,,,,,,,GCH,1
2823,35080,Cintré,2533,304.00,f,2017,2010_2020,PRESIDENTIELLE,1,1564,9.78,90.22,11.94,7.79,34.13,29.26,16.59,,,,,,,CTR,2
2824,35080,Cintré,2533,304.00,f,2017,2010_2020,PRESIDENTIELLE,2,1564,16.05,83.95,0.00,0.00,80.49,0.00,19.51,,,,,,,CTR,2
2825,35080,Cintré,2533,304.00,f,2022,post_2020,PRESIDENTIELLE,1,1759,17.28,82.72,2.80,10.00,36.99,28.39,21.82,24600.00,,0.203,2.400,,20.66,CTR,2
2826,35080,Cintré,2533,304.00,f,2022,post_2020,PRESIDENTIELLE,2,1761,16.41,83.59,0.00,0.00,71.65,0.00,28.35,24600.00,,0.203,2.400,,20.66,CTR,2
2827,35081,Clayes,937,219.00,f,2002,avant_2010,PRESIDENTIELLE,2,454,7.05,92.95,91.25,0.00,0.00,0.00,8.75,,,,,,,DRT,0
2828,35081,Clayes,937,219.00,f,2007,avant_2010,PRESIDENTIELLE,1,472,6.57,93.43,21.92,33.79,24.89,9.59,7.08,,,,,,,GCH,1
2829,35081,Clayes,937,219.00,f,2012,2010_2020,PRESIDENTIELLE,1,474,10.34,89.66,20.71,36.19,12.62,15.00,11.19,,,,,,,GCH,1
2830,35081,Clayes,937,219.00,f,2017,2010_2020,PRESIDENTIELLE,1,560,6.61,93.39,12.30,10.35,34.18,27.34,15.82,,,,,,,CTR,2
2831,35081,Clayes,937,219.00,f,2017,2010_2020,PRESIDENTIELLE,2,560,10.89,89.11,0.00,0.00,80.75,0.00,19.25,,,,,,,CTR,2
2832,35081,Clayes,937,219.00,f,2022,post_2020,PRESIDENTIELLE,1,669,10.46,89.54,2.21,12.27,32.88,33.73,18.91,24420.00,,,,,26.57,EXG,3
2833,35081,Clayes,937,219.00,f,2022,post_2020,PRESIDENTIELLE,2,669,12.41,87.59,0.00,0.00,73.88,0.00,26.12,24420.00,,,,,26.57,CTR,2
2834,35082,Coësmes,,,f,2002,avant_2010,PRESIDENTIELLE,2,817,21.18,78.82,85.32,0.00,0.00,0.00,14.68,,,,,,,DRT,0
2835,35082,Coësmes,,,f,2007,avant_2010,PRESIDENTIELLE,1,930,14.62,85.38,31.38,23.34,20.41,8.04,15.18,,,,,,,DRT,0
2836,35082,Coësmes,,,f,2012,2010_2020,PRESIDENTIELLE,1,904,15.60,84.40,30.17,23.36,10.55,12.02,22.03,,,,,,,DRT,0
2837,35082,Coësmes,,,f,2017,2010_2020,PRESIDENTIELLE,1,911,12.95,87.05,19.04,5.74,22.56,20.73,31.68,,,,,,,EXD,4
2838,35082,Coësmes,,,f,2017,2010_2020,PRESIDENTIELLE,2,911,17.67,82.33,0.00,0.00,63.76,0.00,36.24,,,,,,,CTR,2
2839,35082,Coësmes,,,f,2022,post_2020,PRESIDENTIELLE,1,979,21.76,78.24,4.13,6.00,33.20,18.53,38.13,21820.00,,,,,29.97,EXD,4
2840,35082,Coësmes,,,f,2022,post_2020,PRESIDENTIELLE,2,979,20.43,79.57,0.00,0.00,52.58,0.00,47.42,21820.00,,,,,29.97,CTR,2
2841,35084,Comblessac,,,f,2002,avant_2010,PRESIDENTIELLE,2,431,13.23,86.77,85.29,0.00,0.00,0.00,14.71,,,,,,,DRT,0
2842,35084,Comblessac,,,f,2007,avant_2010,PRESIDENTIELLE,1,476,11.34,88.66,38.01,17.43,18.89,8.23,16.71,,,,,,,DRT,0
2843,35084,Comblessac,,,f,2012,2010_2020,PRESIDENTIELLE,1,465,9.89,90.11,33.99,21.03,11.00,8.80,23.47,,,,,,,DRT,0
2844,35084,Comblessac,,,f,2017,2010_2020,PRESIDENTIELLE,1,461,12.80,87.20,23.74,6.57,22.73,14.65,32.32,,,,,,,EXD,4
2845,35084,Comblessac,,,f,2017,2010_2020,PRESIDENTIELLE,2,461,12.36,87.64,0.00,0.00,58.76,0.00,41.24,,,,,,,CTR,2
2846,35084,Comblessac,,,f,2022,post_2020,PRESIDENTIELLE,1,517,19.34,80.66,4.65,3.67,34.72,18.09,38.88,21300.00,,,,,23.63,EXD,4
2847,35084,Comblessac,,,f,2022,post_2020,PRESIDENTIELLE,2,517,19.54,80.46,0.00,0.00,52.16,0.00,47.84,21300.00,,,,,23.63,CTR,2
2848,35085,Combourg,,,f,2002,avant_2010,PRESIDENTIELLE,2,3829,16.32,83.68,90.21,0.00,0.00,0.00,9.79,,,,,,,DRT,0
2849,35085,Combourg,,,f,2007,avant_2010,PRESIDENTIELLE,1,4087,14.19,85.81,31.10,27.47,22.53,7.44,8.74,,,,,,,DRT,0
2850,35085,Combourg,,,f,2012,2010_2020,PRESIDENTIELLE,1,4372,17.06,82.94,28.91,30.26,12.17,10.66,15.40,,,,,,,GCH,1
2851,35085,Combourg,,,f,2017,2010_2020,PRESIDENTIELLE,1,4493,17.81,82.19,20.67,6.70,29.98,18.59,23.84,,,,,,,CTR,2
2852,35085,Combourg,,,f,2017,2010_2020,PRESIDENTIELLE,2,4493,21.03,78.97,0.00,0.00,72.09,0.00,27.91,,,,,,,CTR,2
2853,35085,Combourg,,,f,2022,post_2020,PRESIDENTIELLE,1,4772,21.48,78.52,5.58,6.29,36.70,23.45,27.99,22720.00,,0.230,2.700,,23.40,CTR,2
2854,35085,Combourg,,,f,2022,post_2020,PRESIDENTIELLE,2,4769,21.89,78.11,0.00,0.00,65.73,0.00,34.27,22720.00,,0.230,2.700,,23.40,CTR,2
2855,35086,Combourtillé,,,f,2002,avant_2010,PRESIDENTIELLE,2,342,11.99,88.01,85.12,0.00,0.00,0.00,14.88,,,,,,,DRT,0
2856,35086,Combourtillé,,,f,2007,avant_2010,PRESIDENTIELLE,1,402,11.44,88.56,37.32,13.68,26.21,7.41,13.96,,,,,,,DRT,0
2857,35086,Combourtillé,,,f,2012,2010_2020,PRESIDENTIELLE,1,445,12.81,87.19,27.85,22.81,9.81,13.00,25.46,,,,,,,DRT,0
2858,35086,Combourtillé,,,f,2017,2010_2020,PRESIDENTIELLE,1,400,14.25,85.75,18.99,7.42,21.66,22.85,28.78,,,,,,,EXD,4
2859,35086,Combourtillé,,,f,2017,2010_2020,PRESIDENTIELLE,2,400,18.00,82.00,0.00,0.00,67.13,0.00,32.87,,,,,,,CTR,2
2860,35086,Combourtillé,,,f,2022,post_2020,PRESIDENTIELLE,1,429,20.98,79.02,3.31,4.82,30.72,23.19,37.95,21560.00,,,,,24.67,EXD,4
2861,35086,Combourtillé,,,f,2022,post_2020,PRESIDENTIELLE,2,429,24.24,75.76,0.00,0.00,54.92,0.00,45.08,21560.00,,,,,24.67,CTR,2
2862,35087,Cornillé,,,f,2002,avant_2010,PRESIDENTIELLE,2,528,13.83,86.17,86.57,0.00,0.00,0.00,13.43,,,,,,,DRT,0
2863,35087,Cornillé,,,f,2007,avant_2010,PRESIDENTIELLE,1,546,9.52,90.48,37.37,17.45,27.31,5.95,9.45,,,,,,,DRT,0
2864,35087,Cornillé,,,f,2012,2010_2020,PRESIDENTIELLE,1,618,12.94,87.06,27.82,20.30,14.47,13.16,22.18,,,,,,,DRT,0
2865,35087,Cornillé,,,f,2017,2010_2020,PRESIDENTIELLE,1,627,14.99,85.01,23.48,4.89,26.42,20.16,24.85,,,,,,,CTR,2
2866,35087,Cornillé,,,f,2017,2010_2020,PRESIDENTIELLE,2,627,17.86,82.14,0.00,0.00,67.79,0.00,32.21,,,,,,,CTR,2
2867,35087,Cornillé,,,f,2022,post_2020,PRESIDENTIELLE,1,660,16.06,83.94,3.32,9.04,39.48,16.61,31.55,23510.00,,,,,15.51,CTR,2
2868,35087,Cornillé,,,f,2022,post_2020,PRESIDENTIELLE,2,660,14.55,85.45,0.00,0.00,59.26,0.00,40.74,23510.00,,,,,15.51,CTR,2
2869,35088,Corps-Nuds,3543,157.00,f,2002,avant_2010,PRESIDENTIELLE,2,1735,13.60,86.40,91.22,0.00,0.00,0.00,8.78,,,,,,,DRT,0
2870,35088,Corps-Nuds,3543,157.00,f,2007,avant_2010,PRESIDENTIELLE,1,2023,8.80,91.20,22.79,33.06,25.06,7.06,8.61,,,,,,,GCH,1
2871,35088,Corps-Nuds,3543,157.00,f,2012,2010_2020,PRESIDENTIELLE,1,2235,12.80,87.20,19.73,33.72,12.89,13.47,15.71,,,,,,,GCH,1
2872,35088,Corps-Nuds,3543,157.00,f,2017,2010_2020,PRESIDENTIELLE,1,2334,12.94,87.06,12.95,9.74,32.58,24.40,20.03,,,,,,,CTR,2
2873,35088,Corps-Nuds,3543,157.00,f,2017,2010_2020,PRESIDENTIELLE,2,2334,18.42,81.58,0.00,0.00,79.32,0.00,20.68,,,,,,,CTR,2
2874,35088,Corps-Nuds,3543,157.00,f,2022,post_2020,PRESIDENTIELLE,1,2402,15.70,84.30,3.38,9.12,33.77,28.98,24.75,23570.00,,0.226,2.700,,22.22,CTR,2
2875,35088,Corps-Nuds,3543,157.00,f,2022,post_2020,PRESIDENTIELLE,2,2401,18.41,81.59,0.00,0.00,71.48,0.00,28.52,23570.00,,0.226,2.700,,22.22,CTR,2
2876,35089,Couyère,,,f,2002,avant_2010,PRESIDENTIELLE,2,304,13.82,86.18,82.45,0.00,0.00,0.00,17.55,,,,,,,DRT,0
2877,35089,Couyère,,,f,2007,avant_2010,PRESIDENTIELLE,1,331,14.80,85.20,22.06,26.69,24.56,9.96,13.17,,,,,,,GCH,1
2878,35089,Couyère,,,f,2012,2010_2020,PRESIDENTIELLE,1,333,11.71,88.29,25.68,24.32,12.33,15.75,17.47,,,,,,,DRT,0
2879,35089,Couyère,,,f,2017,2010_2020,PRESIDENTIELLE,1,333,13.81,86.19,12.90,5.38,29.39,27.60,24.73,,,,,,,CTR,2
2880,35089,Couyère,,,f,2017,2010_2020,PRESIDENTIELLE,2,333,19.52,80.48,0.00,0.00,66.09,0.00,33.91,,,,,,,CTR,2
2881,35089,Couyère,,,f,2022,post_2020,PRESIDENTIELLE,1,335,21.79,78.21,3.86,6.95,29.73,26.25,33.20,22730.00,,,,,20.13,EXD,4
2882,35089,Couyère,,,f,2022,post_2020,PRESIDENTIELLE,2,335,22.99,77.01,0.00,0.00,58.70,0.00,41.30,22730.00,,,,,20.13,CTR,2
2883,35090,Crevin,,,f,2002,avant_2010,PRESIDENTIELLE,2,1248,12.26,87.74,87.84,0.00,0.00,0.00,12.16,,,,,,,DRT,0
2884,35090,Crevin,,,f,2007,avant_2010,PRESIDENTIELLE,1,1621,10.18,89.82,24.18,25.23,26.83,10.13,10.41,,,,,,,CTR,2
2885,35090,Crevin,,,f,2012,2010_2020,PRESIDENTIELLE,1,1624,9.73,90.27,22.48,31.92,9.65,13.95,19.50,,,,,,,GCH,1
2886,35090,Crevin,,,f,2017,2010_2020,PRESIDENTIELLE,1,1819,12.26,87.74,12.98,7.26,32.20,23.33,24.10,,,,,,,CTR,2
2887,35090,Crevin,,,f,2017,2010_2020,PRESIDENTIELLE,2,1819,16.71,83.29,0.00,0.00,70.77,0.00,29.23,,,,,,,CTR,2
2888,35090,Crevin,,,f,2022,post_2020,PRESIDENTIELLE,1,1914,16.72,83.28,4.26,7.62,35.77,24.79,27.57,24190.00,,0.195,2.300,,13.62,CTR,2
2889,35090,Crevin,,,f,2022,post_2020,PRESIDENTIELLE,2,1916,16.13,83.87,0.00,0.00,64.48,0.00,35.52,24190.00,,0.195,2.300,,13.62,CTR,2
2890,35091,Crouais,,,f,2002,avant_2010,PRESIDENTIELLE,2,281,16.01,83.99,82.81,0.00,0.00,0.00,17.19,,,,,,,DRT,0
2891,35091,Crouais,,,f,2007,avant_2010,PRESIDENTIELLE,1,334,7.78,92.22,22.41,24.75,28.43,7.69,14.72,,,,,,,CTR,2
2892,35091,Crouais,,,f,2012,2010_2020,PRESIDENTIELLE,1,387,14.73,85.27,18.01,29.19,10.87,9.94,28.88,,,,,,,GCH,1
2893,35091,Crouais,,,f,2017,2010_2020,PRESIDENTIELLE,1,422,12.09,87.91,11.29,7.16,26.17,19.83,35.54,,,,,,,EXD,4
2894,35091,Crouais,,,f,2017,2010_2020,PRESIDENTIELLE,2,422,15.17,84.83,0.00,0.00,60.94,0.00,39.06,,,,,,,CTR,2
2895,35091,Crouais,,,f,2022,post_2020,PRESIDENTIELLE,1,439,15.03,84.97,3.32,6.09,32.96,21.33,36.29,24090.00,,,,,18.61,EXD,4
2896,35091,Crouais,,,f,2022,post_2020,PRESIDENTIELLE,2,439,13.67,86.33,0.00,0.00,56.27,0.00,43.73,24090.00,,,,,18.61,CTR,2
2897,35092,Cuguen,,,f,2002,avant_2010,PRESIDENTIELLE,2,556,17.09,82.91,86.10,0.00,0.00,0.00,13.90,,,,,,,DRT,0
2898,35092,Cuguen,,,f,2007,avant_2010,PRESIDENTIELLE,1,568,10.92,89.08,24.80,32.60,18.80,8.00,12.80,,,,,,,GCH,1
2899,35092,Cuguen,,,f,2012,2010_2020,PRESIDENTIELLE,1,570,14.04,85.96,19.96,37.61,12.18,7.56,20.17,,,,,,,GCH,1
2900,35092,Cuguen,,,f,2017,2010_2020,PRESIDENTIELLE,1,600,14.33,85.67,13.23,9.02,23.45,26.85,27.05,,,,,,,EXD,4
2901,35092,Cuguen,,,f,2017,2010_2020,PRESIDENTIELLE,2,600,16.33,83.67,0.00,0.00,63.08,0.00,36.92,,,,,,,CTR,2
2902,35092,Cuguen,,,f,2022,post_2020,PRESIDENTIELLE,1,636,17.61,82.39,3.14,6.08,30.00,27.25,33.53,21600.00,,,,,21.69,EXD,4
2903,35092,Cuguen,,,f,2022,post_2020,PRESIDENTIELLE,2,636,17.77,82.23,0.00,0.00,56.13,0.00,43.87,21600.00,,,,,21.69,CTR,2
2904,35093,Dinard,,,f,2002,avant_2010,PRESIDENTIELLE,2,8432,17.93,82.07,86.08,0.00,0.00,0.00,13.92,,,,,,,DRT,0
2905,35093,Dinard,,,f,2007,avant_2010,PRESIDENTIELLE,1,8625,13.83,86.17,38.54,22.15,20.74,6.32,9.72,,,,,,,DRT,0
2906,35093,Dinard,,,f,2012,2010_2020,PRESIDENTIELLE,1,8521,17.10,82.90,37.55,26.58,10.04,9.58,13.66,,,,,,,DRT,0
2907,35093,Dinard,,,f,2017,2010_2020,PRESIDENTIELLE,1,8872,17.56,82.44,33.73,5.51,28.48,15.23,16.97,,,,,,,DRT,0
2908,35093,Dinard,,,f,2017,2010_2020,PRESIDENTIELLE,2,8858,20.60,79.40,0.00,0.00,76.45,0.00,23.55,,,,,,,CTR,2
2909,35093,Dinard,,,f,2022,post_2020,PRESIDENTIELLE,1,9282,23.35,76.65,7.95,7.21,41.16,17.41,26.26,25920.00,,0.313,3.700,,34.69,CTR,2
2910,35093,Dinard,,,f,2022,post_2020,PRESIDENTIELLE,2,9276,24.13,75.87,0.00,0.00,70.16,0.00,29.84,25920.00,,0.313,3.700,,34.69,CTR,2
2911,35094,Dingé,,,f,2002,avant_2010,PRESIDENTIELLE,2,1019,13.74,86.26,88.81,0.00,0.00,0.00,11.19,,,,,,,DRT,0
2912,35094,Dingé,,,f,2007,avant_2010,PRESIDENTIELLE,1,1102,11.16,88.84,27.03,35.03,17.15,10.50,7.17,,,,,,,GCH,1
2913,35094,Dingé,,,f,2012,2010_2020,PRESIDENTIELLE,1,1173,12.53,87.47,22.61,37.51,9.77,14.81,12.54,,,,,,,GCH,1
2914,35094,Dingé,,,f,2017,2010_2020,PRESIDENTIELLE,1,1200,14.92,85.08,16.63,11.76,24.14,25.15,22.01,,,,,,,EXG,3
2915,35094,Dingé,,,f,2017,2010_2020,PRESIDENTIELLE,2,1200,19.00,81.00,0.00,0.00,72.00,0.00,28.00,,,,,,,CTR,2
2916,35094,Dingé,,,f,2022,post_2020,PRESIDENTIELLE,1,1255,18.17,81.83,4.11,10.42,30.86,28.76,25.85,22030.00,,,,,24.26,CTR,2
2917,35094,Dingé,,,f,2022,post_2020,PRESIDENTIELLE,2,1255,20.88,79.12,0.00,0.00,64.86,0.00,35.14,22030.00,,,,,24.26,CTR,2
2918,35095,Dol-de-Bretagne,,,t,2002,avant_2010,PRESIDENTIELLE,2,3261,20.27,79.73,88.22,0.00,0.00,0.00,11.78,,,,,,,DRT,0
2919,35095,Dol-de-Bretagne,,,t,2007,avant_2010,PRESIDENTIELLE,1,3583,16.75,83.25,32.45,27.52,19.67,8.02,9.38,,,,,,,DRT,0
2920,35095,Dol-de-Bretagne,,,t,2012,2010_2020,PRESIDENTIELLE,1,3913,19.83,80.17,26.91,30.11,11.05,12.45,16.85,,,,,,,GCH,1
2921,35095,Dol-de-Bretagne,,,t,2017,2010_2020,PRESIDENTIELLE,1,4150,22.19,77.81,19.29,7.77,28.55,19.10,25.13,,,,,,,CTR,2
2922,35095,Dol-de-Bretagne,,,t,2017,2010_2020,PRESIDENTIELLE,2,4150,25.83,74.17,0.00,0.00,70.34,0.00,29.66,,,,,,,CTR,2
2923,35095,Dol-de-Bretagne,,,t,2022,post_2020,PRESIDENTIELLE,1,4406,27.76,72.24,4.80,6.79,37.24,22.88,28.29,21700.00,,0.375,2.800,,28.52,CTR,2
2924,35095,Dol-de-Bretagne,,,t,2022,post_2020,PRESIDENTIELLE,2,4402,28.24,71.76,0.00,0.00,63.73,0.00,36.27,21700.00,,0.375,2.800,,28.52,CTR,2
2925,35096,Domagné,,,t,2002,avant_2010,PRESIDENTIELLE,2,1319,14.56,85.44,90.59,0.00,0.00,0.00,9.41,,,,,,,DRT,0
2926,35096,Domagné,,,t,2007,avant_2010,PRESIDENTIELLE,1,1425,9.96,90.04,34.62,19.16,26.10,7.57,9.07,,,,,,,DRT,0
2927,35096,Domagné,,,t,2012,2010_2020,PRESIDENTIELLE,1,1572,13.36,86.64,30.65,24.32,14.61,12.27,14.46,,,,,,,DRT,0
2928,35096,Domagné,,,t,2017,2010_2020,PRESIDENTIELLE,1,1609,11.68,88.32,17.17,6.38,33.91,20.51,22.03,,,,,,,CTR,2
2929,35096,Domagné,,,t,2017,2010_2020,PRESIDENTIELLE,2,1611,17.38,82.62,0.00,0.00,74.45,0.00,25.55,,,,,,,CTR,2
2930,35096,Domagné,,,t,2022,post_2020,PRESIDENTIELLE,1,1729,15.96,84.04,4.02,8.10,40.03,21.49,26.36,23760.00,,0.192,2.200,,24.60,CTR,2
2931,35096,Domagné,,,t,2022,post_2020,PRESIDENTIELLE,2,1730,17.51,82.49,0.00,0.00,68.02,0.00,31.98,23760.00,,0.192,2.200,,24.60,CTR,2
2932,35097,Domalain,,,f,2002,avant_2010,PRESIDENTIELLE,2,1124,14.15,85.85,88.88,0.00,0.00,0.00,11.12,,,,,,,DRT,0
2933,35097,Domalain,,,f,2007,avant_2010,PRESIDENTIELLE,1,1242,10.14,89.86,40.18,13.15,27.12,6.76,11.14,,,,,,,DRT,0
2934,35097,Domalain,,,f,2012,2010_2020,PRESIDENTIELLE,1,1267,10.89,89.11,37.10,18.96,14.68,8.48,19.51,,,,,,,DRT,0
2935,35097,Domalain,,,f,2017,2010_2020,PRESIDENTIELLE,1,1324,13.07,86.93,22.84,5.40,22.66,16.37,32.64,,,,,,,EXD,4
2936,35097,Domalain,,,f,2017,2010_2020,PRESIDENTIELLE,2,1324,18.58,81.42,0.00,0.00,63.62,0.00,36.38,,,,,,,CTR,2
2937,35097,Domalain,,,f,2022,post_2020,PRESIDENTIELLE,1,1411,21.69,78.31,4.31,6.19,39.83,17.06,32.61,22980.00,,,,,17.56,CTR,2
2938,35097,Domalain,,,f,2022,post_2020,PRESIDENTIELLE,2,1411,22.47,77.53,0.00,0.00,60.56,0.00,39.44,22980.00,,,,,17.56,CTR,2
2939,35098,Dominelais,,,f,2002,avant_2010,PRESIDENTIELLE,2,773,18.37,81.63,84.56,0.00,0.00,0.00,15.44,,,,,,,DRT,0
2940,35098,Dominelais,,,f,2007,avant_2010,PRESIDENTIELLE,1,829,13.03,86.97,32.12,20.48,23.28,7.43,14.87,,,,,,,DRT,0
2941,35098,Dominelais,,,f,2012,2010_2020,PRESIDENTIELLE,1,878,11.16,88.84,23.67,27.44,12.22,12.61,22.50,,,,,,,GCH,1
2942,35098,Dominelais,,,f,2017,2010_2020,PRESIDENTIELLE,1,894,11.74,88.26,20.96,5.86,22.40,19.27,31.12,,,,,,,EXD,4
2943,35098,Dominelais,,,f,2017,2010_2020,PRESIDENTIELLE,2,894,17.56,82.44,0.00,0.00,63.13,0.00,36.87,,,,,,,CTR,2
2944,35098,Dominelais,,,f,2022,post_2020,PRESIDENTIELLE,1,947,18.80,81.20,6.04,5.37,34.63,18.39,35.57,22440.00,,,,,19.80,EXD,4
2945,35098,Dominelais,,,f,2022,post_2020,PRESIDENTIELLE,2,947,21.65,78.35,0.00,0.00,55.07,0.00,44.93,22440.00,,,,,19.80,CTR,2
2946,35099,Domloup,,,f,2002,avant_2010,PRESIDENTIELLE,2,1592,13.19,86.81,92.53,0.00,0.00,0.00,7.47,,,,,,,DRT,0
2947,35099,Domloup,,,f,2007,avant_2010,PRESIDENTIELLE,1,1869,7.22,92.78,27.89,31.32,25.16,6.16,6.68,,,,,,,GCH,1
2948,35099,Domloup,,,f,2012,2010_2020,PRESIDENTIELLE,1,1988,10.46,89.54,25.27,32.19,13.78,12.12,13.61,,,,,,,GCH,1
2949,35099,Domloup,,,f,2017,2010_2020,PRESIDENTIELLE,1,2421,10.45,89.55,16.09,8.80,33.22,23.33,18.46,,,,,,,CTR,2
2950,35099,Domloup,,,f,2017,2010_2020,PRESIDENTIELLE,2,2421,15.61,84.39,0.00,0.00,80.23,0.00,19.77,,,,,,,CTR,2
2951,35099,Domloup,,,f,2022,post_2020,PRESIDENTIELLE,1,2734,16.57,83.43,3.90,10.32,39.43,25.12,21.22,26730.00,,0.193,2.300,,18.23,CTR,2
2952,35099,Domloup,,,f,2022,post_2020,PRESIDENTIELLE,2,2734,17.26,82.74,0.00,0.00,73.25,0.00,26.75,26730.00,,0.193,2.300,,18.23,CTR,2
2953,35101,Dourdain,,,f,2002,avant_2010,PRESIDENTIELLE,2,483,11.18,88.82,87.24,0.00,0.00,0.00,12.76,,,,,,,DRT,0
2954,35101,Dourdain,,,f,2007,avant_2010,PRESIDENTIELLE,1,646,9.60,90.40,26.83,26.31,20.73,11.67,11.15,,,,,,,DRT,0
2955,35101,Dourdain,,,f,2012,2010_2020,PRESIDENTIELLE,1,663,9.05,90.95,18.57,28.28,11.75,16.18,22.32,,,,,,,GCH,1
2956,35101,Dourdain,,,f,2017,2010_2020,PRESIDENTIELLE,1,725,10.90,89.10,10.34,11.66,26.60,18.23,33.17,,,,,,,EXD,4
2957,35101,Dourdain,,,f,2017,2010_2020,PRESIDENTIELLE,2,725,16.00,84.00,0.00,0.00,64.49,0.00,35.51,,,,,,,CTR,2
2958,35101,Dourdain,,,f,2022,post_2020,PRESIDENTIELLE,1,857,16.69,83.31,3.19,7.54,29.13,23.48,36.67,23050.00,,,,,17.96,EXD,4
2959,35101,Dourdain,,,f,2022,post_2020,PRESIDENTIELLE,2,857,16.92,83.08,0.00,0.00,56.06,0.00,43.94,23050.00,,,,,17.96,CTR,2
2960,35102,Drouges,,,f,2002,avant_2010,PRESIDENTIELLE,2,321,18.69,81.31,89.16,0.00,0.00,0.00,10.84,,,,,,,DRT,0
2961,35102,Drouges,,,f,2007,avant_2010,PRESIDENTIELLE,1,328,12.80,87.20,51.24,14.49,17.31,4.24,9.54,,,,,,,DRT,0
2962,35102,Drouges,,,f,2012,2010_2020,PRESIDENTIELLE,1,364,13.46,86.54,42.16,17.65,9.80,8.50,17.97,,,,,,,DRT,0
2963,35102,Drouges,,,f,2017,2010_2020,PRESIDENTIELLE,1,375,11.73,88.27,31.76,3.46,22.64,16.04,26.10,,,,,,,DRT,0
2964,35102,Drouges,,,f,2017,2010_2020,PRESIDENTIELLE,2,375,20.53,79.47,0.00,0.00,65.06,0.00,34.94,,,,,,,CTR,2
2965,35102,Drouges,,,f,2022,post_2020,PRESIDENTIELLE,1,399,17.79,82.21,4.43,5.70,42.72,16.46,30.70,21080.00,,,,,15.90,CTR,2
2966,35102,Drouges,,,f,2022,post_2020,PRESIDENTIELLE,2,399,24.31,75.69,0.00,0.00,62.54,0.00,37.46,21080.00,,,,,15.90,CTR,2
2967,35103,Eancé,,,f,2002,avant_2010,PRESIDENTIELLE,2,241,22.41,77.59,89.07,0.00,0.00,0.00,10.93,,,,,,,DRT,0
2968,35103,Eancé,,,f,2007,avant_2010,PRESIDENTIELLE,1,264,6.44,93.56,45.31,13.88,26.12,4.49,8.98,,,,,,,DRT,0
2969,35103,Eancé,,,f,2012,2010_2020,PRESIDENTIELLE,1,288,9.72,90.28,33.46,15.35,22.44,9.06,15.35,,,,,,,DRT,0
2970,35103,Eancé,,,f,2017,2010_2020,PRESIDENTIELLE,1,283,13.07,86.93,30.86,7.00,19.75,18.11,22.63,,,,,,,DRT,0
2971,35103,Eancé,,,f,2017,2010_2020,PRESIDENTIELLE,2,283,18.37,81.63,0.00,0.00,70.71,0.00,29.29,,,,,,,CTR,2
2972,35103,Eancé,,,f,2022,post_2020,PRESIDENTIELLE,1,268,14.55,85.45,7.05,7.05,35.24,22.47,28.19,21590.00,,,,,23.26,CTR,2
2973,35103,Eancé,,,f,2022,post_2020,PRESIDENTIELLE,2,268,19.40,80.60,0.00,0.00,63.55,0.00,36.45,21590.00,,,,,23.26,CTR,2
2974,35104,Epiniac,,,f,2002,avant_2010,PRESIDENTIELLE,2,848,13.21,86.79,90.04,0.00,0.00,0.00,9.96,,,,,,,DRT,0
2975,35104,Epiniac,,,f,2007,avant_2010,PRESIDENTIELLE,1,942,11.04,88.96,33.41,21.71,22.80,8.17,11.59,,,,,,,DRT,0
2976,35104,Epiniac,,,f,2012,2010_2020,PRESIDENTIELLE,1,1001,12.09,87.91,30.80,26.09,12.30,12.18,16.32,,,,,,,DRT,0
2977,35104,Epiniac,,,f,2017,2010_2020,PRESIDENTIELLE,1,1046,14.34,85.66,23.42,5.51,23.31,19.63,28.13,,,,,,,EXD,4
2978,35104,Epiniac,,,f,2017,2010_2020,PRESIDENTIELLE,2,1046,15.97,84.03,0.00,0.00,64.51,0.00,35.49,,,,,,,CTR,2
2979,35104,Epiniac,,,f,2022,post_2020,PRESIDENTIELLE,1,1104,18.75,81.25,3.43,6.98,35.93,18.76,34.90,22340.00,,,,,27.41,CTR,2
2980,35104,Epiniac,,,f,2022,post_2020,PRESIDENTIELLE,2,1104,19.02,80.98,0.00,0.00,55.38,0.00,44.62,22340.00,,,,,27.41,CTR,2
2981,35105,Erbrée,,,f,2002,avant_2010,PRESIDENTIELLE,2,1206,15.17,84.83,87.92,0.00,0.00,0.00,12.08,,,,,,,DRT,0
2982,35105,Erbrée,,,f,2007,avant_2010,PRESIDENTIELLE,1,1357,11.27,88.73,35.77,13.89,25.93,7.74,13.64,,,,,,,DRT,0
2983,35105,Erbrée,,,f,2012,2010_2020,PRESIDENTIELLE,1,1370,15.26,84.74,34.59,19.40,15.10,8.87,19.23,,,,,,,DRT,0
2984,35105,Erbrée,,,f,2017,2010_2020,PRESIDENTIELLE,1,1396,14.40,85.60,26.57,4.73,29.15,16.94,22.53,,,,,,,CTR,2
2985,35105,Erbrée,,,f,2017,2010_2020,PRESIDENTIELLE,2,1396,20.13,79.87,0.00,0.00,72.23,0.00,27.77,,,,,,,CTR,2
2986,35105,Erbrée,,,f,2022,post_2020,PRESIDENTIELLE,1,1360,21.18,78.82,6.32,7.18,41.53,14.55,30.43,23740.00,,,,,19.26,CTR,2
2987,35105,Erbrée,,,f,2022,post_2020,PRESIDENTIELLE,2,1361,21.68,78.32,0.00,0.00,67.01,0.00,32.99,23740.00,,,,,19.26,CTR,2
2988,35106,Ercé-en-Lamée,,,f,2002,avant_2010,PRESIDENTIELLE,2,905,20.99,79.01,81.89,0.00,0.00,0.00,18.11,,,,,,,DRT,0
2989,35106,Ercé-en-Lamée,,,f,2007,avant_2010,PRESIDENTIELLE,1,1027,13.53,86.47,28.41,21.59,24.83,8.55,12.70,,,,,,,DRT,0
2990,35106,Ercé-en-Lamée,,,f,2012,2010_2020,PRESIDENTIELLE,1,1047,14.80,85.20,24.26,27.22,13.44,10.93,20.50,,,,,,,GCH,1
2991,35106,Ercé-en-Lamée,,,f,2017,2010_2020,PRESIDENTIELLE,1,1054,16.22,83.78,13.30,4.67,25.55,25.20,31.16,,,,,,,EXD,4
2992,35106,Ercé-en-Lamée,,,f,2017,2010_2020,PRESIDENTIELLE,2,1055,18.96,81.04,0.00,0.00,60.85,0.00,39.15,,,,,,,CTR,2
2993,35106,Ercé-en-Lamée,,,f,2022,post_2020,PRESIDENTIELLE,1,1145,23.84,76.16,2.94,7.52,29.26,24.68,35.61,21490.00,,,,,19.13,EXD,4
2994,35106,Ercé-en-Lamée,,,f,2022,post_2020,PRESIDENTIELLE,2,1147,22.06,77.94,0.00,0.00,54.12,0.00,45.88,21490.00,,,,,19.13,CTR,2
2995,35107,Ercé-près-Liffré,,,f,2002,avant_2010,PRESIDENTIELLE,2,1068,11.61,88.39,91.48,0.00,0.00,0.00,8.52,,,,,,,DRT,0
2996,35107,Ercé-près-Liffré,,,f,2007,avant_2010,PRESIDENTIELLE,1,1218,7.64,92.36,26.01,30.51,21.33,9.27,8.46,,,,,,,GCH,1
2997,35107,Ercé-près-Liffré,,,f,2012,2010_2020,PRESIDENTIELLE,1,1239,10.90,89.10,21.37,35.62,11.93,13.88,12.86,,,,,,,GCH,1
2998,35107,Ercé-près-Liffré,,,f,2017,2010_2020,PRESIDENTIELLE,1,1329,11.44,88.56,12.31,11.70,31.28,25.22,19.41,,,,,,,CTR,2
2999,35107,Ercé-près-Liffré,,,f,2017,2010_2020,PRESIDENTIELLE,2,1329,16.93,83.07,0.00,0.00,80.27,0.00,19.73,,,,,,,CTR,2
3000,35107,Ercé-près-Liffré,,,f,2022,post_2020,PRESIDENTIELLE,1,1461,18.00,82.00,2.99,10.60,33.93,30.68,21.79,25010.00,,0.226,2.300,,23.88,CTR,2
3001,35107,Ercé-près-Liffré,,,f,2022,post_2020,PRESIDENTIELLE,2,1462,18.95,81.05,0.00,0.00,71.51,0.00,28.49,25010.00,,0.226,2.300,,23.88,CTR,2
3002,35108,Essé,,,f,2002,avant_2010,PRESIDENTIELLE,2,646,14.55,85.45,87.03,0.00,0.00,0.00,12.97,,,,,,,DRT,0
3003,35108,Essé,,,f,2007,avant_2010,PRESIDENTIELLE,1,740,13.38,86.62,34.56,20.64,23.84,8.16,10.56,,,,,,,DRT,0
3004,35108,Essé,,,f,2012,2010_2020,PRESIDENTIELLE,1,792,15.66,84.34,31.67,22.17,15.23,9.65,19.16,,,,,,,DRT,0
3005,35108,Essé,,,f,2017,2010_2020,PRESIDENTIELLE,1,784,12.88,87.12,21.33,6.05,22.69,20.73,29.05,,,,,,,EXD,4
3006,35108,Essé,,,f,2017,2010_2020,PRESIDENTIELLE,2,784,19.01,80.99,0.00,0.00,65.10,0.00,34.90,,,,,,,CTR,2
3007,35108,Essé,,,f,2022,post_2020,PRESIDENTIELLE,1,834,23.26,76.74,5.44,5.12,37.44,22.24,29.76,23770.00,,,,,23.35,CTR,2
3008,35108,Essé,,,f,2022,post_2020,PRESIDENTIELLE,2,834,24.82,75.18,0.00,0.00,63.49,0.00,36.51,23770.00,,,,,23.35,CTR,2
3009,35109,Étrelles,,,f,2002,avant_2010,PRESIDENTIELLE,2,1483,14.36,85.64,91.46,0.00,0.00,0.00,8.54,,,,,,,DRT,0
3010,35109,Étrelles,,,f,2007,avant_2010,PRESIDENTIELLE,1,1651,7.51,92.49,36.71,17.26,26.98,6.13,9.73,,,,,,,DRT,0
3011,35109,Étrelles,,,f,2012,2010_2020,PRESIDENTIELLE,1,1753,11.58,88.42,32.92,22.23,17.84,11.08,14.23,,,,,,,DRT,0
3012,35109,Étrelles,,,f,2017,2010_2020,PRESIDENTIELLE,1,1765,10.14,89.86,26.34,5.70,29.71,18.45,19.55,,,,,,,CTR,2
3013,35109,Étrelles,,,f,2017,2010_2020,PRESIDENTIELLE,2,1765,16.83,83.17,0.00,0.00,79.23,0.00,20.77,,,,,,,CTR,2
3014,35109,Étrelles,,,f,2022,post_2020,PRESIDENTIELLE,1,1855,16.12,83.88,4.86,7.22,44.19,18.25,25.48,23730.00,,0.213,2.300,,23.97,CTR,2
3015,35109,Étrelles,,,f,2022,post_2020,PRESIDENTIELLE,2,1861,15.53,84.47,0.00,0.00,71.66,0.00,28.34,23730.00,,0.213,2.300,,23.97,CTR,2
3016,35110,Feins,,,f,2002,avant_2010,PRESIDENTIELLE,2,544,15.26,84.74,86.47,0.00,0.00,0.00,13.53,,,,,,,DRT,0
3017,35110,Feins,,,f,2007,avant_2010,PRESIDENTIELLE,1,614,11.40,88.60,24.44,36.30,17.04,10.19,9.81,,,,,,,GCH,1
3018,35110,Feins,,,f,2012,2010_2020,PRESIDENTIELLE,1,666,13.06,86.94,16.28,34.69,10.97,15.40,19.29,,,,,,,GCH,1
3019,35110,Feins,,,f,2017,2010_2020,PRESIDENTIELLE,1,715,18.60,81.40,12.86,7.14,26.79,29.82,23.04,,,,,,,EXG,3
3020,35110,Feins,,,f,2017,2010_2020,PRESIDENTIELLE,2,713,22.72,77.28,0.00,0.00,71.96,0.00,28.04,,,,,,,CTR,2
3021,35110,Feins,,,f,2022,post_2020,PRESIDENTIELLE,1,774,23.39,76.61,2.25,10.71,34.89,27.12,25.04,22210.00,,,,,22.51,CTR,2
3022,35110,Feins,,,f,2022,post_2020,PRESIDENTIELLE,2,774,25.19,74.81,0.00,0.00,64.79,0.00,35.21,22210.00,,,,,22.51,CTR,2
3023,35111,Ferré,,,t,2002,avant_2010,PRESIDENTIELLE,2,439,8.20,91.80,80.94,0.00,0.00,0.00,19.06,,,,,,,DRT,0
3024,35111,Ferré,,,t,2007,avant_2010,PRESIDENTIELLE,1,465,9.46,90.54,37.07,11.22,23.41,8.54,17.56,,,,,,,DRT,0
3025,35111,Ferré,,,t,2012,2010_2020,PRESIDENTIELLE,1,498,11.04,88.96,38.66,17.59,11.81,7.87,20.37,,,,,,,DRT,0
3026,35111,Ferré,,,t,2017,2010_2020,PRESIDENTIELLE,1,474,12.45,87.55,26.20,6.80,21.41,15.37,29.97,,,,,,,EXD,4
3027,35111,Ferré,,,t,2017,2010_2020,PRESIDENTIELLE,2,474,15.40,84.60,0.00,0.00,60.78,0.00,39.22,,,,,,,CTR,2
3028,35111,Ferré,,,t,2022,post_2020,PRESIDENTIELLE,1,489,15.95,84.05,6.73,4.99,40.90,11.97,35.41,21070.00,,,,,34.39,CTR,2
3029,35111,Ferré,,,t,2022,post_2020,PRESIDENTIELLE,2,489,15.34,84.66,0.00,0.00,54.62,0.00,45.38,21070.00,,,,,34.39,CTR,2
3030,35114,Forges-la-Forêt,,,f,2002,avant_2010,PRESIDENTIELLE,2,194,17.53,82.47,83.78,0.00,0.00,0.00,16.22,,,,,,,DRT,0
3031,35114,Forges-la-Forêt,,,f,2007,avant_2010,PRESIDENTIELLE,1,213,22.07,77.93,38.79,14.55,18.79,7.27,20.61,,,,,,,DRT,0
3032,35114,Forges-la-Forêt,,,f,2012,2010_2020,PRESIDENTIELLE,1,204,19.12,80.88,30.91,18.79,8.48,8.48,30.91,,,,,,,DRT,0
3033,35114,Forges-la-Forêt,,,f,2017,2010_2020,PRESIDENTIELLE,1,181,13.81,86.19,27.74,1.29,19.35,18.71,32.90,,,,,,,EXD,4
3034,35114,Forges-la-Forêt,,,f,2017,2010_2020,PRESIDENTIELLE,2,181,21.55,78.45,0.00,0.00,57.48,0.00,42.52,,,,,,,CTR,2
3035,35114,Forges-la-Forêt,,,f,2022,post_2020,PRESIDENTIELLE,1,200,22.00,78.00,5.30,1.32,33.77,19.21,40.40,20550.00,,,,,22.64,EXD,4
3036,35114,Forges-la-Forêt,,,f,2022,post_2020,PRESIDENTIELLE,2,200,24.00,76.00,0.00,0.00,56.20,0.00,43.80,20550.00,,,,,22.64,CTR,2
3037,35115,Fougères,,,f,2002,avant_2010,PRESIDENTIELLE,2,15758,22.66,77.34,90.68,0.00,0.00,0.00,9.32,,,,,,,DRT,0
3038,35115,Fougères,,,f,2007,avant_2010,PRESIDENTIELLE,1,15685,18.36,81.64,28.06,27.87,22.78,8.47,9.50,,,,,,,DRT,0
3039,35115,Fougères,,,f,2012,2010_2020,PRESIDENTIELLE,1,14990,23.42,76.58,27.67,31.94,11.81,12.10,13.81,,,,,,,GCH,1
3040,35115,Fougères,,,f,2017,2010_2020,PRESIDENTIELLE,1,14006,20.96,79.04,20.81,8.89,29.78,20.36,19.96,,,,,,,CTR,2
3041,35115,Fougères,,,f,2017,2010_2020,PRESIDENTIELLE,2,14007,25.24,74.76,0.00,0.00,76.76,0.00,23.24,,,,,,,CTR,2
3042,35115,Fougères,,,f,2022,post_2020,PRESIDENTIELLE,1,13411,26.15,73.85,4.51,8.30,38.37,24.29,24.54,20620.00,,0.258,3.000,,27.38,CTR,2
3043,35115,Fougères,,,f,2022,post_2020,PRESIDENTIELLE,2,13418,26.92,73.08,0.00,0.00,68.49,0.00,31.51,20620.00,,0.258,3.000,,27.38,CTR,2
3044,35116,Fresnais,,,f,2002,avant_2010,PRESIDENTIELLE,2,1449,14.15,85.85,88.78,0.00,0.00,0.00,11.22,,,,,,,DRT,0
3045,35116,Fresnais,,,f,2007,avant_2010,PRESIDENTIELLE,1,1536,11.39,88.61,30.49,21.15,24.14,10.24,10.99,,,,,,,DRT,0
3046,35116,Fresnais,,,f,2012,2010_2020,PRESIDENTIELLE,1,1626,14.02,85.98,25.88,26.10,13.68,12.35,19.19,,,,,,,GCH,1
3047,35116,Fresnais,,,f,2017,2010_2020,PRESIDENTIELLE,1,1729,15.10,84.90,16.75,5.77,28.43,19.21,29.70,,,,,,,EXD,4
3048,35116,Fresnais,,,f,2017,2010_2020,PRESIDENTIELLE,2,1729,18.10,81.90,0.00,0.00,63.93,0.00,36.07,,,,,,,CTR,2
3049,35116,Fresnais,,,f,2022,post_2020,PRESIDENTIELLE,1,1752,17.98,82.02,3.47,6.66,35.93,20.41,33.52,21560.00,,0.180,2.200,,17.15,CTR,2
3050,35116,Fresnais,,,f,2022,post_2020,PRESIDENTIELLE,2,1752,18.84,81.16,0.00,0.00,55.49,0.00,44.51,21560.00,,0.180,2.200,,17.15,CTR,2
3051,35117,Gaël,,,f,2002,avant_2010,PRESIDENTIELLE,2,1167,19.54,80.46,81.68,0.00,0.00,0.00,18.32,,,,,,,DRT,0
3052,35117,Gaël,,,f,2007,avant_2010,PRESIDENTIELLE,1,1188,13.97,86.03,34.93,18.71,22.09,8.16,14.33,,,,,,,DRT,0
3053,35117,Gaël,,,f,2012,2010_2020,PRESIDENTIELLE,1,1206,17.83,82.17,30.13,21.78,10.22,13.62,22.19,,,,,,,DRT,0
3054,35117,Gaël,,,f,2017,2010_2020,PRESIDENTIELLE,1,1214,21.00,79.00,19.03,6.92,19.78,16.00,38.05,,,,,,,EXD,4
3055,35117,Gaël,,,f,2017,2010_2020,PRESIDENTIELLE,2,1214,25.12,74.88,0.00,0.00,53.53,0.00,46.47,,,,,,,CTR,2
3056,35117,Gaël,,,f,2022,post_2020,PRESIDENTIELLE,1,1239,26.63,73.37,4.08,5.89,32.39,18.01,39.64,21290.00,,,,,30.30,EXD,4
3057,35117,Gaël,,,f,2022,post_2020,PRESIDENTIELLE,2,1240,27.02,72.98,0.00,0.00,50.36,0.00,49.64,21290.00,,,,,30.30,CTR,2
3058,35118,Gahard,,,f,2002,avant_2010,PRESIDENTIELLE,2,796,18.97,81.03,89.09,0.00,0.00,0.00,10.91,,,,,,,DRT,0
3059,35118,Gahard,,,f,2007,avant_2010,PRESIDENTIELLE,1,820,11.59,88.41,26.02,28.83,22.08,10.27,9.42,,,,,,,GCH,1
3060,35118,Gahard,,,f,2012,2010_2020,PRESIDENTIELLE,1,960,13.23,86.77,20.96,30.15,13.24,14.09,17.65,,,,,,,GCH,1
3061,35118,Gahard,,,f,2017,2010_2020,PRESIDENTIELLE,1,1002,12.57,87.43,13.16,8.23,28.32,24.32,25.85,,,,,,,CTR,2
3062,35118,Gahard,,,f,2017,2010_2020,PRESIDENTIELLE,2,1002,15.67,84.33,0.00,0.00,71.56,0.00,28.44,,,,,,,CTR,2
3063,35118,Gahard,,,f,2022,post_2020,PRESIDENTIELLE,1,1038,16.96,83.04,4.78,9.80,30.11,29.27,26.05,24060.00,,,,,20.35,CTR,2
3064,35118,Gahard,,,f,2022,post_2020,PRESIDENTIELLE,2,1038,16.67,83.33,0.00,0.00,63.16,0.00,36.84,24060.00,,,,,20.35,CTR,2
3065,35119,Gennes-sur-Seiche,,,f,2002,avant_2010,PRESIDENTIELLE,2,544,15.99,84.01,92.03,0.00,0.00,0.00,7.97,,,,,,,DRT,0
3066,35119,Gennes-sur-Seiche,,,f,2007,avant_2010,PRESIDENTIELLE,1,580,14.14,85.86,36.59,17.89,25.81,8.74,8.54,,,,,,,DRT,0
3067,35119,Gennes-sur-Seiche,,,f,2012,2010_2020,PRESIDENTIELLE,1,598,13.71,86.29,34.26,16.93,11.35,13.15,21.31,,,,,,,DRT,0
3068,35119,Gennes-sur-Seiche,,,f,2017,2010_2020,PRESIDENTIELLE,1,630,13.65,86.35,22.94,4.40,24.47,18.74,29.45,,,,,,,EXD,4
3069,35119,Gennes-sur-Seiche,,,f,2017,2010_2020,PRESIDENTIELLE,2,631,20.76,79.24,0.00,0.00,63.62,0.00,36.38,,,,,,,CTR,2
3070,35119,Gennes-sur-Seiche,,,f,2022,post_2020,PRESIDENTIELLE,1,647,23.03,76.97,3.53,6.02,40.87,19.09,30.50,22880.00,,,,,14.85,CTR,2
3071,35119,Gennes-sur-Seiche,,,f,2022,post_2020,PRESIDENTIELLE,2,647,22.10,77.90,0.00,0.00,60.34,0.00,39.66,22880.00,,,,,14.85,CTR,2
3072,35120,Gévezé,5890,214.00,f,2002,avant_2010,PRESIDENTIELLE,2,2178,14.14,85.86,89.23,0.00,0.00,0.00,10.77,,,,,,,DRT,0
3073,35120,Gévezé,5890,214.00,f,2007,avant_2010,PRESIDENTIELLE,1,2656,9.64,90.36,27.19,28.46,25.46,7.93,7.72,,,,,,,GCH,1
3074,35120,Gévezé,5890,214.00,f,2012,2010_2020,PRESIDENTIELLE,1,3181,13.64,86.36,25.02,33.77,12.84,12.25,12.58,,,,,,,GCH,1
3075,35120,Gévezé,5890,214.00,f,2017,2010_2020,PRESIDENTIELLE,1,3710,14.34,85.66,16.04,7.89,37.19,21.38,17.24,,,,,,,CTR,2
3076,35120,Gévezé,5890,214.00,f,2017,2010_2020,PRESIDENTIELLE,2,3710,18.65,81.35,0.00,0.00,82.55,0.00,17.45,,,,,,,CTR,2
3077,35120,Gévezé,5890,214.00,f,2022,post_2020,PRESIDENTIELLE,1,4182,18.89,81.11,4.33,10.84,41.91,23.17,19.75,25190.00,,0.212,2.500,,20.21,CTR,2
3078,35120,Gévezé,5890,214.00,f,2022,post_2020,PRESIDENTIELLE,2,4181,19.25,80.75,0.00,0.00,76.26,0.00,23.74,25190.00,,0.212,2.500,,20.21,CTR,2
3079,35121,Gosné,,,f,2002,avant_2010,PRESIDENTIELLE,2,1046,15.39,84.61,86.48,0.00,0.00,0.00,13.52,,,,,,,DRT,0
3080,35121,Gosné,,,f,2007,avant_2010,PRESIDENTIELLE,1,1192,10.15,89.85,31.60,23.30,26.23,6.51,9.62,,,,,,,DRT,0
3081,35121,Gosné,,,f,2012,2010_2020,PRESIDENTIELLE,1,1255,10.52,89.48,25.14,28.84,12.66,10.85,19.71,,,,,,,GCH,1
3082,35121,Gosné,,,f,2017,2010_2020,PRESIDENTIELLE,1,1355,9.82,90.18,15.00,7.46,31.78,18.98,26.44,,,,,,,CTR,2
3083,35121,Gosné,,,f,2017,2010_2020,PRESIDENTIELLE,2,1355,16.38,83.62,0.00,0.00,72.50,0.00,27.50,,,,,,,CTR,2
3084,35121,Gosné,,,f,2022,post_2020,PRESIDENTIELLE,1,1469,14.64,85.36,3.45,10.35,39.69,20.95,25.55,24740.00,,0.202,2.400,,20.50,CTR,2
3085,35121,Gosné,,,f,2022,post_2020,PRESIDENTIELLE,2,1469,14.77,85.23,0.00,0.00,67.02,0.00,32.98,24740.00,,0.202,2.400,,20.50,CTR,2
3086,35122,Gouesnière,,,f,2002,avant_2010,PRESIDENTIELLE,2,834,17.03,82.97,87.80,0.00,0.00,0.00,12.20,,,,,,,DRT,0
3087,35122,Gouesnière,,,f,2007,avant_2010,PRESIDENTIELLE,1,1086,8.93,91.07,30.46,25.44,21.95,9.54,9.85,,,,,,,DRT,0
3088,35122,Gouesnière,,,f,2012,2010_2020,PRESIDENTIELLE,1,1156,13.58,86.42,25.90,29.72,10.53,13.62,17.85,,,,,,,GCH,1
3089,35122,Gouesnière,,,f,2017,2010_2020,PRESIDENTIELLE,1,1353,13.90,86.10,17.39,6.12,29.37,20.85,26.18,,,,,,,CTR,2
3090,35122,Gouesnière,,,f,2017,2010_2020,PRESIDENTIELLE,2,1353,15.89,84.11,0.00,0.00,68.76,0.00,31.24,,,,,,,CTR,2
3091,35122,Gouesnière,,,f,2022,post_2020,PRESIDENTIELLE,1,1520,19.28,80.72,3.52,6.37,37.69,22.70,29.73,23750.00,,0.188,2.200,,19.00,CTR,2
3092,35122,Gouesnière,,,f,2022,post_2020,PRESIDENTIELLE,2,1521,18.34,81.66,0.00,0.00,62.67,0.00,37.33,23750.00,,0.188,2.200,,19.00,CTR,2
3093,35123,Goven,,,f,2002,avant_2010,PRESIDENTIELLE,2,2393,16.97,83.03,87.05,0.00,0.00,0.00,12.95,,,,,,,DRT,0
3094,35123,Goven,,,f,2007,avant_2010,PRESIDENTIELLE,1,2812,12.13,87.87,26.42,26.67,24.11,9.62,9.54,,,,,,,GCH,1
3095,35123,Goven,,,f,2012,2010_2020,PRESIDENTIELLE,1,3216,15.83,84.17,22.76,32.81,12.49,12.79,16.14,,,,,,,GCH,1
3096,35123,Goven,,,f,2017,2010_2020,PRESIDENTIELLE,1,3247,14.69,85.31,14.44,8.33,28.33,24.54,24.13,,,,,,,CTR,2
3097,35123,Goven,,,f,2017,2010_2020,PRESIDENTIELLE,2,3247,20.45,79.55,0.00,0.00,71.09,0.00,28.91,,,,,,,CTR,2
3098,35123,Goven,,,f,2022,post_2020,PRESIDENTIELLE,1,3073,17.34,82.66,3.51,9.12,36.04,24.82,26.51,24650.00,,0.212,2.400,,23.35,CTR,2
3099,35123,Goven,,,f,2022,post_2020,PRESIDENTIELLE,2,3075,18.28,81.72,0.00,0.00,67.11,0.00,32.89,24650.00,,0.212,2.400,,23.35,CTR,2
3100,35124,Grand-Fougeray,,,f,2002,avant_2010,PRESIDENTIELLE,2,1438,20.86,79.14,84.38,0.00,0.00,0.00,15.62,,,,,,,DRT,0
3101,35124,Grand-Fougeray,,,f,2007,avant_2010,PRESIDENTIELLE,1,1624,14.90,85.10,32.53,18.75,24.43,6.42,14.81,,,,,,,DRT,0
3102,35124,Grand-Fougeray,,,f,2012,2010_2020,PRESIDENTIELLE,1,1638,14.90,85.10,28.24,23.82,12.91,10.99,21.39,,,,,,,DRT,0
3103,35124,Grand-Fougeray,,,f,2017,2010_2020,PRESIDENTIELLE,1,1667,15.60,84.40,17.80,5.84,26.26,18.38,31.51,,,,,,,EXD,4
3104,35124,Grand-Fougeray,,,f,2017,2010_2020,PRESIDENTIELLE,2,1667,20.70,79.30,0.00,0.00,64.41,0.00,35.59,,,,,,,CTR,2
3105,35124,Grand-Fougeray,,,f,2022,post_2020,PRESIDENTIELLE,1,1769,22.67,77.33,3.90,6.38,34.91,18.62,36.19,22300.00,,0.212,2.400,,28.93,EXD,4
3106,35124,Grand-Fougeray,,,f,2022,post_2020,PRESIDENTIELLE,2,1770,25.42,74.58,0.00,0.00,54.58,0.00,45.42,22300.00,,0.212,2.400,,28.93,CTR,2
3107,35125,Guerche-de-Bretagne,,,f,2002,avant_2010,PRESIDENTIELLE,2,2973,15.81,84.19,91.94,0.00,0.00,0.00,8.06,,,,,,,DRT,0
3108,35125,Guerche-de-Bretagne,,,f,2007,avant_2010,PRESIDENTIELLE,1,3058,14.29,85.71,43.86,16.34,23.76,5.14,8.66,,,,,,,DRT,0
3109,35125,Guerche-de-Bretagne,,,f,2012,2010_2020,PRESIDENTIELLE,1,2938,18.04,81.96,43.68,20.50,13.31,7.06,13.44,,,,,,,DRT,0
3110,35125,Guerche-de-Bretagne,,,f,2017,2010_2020,PRESIDENTIELLE,1,2810,17.54,82.46,35.27,4.73,26.13,13.87,19.88,,,,,,,DRT,0
3111,35125,Guerche-de-Bretagne,,,f,2017,2010_2020,PRESIDENTIELLE,2,2806,21.28,78.72,0.00,0.00,78.24,0.00,21.76,,,,,,,CTR,2
3112,35125,Guerche-de-Bretagne,,,f,2022,post_2020,PRESIDENTIELLE,1,2826,24.10,75.90,7.81,6.09,44.01,12.94,29.15,21050.00,,0.247,2.600,,21.57,CTR,2
3113,35125,Guerche-de-Bretagne,,,f,2022,post_2020,PRESIDENTIELLE,2,2826,23.28,76.72,0.00,0.00,69.09,0.00,30.91,21050.00,,0.247,2.600,,21.57,CTR,2
3114,35126,Guichen,,,f,2002,avant_2010,PRESIDENTIELLE,2,4751,17.76,82.24,89.45,0.00,0.00,0.00,10.55,,,,,,,DRT,0
3115,35126,Guichen,,,f,2007,avant_2010,PRESIDENTIELLE,1,5102,9.55,90.45,24.28,29.61,24.94,9.20,7.97,,,,,,,GCH,1
3116,35126,Guichen,,,f,2012,2010_2020,PRESIDENTIELLE,1,5578,13.21,86.79,20.62,34.33,12.41,14.26,14.98,,,,,,,GCH,1
3117,35126,Guichen,,,f,2017,2010_2020,PRESIDENTIELLE,1,6224,13.83,86.17,14.46,9.52,30.98,24.90,20.00,,,,,,,CTR,2
3118,35126,Guichen,,,f,2017,2010_2020,PRESIDENTIELLE,2,6222,19.14,80.86,0.00,0.00,78.84,0.00,21.16,,,,,,,CTR,2
3119,35126,Guichen,,,f,2022,post_2020,PRESIDENTIELLE,1,6685,17.73,82.27,3.24,11.35,35.21,27.69,22.50,25270.00,,0.212,2.500,,24.12,CTR,2
3120,35126,Guichen,,,f,2022,post_2020,PRESIDENTIELLE,2,6685,20.19,79.81,0.00,0.00,72.33,0.00,27.67,25270.00,,0.212,2.500,,24.12,CTR,2
3121,35127,Guignen,,,f,2002,avant_2010,PRESIDENTIELLE,2,1890,16.46,83.54,84.53,0.00,0.00,0.00,15.47,,,,,,,DRT,0
3122,35127,Guignen,,,f,2007,avant_2010,PRESIDENTIELLE,1,2161,12.12,87.88,25.12,30.20,21.59,9.46,10.90,,,,,,,GCH,1
3123,35127,Guignen,,,f,2012,2010_2020,PRESIDENTIELLE,1,2351,12.29,87.71,20.60,33.19,10.28,14.41,18.98,,,,,,,GCH,1
3124,35127,Guignen,,,f,2017,2010_2020,PRESIDENTIELLE,1,2552,13.21,86.79,12.82,9.44,27.36,23.24,26.62,,,,,,,CTR,2
3125,35127,Guignen,,,f,2017,2010_2020,PRESIDENTIELLE,2,2552,17.87,82.13,0.00,0.00,69.54,0.00,30.46,,,,,,,CTR,2
3126,35127,Guignen,,,f,2022,post_2020,PRESIDENTIELLE,1,2942,19.92,80.08,3.86,8.25,33.25,25.26,29.39,23440.00,,0.185,2.200,,20.73,CTR,2
3127,35127,Guignen,,,f,2022,post_2020,PRESIDENTIELLE,2,2946,20.94,79.06,0.00,0.00,61.78,0.00,38.22,23440.00,,0.185,2.200,,20.73,CTR,2
3128,35128,Guipel,,,f,2002,avant_2010,PRESIDENTIELLE,2,1143,17.06,82.94,86.07,0.00,0.00,0.00,13.93,,,,,,,DRT,0
3129,35128,Guipel,,,f,2007,avant_2010,PRESIDENTIELLE,1,1190,10.76,89.24,27.67,26.81,22.71,9.83,10.31,,,,,,,DRT,0
3130,35128,Guipel,,,f,2012,2010_2020,PRESIDENTIELLE,1,1181,13.04,86.96,22.39,31.36,10.65,12.52,20.22,,,,,,,GCH,1
3131,35128,Guipel,,,f,2017,2010_2020,PRESIDENTIELLE,1,1217,14.05,85.95,15.82,7.32,27.73,23.83,25.00,,,,,,,CTR,2
3132,35128,Guipel,,,f,2017,2010_2020,PRESIDENTIELLE,2,1217,18.73,81.27,0.00,0.00,68.32,0.00,31.68,,,,,,,CTR,2
3133,35128,Guipel,,,f,2022,post_2020,PRESIDENTIELLE,1,1305,20.69,79.31,3.39,7.18,31.41,29.81,28.22,22960.00,,,,,28.24,CTR,2
3134,35128,Guipel,,,f,2022,post_2020,PRESIDENTIELLE,2,1305,23.07,76.93,0.00,0.00,60.09,0.00,39.91,22960.00,,,,,28.24,CTR,2
3135,35130,Hédé-Bazouges,,,f,2002,avant_2010,PRESIDENTIELLE,2,1391,10.50,89.50,90.67,0.00,0.00,0.00,9.33,,,,,,,DRT,0
3136,35130,Hédé-Bazouges,,,f,2007,avant_2010,PRESIDENTIELLE,1,1658,11.82,88.18,30.68,27.16,23.70,6.22,8.43,,,,,,,DRT,0
3137,35130,Hédé-Bazouges,,,f,2012,2010_2020,PRESIDENTIELLE,1,1350,11.26,88.74,23.48,33.33,12.77,10.03,13.71,,,,,,,GCH,1
3138,35130,Hédé-Bazouges,,,f,2017,2010_2020,PRESIDENTIELLE,1,1531,9.67,90.33,16.65,11.50,30.21,23.95,17.54,,,,,,,CTR,2
3139,35130,Hédé-Bazouges,,,f,2017,2010_2020,PRESIDENTIELLE,2,1531,14.37,85.63,0.00,0.00,79.43,0.00,20.57,,,,,,,CTR,2
3140,35130,Hédé-Bazouges,,,f,2022,post_2020,PRESIDENTIELLE,1,1620,16.48,83.52,3.88,10.41,34.65,31.23,19.83,24700.00,,0.215,2.600,,33.44,CTR,2
3141,35130,Hédé-Bazouges,,,f,2022,post_2020,PRESIDENTIELLE,2,1620,16.79,83.21,0.00,0.00,74.83,0.00,25.17,24700.00,,0.215,2.600,,33.44,CTR,2
3142,35131,l'Hermitage,4692,687.00,t,2002,avant_2010,PRESIDENTIELLE,2,2647,15.75,84.25,90.84,0.00,0.00,0.00,9.16,,,,,,,DRT,0
3143,35131,l'Hermitage,4692,687.00,t,2007,avant_2010,PRESIDENTIELLE,1,2830,8.48,91.52,22.13,34.44,25.02,8.13,7.47,,,,,,,GCH,1
3144,35131,l'Hermitage,4692,687.00,t,2012,2010_2020,PRESIDENTIELLE,1,2859,14.48,85.52,19.99,39.73,11.85,11.26,14.63,,,,,,,GCH,1
3145,35131,l'Hermitage,4692,687.00,t,2017,2010_2020,PRESIDENTIELLE,1,2945,11.54,88.46,14.50,11.56,34.76,21.28,17.63,,,,,,,CTR,2
3146,35131,l'Hermitage,4692,687.00,t,2017,2010_2020,PRESIDENTIELLE,2,2945,16.10,83.90,0.00,0.00,79.93,0.00,20.07,,,,,,,CTR,2
3147,35131,l'Hermitage,4692,687.00,t,2022,post_2020,PRESIDENTIELLE,1,3230,19.66,80.34,4.04,12.60,37.05,24.88,21.43,24040.00,,0.212,2.700,,13.67,CTR,2
3148,35131,l'Hermitage,4692,687.00,t,2022,post_2020,PRESIDENTIELLE,2,3233,19.64,80.36,0.00,0.00,73.00,0.00,27.00,24040.00,,0.212,2.700,,13.67,CTR,2
3149,35132,Hirel,,,f,2002,avant_2010,PRESIDENTIELLE,2,917,13.09,86.91,86.07,0.00,0.00,0.00,13.93,,,,,,,DRT,0
3150,35132,Hirel,,,f,2007,avant_2010,PRESIDENTIELLE,1,1024,11.04,88.96,32.00,23.56,21.11,8.22,12.56,,,,,,,DRT,0
3151,35132,Hirel,,,f,2012,2010_2020,PRESIDENTIELLE,1,1062,13.94,86.06,27.15,27.37,7.82,10.95,23.02,,,,,,,GCH,1
3152,35132,Hirel,,,f,2017,2010_2020,PRESIDENTIELLE,1,1094,15.27,84.73,17.35,6.45,26.03,18.24,31.92,,,,,,,EXD,4
3153,35132,Hirel,,,f,2017,2010_2020,PRESIDENTIELLE,2,1094,15.63,84.37,0.00,0.00,62.30,0.00,37.70,,,,,,,CTR,2
3154,35132,Hirel,,,f,2022,post_2020,PRESIDENTIELLE,1,1129,20.99,79.01,4.34,6.17,33.26,21.37,34.86,22390.00,,,,,28.90,EXD,4
3155,35132,Hirel,,,f,2022,post_2020,PRESIDENTIELLE,2,1129,18.42,81.58,0.00,0.00,58.90,0.00,41.10,22390.00,,,,,28.90,CTR,2
3156,35133,Iffendic,,,f,2002,avant_2010,PRESIDENTIELLE,2,2320,13.19,86.81,87.96,0.00,0.00,0.00,12.04,,,,,,,DRT,0
3157,35133,Iffendic,,,f,2007,avant_2010,PRESIDENTIELLE,1,2757,9.03,90.97,29.11,25.41,25.04,8.51,9.24,,,,,,,DRT,0
3158,35133,Iffendic,,,f,2012,2010_2020,PRESIDENTIELLE,1,3026,13.02,86.98,24.49,28.95,11.54,13.25,18.03,,,,,,,GCH,1
3159,35133,Iffendic,,,f,2017,2010_2020,PRESIDENTIELLE,1,3371,16.52,83.48,17.41,8.39,26.76,24.49,22.73,,,,,,,CTR,2
3160,35133,Iffendic,,,f,2017,2010_2020,PRESIDENTIELLE,2,3371,20.82,79.18,0.00,0.00,72.35,0.00,27.65,,,,,,,CTR,2
3161,35133,Iffendic,,,f,2022,post_2020,PRESIDENTIELLE,1,3514,22.08,77.92,3.69,7.22,36.76,26.71,25.62,23340.00,,0.191,2.200,,24.98,CTR,2
3162,35133,Iffendic,,,f,2022,post_2020,PRESIDENTIELLE,2,3516,22.27,77.73,0.00,0.00,65.08,0.00,34.92,23340.00,,0.191,2.200,,24.98,CTR,2
3163,35134,Iffs,,,t,2002,avant_2010,PRESIDENTIELLE,2,167,14.37,85.63,83.21,0.00,0.00,0.00,16.79,,,,,,,DRT,0
3164,35134,Iffs,,,t,2007,avant_2010,PRESIDENTIELLE,1,194,10.31,89.69,31.40,18.60,26.16,9.88,11.63,,,,,,,DRT,0
3165,35134,Iffs,,,t,2012,2010_2020,PRESIDENTIELLE,1,205,7.80,92.20,32.43,22.70,15.68,5.41,17.30,,,,,,,DRT,0
3166,35134,Iffs,,,t,2017,2010_2020,PRESIDENTIELLE,1,211,13.74,86.26,25.42,7.91,25.42,17.51,23.73,,,,,,,DRT,0
3167,35134,Iffs,,,t,2017,2010_2020,PRESIDENTIELLE,2,211,11.85,88.15,0.00,0.00,70.14,0.00,29.86,,,,,,,CTR,2
3168,35134,Iffs,,,t,2022,post_2020,PRESIDENTIELLE,1,208,13.46,86.54,8.00,5.14,32.00,20.00,34.86,24430.00,,,,,25.55,EXD,4
3169,35134,Iffs,,,t,2022,post_2020,PRESIDENTIELLE,2,208,12.50,87.50,0.00,0.00,58.55,0.00,41.45,24430.00,,,,,25.55,CTR,2
3170,35135,Irodouër,,,f,2002,avant_2010,PRESIDENTIELLE,2,1156,15.14,84.86,88.49,0.00,0.00,0.00,11.51,,,,,,,DRT,0
3171,35135,Irodouër,,,f,2007,avant_2010,PRESIDENTIELLE,1,1356,8.11,91.89,30.35,24.65,23.92,8.38,10.66,,,,,,,DRT,0
3172,35135,Irodouër,,,f,2012,2010_2020,PRESIDENTIELLE,1,1470,12.93,87.07,24.46,29.50,11.99,11.19,20.38,,,,,,,GCH,1
3173,35135,Irodouër,,,f,2017,2010_2020,PRESIDENTIELLE,1,1597,14.84,85.16,16.19,6.55,27.26,22.52,27.48,,,,,,,EXD,4
3174,35135,Irodouër,,,f,2017,2010_2020,PRESIDENTIELLE,2,1587,19.41,80.59,0.00,0.00,68.47,0.00,31.53,,,,,,,CTR,2
3175,35135,Irodouër,,,f,2022,post_2020,PRESIDENTIELLE,1,1658,18.70,81.30,5.16,7.59,35.28,22.38,29.59,23000.00,,0.174,2.100,,24.26,CTR,2
3176,35135,Irodouër,,,f,2022,post_2020,PRESIDENTIELLE,2,1659,19.89,80.11,0.00,0.00,59.05,0.00,40.95,23000.00,,0.174,2.100,,24.26,CTR,2
3177,35136,Janzé,,,f,2002,avant_2010,PRESIDENTIELLE,2,4208,15.95,84.05,89.04,0.00,0.00,0.00,10.96,,,,,,,DRT,0
3178,35136,Janzé,,,f,2007,avant_2010,PRESIDENTIELLE,1,5205,10.76,89.24,32.33,23.60,25.17,6.85,9.43,,,,,,,DRT,0
3179,35136,Janzé,,,f,2012,2010_2020,PRESIDENTIELLE,1,5558,13.37,86.63,29.40,28.10,14.22,10.53,15.92,,,,,,,DRT,0
3180,35136,Janzé,,,f,2017,2010_2020,PRESIDENTIELLE,1,5805,13.54,86.46,22.27,6.69,29.62,19.30,21.98,,,,,,,CTR,2
3181,35136,Janzé,,,f,2017,2010_2020,PRESIDENTIELLE,2,5806,18.38,81.62,0.00,0.00,73.61,0.00,26.39,,,,,,,CTR,2
3182,35136,Janzé,,,f,2022,post_2020,PRESIDENTIELLE,1,6246,19.00,81.00,5.70,8.14,39.03,20.55,26.58,23450.00,,0.212,2.500,,14.39,CTR,2
3183,35136,Janzé,,,f,2022,post_2020,PRESIDENTIELLE,2,6243,19.22,80.78,0.00,0.00,66.83,0.00,33.17,23450.00,,0.212,2.500,,14.39,CTR,2
3184,35137,Javené,,,f,2002,avant_2010,PRESIDENTIELLE,2,1111,11.16,88.84,93.17,0.00,0.00,0.00,6.83,,,,,,,DRT,0
3185,35137,Javené,,,f,2007,avant_2010,PRESIDENTIELLE,1,1248,8.57,91.43,35.50,23.02,23.46,6.60,7.67,,,,,,,DRT,0
3186,35137,Javené,,,f,2012,2010_2020,PRESIDENTIELLE,1,1405,10.25,89.75,27.33,27.33,16.61,10.15,16.04,,,,,,,DRT,0
3187,35137,Javené,,,f,2017,2010_2020,PRESIDENTIELLE,1,1608,12.62,87.38,18.18,6.23,31.01,19.21,25.15,,,,,,,CTR,2
3188,35137,Javené,,,f,2017,2010_2020,PRESIDENTIELLE,2,1608,16.54,83.46,0.00,0.00,73.62,0.00,26.38,,,,,,,CTR,2
3189,35137,Javené,,,f,2022,post_2020,PRESIDENTIELLE,1,1767,19.24,80.76,5.04,7.71,41.64,17.72,27.88,23730.00,,0.188,2.300,,24.71,CTR,2
3190,35137,Javené,,,f,2022,post_2020,PRESIDENTIELLE,2,1768,17.87,82.13,0.00,0.00,65.13,0.00,34.87,23730.00,,0.188,2.300,,24.71,CTR,2
3191,35138,Laignelet,,,f,2002,avant_2010,PRESIDENTIELLE,2,664,16.42,83.58,89.66,0.00,0.00,0.00,10.34,,,,,,,DRT,0
3192,35138,Laignelet,,,f,2007,avant_2010,PRESIDENTIELLE,1,715,7.69,92.31,29.86,21.90,26.80,5.82,11.94,,,,,,,DRT,0
3193,35138,Laignelet,,,f,2012,2010_2020,PRESIDENTIELLE,1,784,9.57,90.43,28.94,21.42,15.05,13.31,19.83,,,,,,,DRT,0
3194,35138,Laignelet,,,f,2017,2010_2020,PRESIDENTIELLE,1,840,10.36,89.64,20.44,6.04,27.71,16.60,29.08,,,,,,,EXD,4
3195,35138,Laignelet,,,f,2017,2010_2020,PRESIDENTIELLE,2,840,15.24,84.76,0.00,0.00,69.04,0.00,30.96,,,,,,,CTR,2
3196,35138,Laignelet,,,f,2022,post_2020,PRESIDENTIELLE,1,889,16.99,83.01,5.24,5.79,42.21,17.24,29.52,23920.00,,,,,20.54,CTR,2
3197,35138,Laignelet,,,f,2022,post_2020,PRESIDENTIELLE,2,889,18.22,81.78,0.00,0.00,64.54,0.00,35.46,23920.00,,,,,20.54,CTR,2
3198,35139,Laillé,5131,160.00,t,2002,avant_2010,PRESIDENTIELLE,2,2753,15.04,84.96,90.57,0.00,0.00,0.00,9.43,,,,,,,DRT,0
3199,35139,Laillé,5131,160.00,t,2007,avant_2010,PRESIDENTIELLE,1,3156,9.47,90.53,27.08,26.87,26.83,8.61,7.23,,,,,,,DRT,0
3200,35139,Laillé,5131,160.00,t,2012,2010_2020,PRESIDENTIELLE,1,3377,11.64,88.36,21.98,32.34,15.23,12.35,13.89,,,,,,,GCH,1
3201,35139,Laillé,5131,160.00,t,2017,2010_2020,PRESIDENTIELLE,1,3940,12.72,87.28,16.21,9.06,35.23,22.53,16.87,,,,,,,CTR,2
3202,35139,Laillé,5131,160.00,t,2017,2010_2020,PRESIDENTIELLE,2,3938,17.55,82.45,0.00,0.00,81.27,0.00,18.73,,,,,,,CTR,2
3203,35139,Laillé,5131,160.00,t,2022,post_2020,PRESIDENTIELLE,1,4141,18.72,81.28,3.60,10.54,38.33,26.33,21.20,26950.00,,0.217,2.500,,21.73,CTR,2
3204,35139,Laillé,5131,160.00,t,2022,post_2020,PRESIDENTIELLE,2,4140,19.28,80.72,0.00,0.00,73.34,0.00,26.66,26950.00,,0.217,2.500,,21.73,CTR,2
3205,35140,Lalleu,,,f,2002,avant_2010,PRESIDENTIELLE,2,357,15.13,84.87,80.42,0.00,0.00,0.00,19.58,,,,,,,DRT,0
3206,35140,Lalleu,,,f,2007,avant_2010,PRESIDENTIELLE,1,387,14.99,85.01,26.93,20.43,23.84,9.60,16.41,,,,,,,DRT,0
3207,35140,Lalleu,,,f,2012,2010_2020,PRESIDENTIELLE,1,424,13.68,86.32,21.39,22.78,11.94,13.61,26.39,,,,,,,EXD,4
3208,35140,Lalleu,,,f,2017,2010_2020,PRESIDENTIELLE,1,430,20.00,80.00,13.21,7.81,23.42,20.72,34.83,,,,,,,EXD,4
3209,35140,Lalleu,,,f,2017,2010_2020,PRESIDENTIELLE,2,430,21.63,78.37,0.00,0.00,61.69,0.00,38.31,,,,,,,CTR,2
3210,35140,Lalleu,,,f,2022,post_2020,PRESIDENTIELLE,1,425,24.00,76.00,2.55,5.41,30.25,30.57,31.21,20940.00,,,,,18.93,EXD,4
3211,35140,Lalleu,,,f,2022,post_2020,PRESIDENTIELLE,2,424,25.24,74.76,0.00,0.00,54.64,0.00,45.36,20940.00,,,,,18.93,CTR,2
3212,35141,Landavran,,,f,2002,avant_2010,PRESIDENTIELLE,2,310,8.39,91.61,88.97,0.00,0.00,0.00,11.03,,,,,,,DRT,0
3213,35141,Landavran,,,f,2007,avant_2010,PRESIDENTIELLE,1,373,5.63,94.37,31.86,12.98,29.50,10.03,12.68,,,,,,,DRT,0
3214,35141,Landavran,,,f,2012,2010_2020,PRESIDENTIELLE,1,449,10.47,89.53,26.65,19.53,19.79,9.50,22.43,,,,,,,DRT,0
3215,35141,Landavran,,,f,2017,2010_2020,PRESIDENTIELLE,1,500,11.20,88.80,17.66,6.44,29.59,17.66,28.64,,,,,,,CTR,2
3216,35141,Landavran,,,f,2017,2010_2020,PRESIDENTIELLE,2,500,15.40,84.60,0.00,0.00,67.03,0.00,32.97,,,,,,,CTR,2
3217,35141,Landavran,,,f,2022,post_2020,PRESIDENTIELLE,1,514,17.51,82.49,5.20,9.65,38.12,12.13,34.90,24000.00,,,,,16.13,CTR,2
3218,35141,Landavran,,,f,2022,post_2020,PRESIDENTIELLE,2,514,14.20,85.80,0.00,0.00,59.15,0.00,40.85,24000.00,,,,,16.13,CTR,2
3219,35142,Landéan,,,f,2002,avant_2010,PRESIDENTIELLE,2,992,12.70,87.30,89.05,0.00,0.00,0.00,10.95,,,,,,,DRT,0
3220,35142,Landéan,,,f,2007,avant_2010,PRESIDENTIELLE,1,958,8.98,91.02,38.49,15.81,23.60,7.21,12.79,,,,,,,DRT,0
3221,35142,Landéan,,,f,2012,2010_2020,PRESIDENTIELLE,1,966,11.90,88.10,35.00,19.52,14.40,8.57,20.48,,,,,,,DRT,0
3222,35142,Landéan,,,f,2017,2010_2020,PRESIDENTIELLE,1,929,12.16,87.84,27.70,4.07,23.00,15.88,29.22,,,,,,,EXD,4
3223,35142,Landéan,,,f,2017,2010_2020,PRESIDENTIELLE,2,929,14.32,85.68,0.00,0.00,66.25,0.00,33.75,,,,,,,CTR,2
3224,35142,Landéan,,,f,2022,post_2020,PRESIDENTIELLE,1,966,18.74,81.26,4.06,4.19,45.22,14.29,32.24,21380.00,,,,,18.78,CTR,2
3225,35142,Landéan,,,f,2022,post_2020,PRESIDENTIELLE,2,965,17.93,82.07,0.00,0.00,57.58,0.00,42.42,21380.00,,,,,18.78,CTR,2
3226,35143,Landujan,,,f,2002,avant_2010,PRESIDENTIELLE,2,560,12.86,87.14,86.81,0.00,0.00,0.00,13.19,,,,,,,DRT,0
3227,35143,Landujan,,,f,2007,avant_2010,PRESIDENTIELLE,1,631,7.92,92.08,30.23,24.96,23.02,8.61,10.02,,,,,,,DRT,0
3228,35143,Landujan,,,f,2012,2010_2020,PRESIDENTIELLE,1,671,12.67,87.33,27.07,26.90,14.14,8.79,18.79,,,,,,,DRT,0
3229,35143,Landujan,,,f,2017,2010_2020,PRESIDENTIELLE,1,693,15.44,84.56,15.80,7.64,26.74,23.96,25.52,,,,,,,CTR,2
3230,35143,Landujan,,,f,2017,2010_2020,PRESIDENTIELLE,2,693,19.48,80.52,0.00,0.00,65.06,0.00,34.94,,,,,,,CTR,2
3231,35143,Landujan,,,f,2022,post_2020,PRESIDENTIELLE,1,741,20.51,79.49,4.51,9.01,32.06,23.40,31.02,22880.00,,,,,23.66,CTR,2
3232,35143,Landujan,,,f,2022,post_2020,PRESIDENTIELLE,2,741,20.24,79.76,0.00,0.00,57.47,0.00,42.53,22880.00,,,,,23.66,CTR,2
3233,35144,Langan,1075,138.00,t,2002,avant_2010,PRESIDENTIELLE,2,642,19.00,81.00,87.25,0.00,0.00,0.00,12.75,,,,,,,DRT,0
3234,35144,Langan,1075,138.00,t,2007,avant_2010,PRESIDENTIELLE,1,678,10.03,89.97,24.50,28.81,26.82,8.61,7.78,,,,,,,GCH,1
3235,35144,Langan,1075,138.00,t,2012,2010_2020,PRESIDENTIELLE,1,712,14.47,85.53,23.79,33.28,9.65,13.14,17.30,,,,,,,GCH,1
3293,35153,Lillemer,,,f,2017,2010_2020,PRESIDENTIELLE,2,238,14.71,85.29,0.00,0.00,60.34,0.00,39.66,,,,,,,CTR,2
3236,35144,Langan,1075,138.00,t,2017,2010_2020,PRESIDENTIELLE,1,751,13.05,86.95,11.37,6.64,33.97,23.70,24.17,,,,,,,CTR,2
3237,35144,Langan,1075,138.00,t,2017,2010_2020,PRESIDENTIELLE,2,751,16.38,83.62,0.00,0.00,73.22,0.00,26.78,,,,,,,CTR,2
3238,35144,Langan,1075,138.00,t,2022,post_2020,PRESIDENTIELLE,1,799,18.52,81.48,3.32,10.11,37.44,21.64,27.49,22890.00,,,,,22.02,CTR,2
3239,35144,Langan,1075,138.00,t,2022,post_2020,PRESIDENTIELLE,2,798,18.42,81.58,0.00,0.00,67.01,0.00,32.99,22890.00,,,,,22.02,CTR,2
3240,35145,Langon,,,f,2002,avant_2010,PRESIDENTIELLE,2,988,14.57,85.43,86.44,0.00,0.00,0.00,13.56,,,,,,,DRT,0
3241,35145,Langon,,,f,2007,avant_2010,PRESIDENTIELLE,1,1043,12.85,87.15,25.17,24.28,21.27,9.58,15.81,,,,,,,DRT,0
3242,35145,Langon,,,f,2012,2010_2020,PRESIDENTIELLE,1,1050,15.05,84.95,21.66,26.50,10.60,14.86,22.58,,,,,,,GCH,1
3243,35145,Langon,,,f,2017,2010_2020,PRESIDENTIELLE,1,1013,16.29,83.71,14.96,6.63,20.75,27.99,29.31,,,,,,,EXD,4
3244,35145,Langon,,,f,2017,2010_2020,PRESIDENTIELLE,2,1013,22.51,77.49,0.00,0.00,63.97,0.00,36.03,,,,,,,CTR,2
3245,35145,Langon,,,f,2022,post_2020,PRESIDENTIELLE,1,1095,19.27,80.73,2.87,7.80,27.18,34.86,27.29,20490.00,,,,,47.38,EXG,3
3246,35145,Langon,,,f,2022,post_2020,PRESIDENTIELLE,2,1096,24.27,75.73,0.00,0.00,56.87,0.00,43.13,20490.00,,,,,47.38,CTR,2
3247,35146,Langouet,,,f,2002,avant_2010,PRESIDENTIELLE,2,366,12.02,87.98,87.34,0.00,0.00,0.00,12.66,,,,,,,DRT,0
3248,35146,Langouet,,,f,2007,avant_2010,PRESIDENTIELLE,1,409,7.82,92.18,24.80,30.13,22.40,9.33,9.60,,,,,,,GCH,1
3249,35146,Langouet,,,f,2012,2010_2020,PRESIDENTIELLE,1,410,10.49,89.51,23.48,29.28,10.77,14.92,15.47,,,,,,,GCH,1
3250,35146,Langouet,,,f,2017,2010_2020,PRESIDENTIELLE,1,393,9.92,90.08,14.33,5.44,27.51,30.37,22.35,,,,,,,EXG,3
3251,35146,Langouet,,,f,2017,2010_2020,PRESIDENTIELLE,2,393,13.74,86.26,0.00,0.00,75.00,0.00,25.00,,,,,,,CTR,2
3252,35146,Langouet,,,f,2022,post_2020,PRESIDENTIELLE,1,430,16.05,83.95,3.38,8.73,31.27,37.75,18.87,23410.00,,,,,47.54,EXG,3
3253,35146,Langouet,,,f,2022,post_2020,PRESIDENTIELLE,2,430,18.84,81.16,0.00,0.00,71.57,0.00,28.43,23410.00,,,,,47.54,CTR,2
3254,35148,Lanrigan,,,f,2002,avant_2010,PRESIDENTIELLE,2,80,20.00,80.00,78.69,0.00,0.00,0.00,21.31,,,,,,,DRT,0
3255,35148,Lanrigan,,,f,2007,avant_2010,PRESIDENTIELLE,1,94,5.32,94.68,39.33,28.09,13.48,3.37,13.48,,,,,,,DRT,0
3256,35148,Lanrigan,,,f,2012,2010_2020,PRESIDENTIELLE,1,106,13.21,86.79,26.37,28.57,10.99,12.09,20.88,,,,,,,GCH,1
3257,35148,Lanrigan,,,f,2017,2010_2020,PRESIDENTIELLE,1,107,16.82,83.18,21.84,8.05,32.18,14.94,22.99,,,,,,,CTR,2
3258,35148,Lanrigan,,,f,2017,2010_2020,PRESIDENTIELLE,2,107,15.89,84.11,0.00,0.00,68.29,0.00,31.71,,,,,,,CTR,2
3259,35148,Lanrigan,,,f,2022,post_2020,PRESIDENTIELLE,1,104,18.27,81.73,2.41,3.61,45.78,15.66,32.53,22450.00,,,,,34.72,CTR,2
3260,35148,Lanrigan,,,f,2022,post_2020,PRESIDENTIELLE,2,104,23.08,76.92,0.00,0.00,66.22,0.00,33.78,22450.00,,,,,34.72,CTR,2
3261,35149,Lassy,,,f,2002,avant_2010,PRESIDENTIELLE,2,763,16.25,83.75,84.22,0.00,0.00,0.00,15.78,,,,,,,DRT,0
3262,35149,Lassy,,,f,2007,avant_2010,PRESIDENTIELLE,1,879,8.30,91.70,22.52,31.07,25.79,7.92,9.56,,,,,,,GCH,1
3263,35149,Lassy,,,f,2012,2010_2020,PRESIDENTIELLE,1,1005,9.95,90.05,22.07,34.57,11.15,14.30,14.98,,,,,,,GCH,1
3264,35149,Lassy,,,f,2017,2010_2020,PRESIDENTIELLE,1,1163,11.09,88.91,13.83,8.46,29.55,25.67,22.39,,,,,,,CTR,2
3265,35149,Lassy,,,f,2017,2010_2020,PRESIDENTIELLE,2,1159,15.70,84.30,0.00,0.00,74.77,0.00,25.23,,,,,,,CTR,2
3266,35149,Lassy,,,f,2022,post_2020,PRESIDENTIELLE,1,1333,15.30,84.70,3.51,8.47,33.78,28.47,25.77,24690.00,,,,,19.81,CTR,2
3267,35149,Lassy,,,f,2022,post_2020,PRESIDENTIELLE,2,1334,17.77,82.23,0.00,0.00,67.01,0.00,32.99,24690.00,,,,,19.81,CTR,2
3268,35150,Lécousse,,,f,2002,avant_2010,PRESIDENTIELLE,2,2413,15.38,84.62,91.14,0.00,0.00,0.00,8.86,,,,,,,DRT,0
3269,35150,Lécousse,,,f,2007,avant_2010,PRESIDENTIELLE,1,2474,9.78,90.22,27.80,21.41,30.85,7.62,9.49,,,,,,,CTR,2
3270,35150,Lécousse,,,f,2012,2010_2020,PRESIDENTIELLE,1,2637,12.89,87.11,29.88,25.11,17.08,10.30,15.08,,,,,,,DRT,0
3271,35150,Lécousse,,,f,2017,2010_2020,PRESIDENTIELLE,1,2791,13.47,86.53,22.93,6.81,32.71,16.93,20.46,,,,,,,CTR,2
3272,35150,Lécousse,,,f,2017,2010_2020,PRESIDENTIELLE,2,2788,17.25,82.75,0.00,0.00,78.53,0.00,21.47,,,,,,,CTR,2
3273,35150,Lécousse,,,f,2022,post_2020,PRESIDENTIELLE,1,3014,20.67,79.33,4.66,6.67,45.34,19.44,23.89,24230.00,,0.248,2.300,,16.65,CTR,2
3274,35150,Lécousse,,,f,2022,post_2020,PRESIDENTIELLE,2,3018,19.48,80.52,0.00,0.00,70.02,0.00,29.98,24230.00,,0.248,2.300,,16.65,CTR,2
3275,35151,Lieuron,,,f,2002,avant_2010,PRESIDENTIELLE,2,432,16.20,83.80,81.10,0.00,0.00,0.00,18.90,,,,,,,DRT,0
3276,35151,Lieuron,,,f,2007,avant_2010,PRESIDENTIELLE,1,506,10.47,89.53,21.73,29.71,22.62,9.98,13.75,,,,,,,GCH,1
3277,35151,Lieuron,,,f,2012,2010_2020,PRESIDENTIELLE,1,544,13.79,86.21,19.87,31.66,11.35,13.32,22.49,,,,,,,GCH,1
3278,35151,Lieuron,,,f,2017,2010_2020,PRESIDENTIELLE,1,580,14.83,85.17,12.24,8.09,28.22,21.58,29.25,,,,,,,EXD,4
3279,35151,Lieuron,,,f,2017,2010_2020,PRESIDENTIELLE,2,580,19.66,80.34,0.00,0.00,63.08,0.00,36.92,,,,,,,CTR,2
3280,35151,Lieuron,,,f,2022,post_2020,PRESIDENTIELLE,1,592,18.92,81.08,2.34,7.01,32.06,21.44,37.15,21480.00,,,,,27.43,EXD,4
3281,35151,Lieuron,,,f,2022,post_2020,PRESIDENTIELLE,2,591,21.32,78.68,0.00,0.00,52.51,0.00,47.49,21480.00,,,,,27.43,CTR,2
3282,35152,Liffré,,,f,2002,avant_2010,PRESIDENTIELLE,2,4454,12.21,87.79,90.97,0.00,0.00,0.00,9.03,,,,,,,DRT,0
3283,35152,Liffré,,,f,2007,avant_2010,PRESIDENTIELLE,1,4917,10.01,89.99,26.11,31.81,24.22,6.95,6.88,,,,,,,GCH,1
3284,35152,Liffré,,,f,2012,2010_2020,PRESIDENTIELLE,1,5234,12.13,87.87,21.77,35.82,12.91,13.88,12.62,,,,,,,GCH,1
3285,35152,Liffré,,,f,2017,2010_2020,PRESIDENTIELLE,1,5680,12.89,87.11,15.30,9.95,33.85,23.50,17.15,,,,,,,CTR,2
3286,35152,Liffré,,,f,2017,2010_2020,PRESIDENTIELLE,2,5680,17.20,82.80,0.00,0.00,81.52,0.00,18.48,,,,,,,CTR,2
3287,35152,Liffré,,,f,2022,post_2020,PRESIDENTIELLE,1,6553,17.67,82.33,3.17,12.32,37.03,26.81,20.67,25650.00,,0.214,2.400,,20.36,CTR,2
3288,35152,Liffré,,,f,2022,post_2020,PRESIDENTIELLE,2,6559,17.99,82.01,0.00,0.00,74.94,0.00,25.06,25650.00,,0.214,2.400,,20.36,CTR,2
3289,35153,Lillemer,,,f,2002,avant_2010,PRESIDENTIELLE,2,171,15.79,84.21,79.23,0.00,0.00,0.00,20.77,,,,,,,DRT,0
3290,35153,Lillemer,,,f,2007,avant_2010,PRESIDENTIELLE,1,195,10.26,89.74,28.32,19.65,21.97,11.56,13.29,,,,,,,DRT,0
3291,35153,Lillemer,,,f,2012,2010_2020,PRESIDENTIELLE,1,212,11.32,88.68,21.11,23.89,14.44,17.78,20.56,,,,,,,GCH,1
3292,35153,Lillemer,,,f,2017,2010_2020,PRESIDENTIELLE,1,238,15.97,84.03,19.39,6.63,21.43,19.39,33.16,,,,,,,EXD,4
3294,35153,Lillemer,,,f,2022,post_2020,PRESIDENTIELLE,1,262,16.79,83.21,1.84,3.69,34.56,22.12,37.79,21220.00,,,,,28.72,EXD,4
3295,35153,Lillemer,,,f,2022,post_2020,PRESIDENTIELLE,2,262,16.41,83.59,0.00,0.00,52.68,0.00,47.32,21220.00,,,,,28.72,CTR,2
3296,35154,Livré-sur-Changeon,,,f,2002,avant_2010,PRESIDENTIELLE,2,892,14.24,85.76,90.75,0.00,0.00,0.00,9.25,,,,,,,DRT,0
3297,35154,Livré-sur-Changeon,,,f,2007,avant_2010,PRESIDENTIELLE,1,1028,10.60,89.40,30.16,25.22,26.01,8.30,7.06,,,,,,,DRT,0
3298,35154,Livré-sur-Changeon,,,f,2012,2010_2020,PRESIDENTIELLE,1,1090,13.94,86.06,26.23,27.76,13.01,11.58,18.14,,,,,,,GCH,1
3299,35154,Livré-sur-Changeon,,,f,2017,2010_2020,PRESIDENTIELLE,1,1113,11.41,88.59,19.00,7.20,27.35,22.34,23.90,,,,,,,CTR,2
3300,35154,Livré-sur-Changeon,,,f,2017,2010_2020,PRESIDENTIELLE,2,1113,16.98,83.02,0.00,0.00,72.19,0.00,27.81,,,,,,,CTR,2
3301,35154,Livré-sur-Changeon,,,f,2022,post_2020,PRESIDENTIELLE,1,1202,18.05,81.95,3.58,7.99,40.69,24.92,22.82,23320.00,,,,,23.60,CTR,2
3302,35154,Livré-sur-Changeon,,,f,2022,post_2020,PRESIDENTIELLE,2,1203,17.12,82.88,0.00,0.00,69.27,0.00,30.73,23320.00,,,,,23.60,CTR,2
3303,35155,Lohéac,,,f,2002,avant_2010,PRESIDENTIELLE,2,436,14.22,85.78,87.06,0.00,0.00,0.00,12.94,,,,,,,DRT,0
3304,35155,Lohéac,,,f,2007,avant_2010,PRESIDENTIELLE,1,493,9.74,90.26,32.35,25.51,21.41,10.71,8.66,,,,,,,DRT,0
3305,35155,Lohéac,,,f,2012,2010_2020,PRESIDENTIELLE,1,508,11.42,88.58,27.21,31.52,11.11,12.24,14.06,,,,,,,GCH,1
3306,35155,Lohéac,,,f,2017,2010_2020,PRESIDENTIELLE,1,498,13.45,86.55,17.27,9.11,29.74,19.42,24.22,,,,,,,CTR,2
3307,35155,Lohéac,,,f,2017,2010_2020,PRESIDENTIELLE,2,498,15.46,84.54,0.00,0.00,70.05,0.00,29.95,,,,,,,CTR,2
3308,35155,Lohéac,,,f,2022,post_2020,PRESIDENTIELLE,1,520,17.88,82.12,4.07,6.94,32.78,22.97,33.25,22060.00,,,,,32.86,EXD,4
3309,35155,Lohéac,,,f,2022,post_2020,PRESIDENTIELLE,2,521,18.23,81.77,0.00,0.00,60.36,0.00,39.64,22060.00,,,,,32.86,CTR,2
3310,35156,Longaulnay,,,f,2002,avant_2010,PRESIDENTIELLE,2,290,9.66,90.34,87.19,0.00,0.00,0.00,12.81,,,,,,,DRT,0
3311,35156,Longaulnay,,,f,2007,avant_2010,PRESIDENTIELLE,1,384,8.85,91.15,29.48,25.14,23.41,11.56,8.96,,,,,,,DRT,0
3312,35156,Longaulnay,,,f,2012,2010_2020,PRESIDENTIELLE,1,407,12.53,87.47,24.50,31.12,12.97,13.54,14.41,,,,,,,GCH,1
3313,35156,Longaulnay,,,f,2017,2010_2020,PRESIDENTIELLE,1,435,14.25,85.75,17.86,9.62,29.67,19.78,23.08,,,,,,,CTR,2
3314,35156,Longaulnay,,,f,2017,2010_2020,PRESIDENTIELLE,2,435,16.55,83.45,0.00,0.00,71.82,0.00,28.18,,,,,,,CTR,2
3315,35156,Longaulnay,,,f,2022,post_2020,PRESIDENTIELLE,1,474,17.93,82.07,4.47,8.16,27.37,28.68,31.32,23210.00,,,,,16.72,EXD,4
3316,35156,Longaulnay,,,f,2022,post_2020,PRESIDENTIELLE,2,474,16.24,83.76,0.00,0.00,61.62,0.00,38.38,23210.00,,,,,16.72,CTR,2
3317,35157,Loroux,,,f,2002,avant_2010,PRESIDENTIELLE,2,410,10.73,89.27,90.42,0.00,0.00,0.00,9.58,,,,,,,DRT,0
3318,35157,Loroux,,,f,2007,avant_2010,PRESIDENTIELLE,1,389,11.05,88.95,48.09,12.32,20.82,7.33,10.56,,,,,,,DRT,0
3319,35157,Loroux,,,f,2012,2010_2020,PRESIDENTIELLE,1,426,14.32,85.68,38.06,14.72,16.67,11.39,17.50,,,,,,,DRT,0
3320,35157,Loroux,,,f,2017,2010_2020,PRESIDENTIELLE,1,433,15.01,84.99,29.30,4.23,20.85,15.21,30.14,,,,,,,EXD,4
3321,35157,Loroux,,,f,2017,2010_2020,PRESIDENTIELLE,2,433,19.40,80.60,0.00,0.00,72.26,0.00,27.74,,,,,,,CTR,2
3322,35157,Loroux,,,f,2022,post_2020,PRESIDENTIELLE,1,446,20.85,79.15,5.46,4.02,42.53,21.84,26.15,20770.00,,,,,22.65,CTR,2
3323,35157,Loroux,,,f,2022,post_2020,PRESIDENTIELLE,2,446,19.51,80.49,0.00,0.00,60.30,0.00,39.70,20770.00,,,,,22.65,CTR,2
3324,35159,Lourmais,,,f,2002,avant_2010,PRESIDENTIELLE,2,192,8.33,91.67,85.89,0.00,0.00,0.00,14.11,,,,,,,DRT,0
3325,35159,Lourmais,,,f,2007,avant_2010,PRESIDENTIELLE,1,226,11.06,88.94,39.09,17.26,19.80,6.60,14.21,,,,,,,DRT,0
3326,35159,Lourmais,,,f,2012,2010_2020,PRESIDENTIELLE,1,238,16.39,83.61,35.05,23.71,9.28,9.79,18.56,,,,,,,DRT,0
3327,35159,Lourmais,,,f,2017,2010_2020,PRESIDENTIELLE,1,254,20.47,79.53,26.15,3.59,21.54,18.97,29.74,,,,,,,EXD,4
3328,35159,Lourmais,,,f,2017,2010_2020,PRESIDENTIELLE,2,254,20.87,79.13,0.00,0.00,65.88,0.00,34.12,,,,,,,CTR,2
3329,35159,Lourmais,,,f,2022,post_2020,PRESIDENTIELLE,1,282,13.83,86.17,4.20,5.88,34.87,16.39,38.66,23710.00,,,,,41.79,EXD,4
3330,35159,Lourmais,,,f,2022,post_2020,PRESIDENTIELLE,2,282,16.31,83.69,0.00,0.00,50.95,0.00,49.05,23710.00,,,,,41.79,CTR,2
3331,35160,Loutehel,,,f,2002,avant_2010,PRESIDENTIELLE,2,164,11.59,88.41,83.10,0.00,0.00,0.00,16.90,,,,,,,DRT,0
3332,35160,Loutehel,,,f,2007,avant_2010,PRESIDENTIELLE,1,168,11.31,88.69,30.87,22.82,21.48,6.71,16.11,,,,,,,DRT,0
3333,35160,Loutehel,,,f,2012,2010_2020,PRESIDENTIELLE,1,185,13.51,86.49,30.82,21.38,9.43,11.95,20.75,,,,,,,DRT,0
3334,35160,Loutehel,,,f,2017,2010_2020,PRESIDENTIELLE,1,168,17.26,82.74,15.94,3.62,24.64,19.57,36.23,,,,,,,EXD,4
3335,35160,Loutehel,,,f,2017,2010_2020,PRESIDENTIELLE,2,168,25.00,75.00,0.00,0.00,64.10,0.00,35.90,,,,,,,CTR,2
3336,35160,Loutehel,,,f,2022,post_2020,PRESIDENTIELLE,1,179,20.11,79.89,2.13,3.55,38.30,21.99,34.04,21090.00,,,,,42.55,CTR,2
3337,35160,Loutehel,,,f,2022,post_2020,PRESIDENTIELLE,2,179,22.91,77.09,0.00,0.00,64.34,0.00,35.66,21090.00,,,,,42.55,CTR,2
3338,35161,Louvigné-de-Bais,,,f,2002,avant_2010,PRESIDENTIELLE,2,1022,16.24,83.76,88.65,0.00,0.00,0.00,11.35,,,,,,,DRT,0
3339,35161,Louvigné-de-Bais,,,f,2007,avant_2010,PRESIDENTIELLE,1,1202,9.98,90.02,34.12,17.30,26.37,7.56,11.91,,,,,,,DRT,0
3340,35161,Louvigné-de-Bais,,,f,2012,2010_2020,PRESIDENTIELLE,1,1267,14.52,85.48,31.58,21.99,15.88,9.12,18.89,,,,,,,DRT,0
3341,35161,Louvigné-de-Bais,,,f,2017,2010_2020,PRESIDENTIELLE,1,1356,14.68,85.32,21.68,5.80,27.83,18.20,26.49,,,,,,,CTR,2
3342,35161,Louvigné-de-Bais,,,f,2017,2010_2020,PRESIDENTIELLE,2,1356,21.24,78.76,0.00,0.00,72.51,0.00,27.49,,,,,,,CTR,2
3343,35161,Louvigné-de-Bais,,,f,2022,post_2020,PRESIDENTIELLE,1,1433,23.17,76.83,4.04,9.11,37.00,20.09,29.77,23320.00,,,,,18.14,CTR,2
3344,35161,Louvigné-de-Bais,,,f,2022,post_2020,PRESIDENTIELLE,2,1438,21.77,78.23,0.00,0.00,60.74,0.00,39.26,23320.00,,,,,18.14,CTR,2
3345,35162,Louvigné-du-Désert,,,t,2002,avant_2010,PRESIDENTIELLE,2,3076,16.51,83.49,86.90,0.00,0.00,0.00,13.10,,,,,,,DRT,0
3346,35162,Louvigné-du-Désert,,,t,2007,avant_2010,PRESIDENTIELLE,1,3036,13.60,86.40,34.16,18.08,24.11,8.22,13.28,,,,,,,DRT,0
3347,35162,Louvigné-du-Désert,,,t,2012,2010_2020,PRESIDENTIELLE,1,2883,17.13,82.87,35.15,21.94,13.94,8.39,19.36,,,,,,,DRT,0
3348,35162,Louvigné-du-Désert,,,t,2017,2010_2020,PRESIDENTIELLE,1,2722,20.87,79.13,27.87,4.27,25.42,15.30,27.05,,,,,,,DRT,0
3349,35162,Louvigné-du-Désert,,,t,2017,2010_2020,PRESIDENTIELLE,2,2722,21.86,78.14,0.00,0.00,67.59,0.00,32.41,,,,,,,CTR,2
3350,35162,Louvigné-du-Désert,,,t,2022,post_2020,PRESIDENTIELLE,1,2661,26.49,73.51,6.78,3.73,42.11,13.99,33.39,20580.00,,0.203,2.400,,23.87,CTR,2
3351,35162,Louvigné-du-Désert,,,t,2022,post_2020,PRESIDENTIELLE,2,2661,24.24,75.76,0.00,0.00,59.33,0.00,40.67,20580.00,,0.203,2.400,,23.87,CTR,2
3352,35163,Luitré-Dompierre,,,f,2002,avant_2010,PRESIDENTIELLE,2,937,12.06,87.94,93.47,0.00,0.00,0.00,6.53,,,,,,,DRT,0
3353,35163,Luitré-Dompierre,,,f,2007,avant_2010,PRESIDENTIELLE,1,1001,9.49,90.51,46.97,11.80,23.48,4.72,9.44,,,,,,,DRT,0
3354,35163,Luitré-Dompierre,,,f,2012,2010_2020,PRESIDENTIELLE,1,993,10.57,89.43,44.24,17.23,11.53,9.90,15.60,,,,,,,DRT,0
3355,35163,Luitré-Dompierre,,,f,2017,2010_2020,PRESIDENTIELLE,1,962,13.62,86.38,29.49,3.35,24.66,13.51,28.87,,,,,,,DRT,0
3356,35163,Luitré-Dompierre,,,f,2017,2010_2020,PRESIDENTIELLE,2,962,16.01,83.99,0.00,0.00,68.96,0.00,31.04,,,,,,,CTR,2
3357,35163,Luitré-Dompierre,,,f,2022,post_2020,PRESIDENTIELLE,1,1347,18.41,81.59,4.58,4.02,44.49,15.42,31.50,22130.00,,,,,34.16,CTR,2
3358,35163,Luitré-Dompierre,,,f,2022,post_2020,PRESIDENTIELLE,2,1347,15.14,84.86,0.00,0.00,62.67,0.00,37.33,22130.00,,,,,34.16,CTR,2
3359,35164,Marcillé-Raoul,,,f,2002,avant_2010,PRESIDENTIELLE,2,498,12.05,87.95,86.59,0.00,0.00,0.00,13.41,,,,,,,DRT,0
3360,35164,Marcillé-Raoul,,,f,2007,avant_2010,PRESIDENTIELLE,1,545,13.03,86.97,35.79,19.96,18.44,11.71,11.06,,,,,,,DRT,0
3361,35164,Marcillé-Raoul,,,f,2012,2010_2020,PRESIDENTIELLE,1,541,17.38,82.62,26.56,27.48,11.78,13.16,18.48,,,,,,,GCH,1
3362,35164,Marcillé-Raoul,,,f,2017,2010_2020,PRESIDENTIELLE,1,556,16.37,83.63,19.78,8.99,22.92,17.30,30.79,,,,,,,EXD,4
3363,35164,Marcillé-Raoul,,,f,2017,2010_2020,PRESIDENTIELLE,2,556,16.55,83.45,0.00,0.00,62.59,0.00,37.41,,,,,,,CTR,2
3364,35164,Marcillé-Raoul,,,f,2022,post_2020,PRESIDENTIELLE,1,573,20.94,79.06,2.53,6.21,34.25,23.45,33.56,21880.00,,,,,25.78,CTR,2
3365,35164,Marcillé-Raoul,,,f,2022,post_2020,PRESIDENTIELLE,2,572,20.98,79.02,0.00,0.00,55.45,0.00,44.55,21880.00,,,,,25.78,CTR,2
3366,35165,Marcillé-Robert,,,f,2002,avant_2010,PRESIDENTIELLE,2,614,16.12,83.88,87.23,0.00,0.00,0.00,12.77,,,,,,,DRT,0
3367,35165,Marcillé-Robert,,,f,2007,avant_2010,PRESIDENTIELLE,1,643,14.62,85.38,39.00,15.34,26.06,9.24,8.87,,,,,,,DRT,0
3368,35165,Marcillé-Robert,,,f,2012,2010_2020,PRESIDENTIELLE,1,643,15.24,84.76,35.67,16.70,17.46,10.63,16.51,,,,,,,DRT,0
3369,35165,Marcillé-Robert,,,f,2017,2010_2020,PRESIDENTIELLE,1,645,13.64,86.36,24.77,6.33,21.60,20.30,27.00,,,,,,,EXD,4
3370,35165,Marcillé-Robert,,,f,2017,2010_2020,PRESIDENTIELLE,2,645,18.91,81.09,0.00,0.00,71.25,0.00,28.75,,,,,,,CTR,2
3371,35165,Marcillé-Robert,,,f,2022,post_2020,PRESIDENTIELLE,1,648,20.68,79.32,4.81,3.01,39.68,21.44,31.06,22660.00,,,,,15.09,CTR,2
3372,35165,Marcillé-Robert,,,f,2022,post_2020,PRESIDENTIELLE,2,649,21.57,78.43,0.00,0.00,62.55,0.00,37.45,22660.00,,,,,15.09,CTR,2
3373,35166,Marpiré,,,f,2002,avant_2010,PRESIDENTIELLE,2,620,15.16,84.84,91.45,0.00,0.00,0.00,8.55,,,,,,,DRT,0
3374,35166,Marpiré,,,f,2007,avant_2010,PRESIDENTIELLE,1,710,9.30,90.70,32.23,17.30,30.66,9.59,6.92,,,,,,,DRT,0
3375,35166,Marpiré,,,f,2012,2010_2020,PRESIDENTIELLE,1,755,12.85,87.15,29.40,25.16,12.58,14.15,16.35,,,,,,,DRT,0
3376,35166,Marpiré,,,f,2017,2010_2020,PRESIDENTIELLE,1,805,19.01,80.99,14.02,6.93,29.61,22.52,26.93,,,,,,,CTR,2
3377,35166,Marpiré,,,f,2017,2010_2020,PRESIDENTIELLE,2,805,21.49,78.51,0.00,0.00,74.19,0.00,25.81,,,,,,,CTR,2
3378,35166,Marpiré,,,f,2022,post_2020,PRESIDENTIELLE,1,842,21.85,78.15,2.95,6.51,41.55,20.00,28.99,24250.00,,,,,13.82,CTR,2
3379,35166,Marpiré,,,f,2022,post_2020,PRESIDENTIELLE,2,842,23.28,76.72,0.00,0.00,64.40,0.00,35.60,24250.00,,,,,13.82,CTR,2
3380,35167,Martigné-Ferchaud,,,f,2002,avant_2010,PRESIDENTIELLE,2,2105,19.81,80.19,89.29,0.00,0.00,0.00,10.71,,,,,,,DRT,0
3381,35167,Martigné-Ferchaud,,,f,2007,avant_2010,PRESIDENTIELLE,1,2084,15.26,84.74,38.08,16.32,26.62,5.56,11.34,,,,,,,DRT,0
3382,35167,Martigné-Ferchaud,,,f,2012,2010_2020,PRESIDENTIELLE,1,2019,18.42,81.58,38.73,19.46,14.45,8.28,16.86,,,,,,,DRT,0
3383,35167,Martigné-Ferchaud,,,f,2017,2010_2020,PRESIDENTIELLE,1,1950,22.10,77.90,29.97,5.32,25.12,15.89,23.57,,,,,,,DRT,0
3384,35167,Martigné-Ferchaud,,,f,2017,2010_2020,PRESIDENTIELLE,2,1950,24.21,75.79,0.00,0.00,72.45,0.00,27.55,,,,,,,CTR,2
3385,35167,Martigné-Ferchaud,,,f,2022,post_2020,PRESIDENTIELLE,1,1929,25.40,74.60,6.73,5.08,40.66,18.68,28.85,21020.00,,0.232,2.400,,25.08,CTR,2
3386,35167,Martigné-Ferchaud,,,f,2022,post_2020,PRESIDENTIELLE,2,1929,27.48,72.52,0.00,0.00,65.83,0.00,34.17,21020.00,,0.232,2.400,,25.08,CTR,2
3387,35168,Val d'Anast,,,f,2002,avant_2010,PRESIDENTIELLE,2,2058,17.54,82.46,85.40,0.00,0.00,0.00,14.60,,,,,,,DRT,0
3388,35168,Val d'Anast,,,f,2007,avant_2010,PRESIDENTIELLE,1,2274,14.64,85.36,31.47,23.07,20.25,8.82,13.83,,,,,,,DRT,0
3389,35168,Val d'Anast,,,f,2012,2010_2020,PRESIDENTIELLE,1,2410,17.59,82.41,27.98,25.82,10.75,11.27,21.91,,,,,,,DRT,0
3390,35168,Val d'Anast,,,f,2017,2010_2020,PRESIDENTIELLE,1,2887,18.46,81.54,18.22,7.17,24.43,19.57,30.43,,,,,,,EXD,4
3391,35168,Val d'Anast,,,f,2017,2010_2020,PRESIDENTIELLE,2,2889,23.64,76.36,0.00,0.00,61.87,0.00,38.13,,,,,,,CTR,2
3392,35168,Val d'Anast,,,f,2022,post_2020,PRESIDENTIELLE,1,2924,23.22,76.78,4.26,4.76,33.32,21.31,36.36,21890.00,,0.194,2.400,,26.24,EXD,4
3393,35168,Val d'Anast,,,f,2022,post_2020,PRESIDENTIELLE,2,2923,24.02,75.98,0.00,0.00,53.03,0.00,46.97,21890.00,,0.194,2.400,,26.24,CTR,2
3394,35169,Maxent,,,f,2002,avant_2010,PRESIDENTIELLE,2,872,17.89,82.11,86.47,0.00,0.00,0.00,13.53,,,,,,,DRT,0
3395,35169,Maxent,,,f,2007,avant_2010,PRESIDENTIELLE,1,932,12.34,87.66,30.19,24.03,23.90,8.18,8.93,,,,,,,DRT,0
3396,35169,Maxent,,,f,2012,2010_2020,PRESIDENTIELLE,1,960,12.81,87.19,24.18,25.76,14.63,14.15,17.65,,,,,,,GCH,1
3397,35169,Maxent,,,f,2017,2010_2020,PRESIDENTIELLE,1,951,15.98,84.02,14.14,7.97,22.37,27.89,27.51,,,,,,,EXG,3
3398,35169,Maxent,,,f,2017,2010_2020,PRESIDENTIELLE,2,951,22.08,77.92,0.00,0.00,63.44,0.00,36.56,,,,,,,CTR,2
3399,35169,Maxent,,,f,2022,post_2020,PRESIDENTIELLE,1,1010,20.50,79.50,3.56,6.87,32.82,25.95,30.79,22210.00,,,,,26.77,CTR,2
3400,35169,Maxent,,,f,2022,post_2020,PRESIDENTIELLE,2,1010,21.78,78.22,0.00,0.00,59.30,0.00,40.70,22210.00,,,,,26.77,CTR,2
3401,35170,Mecé,,,f,2002,avant_2010,PRESIDENTIELLE,2,378,11.90,88.10,86.17,0.00,0.00,0.00,13.83,,,,,,,DRT,0
3402,35170,Mecé,,,f,2007,avant_2010,PRESIDENTIELLE,1,420,10.48,89.52,30.94,19.34,24.03,8.84,14.36,,,,,,,DRT,0
3403,35170,Mecé,,,f,2012,2010_2020,PRESIDENTIELLE,1,440,14.09,85.91,25.55,21.15,15.11,12.64,22.53,,,,,,,DRT,0
3404,35170,Mecé,,,f,2017,2010_2020,PRESIDENTIELLE,1,457,17.29,82.71,18.73,6.06,21.49,21.21,32.51,,,,,,,EXD,4
3405,35170,Mecé,,,f,2017,2010_2020,PRESIDENTIELLE,2,457,20.13,79.87,0.00,0.00,61.13,0.00,38.87,,,,,,,CTR,2
3406,35170,Mecé,,,f,2022,post_2020,PRESIDENTIELLE,1,455,15.60,84.40,4.17,6.67,34.72,23.06,31.39,22250.00,,,,,27.73,CTR,2
3407,35170,Mecé,,,f,2022,post_2020,PRESIDENTIELLE,2,456,17.98,82.02,0.00,0.00,56.42,0.00,43.58,22250.00,,,,,27.73,CTR,2
3408,35171,Médréac,,,f,2002,avant_2010,PRESIDENTIELLE,2,1147,13.60,86.40,86.96,0.00,0.00,0.00,13.04,,,,,,,DRT,0
3409,35171,Médréac,,,f,2007,avant_2010,PRESIDENTIELLE,1,1293,10.67,89.33,30.82,27.22,20.81,7.99,10.36,,,,,,,DRT,0
3410,35171,Médréac,,,f,2012,2010_2020,PRESIDENTIELLE,1,1262,10.94,89.06,25.50,26.60,12.07,13.35,18.10,,,,,,,GCH,1
3411,35171,Médréac,,,f,2017,2010_2020,PRESIDENTIELLE,1,1308,13.61,86.39,19.49,10.02,23.95,21.13,25.23,,,,,,,EXD,4
3412,35171,Médréac,,,f,2017,2010_2020,PRESIDENTIELLE,2,1308,17.35,82.65,0.00,0.00,68.45,0.00,31.55,,,,,,,CTR,2
3413,35171,Médréac,,,f,2022,post_2020,PRESIDENTIELLE,1,1354,18.02,81.98,3.30,7.79,36.21,24.47,28.23,22310.00,,,,,21.14,CTR,2
3414,35171,Médréac,,,f,2022,post_2020,PRESIDENTIELLE,2,1356,18.51,81.49,0.00,0.00,62.08,0.00,37.92,22310.00,,,,,21.14,CTR,2
3415,35172,Meillac,,,f,2002,avant_2010,PRESIDENTIELLE,2,1093,16.65,83.35,89.32,0.00,0.00,0.00,10.68,,,,,,,DRT,0
3416,35172,Meillac,,,f,2007,avant_2010,PRESIDENTIELLE,1,1124,11.74,88.26,26.46,26.36,21.85,10.97,10.36,,,,,,,DRT,0
3417,35172,Meillac,,,f,2012,2010_2020,PRESIDENTIELLE,1,1209,9.84,90.16,21.93,32.43,13.03,12.65,17.53,,,,,,,GCH,1
3418,35172,Meillac,,,f,2017,2010_2020,PRESIDENTIELLE,1,1176,10.63,89.37,16.44,9.88,29.35,22.90,21.43,,,,,,,CTR,2
3419,35172,Meillac,,,f,2017,2010_2020,PRESIDENTIELLE,2,1175,14.13,85.87,0.00,0.00,72.67,0.00,27.33,,,,,,,CTR,2
3420,35172,Meillac,,,f,2022,post_2020,PRESIDENTIELLE,1,1300,14.15,85.85,3.86,8.00,34.74,25.37,28.03,21650.00,,,,,16.71,CTR,2
3421,35172,Meillac,,,f,2022,post_2020,PRESIDENTIELLE,2,1304,14.88,85.12,0.00,0.00,62.63,0.00,37.37,21650.00,,,,,16.71,CTR,2
3422,35173,Melesse,,,f,2002,avant_2010,PRESIDENTIELLE,2,4031,15.50,84.50,91.51,0.00,0.00,0.00,8.49,,,,,,,DRT,0
3423,35173,Melesse,,,f,2007,avant_2010,PRESIDENTIELLE,1,4099,11.42,88.58,29.45,27.86,25.00,7.59,7.45,,,,,,,DRT,0
3424,35173,Melesse,,,f,2012,2010_2020,PRESIDENTIELLE,1,4235,12.40,87.60,26.25,31.68,13.84,12.68,11.94,,,,,,,GCH,1
3425,35173,Melesse,,,f,2017,2010_2020,PRESIDENTIELLE,1,4765,10.85,89.15,20.57,8.87,34.53,20.45,15.45,,,,,,,CTR,2
3426,35173,Melesse,,,f,2017,2010_2020,PRESIDENTIELLE,2,4765,15.97,84.03,0.00,0.00,83.08,0.00,16.92,,,,,,,CTR,2
3427,35173,Melesse,,,f,2022,post_2020,PRESIDENTIELLE,1,5413,17.24,82.76,3.88,9.68,41.55,24.52,20.37,26600.00,,0.235,2.600,,22.43,CTR,2
3428,35173,Melesse,,,f,2022,post_2020,PRESIDENTIELLE,2,5417,17.52,82.48,0.00,0.00,76.00,0.00,24.00,26600.00,,0.235,2.600,,22.43,CTR,2
3429,35174,Mellé,,,f,2002,avant_2010,PRESIDENTIELLE,2,543,14.00,86.00,78.85,0.00,0.00,0.00,21.15,,,,,,,DRT,0
3430,35174,Mellé,,,f,2007,avant_2010,PRESIDENTIELLE,1,523,11.47,88.53,37.06,13.82,23.03,7.68,15.57,,,,,,,DRT,0
3431,35174,Mellé,,,f,2012,2010_2020,PRESIDENTIELLE,1,479,15.03,84.97,31.92,23.19,7.23,8.98,28.43,,,,,,,DRT,0
3432,35174,Mellé,,,f,2017,2010_2020,PRESIDENTIELLE,1,446,13.00,87.00,23.94,4.52,19.15,19.15,32.98,,,,,,,EXD,4
3433,35174,Mellé,,,f,2017,2010_2020,PRESIDENTIELLE,2,447,14.54,85.46,0.00,0.00,54.91,0.00,45.09,,,,,,,CTR,2
3434,35174,Mellé,,,f,2022,post_2020,PRESIDENTIELLE,1,474,23.21,76.79,3.69,4.83,34.09,20.74,36.65,19790.00,,,,,30.86,EXD,4
3435,35174,Mellé,,,f,2022,post_2020,PRESIDENTIELLE,2,476,18.28,81.72,0.00,0.00,51.44,0.00,48.56,19790.00,,,,,30.86,CTR,2
3436,35175,Mernel,,,f,2002,avant_2010,PRESIDENTIELLE,2,626,16.61,83.39,89.74,0.00,0.00,0.00,10.26,,,,,,,DRT,0
3437,35175,Mernel,,,f,2007,avant_2010,PRESIDENTIELLE,1,637,10.36,89.64,33.93,24.11,20.36,7.86,10.54,,,,,,,DRT,0
3438,35175,Mernel,,,f,2012,2010_2020,PRESIDENTIELLE,1,690,13.91,86.09,30.66,27.09,9.37,13.97,17.21,,,,,,,DRT,0
3439,35175,Mernel,,,f,2017,2010_2020,PRESIDENTIELLE,1,766,14.49,85.51,17.84,8.14,24.88,17.21,31.46,,,,,,,EXD,4
3440,35175,Mernel,,,f,2017,2010_2020,PRESIDENTIELLE,2,766,19.71,80.29,0.00,0.00,63.37,0.00,36.63,,,,,,,CTR,2
3441,35175,Mernel,,,f,2022,post_2020,PRESIDENTIELLE,1,792,20.45,79.55,3.41,5.84,35.06,21.59,34.09,22040.00,,,,,19.67,CTR,2
3442,35175,Mernel,,,f,2022,post_2020,PRESIDENTIELLE,2,793,21.19,78.81,0.00,0.00,58.74,0.00,41.26,22040.00,,,,,19.67,CTR,2
3443,35176,Guipry-Messac,,,f,2002,avant_2010,PRESIDENTIELLE,2,1794,15.66,84.34,83.16,0.00,0.00,0.00,16.84,,,,,,,DRT,0
3444,35176,Guipry-Messac,,,f,2007,avant_2010,PRESIDENTIELLE,1,2029,12.22,87.78,29.51,24.22,22.63,7.62,13.13,,,,,,,DRT,0
3445,35176,Guipry-Messac,,,f,2012,2010_2020,PRESIDENTIELLE,1,2184,13.64,86.36,25.73,26.97,11.27,14.51,19.42,,,,,,,GCH,1
3446,35176,Guipry-Messac,,,f,2017,2010_2020,PRESIDENTIELLE,1,5044,15.07,84.93,16.92,6.92,25.32,22.57,28.05,,,,,,,EXD,4
3447,35176,Guipry-Messac,,,f,2017,2010_2020,PRESIDENTIELLE,2,5044,20.36,79.64,0.00,0.00,65.98,0.00,34.02,,,,,,,CTR,2
3448,35176,Guipry-Messac,,,f,2022,post_2020,PRESIDENTIELLE,1,5498,20.75,79.25,4.02,7.70,33.00,23.42,31.85,22370.00,,0.204,2.400,,23.89,CTR,2
3449,35176,Guipry-Messac,,,f,2022,post_2020,PRESIDENTIELLE,2,5500,22.00,78.00,0.00,0.00,60.06,0.00,39.94,22370.00,,0.204,2.400,,23.89,CTR,2
3450,35177,Mézière,,,f,2002,avant_2010,PRESIDENTIELLE,2,2194,11.67,88.33,91.46,0.00,0.00,0.00,8.54,,,,,,,DRT,0
3451,35177,Mézière,,,f,2007,avant_2010,PRESIDENTIELLE,1,2609,7.17,92.83,26.65,30.86,24.44,7.76,7.34,,,,,,,GCH,1
3452,35177,Mézière,,,f,2012,2010_2020,PRESIDENTIELLE,1,3039,11.45,88.55,23.06,35.57,13.23,12.10,12.89,,,,,,,GCH,1
3453,35177,Mézière,,,f,2017,2010_2020,PRESIDENTIELLE,1,3584,12.30,87.70,16.22,9.40,37.39,20.69,16.05,,,,,,,CTR,2
3454,35177,Mézière,,,f,2017,2010_2020,PRESIDENTIELLE,2,3564,16.92,83.08,0.00,0.00,83.35,0.00,16.65,,,,,,,CTR,2
3455,35177,Mézière,,,f,2022,post_2020,PRESIDENTIELLE,1,3814,18.01,81.99,3.48,10.46,42.77,23.84,19.45,27620.00,,0.245,2.600,,21.07,CTR,2
3456,35177,Mézière,,,f,2022,post_2020,PRESIDENTIELLE,2,3809,18.01,81.99,0.00,0.00,76.67,0.00,23.33,27620.00,,0.245,2.600,,21.07,CTR,2
3457,35178,Mézières-sur-Couesnon,,,f,2002,avant_2010,PRESIDENTIELLE,2,727,13.89,86.11,83.51,0.00,0.00,0.00,16.49,,,,,,,DRT,0
3458,35178,Mézières-sur-Couesnon,,,f,2007,avant_2010,PRESIDENTIELLE,1,834,12.47,87.53,26.59,23.41,25.76,6.65,13.99,,,,,,,DRT,0
3459,35178,Mézières-sur-Couesnon,,,f,2012,2010_2020,PRESIDENTIELLE,1,1002,10.68,89.32,23.58,28.70,14.01,12.64,17.31,,,,,,,GCH,1
3460,35178,Mézières-sur-Couesnon,,,f,2017,2010_2020,PRESIDENTIELLE,1,1126,11.55,88.45,12.64,7.88,29.22,20.83,29.33,,,,,,,EXD,4
3461,35178,Mézières-sur-Couesnon,,,f,2017,2010_2020,PRESIDENTIELLE,2,1126,16.07,83.93,0.00,0.00,65.32,0.00,34.68,,,,,,,CTR,2
3462,35178,Mézières-sur-Couesnon,,,f,2022,post_2020,PRESIDENTIELLE,1,1222,20.38,79.62,2.85,6.64,33.40,24.45,32.67,24070.00,,,,,16.71,CTR,2
3463,35178,Mézières-sur-Couesnon,,,f,2022,post_2020,PRESIDENTIELLE,2,1221,20.80,79.20,0.00,0.00,58.94,0.00,41.06,24070.00,,,,,16.71,CTR,2
3464,35179,Miniac-Morvan,,,t,2002,avant_2010,PRESIDENTIELLE,2,2174,16.61,83.39,83.52,0.00,0.00,0.00,16.48,,,,,,,DRT,0
3465,35179,Miniac-Morvan,,,t,2007,avant_2010,PRESIDENTIELLE,1,2437,10.59,89.41,29.35,23.92,19.94,11.19,13.67,,,,,,,DRT,0
3466,35179,Miniac-Morvan,,,t,2012,2010_2020,PRESIDENTIELLE,1,2537,14.43,85.57,26.70,28.21,10.80,13.30,19.43,,,,,,,GCH,1
3467,35179,Miniac-Morvan,,,t,2017,2010_2020,PRESIDENTIELLE,1,2746,16.93,83.07,17.32,5.91,24.36,21.06,31.17,,,,,,,EXD,4
3468,35179,Miniac-Morvan,,,t,2017,2010_2020,PRESIDENTIELLE,2,2746,20.21,79.79,0.00,0.00,59.80,0.00,40.20,,,,,,,CTR,2
3469,35179,Miniac-Morvan,,,t,2022,post_2020,PRESIDENTIELLE,1,3124,22.89,77.11,3.50,5.85,30.30,20.56,39.79,22330.00,,0.195,2.300,,16.67,EXD,4
3470,35179,Miniac-Morvan,,,t,2022,post_2020,PRESIDENTIELLE,2,3127,22.51,77.49,0.00,0.00,50.68,0.00,49.32,22330.00,,0.195,2.300,,16.67,CTR,2
3471,35180,Miniac-sous-Bécherel,796,59.00,f,2002,avant_2010,PRESIDENTIELLE,2,458,14.85,85.15,87.84,0.00,0.00,0.00,12.16,,,,,,,DRT,0
3472,35180,Miniac-sous-Bécherel,796,59.00,f,2007,avant_2010,PRESIDENTIELLE,1,487,9.03,90.97,29.20,22.53,25.98,7.13,12.64,,,,,,,DRT,0
3473,35180,Miniac-sous-Bécherel,796,59.00,f,2012,2010_2020,PRESIDENTIELLE,1,514,12.65,87.35,23.58,30.16,13.38,9.52,20.41,,,,,,,GCH,1
3474,35180,Miniac-sous-Bécherel,796,59.00,f,2017,2010_2020,PRESIDENTIELLE,1,533,13.13,86.87,20.66,7.91,25.49,20.88,24.62,,,,,,,CTR,2
3475,35180,Miniac-sous-Bécherel,796,59.00,f,2017,2010_2020,PRESIDENTIELLE,2,533,17.26,82.74,0.00,0.00,69.25,0.00,30.75,,,,,,,CTR,2
3476,35180,Miniac-sous-Bécherel,796,59.00,f,2022,post_2020,PRESIDENTIELLE,1,561,18.89,81.11,4.50,6.76,35.59,24.10,29.05,22430.00,,,,,20.30,CTR,2
3477,35180,Miniac-sous-Bécherel,796,59.00,f,2022,post_2020,PRESIDENTIELLE,2,561,20.68,79.32,0.00,0.00,64.69,0.00,35.31,22430.00,,,,,20.30,CTR,2
3478,35181,Minihic-sur-Rance,,,f,2002,avant_2010,PRESIDENTIELLE,2,1033,18.01,81.99,84.41,0.00,0.00,0.00,15.59,,,,,,,DRT,0
3479,35181,Minihic-sur-Rance,,,f,2007,avant_2010,PRESIDENTIELLE,1,1224,14.38,85.62,32.21,24.95,23.31,5.32,10.35,,,,,,,DRT,0
3480,35181,Minihic-sur-Rance,,,f,2012,2010_2020,PRESIDENTIELLE,1,1185,13.50,86.50,33.27,28.04,9.97,12.14,12.44,,,,,,,DRT,0
3481,35181,Minihic-sur-Rance,,,f,2017,2010_2020,PRESIDENTIELLE,1,1139,11.50,88.50,27.22,8.37,32.86,16.03,15.12,,,,,,,CTR,2
3482,35181,Minihic-sur-Rance,,,f,2017,2010_2020,PRESIDENTIELLE,2,1138,14.06,85.94,0.00,0.00,80.41,0.00,19.59,,,,,,,CTR,2
3483,35181,Minihic-sur-Rance,,,f,2022,post_2020,PRESIDENTIELLE,1,1243,14.40,85.60,5.64,10.89,38.87,21.87,22.73,27510.00,,,,,33.36,CTR,2
3484,35181,Minihic-sur-Rance,,,f,2022,post_2020,PRESIDENTIELLE,2,1245,14.30,85.70,0.00,0.00,73.35,0.00,26.65,27510.00,,,,,33.36,CTR,2
3485,35183,Mondevert,,,f,2002,avant_2010,PRESIDENTIELLE,2,459,16.34,83.66,89.70,0.00,0.00,0.00,10.30,,,,,,,DRT,0
3486,35183,Mondevert,,,f,2007,avant_2010,PRESIDENTIELLE,1,539,9.65,90.35,35.94,16.49,22.83,10.15,10.78,,,,,,,DRT,0
3487,35183,Mondevert,,,f,2012,2010_2020,PRESIDENTIELLE,1,560,12.32,87.68,32.06,20.59,11.89,12.74,19.75,,,,,,,DRT,0
3488,35183,Mondevert,,,f,2017,2010_2020,PRESIDENTIELLE,1,589,15.79,84.21,14.35,4.37,28.48,21.41,31.19,,,,,,,EXD,4
3489,35183,Mondevert,,,f,2017,2010_2020,PRESIDENTIELLE,2,589,19.19,80.81,0.00,0.00,70.50,0.00,29.50,,,,,,,CTR,2
3490,35183,Mondevert,,,f,2022,post_2020,PRESIDENTIELLE,1,593,20.74,79.26,2.81,7.36,38.74,15.80,35.28,24000.00,,,,,21.09,CTR,2
3491,35183,Mondevert,,,f,2022,post_2020,PRESIDENTIELLE,2,594,18.18,81.82,0.00,0.00,58.41,0.00,41.59,24000.00,,,,,21.09,CTR,2
3492,35184,Montauban-de-Bretagne,,,f,2002,avant_2010,PRESIDENTIELLE,2,3270,17.16,82.84,90.22,0.00,0.00,0.00,9.78,,,,,,,DRT,0
3493,35184,Montauban-de-Bretagne,,,f,2007,avant_2010,PRESIDENTIELLE,1,3437,12.37,87.63,32.02,27.63,23.40,7.52,7.25,,,,,,,DRT,0
3494,35184,Montauban-de-Bretagne,,,f,2012,2010_2020,PRESIDENTIELLE,1,3690,16.78,83.22,28.82,32.15,12.72,10.31,13.52,,,,,,,GCH,1
3495,35184,Montauban-de-Bretagne,,,f,2017,2010_2020,PRESIDENTIELLE,1,3849,16.71,83.29,19.28,7.35,33.57,17.82,21.86,,,,,,,CTR,2
3496,35184,Montauban-de-Bretagne,,,f,2017,2010_2020,PRESIDENTIELLE,2,3849,21.02,78.98,0.00,0.00,74.69,0.00,25.31,,,,,,,CTR,2
3497,35184,Montauban-de-Bretagne,,,f,2022,post_2020,PRESIDENTIELLE,1,4648,21.77,78.23,4.42,7.51,39.68,20.24,28.15,23640.00,,0.210,2.500,,19.47,CTR,2
3498,35184,Montauban-de-Bretagne,,,f,2022,post_2020,PRESIDENTIELLE,2,4649,21.42,78.58,0.00,0.00,66.31,0.00,33.69,23640.00,,0.210,2.500,,19.47,CTR,2
3499,35185,Montautour,,,f,2002,avant_2010,PRESIDENTIELLE,2,183,15.85,84.15,91.89,0.00,0.00,0.00,8.11,,,,,,,DRT,0
3500,35185,Montautour,,,f,2007,avant_2010,PRESIDENTIELLE,1,195,6.15,93.85,39.01,12.09,24.18,5.49,17.58,,,,,,,DRT,0
3501,35185,Montautour,,,f,2012,2010_2020,PRESIDENTIELLE,1,199,13.07,86.93,37.58,12.73,15.76,13.94,18.79,,,,,,,DRT,0
3502,35185,Montautour,,,f,2017,2010_2020,PRESIDENTIELLE,1,188,17.02,82.98,26.14,3.27,20.26,22.88,27.45,,,,,,,EXD,4
3503,35185,Montautour,,,f,2017,2010_2020,PRESIDENTIELLE,2,188,23.40,76.60,0.00,0.00,66.67,0.00,33.33,,,,,,,CTR,2
3504,35185,Montautour,,,f,2022,post_2020,PRESIDENTIELLE,1,188,16.49,83.51,3.92,5.23,47.71,21.57,21.57,21230.00,,,,,29.85,CTR,2
3505,35185,Montautour,,,f,2022,post_2020,PRESIDENTIELLE,2,188,18.09,81.91,0.00,0.00,69.12,0.00,30.88,21230.00,,,,,29.85,CTR,2
3506,35186,Mont-Dol,,,f,2002,avant_2010,PRESIDENTIELLE,2,889,16.31,83.69,87.68,0.00,0.00,0.00,12.32,,,,,,,DRT,0
3507,35186,Mont-Dol,,,f,2007,avant_2010,PRESIDENTIELLE,1,942,11.78,88.22,29.57,27.98,21.35,6.01,11.66,,,,,,,DRT,0
3508,35186,Mont-Dol,,,f,2012,2010_2020,PRESIDENTIELLE,1,906,15.23,84.77,28.06,27.79,10.24,13.16,17.42,,,,,,,DRT,0
3509,35186,Mont-Dol,,,f,2017,2010_2020,PRESIDENTIELLE,1,879,17.06,82.94,21.05,4.27,26.32,18.78,29.59,,,,,,,EXD,4
3510,35186,Mont-Dol,,,f,2017,2010_2020,PRESIDENTIELLE,2,879,20.48,79.52,0.00,0.00,66.61,0.00,33.39,,,,,,,CTR,2
3511,35186,Mont-Dol,,,f,2022,post_2020,PRESIDENTIELLE,1,904,19.80,80.20,3.56,7.54,32.01,22.33,34.57,23120.00,,,,,25.09,EXD,4
3512,35186,Mont-Dol,,,f,2022,post_2020,PRESIDENTIELLE,2,904,21.46,78.54,0.00,0.00,56.12,0.00,43.88,23120.00,,,,,25.09,CTR,2
3513,35187,Monterfil,,,f,2002,avant_2010,PRESIDENTIELLE,2,771,13.88,86.12,88.09,0.00,0.00,0.00,11.91,,,,,,,DRT,0
3514,35187,Monterfil,,,f,2007,avant_2010,PRESIDENTIELLE,1,858,8.74,91.26,26.77,27.28,22.91,9.52,9.91,,,,,,,GCH,1
3515,35187,Monterfil,,,f,2012,2010_2020,PRESIDENTIELLE,1,926,11.66,88.34,18.36,33.50,13.77,14.52,16.00,,,,,,,GCH,1
3516,35187,Monterfil,,,f,2017,2010_2020,PRESIDENTIELLE,1,944,12.18,87.82,12.38,12.87,27.85,27.72,19.18,,,,,,,CTR,2
3517,35187,Monterfil,,,f,2017,2010_2020,PRESIDENTIELLE,2,944,17.37,82.63,0.00,0.00,78.09,0.00,21.91,,,,,,,CTR,2
3518,35187,Monterfil,,,f,2022,post_2020,PRESIDENTIELLE,1,978,14.42,85.58,3.33,9.63,35.19,29.88,21.98,23580.00,,,,,36.98,CTR,2
3519,35187,Monterfil,,,f,2022,post_2020,PRESIDENTIELLE,2,977,16.17,83.83,0.00,0.00,71.93,0.00,28.07,23580.00,,,,,36.98,CTR,2
3520,35188,Montfort-sur-Meu,,,f,2002,avant_2010,PRESIDENTIELLE,2,3989,18.17,81.83,92.64,0.00,0.00,0.00,7.36,,,,,,,DRT,0
3521,35188,Montfort-sur-Meu,,,f,2007,avant_2010,PRESIDENTIELLE,1,4244,10.01,89.99,27.30,29.42,25.66,7.55,6.36,,,,,,,GCH,1
3522,35188,Montfort-sur-Meu,,,f,2012,2010_2020,PRESIDENTIELLE,1,4606,14.37,85.63,23.77,34.34,13.06,13.16,12.57,,,,,,,GCH,1
3523,35188,Montfort-sur-Meu,,,f,2017,2010_2020,PRESIDENTIELLE,1,4949,14.97,85.03,17.47,10.18,32.73,22.70,16.77,,,,,,,CTR,2
3524,35188,Montfort-sur-Meu,,,f,2017,2010_2020,PRESIDENTIELLE,2,4948,20.70,79.30,0.00,0.00,81.11,0.00,18.89,,,,,,,CTR,2
3525,35188,Montfort-sur-Meu,,,f,2022,post_2020,PRESIDENTIELLE,1,5186,21.65,78.35,3.87,11.52,38.06,25.53,21.01,24640.00,,0.216,2.600,,28.82,CTR,2
3526,35188,Montfort-sur-Meu,,,f,2022,post_2020,PRESIDENTIELLE,2,5185,21.31,78.69,0.00,0.00,73.98,0.00,26.02,24640.00,,0.216,2.600,,28.82,CTR,2
3527,35189,Montgermont,3692,791.00,f,2002,avant_2010,PRESIDENTIELLE,2,2040,11.76,88.24,93.30,0.00,0.00,0.00,6.70,,,,,,,DRT,0
3528,35189,Montgermont,3692,791.00,f,2007,avant_2010,PRESIDENTIELLE,1,2292,6.59,93.41,26.46,32.91,27.31,5.04,5.08,,,,,,,GCH,1
3529,35189,Montgermont,3692,791.00,f,2012,2010_2020,PRESIDENTIELLE,1,2282,10.82,89.18,23.90,37.35,15.55,10.60,8.60,,,,,,,GCH,1
3530,35189,Montgermont,3692,791.00,f,2017,2010_2020,PRESIDENTIELLE,1,2420,10.37,89.63,18.72,9.05,40.03,18.43,13.67,,,,,,,CTR,2
3531,35189,Montgermont,3692,791.00,f,2017,2010_2020,PRESIDENTIELLE,2,2419,15.54,84.46,0.00,0.00,86.22,0.00,13.78,,,,,,,CTR,2
3532,35189,Montgermont,3692,791.00,f,2022,post_2020,PRESIDENTIELLE,1,2637,18.81,81.19,4.31,14.03,41.81,22.03,17.82,25860.00,,0.270,3.300,,21.45,CTR,2
3533,35189,Montgermont,3692,791.00,f,2022,post_2020,PRESIDENTIELLE,2,2637,17.41,82.59,0.00,0.00,80.12,0.00,19.88,25860.00,,0.270,3.300,,21.45,CTR,2
3534,35190,Monthault,,,f,2002,avant_2010,PRESIDENTIELLE,2,204,19.12,80.88,77.16,0.00,0.00,0.00,22.84,,,,,,,DRT,0
3535,35190,Monthault,,,f,2007,avant_2010,PRESIDENTIELLE,1,202,14.85,85.15,39.29,10.12,22.02,5.95,20.24,,,,,,,DRT,0
3536,35190,Monthault,,,f,2012,2010_2020,PRESIDENTIELLE,1,185,14.05,85.95,26.62,14.29,18.18,12.34,25.97,,,,,,,DRT,0
3537,35190,Monthault,,,f,2017,2010_2020,PRESIDENTIELLE,1,178,23.03,76.97,19.85,8.40,12.21,16.03,42.75,,,,,,,EXD,4
3538,35190,Monthault,,,f,2017,2010_2020,PRESIDENTIELLE,2,178,18.54,81.46,0.00,0.00,50.40,0.00,49.60,,,,,,,CTR,2
3539,35190,Monthault,,,f,2022,post_2020,PRESIDENTIELLE,1,170,21.18,78.82,4.80,5.60,42.40,14.40,32.80,20240.00,,,,,52.00,CTR,2
3540,35190,Monthault,,,f,2022,post_2020,PRESIDENTIELLE,2,170,26.47,73.53,0.00,0.00,57.98,0.00,42.02,20240.00,,,,,52.00,CTR,2
3541,35191,Portes du Coglais,,,f,2002,avant_2010,PRESIDENTIELLE,2,605,10.74,89.26,87.45,0.00,0.00,0.00,12.55,,,,,,,DRT,0
3542,35191,Portes du Coglais,,,f,2007,avant_2010,PRESIDENTIELLE,1,678,9.14,90.86,27.38,20.49,30.82,7.70,11.97,,,,,,,CTR,2
3543,35191,Portes du Coglais,,,f,2012,2010_2020,PRESIDENTIELLE,1,719,11.82,88.18,23.23,29.84,17.26,11.94,15.48,,,,,,,GCH,1
3544,35191,Portes du Coglais,,,f,2017,2010_2020,PRESIDENTIELLE,1,1638,12.39,87.61,20.76,5.32,25.79,18.61,29.45,,,,,,,EXD,4
3545,35191,Portes du Coglais,,,f,2017,2010_2020,PRESIDENTIELLE,2,1638,16.54,83.46,0.00,0.00,65.62,0.00,34.38,,,,,,,CTR,2
3546,35191,Portes du Coglais,,,f,2022,post_2020,PRESIDENTIELLE,1,1687,17.90,82.10,4.32,5.14,36.81,18.18,35.54,21520.00,,0.199,2.400,,12.08,CTR,2
3547,35191,Portes du Coglais,,,f,2022,post_2020,PRESIDENTIELLE,2,1685,18.04,81.96,0.00,0.00,56.08,0.00,43.92,21520.00,,0.199,2.400,,12.08,CTR,2
3548,35192,Montreuil-des-Landes,,,f,2002,avant_2010,PRESIDENTIELLE,2,154,18.83,81.17,81.67,0.00,0.00,0.00,18.33,,,,,,,DRT,0
3549,35192,Montreuil-des-Landes,,,f,2007,avant_2010,PRESIDENTIELLE,1,165,12.73,87.27,41.01,14.39,17.27,6.47,16.55,,,,,,,DRT,0
3550,35192,Montreuil-des-Landes,,,f,2012,2010_2020,PRESIDENTIELLE,1,164,14.02,85.98,31.65,25.90,7.91,10.79,23.02,,,,,,,DRT,0
3551,35192,Montreuil-des-Landes,,,f,2017,2010_2020,PRESIDENTIELLE,1,178,12.36,87.64,24.00,4.00,16.00,22.00,33.33,,,,,,,EXD,4
3552,35192,Montreuil-des-Landes,,,f,2017,2010_2020,PRESIDENTIELLE,2,178,11.24,88.76,0.00,0.00,58.40,0.00,41.60,,,,,,,CTR,2
3553,35192,Montreuil-des-Landes,,,f,2022,post_2020,PRESIDENTIELLE,1,162,24.07,75.93,10.74,4.13,42.15,13.22,29.75,22390.00,,,,,38.30,CTR,2
3554,35192,Montreuil-des-Landes,,,f,2022,post_2020,PRESIDENTIELLE,2,163,18.40,81.60,0.00,0.00,61.02,0.00,38.98,22390.00,,,,,38.30,CTR,2
3555,35193,Montreuil-le-Gast,,,t,2002,avant_2010,PRESIDENTIELLE,2,1181,17.36,82.64,89.01,0.00,0.00,0.00,10.99,,,,,,,DRT,0
3556,35193,Montreuil-le-Gast,,,t,2007,avant_2010,PRESIDENTIELLE,1,1345,9.37,90.63,22.90,29.89,26.64,9.58,7.91,,,,,,,GCH,1
3557,35193,Montreuil-le-Gast,,,t,2012,2010_2020,PRESIDENTIELLE,1,1379,11.82,88.18,20.42,34.81,13.22,13.22,14.98,,,,,,,GCH,1
3558,35193,Montreuil-le-Gast,,,t,2017,2010_2020,PRESIDENTIELLE,1,1415,13.07,86.93,13.57,8.83,33.06,22.56,21.82,,,,,,,CTR,2
3559,35193,Montreuil-le-Gast,,,t,2017,2010_2020,PRESIDENTIELLE,2,1415,19.08,80.92,0.00,0.00,77.70,0.00,22.30,,,,,,,CTR,2
3560,35193,Montreuil-le-Gast,,,t,2022,post_2020,PRESIDENTIELLE,1,1523,16.61,83.39,2.89,11.16,37.72,26.08,22.15,26530.00,,0.197,2.400,,24.41,CTR,2
3561,35193,Montreuil-le-Gast,,,t,2022,post_2020,PRESIDENTIELLE,2,1523,16.87,83.13,0.00,0.00,71.21,0.00,28.79,26530.00,,0.197,2.400,,24.41,CTR,2
3562,35194,Montreuil-sous-Pérouse,,,t,2002,avant_2010,PRESIDENTIELLE,2,807,12.02,87.98,92.64,0.00,0.00,0.00,7.36,,,,,,,DRT,0
3563,35194,Montreuil-sous-Pérouse,,,t,2007,avant_2010,PRESIDENTIELLE,1,833,8.16,91.84,34.88,17.24,32.36,6.23,5.57,,,,,,,DRT,0
3564,35194,Montreuil-sous-Pérouse,,,t,2012,2010_2020,PRESIDENTIELLE,1,885,12.99,87.01,29.05,27.45,20.95,9.95,11.14,,,,,,,DRT,0
3565,35194,Montreuil-sous-Pérouse,,,t,2017,2010_2020,PRESIDENTIELLE,1,871,14.58,85.42,21.54,6.50,30.35,21.27,20.05,,,,,,,CTR,2
3566,35194,Montreuil-sous-Pérouse,,,t,2017,2010_2020,PRESIDENTIELLE,2,871,19.86,80.14,0.00,0.00,77.80,0.00,22.20,,,,,,,CTR,2
3567,35194,Montreuil-sous-Pérouse,,,t,2022,post_2020,PRESIDENTIELLE,1,922,18.44,81.56,6.14,8.59,39.70,22.24,23.33,25420.00,,,,,36.50,CTR,2
3568,35194,Montreuil-sous-Pérouse,,,t,2022,post_2020,PRESIDENTIELLE,2,924,19.48,80.52,0.00,0.00,72.15,0.00,27.85,25420.00,,,,,36.50,CTR,2
3569,35195,Montreuil-sur-Ille,,,f,2002,avant_2010,PRESIDENTIELLE,2,1231,20.55,79.45,85.17,0.00,0.00,0.00,14.83,,,,,,,DRT,0
3570,35195,Montreuil-sur-Ille,,,f,2007,avant_2010,PRESIDENTIELLE,1,1372,13.34,86.66,21.45,32.26,22.55,11.91,8.68,,,,,,,GCH,1
3571,35195,Montreuil-sur-Ille,,,f,2012,2010_2020,PRESIDENTIELLE,1,1466,15.14,84.86,17.02,36.25,10.56,16.61,16.45,,,,,,,GCH,1
3572,35195,Montreuil-sur-Ille,,,f,2017,2010_2020,PRESIDENTIELLE,1,1579,15.52,84.48,11.99,9.98,24.83,29.70,23.36,,,,,,,EXG,3
3573,35195,Montreuil-sur-Ille,,,f,2017,2010_2020,PRESIDENTIELLE,2,1579,19.89,80.11,0.00,0.00,71.80,0.00,28.20,,,,,,,CTR,2
3574,35195,Montreuil-sur-Ille,,,f,2022,post_2020,PRESIDENTIELLE,1,1655,17.82,82.18,3.53,10.08,29.10,32.93,24.36,23020.00,,0.184,2.300,,23.15,EXG,3
3575,35195,Montreuil-sur-Ille,,,f,2022,post_2020,PRESIDENTIELLE,2,1656,17.81,82.19,0.00,0.00,67.82,0.00,32.18,23020.00,,0.184,2.300,,23.15,CTR,2
3576,35196,Mordelles,7658,257.00,f,2002,avant_2010,PRESIDENTIELLE,2,4476,15.46,84.54,90.61,0.00,0.00,0.00,9.39,,,,,,,DRT,0
3577,35196,Mordelles,7658,257.00,f,2007,avant_2010,PRESIDENTIELLE,1,5254,9.54,90.46,29.12,27.77,25.51,6.52,7.78,,,,,,,DRT,0
3578,35196,Mordelles,7658,257.00,f,2012,2010_2020,PRESIDENTIELLE,1,5625,13.67,86.33,26.02,33.96,11.99,11.32,13.50,,,,,,,GCH,1
3579,35196,Mordelles,7658,257.00,f,2017,2010_2020,PRESIDENTIELLE,1,5756,15.22,84.78,19.48,8.81,32.39,20.57,18.60,,,,,,,CTR,2
3580,35196,Mordelles,7658,257.00,f,2017,2010_2020,PRESIDENTIELLE,2,5756,19.86,80.14,0.00,0.00,79.11,0.00,20.89,,,,,,,CTR,2
3581,35196,Mordelles,7658,257.00,f,2022,post_2020,PRESIDENTIELLE,1,6039,20.73,79.27,4.48,9.73,39.82,23.93,22.04,23950.00,,0.226,2.600,,18.26,CTR,2
3582,35196,Mordelles,7658,257.00,f,2022,post_2020,PRESIDENTIELLE,2,6041,21.44,78.56,0.00,0.00,72.85,0.00,27.15,23950.00,,0.226,2.600,,18.26,CTR,2
3583,35197,Mouazé,,,t,2002,avant_2010,PRESIDENTIELLE,2,768,12.76,87.24,89.03,0.00,0.00,0.00,10.97,,,,,,,DRT,0
3584,35197,Mouazé,,,t,2007,avant_2010,PRESIDENTIELLE,1,776,10.18,89.82,20.70,28.57,27.55,9.33,9.62,,,,,,,GCH,1
3585,35197,Mouazé,,,t,2012,2010_2020,PRESIDENTIELLE,1,839,10.13,89.87,16.82,35.80,11.04,15.61,17.90,,,,,,,GCH,1
3586,35197,Mouazé,,,t,2017,2010_2020,PRESIDENTIELLE,1,1021,8.23,91.77,10.75,10.75,33.88,24.23,20.07,,,,,,,CTR,2
3587,35197,Mouazé,,,t,2017,2010_2020,PRESIDENTIELLE,2,1021,16.94,83.06,0.00,0.00,77.46,0.00,22.54,,,,,,,CTR,2
3588,35197,Mouazé,,,t,2022,post_2020,PRESIDENTIELLE,1,1117,12.26,87.74,3.53,10.60,34.62,26.92,24.32,25970.00,,,,,19.68,CTR,2
3589,35197,Mouazé,,,t,2022,post_2020,PRESIDENTIELLE,2,1118,13.60,86.40,0.00,0.00,69.94,0.00,30.06,25970.00,,,,,19.68,CTR,2
3590,35198,Moulins,,,f,2002,avant_2010,PRESIDENTIELLE,2,427,13.11,86.89,87.47,0.00,0.00,0.00,12.53,,,,,,,DRT,0
3591,35198,Moulins,,,f,2007,avant_2010,PRESIDENTIELLE,1,461,10.85,89.15,36.92,24.94,20.78,7.82,8.31,,,,,,,DRT,0
3592,35198,Moulins,,,f,2012,2010_2020,PRESIDENTIELLE,1,512,11.72,88.28,33.18,28.89,10.84,8.58,14.67,,,,,,,DRT,0
3593,35198,Moulins,,,f,2017,2010_2020,PRESIDENTIELLE,1,534,13.67,86.33,20.66,7.47,27.91,22.20,21.76,,,,,,,CTR,2
3594,35198,Moulins,,,f,2017,2010_2020,PRESIDENTIELLE,2,534,19.29,80.71,0.00,0.00,74.74,0.00,25.26,,,,,,,CTR,2
3595,35198,Moulins,,,f,2022,post_2020,PRESIDENTIELLE,1,514,19.26,80.74,4.42,8.85,39.56,26.29,20.88,23230.00,,,,,12.57,CTR,2
3596,35198,Moulins,,,f,2022,post_2020,PRESIDENTIELLE,2,514,18.87,81.13,0.00,0.00,70.67,0.00,29.33,23230.00,,,,,12.57,CTR,2
3597,35199,Moussé,,,f,2002,avant_2010,PRESIDENTIELLE,2,165,10.30,89.70,92.31,0.00,0.00,0.00,7.69,,,,,,,DRT,0
3598,35199,Moussé,,,f,2007,avant_2010,PRESIDENTIELLE,1,192,4.69,95.31,42.46,8.94,25.14,7.82,12.85,,,,,,,DRT,0
3599,35199,Moussé,,,f,2012,2010_2020,PRESIDENTIELLE,1,187,8.56,91.44,39.05,15.98,14.20,6.51,23.08,,,,,,,DRT,0
3600,35199,Moussé,,,f,2017,2010_2020,PRESIDENTIELLE,1,216,11.11,88.89,22.16,3.78,26.49,9.73,37.30,,,,,,,EXD,4
3601,35199,Moussé,,,f,2017,2010_2020,PRESIDENTIELLE,2,216,11.57,88.43,0.00,0.00,63.31,0.00,36.69,,,,,,,CTR,2
3602,35199,Moussé,,,f,2022,post_2020,PRESIDENTIELLE,1,250,18.80,81.20,3.59,3.59,37.95,13.85,41.03,22750.00,,,,,12.90,EXD,4
3603,35199,Moussé,,,f,2022,post_2020,PRESIDENTIELLE,2,250,16.80,83.20,0.00,0.00,55.05,0.00,44.95,22750.00,,,,,12.90,CTR,2
3604,35200,Moutiers,,,t,2002,avant_2010,PRESIDENTIELLE,2,575,17.22,82.78,93.22,0.00,0.00,0.00,6.78,,,,,,,DRT,0
3605,35200,Moutiers,,,t,2007,avant_2010,PRESIDENTIELLE,1,594,14.14,85.86,40.68,17.03,21.84,7.41,10.42,,,,,,,DRT,0
3606,35200,Moutiers,,,t,2012,2010_2020,PRESIDENTIELLE,1,616,13.15,86.85,38.80,16.02,15.64,9.46,19.50,,,,,,,DRT,0
3607,35200,Moutiers,,,t,2017,2010_2020,PRESIDENTIELLE,1,598,12.21,87.79,32.87,3.35,18.90,16.93,27.95,,,,,,,DRT,0
3608,35200,Moutiers,,,t,2017,2010_2020,PRESIDENTIELLE,2,598,16.22,83.78,0.00,0.00,71.16,0.00,28.84,,,,,,,CTR,2
3609,35200,Moutiers,,,t,2022,post_2020,PRESIDENTIELLE,1,621,17.71,82.29,7.24,3.62,45.88,13.48,29.78,22110.00,,,,,19.89,CTR,2
3610,35200,Moutiers,,,t,2022,post_2020,PRESIDENTIELLE,2,622,17.68,82.32,0.00,0.00,65.61,0.00,34.39,22110.00,,,,,19.89,CTR,2
3611,35201,Muel,,,f,2002,avant_2010,PRESIDENTIELLE,2,519,19.27,80.73,84.24,0.00,0.00,0.00,15.76,,,,,,,DRT,0
3612,35201,Muel,,,f,2007,avant_2010,PRESIDENTIELLE,1,579,13.64,86.36,31.29,20.04,22.09,7.57,14.52,,,,,,,DRT,0
3613,35201,Muel,,,f,2012,2010_2020,PRESIDENTIELLE,1,573,15.18,84.82,25.31,24.69,12.55,14.23,19.25,,,,,,,DRT,0
3614,35201,Muel,,,f,2017,2010_2020,PRESIDENTIELLE,1,627,13.88,86.12,15.05,6.86,22.67,21.14,34.29,,,,,,,EXD,4
3615,35201,Muel,,,f,2017,2010_2020,PRESIDENTIELLE,2,627,20.57,79.43,0.00,0.00,59.50,0.00,40.50,,,,,,,CTR,2
3616,35201,Muel,,,f,2022,post_2020,PRESIDENTIELLE,1,692,20.95,79.05,2.81,7.50,28.71,21.39,39.59,20950.00,,,,,16.45,EXD,4
3617,35201,Muel,,,f,2022,post_2020,PRESIDENTIELLE,2,692,23.41,76.59,0.00,0.00,52.73,0.00,47.27,20950.00,,,,,16.45,CTR,2
3618,35202,Noë-Blanche,,,f,2002,avant_2010,PRESIDENTIELLE,2,694,18.59,81.41,81.65,0.00,0.00,0.00,18.35,,,,,,,DRT,0
3619,35202,Noë-Blanche,,,f,2007,avant_2010,PRESIDENTIELLE,1,720,12.08,87.92,32.90,14.35,24.35,7.74,19.19,,,,,,,DRT,0
3620,35202,Noë-Blanche,,,f,2012,2010_2020,PRESIDENTIELLE,1,728,15.80,84.20,27.00,21.33,8.33,8.33,33.33,,,,,,,EXD,4
3621,35202,Noë-Blanche,,,f,2017,2010_2020,PRESIDENTIELLE,1,733,17.46,82.54,14.84,4.55,20.74,17.20,42.50,,,,,,,EXD,4
3622,35202,Noë-Blanche,,,f,2017,2010_2020,PRESIDENTIELLE,2,733,19.78,80.22,0.00,0.00,53.56,0.00,46.44,,,,,,,CTR,2
3623,35202,Noë-Blanche,,,f,2022,post_2020,PRESIDENTIELLE,1,761,22.73,77.27,2.79,5.93,31.24,17.98,42.06,22130.00,,,,,24.83,EXD,4
3624,35202,Noë-Blanche,,,f,2022,post_2020,PRESIDENTIELLE,2,761,21.55,78.45,0.00,0.00,50.27,0.00,49.73,22130.00,,,,,24.83,CTR,2
3625,35203,Nouaye,,,f,2002,avant_2010,PRESIDENTIELLE,2,180,9.44,90.56,88.05,0.00,0.00,0.00,11.95,,,,,,,DRT,0
3626,35203,Nouaye,,,f,2007,avant_2010,PRESIDENTIELLE,1,171,4.68,95.32,25.79,32.70,24.53,7.55,3.14,,,,,,,GCH,1
3627,35203,Nouaye,,,f,2012,2010_2020,PRESIDENTIELLE,1,231,11.69,88.31,23.38,32.34,9.95,15.42,12.44,,,,,,,GCH,1
3628,35203,Nouaye,,,f,2017,2010_2020,PRESIDENTIELLE,1,252,10.71,89.29,13.70,10.96,32.88,24.20,18.26,,,,,,,CTR,2
3629,35203,Nouaye,,,f,2017,2010_2020,PRESIDENTIELLE,2,252,11.90,88.10,0.00,0.00,77.78,0.00,22.22,,,,,,,CTR,2
3630,35203,Nouaye,,,f,2022,post_2020,PRESIDENTIELLE,1,248,8.87,91.13,3.18,11.36,40.91,21.36,23.18,25970.00,,,,,25.21,CTR,2
3631,35203,Nouaye,,,f,2022,post_2020,PRESIDENTIELLE,2,249,11.24,88.76,0.00,0.00,70.83,0.00,29.17,25970.00,,,,,25.21,CTR,2
3632,35204,Nouvoitou,3554,188.00,f,2002,avant_2010,PRESIDENTIELLE,2,1883,13.38,86.62,91.44,0.00,0.00,0.00,8.56,,,,,,,DRT,0
3633,35204,Nouvoitou,3554,188.00,f,2007,avant_2010,PRESIDENTIELLE,1,2158,9.68,90.32,26.61,28.17,28.38,5.56,8.21,,,,,,,CTR,2
3634,35204,Nouvoitou,3554,188.00,f,2012,2010_2020,PRESIDENTIELLE,1,2189,14.25,85.75,23.73,32.77,12.62,12.89,14.08,,,,,,,GCH,1
3635,35204,Nouvoitou,3554,188.00,f,2017,2010_2020,PRESIDENTIELLE,1,2395,14.78,85.22,13.84,10.24,32.13,24.54,19.09,,,,,,,CTR,2
3636,35204,Nouvoitou,3554,188.00,f,2017,2010_2020,PRESIDENTIELLE,2,2395,19.79,80.21,0.00,0.00,79.71,0.00,20.29,,,,,,,CTR,2
3694,35214,Parcé,,,f,2022,post_2020,PRESIDENTIELLE,2,459,21.79,78.21,0.00,0.00,55.86,0.00,44.14,22260.00,,,,,33.74,CTR,2
3637,35204,Nouvoitou,3554,188.00,f,2022,post_2020,PRESIDENTIELLE,1,2764,19.65,80.35,3.71,10.71,37.00,29.49,19.09,25160.00,,0.217,2.400,,27.60,CTR,2
3638,35204,Nouvoitou,3554,188.00,f,2022,post_2020,PRESIDENTIELLE,2,2764,20.73,79.27,0.00,0.00,73.95,0.00,26.05,25160.00,,0.217,2.400,,27.60,CTR,2
3639,35205,Noyal-sous-Bazouges,,,f,2002,avant_2010,PRESIDENTIELLE,2,267,12.36,87.64,88.74,0.00,0.00,0.00,11.26,,,,,,,DRT,0
3640,35205,Noyal-sous-Bazouges,,,f,2007,avant_2010,PRESIDENTIELLE,1,290,11.03,88.97,41.57,24.31,14.51,5.88,12.94,,,,,,,DRT,0
3641,35205,Noyal-sous-Bazouges,,,f,2012,2010_2020,PRESIDENTIELLE,1,297,11.11,88.89,33.59,23.44,10.16,11.33,18.75,,,,,,,DRT,0
3642,35205,Noyal-sous-Bazouges,,,f,2017,2010_2020,PRESIDENTIELLE,1,286,15.03,84.97,18.67,9.13,20.75,14.11,37.34,,,,,,,EXD,4
3643,35205,Noyal-sous-Bazouges,,,f,2017,2010_2020,PRESIDENTIELLE,2,286,17.48,82.52,0.00,0.00,52.38,0.00,47.62,,,,,,,CTR,2
3644,35205,Noyal-sous-Bazouges,,,f,2022,post_2020,PRESIDENTIELLE,1,312,17.63,82.37,3.54,4.72,31.10,19.69,40.94,22080.00,,,,,23.56,EXD,4
3645,35205,Noyal-sous-Bazouges,,,f,2022,post_2020,PRESIDENTIELLE,2,313,16.61,83.39,0.00,0.00,47.16,0.00,52.84,22080.00,,,,,23.56,EXD,4
3646,35206,Noyal-Châtillon-sur-Seiche,7631,288.00,t,2002,avant_2010,PRESIDENTIELLE,2,4041,13.19,86.81,90.91,0.00,0.00,0.00,9.09,,,,,,,DRT,0
3647,35206,Noyal-Châtillon-sur-Seiche,7631,288.00,t,2007,avant_2010,PRESIDENTIELLE,1,4289,9.84,90.16,25.31,33.00,25.67,6.32,6.81,,,,,,,GCH,1
3648,35206,Noyal-Châtillon-sur-Seiche,7631,288.00,t,2012,2010_2020,PRESIDENTIELLE,1,4741,12.97,87.03,22.35,36.62,12.11,12.52,12.84,,,,,,,GCH,1
3649,35206,Noyal-Châtillon-sur-Seiche,7631,288.00,t,2017,2010_2020,PRESIDENTIELLE,1,4931,13.59,86.41,16.51,10.31,33.92,22.68,16.34,,,,,,,CTR,2
3650,35206,Noyal-Châtillon-sur-Seiche,7631,288.00,t,2017,2010_2020,PRESIDENTIELLE,2,4931,18.33,81.67,0.00,0.00,82.18,0.00,17.82,,,,,,,CTR,2
3651,35206,Noyal-Châtillon-sur-Seiche,7631,288.00,t,2022,post_2020,PRESIDENTIELLE,1,5026,16.59,83.41,3.96,10.85,37.14,26.41,21.64,24960.00,,0.234,2.800,,18.76,CTR,2
3652,35206,Noyal-Châtillon-sur-Seiche,7631,288.00,t,2022,post_2020,PRESIDENTIELLE,2,5026,17.71,82.29,0.00,0.00,74.91,0.00,25.09,24960.00,,0.234,2.800,,18.76,CTR,2
3653,35207,Noyal-sur-Vilaine,,,f,2002,avant_2010,PRESIDENTIELLE,2,3544,13.94,86.06,91.92,0.00,0.00,0.00,8.08,,,,,,,DRT,0
3654,35207,Noyal-sur-Vilaine,,,f,2007,avant_2010,PRESIDENTIELLE,1,3720,8.82,91.18,28.81,28.72,25.76,6.81,6.39,,,,,,,DRT,0
3655,35207,Noyal-sur-Vilaine,,,f,2012,2010_2020,PRESIDENTIELLE,1,3964,10.44,89.56,26.12,34.19,13.51,10.16,12.27,,,,,,,GCH,1
3656,35207,Noyal-sur-Vilaine,,,f,2017,2010_2020,PRESIDENTIELLE,1,4489,11.52,88.48,18.57,9.56,35.78,19.99,15.94,,,,,,,CTR,2
3657,35207,Noyal-sur-Vilaine,,,f,2017,2010_2020,PRESIDENTIELLE,2,4488,16.71,83.29,0.00,0.00,83.84,0.00,16.16,,,,,,,CTR,2
3658,35207,Noyal-sur-Vilaine,,,f,2022,post_2020,PRESIDENTIELLE,1,4619,17.99,82.01,3.79,10.76,41.30,24.02,20.12,26350.00,,0.235,2.400,,23.04,CTR,2
3659,35207,Noyal-sur-Vilaine,,,f,2022,post_2020,PRESIDENTIELLE,2,4622,18.63,81.37,0.00,0.00,77.26,0.00,22.74,26350.00,,0.235,2.400,,23.04,CTR,2
3660,35208,Orgères,5471,335.00,f,2002,avant_2010,PRESIDENTIELLE,2,2274,11.65,88.35,90.78,0.00,0.00,0.00,9.22,,,,,,,DRT,0
3661,35208,Orgères,5471,335.00,f,2007,avant_2010,PRESIDENTIELLE,1,2527,9.26,90.74,26.64,28.81,25.22,8.07,8.11,,,,,,,GCH,1
3662,35208,Orgères,5471,335.00,f,2012,2010_2020,PRESIDENTIELLE,1,2729,10.22,89.78,24.04,34.39,11.77,10.18,15.32,,,,,,,GCH,1
3663,35208,Orgères,5471,335.00,f,2017,2010_2020,PRESIDENTIELLE,1,3157,11.50,88.50,14.91,8.32,35.63,21.90,18.92,,,,,,,CTR,2
3664,35208,Orgères,5471,335.00,f,2017,2010_2020,PRESIDENTIELLE,2,3157,17.29,82.71,0.00,0.00,80.70,0.00,19.30,,,,,,,CTR,2
3665,35208,Orgères,5471,335.00,f,2022,post_2020,PRESIDENTIELLE,1,3756,17.20,82.80,4.62,9.97,37.58,26.92,20.90,24350.00,,0.219,2.700,,19.46,CTR,2
3666,35208,Orgères,5471,335.00,f,2022,post_2020,PRESIDENTIELLE,2,3756,19.25,80.75,0.00,0.00,73.74,0.00,26.26,24350.00,,0.219,2.700,,19.46,CTR,2
3667,35210,Pacé,11918,341.00,f,2002,avant_2010,PRESIDENTIELLE,2,5752,12.81,87.19,93.72,0.00,0.00,0.00,6.28,,,,,,,DRT,0
3668,35210,Pacé,11918,341.00,f,2007,avant_2010,PRESIDENTIELLE,1,6258,7.78,92.22,31.57,27.35,27.73,5.35,5.11,,,,,,,DRT,0
3669,35210,Pacé,11918,341.00,f,2012,2010_2020,PRESIDENTIELLE,1,7355,10.14,89.86,30.67,31.92,14.94,10.06,8.49,,,,,,,GCH,1
3670,35210,Pacé,11918,341.00,f,2017,2010_2020,PRESIDENTIELLE,1,8314,10.81,89.19,22.21,7.82,41.14,17.20,11.49,,,,,,,CTR,2
3671,35210,Pacé,11918,341.00,f,2017,2010_2020,PRESIDENTIELLE,2,8316,15.72,84.28,0.00,0.00,88.21,0.00,11.79,,,,,,,CTR,2
3672,35210,Pacé,11918,341.00,f,2022,post_2020,PRESIDENTIELLE,1,8650,17.50,82.50,5.08,11.17,46.09,21.26,16.40,28450.00,,0.289,3.400,,18.20,CTR,2
3673,35210,Pacé,11918,341.00,f,2022,post_2020,PRESIDENTIELLE,2,8650,17.65,82.35,0.00,0.00,82.44,0.00,17.56,28450.00,,0.289,3.400,,18.20,CTR,2
3674,35211,Paimpont,,,f,2002,avant_2010,PRESIDENTIELLE,2,1198,15.94,84.06,85.84,0.00,0.00,0.00,14.16,,,,,,,DRT,0
3675,35211,Paimpont,,,f,2007,avant_2010,PRESIDENTIELLE,1,1270,11.97,88.03,26.24,31.58,18.64,8.78,11.13,,,,,,,GCH,1
3676,35211,Paimpont,,,f,2012,2010_2020,PRESIDENTIELLE,1,1231,12.84,87.16,23.11,31.06,9.09,14.39,16.76,,,,,,,GCH,1
3677,35211,Paimpont,,,f,2017,2010_2020,PRESIDENTIELLE,1,1331,14.88,85.12,16.86,9.33,20.90,28.52,24.22,,,,,,,EXG,3
3678,35211,Paimpont,,,f,2017,2010_2020,PRESIDENTIELLE,2,1332,22.82,77.18,0.00,0.00,67.96,0.00,32.04,,,,,,,CTR,2
3679,35211,Paimpont,,,f,2022,post_2020,PRESIDENTIELLE,1,1428,19.26,80.74,3.61,8.63,27.05,32.78,27.93,23440.00,,,,,64.12,EXG,3
3680,35211,Paimpont,,,f,2022,post_2020,PRESIDENTIELLE,2,1428,22.13,77.87,0.00,0.00,60.23,0.00,39.77,23440.00,,,,,64.12,CTR,2
3681,35212,Pancé,,,f,2002,avant_2010,PRESIDENTIELLE,2,734,15.40,84.60,89.98,0.00,0.00,0.00,10.02,,,,,,,DRT,0
3682,35212,Pancé,,,f,2007,avant_2010,PRESIDENTIELLE,1,795,10.06,89.94,32.62,22.65,24.36,5.84,10.97,,,,,,,DRT,0
3683,35212,Pancé,,,f,2012,2010_2020,PRESIDENTIELLE,1,821,9.62,90.38,28.20,24.90,13.20,12.65,17.33,,,,,,,DRT,0
3684,35212,Pancé,,,f,2017,2010_2020,PRESIDENTIELLE,1,843,14.47,85.53,19.24,7.16,27.67,23.74,21.77,,,,,,,CTR,2
3685,35212,Pancé,,,f,2017,2010_2020,PRESIDENTIELLE,2,843,18.74,81.26,0.00,0.00,77.85,0.00,22.15,,,,,,,CTR,2
3686,35212,Pancé,,,f,2022,post_2020,PRESIDENTIELLE,1,870,20.00,80.00,3.80,8.77,39.04,26.46,21.93,24220.00,,,,,24.77,CTR,2
3687,35212,Pancé,,,f,2022,post_2020,PRESIDENTIELLE,2,871,21.13,78.87,0.00,0.00,68.70,0.00,31.30,24220.00,,,,,24.77,CTR,2
3688,35214,Parcé,,,f,2002,avant_2010,PRESIDENTIELLE,2,465,10.97,89.03,89.90,0.00,0.00,0.00,10.10,,,,,,,DRT,0
3689,35214,Parcé,,,f,2007,avant_2010,PRESIDENTIELLE,1,489,10.02,89.98,44.52,13.29,18.88,6.99,13.75,,,,,,,DRT,0
3690,35214,Parcé,,,f,2012,2010_2020,PRESIDENTIELLE,1,470,13.40,86.60,42.46,15.35,14.07,8.44,18.16,,,,,,,DRT,0
3691,35214,Parcé,,,f,2017,2010_2020,PRESIDENTIELLE,1,483,14.49,85.51,27.50,3.50,22.75,14.75,31.25,,,,,,,EXD,4
3692,35214,Parcé,,,f,2017,2010_2020,PRESIDENTIELLE,2,483,19.25,80.75,0.00,0.00,58.45,0.00,41.55,,,,,,,CTR,2
3693,35214,Parcé,,,f,2022,post_2020,PRESIDENTIELLE,1,459,19.17,80.83,4.76,4.48,42.58,12.61,35.57,22260.00,,,,,33.74,CTR,2
3695,35215,Parigné,,,f,2002,avant_2010,PRESIDENTIELLE,2,825,12.00,88.00,88.80,0.00,0.00,0.00,11.20,,,,,,,DRT,0
3696,35215,Parigné,,,f,2007,avant_2010,PRESIDENTIELLE,1,891,9.99,90.01,35.37,15.14,27.99,7.00,11.07,,,,,,,DRT,0
3697,35215,Parigné,,,f,2012,2010_2020,PRESIDENTIELLE,1,929,10.87,89.13,31.23,20.49,17.28,10.74,16.54,,,,,,,DRT,0
3698,35215,Parigné,,,f,2017,2010_2020,PRESIDENTIELLE,1,942,13.69,86.31,21.50,5.98,27.48,16.03,28.63,,,,,,,EXD,4
3699,35215,Parigné,,,f,2017,2010_2020,PRESIDENTIELLE,2,942,17.62,82.38,0.00,0.00,68.03,0.00,31.97,,,,,,,CTR,2
3700,35215,Parigné,,,f,2022,post_2020,PRESIDENTIELLE,1,967,19.03,80.97,4.73,4.86,44.68,15.11,30.62,21780.00,,,,,25.37,CTR,2
3701,35215,Parigné,,,f,2022,post_2020,PRESIDENTIELLE,2,967,19.03,80.97,0.00,0.00,62.18,0.00,37.82,21780.00,,,,,25.37,CTR,2
3702,35216,Parthenay-de-Bretagne,1793,374.00,f,2002,avant_2010,PRESIDENTIELLE,2,491,9.98,90.02,93.16,0.00,0.00,0.00,6.84,,,,,,,DRT,0
3703,35216,Parthenay-de-Bretagne,1793,374.00,f,2007,avant_2010,PRESIDENTIELLE,1,770,6.10,93.90,24.65,32.07,25.07,6.72,6.72,,,,,,,GCH,1
3704,35216,Parthenay-de-Bretagne,1793,374.00,f,2012,2010_2020,PRESIDENTIELLE,1,938,13.11,86.89,20.43,35.46,13.53,12.03,14.79,,,,,,,GCH,1
3705,35216,Parthenay-de-Bretagne,1793,374.00,f,2017,2010_2020,PRESIDENTIELLE,1,1063,11.29,88.71,13.65,10.04,30.57,26.20,19.32,,,,,,,CTR,2
3706,35216,Parthenay-de-Bretagne,1793,374.00,f,2017,2010_2020,PRESIDENTIELLE,2,1063,16.75,83.25,0.00,0.00,81.61,0.00,18.39,,,,,,,CTR,2
3707,35216,Parthenay-de-Bretagne,1793,374.00,f,2022,post_2020,PRESIDENTIELLE,1,1230,19.27,80.73,1.75,12.05,37.18,28.12,20.91,24750.00,,,,,23.31,CTR,2
3708,35216,Parthenay-de-Bretagne,1793,374.00,f,2022,post_2020,PRESIDENTIELLE,2,1230,18.13,81.87,0.00,0.00,74.56,0.00,25.44,24750.00,,,,,23.31,CTR,2
3709,35217,Pertre,,,f,2002,avant_2010,PRESIDENTIELLE,2,1085,14.56,85.44,91.44,0.00,0.00,0.00,8.56,,,,,,,DRT,0
3710,35217,Pertre,,,f,2007,avant_2010,PRESIDENTIELLE,1,1062,10.26,89.74,44.04,13.62,24.57,6.06,9.36,,,,,,,DRT,0
3711,35217,Pertre,,,f,2012,2010_2020,PRESIDENTIELLE,1,1080,16.20,83.80,43.93,17.53,14.38,7.19,14.49,,,,,,,DRT,0
3712,35217,Pertre,,,f,2017,2010_2020,PRESIDENTIELLE,1,1014,17.16,82.84,33.33,2.83,26.20,13.16,24.48,,,,,,,DRT,0
3713,35217,Pertre,,,f,2017,2010_2020,PRESIDENTIELLE,2,1015,20.39,79.61,0.00,0.00,75.76,0.00,24.24,,,,,,,CTR,2
3714,35217,Pertre,,,f,2022,post_2020,PRESIDENTIELLE,1,1050,22.19,77.81,6.99,4.00,48.94,13.73,26.34,22530.00,,,,,28.43,CTR,2
3715,35217,Pertre,,,f,2022,post_2020,PRESIDENTIELLE,2,1050,20.67,79.33,0.00,0.00,67.55,0.00,32.45,22530.00,,,,,28.43,CTR,2
3716,35218,Petit-Fougeray,,,t,2002,avant_2010,PRESIDENTIELLE,2,340,8.53,91.47,81.57,0.00,0.00,0.00,18.43,,,,,,,DRT,0
3717,35218,Petit-Fougeray,,,t,2007,avant_2010,PRESIDENTIELLE,1,466,8.15,91.85,23.44,23.68,21.53,12.92,16.75,,,,,,,GCH,1
3718,35218,Petit-Fougeray,,,t,2012,2010_2020,PRESIDENTIELLE,1,537,10.06,89.94,18.32,28.42,11.58,13.89,24.63,,,,,,,GCH,1
3719,35218,Petit-Fougeray,,,t,2017,2010_2020,PRESIDENTIELLE,1,586,9.04,90.96,7.12,7.88,27.88,21.54,35.19,,,,,,,EXD,4
3720,35218,Petit-Fougeray,,,t,2017,2010_2020,PRESIDENTIELLE,2,586,14.68,85.32,0.00,0.00,67.48,0.00,32.52,,,,,,,CTR,2
3721,35218,Petit-Fougeray,,,t,2022,post_2020,PRESIDENTIELLE,1,629,15.74,84.26,3.90,9.36,33.33,23.00,30.41,24160.00,,,,,13.54,CTR,2
3722,35218,Petit-Fougeray,,,t,2022,post_2020,PRESIDENTIELLE,2,629,14.79,85.21,0.00,0.00,59.83,0.00,40.17,24160.00,,,,,13.54,CTR,2
3723,35219,Pipriac,,,f,2002,avant_2010,PRESIDENTIELLE,2,2247,16.96,83.04,83.36,0.00,0.00,0.00,16.64,,,,,,,DRT,0
3724,35219,Pipriac,,,f,2007,avant_2010,PRESIDENTIELLE,1,2398,14.51,85.49,30.53,20.98,22.07,8.91,15.29,,,,,,,DRT,0
3725,35219,Pipriac,,,f,2012,2010_2020,PRESIDENTIELLE,1,2444,15.83,84.17,26.79,28.13,12.03,10.64,20.78,,,,,,,GCH,1
3726,35219,Pipriac,,,f,2017,2010_2020,PRESIDENTIELLE,1,2629,16.89,83.11,18.19,6.05,25.36,17.91,32.26,,,,,,,EXD,4
3727,35219,Pipriac,,,f,2017,2010_2020,PRESIDENTIELLE,2,2629,21.11,78.89,0.00,0.00,61.99,0.00,38.01,,,,,,,CTR,2
3728,35219,Pipriac,,,f,2022,post_2020,PRESIDENTIELLE,1,2836,23.31,76.69,4.21,4.21,33.79,19.55,38.24,21590.00,,0.204,2.300,,27.12,EXD,4
3729,35219,Pipriac,,,f,2022,post_2020,PRESIDENTIELLE,2,2836,23.13,76.87,0.00,0.00,51.33,0.00,48.67,21590.00,,0.204,2.300,,27.12,CTR,2
3730,35220,Piré-Chancé,,,f,2002,avant_2010,PRESIDENTIELLE,2,1379,12.04,87.96,88.41,0.00,0.00,0.00,11.59,,,,,,,DRT,0
3731,35220,Piré-Chancé,,,f,2007,avant_2010,PRESIDENTIELLE,1,1527,10.74,89.26,36.25,19.10,27.42,5.32,8.84,,,,,,,DRT,0
3732,35220,Piré-Chancé,,,f,2012,2010_2020,PRESIDENTIELLE,1,1598,12.64,87.36,34.11,21.82,12.80,12.73,15.64,,,,,,,DRT,0
3733,35220,Piré-Chancé,,,f,2017,2010_2020,PRESIDENTIELLE,1,1797,12.30,87.70,21.41,5.92,27.39,23.03,21.80,,,,,,,CTR,2
3734,35220,Piré-Chancé,,,f,2017,2010_2020,PRESIDENTIELLE,2,1797,18.20,81.80,0.00,0.00,72.84,0.00,27.16,,,,,,,CTR,2
3735,35220,Piré-Chancé,,,f,2022,post_2020,PRESIDENTIELLE,1,2260,18.27,81.73,4.61,6.99,38.07,22.64,27.69,24280.00,,0.200,2.400,,15.42,CTR,2
3736,35220,Piré-Chancé,,,f,2022,post_2020,PRESIDENTIELLE,2,2260,18.67,81.33,0.00,0.00,65.92,0.00,34.08,24280.00,,0.200,2.400,,15.42,CTR,2
3737,35221,Pléchâtel,,,f,2002,avant_2010,PRESIDENTIELLE,2,1496,15.78,84.22,81.52,0.00,0.00,0.00,18.48,,,,,,,DRT,0
3738,35221,Pléchâtel,,,f,2007,avant_2010,PRESIDENTIELLE,1,1792,12.39,87.61,25.31,23.61,23.22,8.89,14.52,,,,,,,DRT,0
3739,35221,Pléchâtel,,,f,2012,2010_2020,PRESIDENTIELLE,1,1877,11.61,88.39,23.61,25.28,11.62,14.15,22.37,,,,,,,GCH,1
3740,35221,Pléchâtel,,,f,2017,2010_2020,PRESIDENTIELLE,1,1987,13.34,86.66,13.73,5.88,25.42,25.30,29.62,,,,,,,EXD,4
3741,35221,Pléchâtel,,,f,2017,2010_2020,PRESIDENTIELLE,2,1987,17.26,82.74,0.00,0.00,64.95,0.00,35.05,,,,,,,CTR,2
3742,35221,Pléchâtel,,,f,2022,post_2020,PRESIDENTIELLE,1,2135,18.97,81.03,3.32,8.77,31.28,27.13,29.50,23260.00,,0.201,2.300,,26.82,CTR,2
3743,35221,Pléchâtel,,,f,2022,post_2020,PRESIDENTIELLE,2,2138,21.89,78.11,0.00,0.00,60.57,0.00,39.43,23260.00,,0.201,2.300,,26.82,CTR,2
3744,35222,Pleine-Fougères,,,f,2002,avant_2010,PRESIDENTIELLE,2,1346,13.82,86.18,82.16,0.00,0.00,0.00,17.84,,,,,,,DRT,0
3745,35222,Pleine-Fougères,,,f,2007,avant_2010,PRESIDENTIELLE,1,1374,11.21,88.79,34.81,24.69,16.90,7.28,14.48,,,,,,,DRT,0
3746,35222,Pleine-Fougères,,,f,2012,2010_2020,PRESIDENTIELLE,1,1352,15.83,84.17,24.46,29.24,9.48,11.19,23.74,,,,,,,GCH,1
3747,35222,Pleine-Fougères,,,f,2017,2010_2020,PRESIDENTIELLE,1,1343,15.04,84.96,18.06,5.44,20.42,20.51,35.48,,,,,,,EXD,4
3748,35222,Pleine-Fougères,,,f,2017,2010_2020,PRESIDENTIELLE,2,1343,17.13,82.87,0.00,0.00,57.92,0.00,42.08,,,,,,,CTR,2
3749,35222,Pleine-Fougères,,,f,2022,post_2020,PRESIDENTIELLE,1,1468,19.01,80.99,3.36,3.45,33.68,20.41,39.10,21110.00,,,,,27.30,EXD,4
3750,35222,Pleine-Fougères,,,f,2022,post_2020,PRESIDENTIELLE,2,1469,18.86,81.14,0.00,0.00,51.96,0.00,48.04,21110.00,,,,,27.30,CTR,2
3751,35223,Plélan-le-Grand,,,f,2002,avant_2010,PRESIDENTIELLE,2,2367,15.29,84.71,85.91,0.00,0.00,0.00,14.09,,,,,,,DRT,0
3923,35247,Roz-sur-Couesnon,,,f,2017,2010_2020,PRESIDENTIELLE,2,743,18.98,81.02,0.00,0.00,60.45,0.00,39.55,,,,,,,CTR,2
3752,35223,Plélan-le-Grand,,,f,2007,avant_2010,PRESIDENTIELLE,1,2604,12.14,87.86,32.97,23.02,20.19,8.00,12.37,,,,,,,DRT,0
3753,35223,Plélan-le-Grand,,,f,2012,2010_2020,PRESIDENTIELLE,1,2630,12.40,87.60,30.39,26.05,10.90,12.14,18.17,,,,,,,DRT,0
3754,35223,Plélan-le-Grand,,,f,2017,2010_2020,PRESIDENTIELLE,1,2921,16.98,83.02,22.06,8.34,23.37,22.02,24.05,,,,,,,EXD,4
3755,35223,Plélan-le-Grand,,,f,2017,2010_2020,PRESIDENTIELLE,2,2921,20.92,79.08,0.00,0.00,70.38,0.00,29.62,,,,,,,CTR,2
3756,35223,Plélan-le-Grand,,,f,2022,post_2020,PRESIDENTIELLE,1,3053,21.00,79.00,4.80,7.09,33.22,25.57,29.31,22940.00,,0.215,2.500,,31.75,CTR,2
3757,35223,Plélan-le-Grand,,,f,2022,post_2020,PRESIDENTIELLE,2,3056,22.55,77.45,0.00,0.00,61.42,0.00,38.58,22940.00,,0.215,2.500,,31.75,CTR,2
3758,35224,Plerguer,,,f,2002,avant_2010,PRESIDENTIELLE,2,1528,18.39,81.61,83.31,0.00,0.00,0.00,16.69,,,,,,,DRT,0
3759,35224,Plerguer,,,f,2007,avant_2010,PRESIDENTIELLE,1,1723,13.00,87.00,34.14,23.46,20.42,6.02,14.00,,,,,,,DRT,0
3760,35224,Plerguer,,,f,2012,2010_2020,PRESIDENTIELLE,1,1871,0.59,99.41,28.99,24.77,10.28,11.99,22.00,,,,,,,DRT,0
3761,35224,Plerguer,,,f,2017,2010_2020,PRESIDENTIELLE,1,2009,16.82,83.18,19.91,6.33,23.66,19.79,30.18,,,,,,,EXD,4
3762,35224,Plerguer,,,f,2017,2010_2020,PRESIDENTIELLE,2,2009,20.76,79.24,0.00,0.00,64.27,0.00,35.73,,,,,,,CTR,2
3763,35224,Plerguer,,,f,2022,post_2020,PRESIDENTIELLE,1,2136,20.51,79.49,5.18,5.24,33.17,19.87,36.54,22450.00,,0.199,2.300,,19.51,EXD,4
3764,35224,Plerguer,,,f,2022,post_2020,PRESIDENTIELLE,2,2137,19.89,80.11,0.00,0.00,53.96,0.00,46.04,22450.00,,0.199,2.300,,19.51,CTR,2
3765,35225,Plesder,,,f,2002,avant_2010,PRESIDENTIELLE,2,447,18.79,81.21,81.76,0.00,0.00,0.00,18.24,,,,,,,DRT,0
3766,35225,Plesder,,,f,2007,avant_2010,PRESIDENTIELLE,1,478,9.62,90.38,22.25,32.55,25.53,6.79,10.30,,,,,,,GCH,1
3767,35225,Plesder,,,f,2012,2010_2020,PRESIDENTIELLE,1,508,9.06,90.94,23.13,33.92,14.54,11.45,14.98,,,,,,,GCH,1
3768,35225,Plesder,,,f,2017,2010_2020,PRESIDENTIELLE,1,551,13.61,86.39,18.18,10.17,22.73,22.94,25.54,,,,,,,EXD,4
3769,35225,Plesder,,,f,2017,2010_2020,PRESIDENTIELLE,2,551,15.97,84.03,0.00,0.00,69.67,0.00,30.33,,,,,,,CTR,2
3770,35225,Plesder,,,f,2022,post_2020,PRESIDENTIELLE,1,594,17.17,82.83,5.61,8.52,27.23,27.44,31.19,22840.00,,,,,23.14,EXD,4
3771,35225,Plesder,,,f,2022,post_2020,PRESIDENTIELLE,2,594,19.53,80.47,0.00,0.00,58.71,0.00,41.29,22840.00,,,,,23.14,CTR,2
3772,35226,Pleugueneuc,,,t,2002,avant_2010,PRESIDENTIELLE,2,1058,14.93,85.07,86.89,0.00,0.00,0.00,13.11,,,,,,,DRT,0
3773,35226,Pleugueneuc,,,t,2007,avant_2010,PRESIDENTIELLE,1,1181,10.92,89.08,24.55,32.57,19.01,10.98,9.26,,,,,,,GCH,1
3774,35226,Pleugueneuc,,,t,2012,2010_2020,PRESIDENTIELLE,1,1235,13.04,86.96,20.30,35.69,9.35,13.13,18.51,,,,,,,GCH,1
3775,35226,Pleugueneuc,,,t,2017,2010_2020,PRESIDENTIELLE,1,1316,12.08,87.92,12.98,9.60,27.64,23.02,26.67,,,,,,,CTR,2
3776,35226,Pleugueneuc,,,t,2017,2010_2020,PRESIDENTIELLE,2,1316,15.27,84.73,0.00,0.00,68.09,0.00,31.91,,,,,,,CTR,2
3777,35226,Pleugueneuc,,,t,2022,post_2020,PRESIDENTIELLE,1,1387,17.88,82.12,2.70,8.38,32.88,23.42,32.61,21900.00,,0.197,2.300,,19.39,CTR,2
3778,35226,Pleugueneuc,,,t,2022,post_2020,PRESIDENTIELLE,2,1391,19.19,80.81,0.00,0.00,58.73,0.00,41.27,21900.00,,0.197,2.300,,19.39,CTR,2
3779,35227,Pleumeleuc,,,f,2002,avant_2010,PRESIDENTIELLE,2,1574,16.07,83.93,90.76,0.00,0.00,0.00,9.24,,,,,,,DRT,0
3780,35227,Pleumeleuc,,,f,2007,avant_2010,PRESIDENTIELLE,1,1756,9.74,90.26,27.87,28.71,23.76,6.74,9.31,,,,,,,GCH,1
3781,35227,Pleumeleuc,,,f,2012,2010_2020,PRESIDENTIELLE,1,2066,11.37,88.63,22.93,33.17,13.20,11.30,16.33,,,,,,,GCH,1
3782,35227,Pleumeleuc,,,f,2017,2010_2020,PRESIDENTIELLE,1,2360,12.67,87.33,14.72,8.44,34.00,19.59,23.10,,,,,,,CTR,2
3783,35227,Pleumeleuc,,,f,2017,2010_2020,PRESIDENTIELLE,2,2360,17.46,82.54,0.00,0.00,75.89,0.00,24.11,,,,,,,CTR,2
3784,35227,Pleumeleuc,,,f,2022,post_2020,PRESIDENTIELLE,1,2649,19.03,80.97,3.22,10.08,40.90,21.27,24.53,25370.00,,0.197,2.400,,15.56,CTR,2
3785,35227,Pleumeleuc,,,f,2022,post_2020,PRESIDENTIELLE,2,2648,18.32,81.68,0.00,0.00,70.73,0.00,29.27,25370.00,,0.197,2.400,,15.56,CTR,2
3786,35228,Pleurtuit,,,f,2002,avant_2010,PRESIDENTIELLE,2,3420,17.78,82.22,83.44,0.00,0.00,0.00,16.56,,,,,,,DRT,0
3787,35228,Pleurtuit,,,f,2007,avant_2010,PRESIDENTIELLE,1,4052,11.82,88.18,32.03,24.36,21.79,7.84,11.69,,,,,,,DRT,0
3788,35228,Pleurtuit,,,f,2012,2010_2020,PRESIDENTIELLE,1,4650,16.95,83.05,28.33,29.46,12.03,11.19,16.98,,,,,,,GCH,1
3789,35228,Pleurtuit,,,f,2017,2010_2020,PRESIDENTIELLE,1,5327,19.43,80.57,20.99,6.61,28.63,19.29,24.26,,,,,,,CTR,2
3790,35228,Pleurtuit,,,f,2017,2010_2020,PRESIDENTIELLE,2,5327,22.79,77.21,0.00,0.00,68.89,0.00,31.11,,,,,,,CTR,2
3791,35228,Pleurtuit,,,f,2022,post_2020,PRESIDENTIELLE,1,5661,23.55,76.45,5.29,6.82,35.10,20.44,32.35,23140.00,,0.228,2.600,,17.13,CTR,2
3792,35228,Pleurtuit,,,f,2022,post_2020,PRESIDENTIELLE,2,5655,23.94,76.06,0.00,0.00,60.30,0.00,39.70,23140.00,,0.228,2.600,,17.13,CTR,2
3793,35229,Pocé-les-Bois,,,f,2002,avant_2010,PRESIDENTIELLE,2,705,12.20,87.80,92.36,0.00,0.00,0.00,7.64,,,,,,,DRT,0
3794,35229,Pocé-les-Bois,,,f,2007,avant_2010,PRESIDENTIELLE,1,681,7.34,92.66,35.89,19.78,25.84,7.34,8.29,,,,,,,DRT,0
3795,35229,Pocé-les-Bois,,,f,2012,2010_2020,PRESIDENTIELLE,1,867,10.15,89.85,31.29,26.10,15.58,9.59,15.18,,,,,,,DRT,0
3796,35229,Pocé-les-Bois,,,f,2017,2010_2020,PRESIDENTIELLE,1,922,8.13,91.87,19.66,6.88,31.70,22.60,18.92,,,,,,,CTR,2
3797,35229,Pocé-les-Bois,,,f,2017,2010_2020,PRESIDENTIELLE,2,922,15.08,84.92,0.00,0.00,80.47,0.00,19.53,,,,,,,CTR,2
3798,35229,Pocé-les-Bois,,,f,2022,post_2020,PRESIDENTIELLE,1,990,19.60,80.40,4.40,6.09,42.10,22.41,25.00,24300.00,,,,,15.95,CTR,2
3799,35229,Pocé-les-Bois,,,f,2022,post_2020,PRESIDENTIELLE,2,990,18.08,81.92,0.00,0.00,72.54,0.00,27.46,24300.00,,,,,15.95,CTR,2
3800,35230,Poilley,,,t,2002,avant_2010,PRESIDENTIELLE,2,330,20.61,79.39,91.20,0.00,0.00,0.00,8.80,,,,,,,DRT,0
3801,35230,Poilley,,,t,2007,avant_2010,PRESIDENTIELLE,1,326,15.03,84.97,40.66,15.02,27.47,4.03,11.72,,,,,,,DRT,0
3802,35230,Poilley,,,t,2012,2010_2020,PRESIDENTIELLE,1,309,21.36,78.64,43.16,12.82,19.66,8.55,14.96,,,,,,,DRT,0
3803,35230,Poilley,,,t,2017,2010_2020,PRESIDENTIELLE,1,310,18.39,81.61,28.34,6.88,27.94,12.15,24.70,,,,,,,DRT,0
3804,35230,Poilley,,,t,2017,2010_2020,PRESIDENTIELLE,2,310,17.42,82.58,0.00,0.00,72.37,0.00,27.63,,,,,,,CTR,2
3805,35230,Poilley,,,t,2022,post_2020,PRESIDENTIELLE,1,300,24.67,75.33,6.76,6.76,45.05,13.06,28.38,21970.00,,,,,18.42,CTR,2
3806,35230,Poilley,,,t,2022,post_2020,PRESIDENTIELLE,2,300,20.33,79.67,0.00,0.00,65.32,0.00,34.68,21970.00,,,,,18.42,CTR,2
3807,35231,Poligné,,,f,2002,avant_2010,PRESIDENTIELLE,2,619,11.79,88.21,87.55,0.00,0.00,0.00,12.45,,,,,,,DRT,0
3808,35231,Poligné,,,f,2007,avant_2010,PRESIDENTIELLE,1,695,8.63,91.37,23.99,25.76,25.28,10.79,11.43,,,,,,,GCH,1
3981,35256,Saint-Briac-sur-Mer,,,f,2022,post_2020,PRESIDENTIELLE,2,2316,18.91,81.09,0.00,0.00,76.93,0.00,23.07,27560.00,,0.364,4.200,,39.95,CTR,2
3809,35231,Poligné,,,f,2012,2010_2020,PRESIDENTIELLE,1,771,10.12,89.88,22.45,31.02,12.85,13.29,18.32,,,,,,,GCH,1
3810,35231,Poligné,,,f,2017,2010_2020,PRESIDENTIELLE,1,821,11.21,88.79,12.90,9.68,28.47,24.82,23.84,,,,,,,CTR,2
3811,35231,Poligné,,,f,2017,2010_2020,PRESIDENTIELLE,2,821,14.25,85.75,0.00,0.00,77.72,0.00,22.28,,,,,,,CTR,2
3812,35231,Poligné,,,f,2022,post_2020,PRESIDENTIELLE,1,911,19.43,80.57,2.07,8.98,35.77,30.39,22.79,23990.00,,,,,32.93,CTR,2
3813,35231,Poligné,,,f,2022,post_2020,PRESIDENTIELLE,2,912,20.61,79.39,0.00,0.00,72.36,0.00,27.64,23990.00,,,,,32.93,CTR,2
3814,35232,Princé,,,f,2002,avant_2010,PRESIDENTIELLE,2,282,14.18,85.82,85.53,0.00,0.00,0.00,14.47,,,,,,,DRT,0
3815,35232,Princé,,,f,2007,avant_2010,PRESIDENTIELLE,1,292,7.19,92.81,37.83,16.48,19.85,9.74,12.73,,,,,,,DRT,0
3816,35232,Princé,,,f,2012,2010_2020,PRESIDENTIELLE,1,258,6.98,93.02,41.03,17.95,14.10,7.69,15.81,,,,,,,DRT,0
3817,35232,Princé,,,f,2017,2010_2020,PRESIDENTIELLE,1,260,16.15,83.85,28.17,6.10,17.37,14.55,33.33,,,,,,,EXD,4
3818,35232,Princé,,,f,2017,2010_2020,PRESIDENTIELLE,2,260,22.69,77.31,0.00,0.00,61.45,0.00,38.55,,,,,,,CTR,2
3819,35232,Princé,,,f,2022,post_2020,PRESIDENTIELLE,1,273,27.84,72.16,8.85,4.17,27.60,21.88,37.50,19200.00,,,,,32.66,EXD,4
3820,35232,Princé,,,f,2022,post_2020,PRESIDENTIELLE,2,273,26.37,73.63,0.00,0.00,45.81,0.00,54.19,19200.00,,,,,32.66,EXD,4
3821,35233,Québriac,,,t,2002,avant_2010,PRESIDENTIELLE,2,869,17.15,82.85,91.19,0.00,0.00,0.00,8.81,,,,,,,DRT,0
3822,35233,Québriac,,,t,2007,avant_2010,PRESIDENTIELLE,1,1034,8.32,91.68,24.97,30.84,22.52,8.32,9.28,,,,,,,GCH,1
3823,35233,Québriac,,,t,2012,2010_2020,PRESIDENTIELLE,1,1059,11.43,88.57,22.97,33.15,10.08,14.41,15.38,,,,,,,GCH,1
3824,35233,Québriac,,,t,2017,2010_2020,PRESIDENTIELLE,1,1179,11.70,88.30,15.16,10.04,28.35,25.10,20.87,,,,,,,CTR,2
3825,35233,Québriac,,,t,2017,2010_2020,PRESIDENTIELLE,2,1179,15.27,84.73,0.00,0.00,74.49,0.00,25.51,,,,,,,CTR,2
3826,35233,Québriac,,,t,2022,post_2020,PRESIDENTIELLE,1,1217,17.58,82.42,4.01,10.19,33.54,25.93,26.34,24080.00,,,,,31.45,CTR,2
3827,35233,Québriac,,,t,2022,post_2020,PRESIDENTIELLE,2,1217,18.73,81.27,0.00,0.00,66.18,0.00,33.82,24080.00,,,,,31.45,CTR,2
3828,35234,Quédillac,,,f,2002,avant_2010,PRESIDENTIELLE,2,772,13.73,86.27,92.32,0.00,0.00,0.00,7.68,,,,,,,DRT,0
3829,35234,Quédillac,,,f,2007,avant_2010,PRESIDENTIELLE,1,837,11.95,88.05,41.43,20.58,18.93,5.62,10.56,,,,,,,DRT,0
3830,35234,Quédillac,,,f,2012,2010_2020,PRESIDENTIELLE,1,863,14.48,85.52,33.43,28.20,12.93,8.80,14.44,,,,,,,DRT,0
3831,35234,Quédillac,,,f,2017,2010_2020,PRESIDENTIELLE,1,878,12.41,87.59,23.12,7.26,25.94,19.09,24.46,,,,,,,CTR,2
3832,35234,Quédillac,,,f,2017,2010_2020,PRESIDENTIELLE,2,878,14.92,85.08,0.00,0.00,70.79,0.00,29.21,,,,,,,CTR,2
3833,35234,Quédillac,,,f,2022,post_2020,PRESIDENTIELLE,1,949,20.02,79.98,6.51,6.24,36.36,20.35,30.53,22470.00,,,,,19.65,CTR,2
3834,35234,Quédillac,,,f,2022,post_2020,PRESIDENTIELLE,2,950,18.11,81.89,0.00,0.00,61.42,0.00,38.58,22470.00,,,,,19.65,CTR,2
3835,35235,Rannée,,,f,2002,avant_2010,PRESIDENTIELLE,2,897,14.16,85.84,88.36,0.00,0.00,0.00,11.64,,,,,,,DRT,0
3836,35235,Rannée,,,f,2007,avant_2010,PRESIDENTIELLE,1,942,12.10,87.90,38.29,14.37,27.26,5.58,11.15,,,,,,,DRT,0
3837,35235,Rannée,,,f,2012,2010_2020,PRESIDENTIELLE,1,862,12.30,87.70,37.33,18.12,14.71,8.31,18.66,,,,,,,DRT,0
3838,35235,Rannée,,,f,2017,2010_2020,PRESIDENTIELLE,1,837,12.90,87.10,29.26,3.84,23.58,16.62,26.28,,,,,,,DRT,0
3839,35235,Rannée,,,f,2017,2010_2020,PRESIDENTIELLE,2,837,15.05,84.95,0.00,0.00,70.76,0.00,29.24,,,,,,,CTR,2
3840,35235,Rannée,,,f,2022,post_2020,PRESIDENTIELLE,1,838,21.96,78.04,5.20,6.77,40.94,13.23,33.86,22370.00,,,,,19.43,CTR,2
3841,35235,Rannée,,,f,2022,post_2020,PRESIDENTIELLE,2,842,19.48,80.52,0.00,0.00,62.96,0.00,37.04,22370.00,,,,,19.43,CTR,2
3842,35236,Redon,,,t,2002,avant_2010,PRESIDENTIELLE,2,6261,20.49,79.51,90.27,0.00,0.00,0.00,9.73,,,,,,,DRT,0
3843,35236,Redon,,,t,2007,avant_2010,PRESIDENTIELLE,1,6580,16.73,83.27,28.03,30.83,20.62,7.57,9.31,,,,,,,GCH,1
3844,35236,Redon,,,t,2012,2010_2020,PRESIDENTIELLE,1,6723,21.94,78.06,24.40,33.95,10.47,12.87,13.54,,,,,,,GCH,1
3845,35236,Redon,,,t,2017,2010_2020,PRESIDENTIELLE,1,6568,22.12,77.88,20.06,10.53,29.74,22.43,17.01,,,,,,,CTR,2
3846,35236,Redon,,,t,2017,2010_2020,PRESIDENTIELLE,2,6568,26.66,73.34,0.00,0.00,78.80,0.00,21.20,,,,,,,CTR,2
3847,35236,Redon,,,t,2022,post_2020,PRESIDENTIELLE,1,6520,25.51,74.49,4.21,10.41,34.26,29.26,21.86,21610.00,,0.263,3.100,,46.27,CTR,2
3848,35236,Redon,,,t,2022,post_2020,PRESIDENTIELLE,2,6526,26.88,73.12,0.00,0.00,71.49,0.00,28.51,21610.00,,0.263,3.100,,46.27,CTR,2
3849,35237,Renac,,,f,2002,avant_2010,PRESIDENTIELLE,2,640,15.62,84.38,81.57,0.00,0.00,0.00,18.43,,,,,,,DRT,0
3850,35237,Renac,,,f,2007,avant_2010,PRESIDENTIELLE,1,670,12.39,87.61,31.67,22.89,17.56,6.37,19.45,,,,,,,DRT,0
3851,35237,Renac,,,f,2012,2010_2020,PRESIDENTIELLE,1,640,12.66,87.34,25.59,25.59,9.98,11.25,23.05,,,,,,,DRT,0
3852,35237,Renac,,,f,2017,2010_2020,PRESIDENTIELLE,1,677,11.96,88.04,17.47,7.02,25.68,19.01,30.82,,,,,,,EXD,4
3853,35237,Renac,,,f,2017,2010_2020,PRESIDENTIELLE,2,677,15.95,84.05,0.00,0.00,63.51,0.00,36.49,,,,,,,CTR,2
3854,35237,Renac,,,f,2022,post_2020,PRESIDENTIELLE,1,725,20.83,79.17,2.65,6.35,32.45,24.51,34.04,20880.00,,,,,22.29,EXD,4
3855,35237,Renac,,,f,2022,post_2020,PRESIDENTIELLE,2,725,20.83,79.17,0.00,0.00,55.51,0.00,44.49,20880.00,,,,,22.29,CTR,2
3856,35238,Rennes,225081,4467.00,t,2002,avant_2010,PRESIDENTIELLE,2,114619,21.30,78.70,92.34,0.00,0.00,0.00,7.66,,,,,,,DRT,0
3857,35238,Rennes,225081,4467.00,t,2007,avant_2010,PRESIDENTIELLE,1,117324,14.06,85.94,23.51,38.02,22.26,6.99,5.44,,,,,,,GCH,1
3858,35238,Rennes,225081,4467.00,t,2012,2010_2020,PRESIDENTIELLE,1,116983,19.67,80.33,20.92,39.80,10.50,15.00,8.53,,,,,,,GCH,1
3859,35238,Rennes,225081,4467.00,t,2017,2010_2020,PRESIDENTIELLE,1,117439,20.97,79.03,16.53,13.82,32.35,27.37,9.76,,,,,,,CTR,2
3860,35238,Rennes,225081,4467.00,t,2017,2010_2020,PRESIDENTIELLE,2,117445,26.09,73.91,0.00,0.00,88.39,0.00,11.61,,,,,,,CTR,2
3861,35238,Rennes,225081,4467.00,t,2022,post_2020,PRESIDENTIELLE,1,123698,24.26,75.74,3.78,12.97,30.75,39.79,12.72,,,,,,,EXG,3
3862,35238,Rennes,225081,4467.00,t,2022,post_2020,PRESIDENTIELLE,2,123697,27.98,72.02,0.00,0.00,84.15,0.00,15.85,,,,,,,CTR,2
3863,35239,Retiers,,,f,2002,avant_2010,PRESIDENTIELLE,2,2638,16.30,83.70,90.35,0.00,0.00,0.00,9.65,,,,,,,DRT,0
3864,35239,Retiers,,,f,2007,avant_2010,PRESIDENTIELLE,1,2687,12.62,87.38,36.73,19.62,26.02,6.31,8.95,,,,,,,DRT,0
3865,35239,Retiers,,,f,2012,2010_2020,PRESIDENTIELLE,1,2847,15.98,84.02,31.20,25.31,14.13,10.33,17.03,,,,,,,DRT,0
3866,35239,Retiers,,,f,2017,2010_2020,PRESIDENTIELLE,1,3014,16.12,83.88,23.41,6.21,28.03,18.54,23.77,,,,,,,CTR,2
3867,35239,Retiers,,,f,2017,2010_2020,PRESIDENTIELLE,2,3014,21.30,78.70,0.00,0.00,73.96,0.00,26.04,,,,,,,CTR,2
3868,35239,Retiers,,,f,2022,post_2020,PRESIDENTIELLE,1,3262,24.86,75.14,4.29,6.00,40.73,19.88,29.10,21990.00,,0.195,2.300,,24.38,CTR,2
3869,35239,Retiers,,,f,2022,post_2020,PRESIDENTIELLE,2,3262,24.80,75.20,0.00,0.00,65.49,0.00,34.51,21990.00,,0.195,2.300,,24.38,CTR,2
3870,35240,le Rheu,9535,505.00,f,2002,avant_2010,PRESIDENTIELLE,2,4327,14.44,85.56,92.54,0.00,0.00,0.00,7.46,,,,,,,DRT,0
3871,35240,le Rheu,9535,505.00,f,2007,avant_2010,PRESIDENTIELLE,1,4885,10.30,89.70,24.34,33.50,26.25,6.19,5.94,,,,,,,GCH,1
3872,35240,le Rheu,9535,505.00,f,2012,2010_2020,PRESIDENTIELLE,1,5374,13.77,86.23,22.58,38.45,12.51,12.64,9.87,,,,,,,GCH,1
3873,35240,le Rheu,9535,505.00,f,2017,2010_2020,PRESIDENTIELLE,1,5880,14.86,85.14,15.61,11.58,36.06,23.75,12.92,,,,,,,CTR,2
3874,35240,le Rheu,9535,505.00,f,2017,2010_2020,PRESIDENTIELLE,2,5881,20.00,80.00,0.00,0.00,86.79,0.00,13.21,,,,,,,CTR,2
3875,35240,le Rheu,9535,505.00,f,2022,post_2020,PRESIDENTIELLE,1,6212,19.17,80.83,3.92,12.47,35.22,29.93,18.46,24780.00,,0.253,3.000,,18.53,CTR,2
3876,35240,le Rheu,9535,505.00,f,2022,post_2020,PRESIDENTIELLE,2,6209,20.82,79.18,0.00,0.00,77.99,0.00,22.01,24780.00,,0.253,3.000,,18.53,CTR,2
3877,35241,Richardais,,,f,2002,avant_2010,PRESIDENTIELLE,2,1697,14.85,85.15,86.16,0.00,0.00,0.00,13.84,,,,,,,DRT,0
3878,35241,Richardais,,,f,2007,avant_2010,PRESIDENTIELLE,1,1904,11.55,88.45,32.20,26.94,21.74,7.11,7.71,,,,,,,DRT,0
3879,35241,Richardais,,,f,2012,2010_2020,PRESIDENTIELLE,1,1933,14.12,85.88,28.26,30.59,10.79,12.32,14.96,,,,,,,GCH,1
3880,35241,Richardais,,,f,2017,2010_2020,PRESIDENTIELLE,1,2017,15.02,84.98,22.90,8.33,30.16,18.68,19.93,,,,,,,CTR,2
3881,35241,Richardais,,,f,2017,2010_2020,PRESIDENTIELLE,2,2020,19.06,80.94,0.00,0.00,75.24,0.00,24.76,,,,,,,CTR,2
3882,35241,Richardais,,,f,2022,post_2020,PRESIDENTIELLE,1,2172,18.92,81.08,5.42,7.10,37.45,22.27,27.76,25390.00,,0.266,2.900,,27.82,CTR,2
3883,35241,Richardais,,,f,2022,post_2020,PRESIDENTIELLE,2,2172,20.26,79.74,0.00,0.00,66.92,0.00,33.08,25390.00,,0.266,2.900,,27.82,CTR,2
3884,35242,Rimou,,,f,2002,avant_2010,PRESIDENTIELLE,2,283,16.96,83.04,89.20,0.00,0.00,0.00,10.80,,,,,,,DRT,0
3885,35242,Rimou,,,f,2007,avant_2010,PRESIDENTIELLE,1,292,10.96,89.04,31.50,33.07,12.60,10.24,10.63,,,,,,,GCH,1
3886,35242,Rimou,,,f,2012,2010_2020,PRESIDENTIELLE,1,281,16.01,83.99,24.56,31.58,8.33,12.72,19.74,,,,,,,GCH,1
3887,35242,Rimou,,,f,2017,2010_2020,PRESIDENTIELLE,1,268,14.93,85.07,20.00,10.67,23.56,22.67,22.67,,,,,,,CTR,2
3888,35242,Rimou,,,f,2017,2010_2020,PRESIDENTIELLE,2,268,18.28,81.72,0.00,0.00,67.01,0.00,32.99,,,,,,,CTR,2
3889,35242,Rimou,,,f,2022,post_2020,PRESIDENTIELLE,1,277,20.58,79.42,1.90,9.00,35.55,29.38,24.17,19080.00,,,,,31.43,CTR,2
3890,35242,Rimou,,,f,2022,post_2020,PRESIDENTIELLE,2,278,23.38,76.62,0.00,0.00,59.79,0.00,40.21,19080.00,,,,,31.43,CTR,2
3891,35243,Romagné,,,f,2002,avant_2010,PRESIDENTIELLE,2,1482,17.00,83.00,88.44,0.00,0.00,0.00,11.56,,,,,,,DRT,0
3892,35243,Romagné,,,f,2007,avant_2010,PRESIDENTIELLE,1,1522,11.30,88.70,40.35,17.81,22.92,7.06,10.07,,,,,,,DRT,0
3893,35243,Romagné,,,f,2012,2010_2020,PRESIDENTIELLE,1,1665,12.85,87.15,36.09,22.58,11.75,9.77,17.69,,,,,,,DRT,0
3894,35243,Romagné,,,f,2017,2010_2020,PRESIDENTIELLE,1,1724,12.88,87.12,24.27,5.13,31.24,15.52,23.72,,,,,,,CTR,2
3895,35243,Romagné,,,f,2017,2010_2020,PRESIDENTIELLE,2,1724,17.63,82.37,0.00,0.00,72.78,0.00,27.22,,,,,,,CTR,2
3896,35243,Romagné,,,f,2022,post_2020,PRESIDENTIELLE,1,1768,17.59,82.41,6.00,8.68,43.19,16.37,25.76,23580.00,,0.195,2.200,,22.60,CTR,2
3897,35243,Romagné,,,f,2022,post_2020,PRESIDENTIELLE,2,1769,18.32,81.68,0.00,0.00,69.07,0.00,30.93,23580.00,,0.195,2.200,,22.60,CTR,2
3898,35244,Romazy,,,f,2002,avant_2010,PRESIDENTIELLE,2,207,17.87,82.13,83.65,0.00,0.00,0.00,16.35,,,,,,,DRT,0
3899,35244,Romazy,,,f,2007,avant_2010,PRESIDENTIELLE,1,223,9.42,90.58,29.35,25.87,25.87,6.47,10.95,,,,,,,DRT,0
3900,35244,Romazy,,,f,2012,2010_2020,PRESIDENTIELLE,1,202,13.86,86.14,31.03,31.03,13.22,8.62,14.37,,,,,,,DRT,0
3901,35244,Romazy,,,f,2017,2010_2020,PRESIDENTIELLE,1,202,11.88,88.12,26.01,5.78,31.21,14.45,21.97,,,,,,,CTR,2
3902,35244,Romazy,,,f,2017,2010_2020,PRESIDENTIELLE,2,202,13.86,86.14,0.00,0.00,66.67,0.00,33.33,,,,,,,CTR,2
3903,35244,Romazy,,,f,2022,post_2020,PRESIDENTIELLE,1,217,18.89,81.11,5.81,4.07,37.21,20.93,31.98,22430.00,,,,,36.36,CTR,2
3904,35244,Romazy,,,f,2022,post_2020,PRESIDENTIELLE,2,216,18.52,81.48,0.00,0.00,61.78,0.00,38.22,22430.00,,,,,36.36,CTR,2
3905,35245,Romillé,4119,144.00,f,2002,avant_2010,PRESIDENTIELLE,2,2053,14.42,85.58,89.89,0.00,0.00,0.00,10.11,,,,,,,DRT,0
3906,35245,Romillé,4119,144.00,f,2007,avant_2010,PRESIDENTIELLE,1,2319,8.80,91.20,27.66,29.23,25.65,8.52,6.36,,,,,,,GCH,1
3907,35245,Romillé,4119,144.00,f,2012,2010_2020,PRESIDENTIELLE,1,2601,13.15,86.85,24.76,32.28,13.42,12.92,13.46,,,,,,,GCH,1
3908,35245,Romillé,4119,144.00,f,2017,2010_2020,PRESIDENTIELLE,1,2718,12.88,87.12,17.08,9.00,30.16,22.99,20.69,,,,,,,CTR,2
3909,35245,Romillé,4119,144.00,f,2017,2010_2020,PRESIDENTIELLE,2,2718,17.62,82.38,0.00,0.00,77.13,0.00,22.87,,,,,,,CTR,2
3910,35245,Romillé,4119,144.00,f,2022,post_2020,PRESIDENTIELLE,1,2999,17.64,82.36,3.78,9.89,37.28,25.77,23.28,24370.00,,0.194,2.300,,18.05,CTR,2
3911,35245,Romillé,4119,144.00,f,2022,post_2020,PRESIDENTIELLE,2,3002,19.19,80.81,0.00,0.00,70.23,0.00,29.77,24370.00,,0.194,2.300,,18.05,CTR,2
3912,35246,Roz-Landrieux,,,f,2002,avant_2010,PRESIDENTIELLE,2,848,19.81,80.19,88.27,0.00,0.00,0.00,11.73,,,,,,,DRT,0
3913,35246,Roz-Landrieux,,,f,2007,avant_2010,PRESIDENTIELLE,1,853,12.54,87.46,28.53,23.64,24.18,7.47,12.77,,,,,,,DRT,0
3914,35246,Roz-Landrieux,,,f,2012,2010_2020,PRESIDENTIELLE,1,949,13.07,86.93,26.72,26.34,11.24,13.36,20.10,,,,,,,DRT,0
3915,35246,Roz-Landrieux,,,f,2017,2010_2020,PRESIDENTIELLE,1,980,15.10,84.90,15.25,6.75,24.75,23.50,29.50,,,,,,,EXD,4
3916,35246,Roz-Landrieux,,,f,2017,2010_2020,PRESIDENTIELLE,2,980,17.55,82.45,0.00,0.00,64.13,0.00,35.87,,,,,,,CTR,2
3917,35246,Roz-Landrieux,,,f,2022,post_2020,PRESIDENTIELLE,1,1010,20.30,79.70,3.80,4.71,34.42,17.41,39.66,22810.00,,,,,15.99,EXD,4
3918,35246,Roz-Landrieux,,,f,2022,post_2020,PRESIDENTIELLE,2,1010,19.50,80.50,0.00,0.00,49.12,0.00,50.88,22810.00,,,,,15.99,EXD,4
3919,35247,Roz-sur-Couesnon,,,f,2002,avant_2010,PRESIDENTIELLE,2,774,16.54,83.46,85.29,0.00,0.00,0.00,14.71,,,,,,,DRT,0
3920,35247,Roz-sur-Couesnon,,,f,2007,avant_2010,PRESIDENTIELLE,1,763,13.89,86.11,32.92,23.08,21.38,6.15,12.62,,,,,,,DRT,0
3921,35247,Roz-sur-Couesnon,,,f,2012,2010_2020,PRESIDENTIELLE,1,735,15.10,84.90,28.12,30.59,9.87,9.21,20.72,,,,,,,GCH,1
3922,35247,Roz-sur-Couesnon,,,f,2017,2010_2020,PRESIDENTIELLE,1,742,16.44,83.56,17.96,6.75,23.06,18.78,33.11,,,,,,,EXD,4
3924,35247,Roz-sur-Couesnon,,,f,2022,post_2020,PRESIDENTIELLE,1,790,22.15,77.85,4.87,6.22,32.94,18.99,36.97,21120.00,,,,,26.06,EXD,4
3925,35247,Roz-sur-Couesnon,,,f,2022,post_2020,PRESIDENTIELLE,2,790,21.39,78.61,0.00,0.00,49.55,0.00,50.45,21120.00,,,,,26.06,EXD,4
3926,35248,Sains,,,f,2002,avant_2010,PRESIDENTIELLE,2,385,18.70,81.30,89.16,0.00,0.00,0.00,10.84,,,,,,,DRT,0
3927,35248,Sains,,,f,2007,avant_2010,PRESIDENTIELLE,1,391,15.60,84.40,33.23,29.88,15.24,8.84,10.98,,,,,,,DRT,0
3928,35248,Sains,,,f,2012,2010_2020,PRESIDENTIELLE,1,401,16.71,83.29,23.56,28.40,7.55,12.99,23.87,,,,,,,GCH,1
3929,35248,Sains,,,f,2017,2010_2020,PRESIDENTIELLE,1,393,18.83,81.17,21.17,8.47,20.20,15.64,34.20,,,,,,,EXD,4
3930,35248,Sains,,,f,2017,2010_2020,PRESIDENTIELLE,2,393,18.83,81.17,0.00,0.00,58.10,0.00,41.90,,,,,,,CTR,2
3931,35248,Sains,,,f,2022,post_2020,PRESIDENTIELLE,1,376,19.15,80.85,5.39,4.04,28.62,18.18,43.77,21750.00,,,,,24.07,EXD,4
3932,35248,Sains,,,f,2022,post_2020,PRESIDENTIELLE,2,376,15.16,84.84,0.00,0.00,44.59,0.00,55.41,21750.00,,,,,24.07,EXD,4
3933,35249,Sainte-Anne-sur-Vilaine,,,f,2002,avant_2010,PRESIDENTIELLE,2,623,13.16,86.84,87.52,0.00,0.00,0.00,12.48,,,,,,,DRT,0
3934,35249,Sainte-Anne-sur-Vilaine,,,f,2007,avant_2010,PRESIDENTIELLE,1,674,8.31,91.69,35.03,20.39,21.05,8.22,12.99,,,,,,,DRT,0
3935,35249,Sainte-Anne-sur-Vilaine,,,f,2012,2010_2020,PRESIDENTIELLE,1,689,12.19,87.81,27.56,22.02,12.61,15.46,20.00,,,,,,,DRT,0
3936,35249,Sainte-Anne-sur-Vilaine,,,f,2017,2010_2020,PRESIDENTIELLE,1,695,15.25,84.75,22.42,6.48,23.12,22.24,25.57,,,,,,,EXD,4
3937,35249,Sainte-Anne-sur-Vilaine,,,f,2017,2010_2020,PRESIDENTIELLE,2,695,20.86,79.14,0.00,0.00,64.33,0.00,35.67,,,,,,,CTR,2
3938,35249,Sainte-Anne-sur-Vilaine,,,f,2022,post_2020,PRESIDENTIELLE,1,765,20.26,79.74,4.11,6.68,29.28,28.77,31.16,20230.00,,,,,25.19,EXD,4
3939,35249,Sainte-Anne-sur-Vilaine,,,f,2022,post_2020,PRESIDENTIELLE,2,766,21.93,78.07,0.00,0.00,53.59,0.00,46.41,20230.00,,,,,25.19,CTR,2
3940,35250,Saint-Armel,2271,293.00,f,2002,avant_2010,PRESIDENTIELLE,2,1048,14.03,85.97,92.79,0.00,0.00,0.00,7.21,,,,,,,DRT,0
3941,35250,Saint-Armel,2271,293.00,f,2007,avant_2010,PRESIDENTIELLE,1,1184,7.52,92.48,25.21,31.95,24.65,7.85,7.29,,,,,,,GCH,1
3942,35250,Saint-Armel,2271,293.00,f,2012,2010_2020,PRESIDENTIELLE,1,1227,8.88,91.12,18.91,33.36,12.82,14.45,15.64,,,,,,,GCH,1
3943,35250,Saint-Armel,2271,293.00,f,2017,2010_2020,PRESIDENTIELLE,1,1352,9.91,90.09,13.84,9.65,31.12,25.50,19.71,,,,,,,CTR,2
3944,35250,Saint-Armel,2271,293.00,f,2017,2010_2020,PRESIDENTIELLE,2,1352,15.98,84.02,0.00,0.00,80.78,0.00,19.22,,,,,,,CTR,2
3945,35250,Saint-Armel,2271,293.00,f,2022,post_2020,PRESIDENTIELLE,1,1626,17.28,82.72,2.90,11.23,36.36,29.18,20.32,24090.00,,0.195,2.500,,21.76,CTR,2
3946,35250,Saint-Armel,2271,293.00,f,2022,post_2020,PRESIDENTIELLE,2,1627,19.42,80.58,0.00,0.00,73.31,0.00,26.69,24090.00,,0.195,2.500,,21.76,CTR,2
3947,35251,Saint-Aubin-d'Aubigné,,,f,2002,avant_2010,PRESIDENTIELLE,2,1908,16.25,83.75,90.39,0.00,0.00,0.00,9.61,,,,,,,DRT,0
3948,35251,Saint-Aubin-d'Aubigné,,,f,2007,avant_2010,PRESIDENTIELLE,1,2175,12.00,88.00,26.30,30.38,24.66,7.74,7.64,,,,,,,GCH,1
3949,35251,Saint-Aubin-d'Aubigné,,,f,2012,2010_2020,PRESIDENTIELLE,1,2403,13.86,86.14,22.57,34.03,11.61,11.71,16.72,,,,,,,GCH,1
3950,35251,Saint-Aubin-d'Aubigné,,,f,2017,2010_2020,PRESIDENTIELLE,1,2688,15.36,84.64,13.84,9.55,33.48,22.22,20.68,,,,,,,CTR,2
3951,35251,Saint-Aubin-d'Aubigné,,,f,2017,2010_2020,PRESIDENTIELLE,2,2688,18.79,81.21,0.00,0.00,76.00,0.00,24.00,,,,,,,CTR,2
3952,35251,Saint-Aubin-d'Aubigné,,,f,2022,post_2020,PRESIDENTIELLE,1,2990,22.17,77.83,3.95,9.80,38.80,23.11,24.34,23610.00,,0.208,2.400,,21.27,CTR,2
3953,35251,Saint-Aubin-d'Aubigné,,,f,2022,post_2020,PRESIDENTIELLE,2,2991,21.97,78.03,0.00,0.00,69.98,0.00,30.02,23610.00,,0.208,2.400,,21.27,CTR,2
3954,35252,Saint-Aubin-des-Landes,,,f,2002,avant_2010,PRESIDENTIELLE,2,632,11.71,88.29,89.06,0.00,0.00,0.00,10.94,,,,,,,DRT,0
3955,35252,Saint-Aubin-des-Landes,,,f,2007,avant_2010,PRESIDENTIELLE,1,653,8.88,91.12,38.32,10.48,26.63,6.70,15.81,,,,,,,DRT,0
3956,35252,Saint-Aubin-des-Landes,,,f,2012,2010_2020,PRESIDENTIELLE,1,667,11.39,88.61,36.85,16.78,14.36,9.86,19.72,,,,,,,DRT,0
3957,35252,Saint-Aubin-des-Landes,,,f,2017,2010_2020,PRESIDENTIELLE,1,736,11.68,88.32,25.63,5.06,25.00,17.72,26.11,,,,,,,EXD,4
3958,35252,Saint-Aubin-des-Landes,,,f,2017,2010_2020,PRESIDENTIELLE,2,736,15.08,84.92,0.00,0.00,69.75,0.00,30.25,,,,,,,CTR,2
3959,35252,Saint-Aubin-des-Landes,,,f,2022,post_2020,PRESIDENTIELLE,1,762,18.77,81.23,4.90,7.35,41.01,15.69,31.05,23350.00,,,,,19.50,CTR,2
3960,35252,Saint-Aubin-des-Landes,,,f,2022,post_2020,PRESIDENTIELLE,2,762,19.42,80.58,0.00,0.00,63.73,0.00,36.27,23350.00,,,,,19.50,CTR,2
3961,35253,Saint-Aubin-du-Cormier,,,f,2002,avant_2010,PRESIDENTIELLE,2,1766,15.23,84.77,88.88,0.00,0.00,0.00,11.12,,,,,,,DRT,0
3962,35253,Saint-Aubin-du-Cormier,,,f,2007,avant_2010,PRESIDENTIELLE,1,2129,10.33,89.67,32.22,26.27,19.32,8.55,9.55,,,,,,,DRT,0
3963,35253,Saint-Aubin-du-Cormier,,,f,2012,2010_2020,PRESIDENTIELLE,1,2159,12.64,87.36,25.94,28.67,11.47,13.38,16.55,,,,,,,GCH,1
3964,35253,Saint-Aubin-du-Cormier,,,f,2017,2010_2020,PRESIDENTIELLE,1,2318,15.36,84.64,17.59,8.82,31.78,19.75,21.95,,,,,,,CTR,2
3965,35253,Saint-Aubin-du-Cormier,,,f,2017,2010_2020,PRESIDENTIELLE,2,2317,19.03,80.97,0.00,0.00,75.00,0.00,25.00,,,,,,,CTR,2
3966,35253,Saint-Aubin-du-Cormier,,,f,2022,post_2020,PRESIDENTIELLE,1,2567,17.76,82.24,3.62,11.39,36.04,24.35,24.60,24390.00,,0.203,2.300,,29.19,CTR,2
3967,35253,Saint-Aubin-du-Cormier,,,f,2022,post_2020,PRESIDENTIELLE,2,2566,17.61,82.39,0.00,0.00,69.22,0.00,30.78,24390.00,,0.203,2.300,,29.19,CTR,2
3968,35255,Saint-Benoît-des-Ondes,,,f,2002,avant_2010,PRESIDENTIELLE,2,703,13.51,86.49,84.48,0.00,0.00,0.00,15.52,,,,,,,DRT,0
3969,35255,Saint-Benoît-des-Ondes,,,f,2007,avant_2010,PRESIDENTIELLE,1,828,9.90,90.10,29.72,27.00,19.27,10.04,11.67,,,,,,,DRT,0
3970,35255,Saint-Benoît-des-Ondes,,,f,2012,2010_2020,PRESIDENTIELLE,1,808,13.24,86.76,24.56,28.92,9.59,12.79,22.09,,,,,,,GCH,1
3971,35255,Saint-Benoît-des-Ondes,,,f,2017,2010_2020,PRESIDENTIELLE,1,819,17.34,82.66,15.77,6.58,29.40,21.75,26.49,,,,,,,CTR,2
3972,35255,Saint-Benoît-des-Ondes,,,f,2017,2010_2020,PRESIDENTIELLE,2,819,20.63,79.37,0.00,0.00,67.20,0.00,32.80,,,,,,,CTR,2
3973,35255,Saint-Benoît-des-Ondes,,,f,2022,post_2020,PRESIDENTIELLE,1,785,20.89,79.11,3.48,9.44,33.44,20.86,32.78,21910.00,,,,,18.63,CTR,2
3974,35255,Saint-Benoît-des-Ondes,,,f,2022,post_2020,PRESIDENTIELLE,2,787,19.82,80.18,0.00,0.00,57.45,0.00,42.55,21910.00,,,,,18.63,CTR,2
3975,35256,Saint-Briac-sur-Mer,,,f,2002,avant_2010,PRESIDENTIELLE,2,2006,15.25,84.75,89.02,0.00,0.00,0.00,10.98,,,,,,,DRT,0
3976,35256,Saint-Briac-sur-Mer,,,f,2007,avant_2010,PRESIDENTIELLE,1,2094,11.08,88.92,42.40,21.80,20.93,4.71,7.73,,,,,,,DRT,0
3977,35256,Saint-Briac-sur-Mer,,,f,2012,2010_2020,PRESIDENTIELLE,1,2250,16.44,83.56,44.02,24.07,9.36,8.87,9.57,,,,,,,DRT,0
3978,35256,Saint-Briac-sur-Mer,,,f,2017,2010_2020,PRESIDENTIELLE,1,2200,13.68,86.32,39.16,5.88,28.74,13.94,12.23,,,,,,,DRT,0
3979,35256,Saint-Briac-sur-Mer,,,f,2017,2010_2020,PRESIDENTIELLE,2,2200,18.77,81.23,0.00,0.00,81.79,0.00,18.21,,,,,,,CTR,2
3980,35256,Saint-Briac-sur-Mer,,,f,2022,post_2020,PRESIDENTIELLE,1,2316,18.70,81.30,9.67,8.32,46.67,13.69,21.64,27560.00,,0.364,4.200,,39.95,CTR,2
3982,35257,Maen Roch,,,f,2002,avant_2010,PRESIDENTIELLE,2,1891,15.18,84.82,87.32,0.00,0.00,0.00,12.68,,,,,,,DRT,0
3983,35257,Maen Roch,,,f,2007,avant_2010,PRESIDENTIELLE,1,1995,10.38,89.62,29.38,25.43,21.82,8.48,11.80,,,,,,,DRT,0
3984,35257,Maen Roch,,,f,2012,2010_2020,PRESIDENTIELLE,1,2009,13.39,86.61,26.19,31.09,11.09,11.21,18.82,,,,,,,GCH,1
3985,35257,Maen Roch,,,f,2017,2010_2020,PRESIDENTIELLE,1,3424,15.68,84.32,18.75,5.93,27.77,17.78,29.49,,,,,,,EXD,4
3986,35257,Maen Roch,,,f,2017,2010_2020,PRESIDENTIELLE,2,3434,19.54,80.46,0.00,0.00,67.43,0.00,32.57,,,,,,,CTR,2
3987,35257,Maen Roch,,,f,2022,post_2020,PRESIDENTIELLE,1,3420,18.68,81.32,4.36,5.62,39.54,17.48,33.00,22080.00,,0.213,2.400,,20.03,CTR,2
3988,35257,Maen Roch,,,f,2022,post_2020,PRESIDENTIELLE,2,3420,17.81,82.19,0.00,0.00,60.71,0.00,39.29,22080.00,,0.213,2.400,,20.03,CTR,2
3989,35258,Saint-Brieuc-des-Iffs,,,f,2002,avant_2010,PRESIDENTIELLE,2,229,11.35,88.65,95.16,0.00,0.00,0.00,4.84,,,,,,,DRT,0
3990,35258,Saint-Brieuc-des-Iffs,,,f,2007,avant_2010,PRESIDENTIELLE,1,233,6.87,93.13,28.37,27.91,30.23,6.05,5.12,,,,,,,CTR,2
3991,35258,Saint-Brieuc-des-Iffs,,,f,2012,2010_2020,PRESIDENTIELLE,1,239,9.21,90.79,21.90,30.48,15.24,11.43,14.76,,,,,,,GCH,1
3992,35258,Saint-Brieuc-des-Iffs,,,f,2017,2010_2020,PRESIDENTIELLE,1,254,10.63,89.37,15.32,10.81,27.93,25.23,19.82,,,,,,,CTR,2
3993,35258,Saint-Brieuc-des-Iffs,,,f,2017,2010_2020,PRESIDENTIELLE,2,254,12.99,87.01,0.00,0.00,81.31,0.00,18.69,,,,,,,CTR,2
3994,35258,Saint-Brieuc-des-Iffs,,,f,2022,post_2020,PRESIDENTIELLE,1,282,14.18,85.82,2.92,12.92,35.00,27.50,21.67,23990.00,,,,,27.86,CTR,2
3995,35258,Saint-Brieuc-des-Iffs,,,f,2022,post_2020,PRESIDENTIELLE,2,282,13.12,86.88,0.00,0.00,72.30,0.00,27.70,23990.00,,,,,27.86,CTR,2
3996,35259,Saint-Broladre,,,f,2002,avant_2010,PRESIDENTIELLE,2,760,15.26,84.74,83.69,0.00,0.00,0.00,16.31,,,,,,,DRT,0
3997,35259,Saint-Broladre,,,f,2007,avant_2010,PRESIDENTIELLE,1,793,14.00,86.00,35.42,19.64,17.26,8.78,14.29,,,,,,,DRT,0
3998,35259,Saint-Broladre,,,f,2012,2010_2020,PRESIDENTIELLE,1,778,14.52,85.48,28.85,24.89,8.40,12.82,22.75,,,,,,,DRT,0
3999,35259,Saint-Broladre,,,f,2017,2010_2020,PRESIDENTIELLE,1,799,16.27,83.73,23.35,3.38,19.05,18.89,35.18,,,,,,,EXD,4
4000,35259,Saint-Broladre,,,f,2017,2010_2020,PRESIDENTIELLE,2,799,18.90,81.10,0.00,0.00,53.31,0.00,46.69,,,,,,,CTR,2
4001,35259,Saint-Broladre,,,f,2022,post_2020,PRESIDENTIELLE,1,818,21.27,78.73,3.94,5.98,31.34,17.95,40.79,20720.00,,,,,20.58,EXD,4
4002,35259,Saint-Broladre,,,f,2022,post_2020,PRESIDENTIELLE,2,820,20.61,79.39,0.00,0.00,47.48,0.00,52.52,20720.00,,,,,20.58,EXD,4
4003,35260,Saint-Christophe-des-Bois,,,f,2002,avant_2010,PRESIDENTIELLE,2,365,10.96,89.04,85.81,0.00,0.00,0.00,14.19,,,,,,,DRT,0
4004,35260,Saint-Christophe-des-Bois,,,f,2007,avant_2010,PRESIDENTIELLE,1,397,6.30,93.70,29.16,9.54,33.79,10.90,14.44,,,,,,,CTR,2
4005,35260,Saint-Christophe-des-Bois,,,f,2012,2010_2020,PRESIDENTIELLE,1,412,8.50,91.50,27.57,18.65,17.03,8.65,23.51,,,,,,,DRT,0
4006,35260,Saint-Christophe-des-Bois,,,f,2017,2010_2020,PRESIDENTIELLE,1,407,12.53,87.47,21.05,4.68,23.10,19.59,30.99,,,,,,,EXD,4
4007,35260,Saint-Christophe-des-Bois,,,f,2017,2010_2020,PRESIDENTIELLE,2,407,15.97,84.03,0.00,0.00,66.56,0.00,33.44,,,,,,,CTR,2
4008,35260,Saint-Christophe-des-Bois,,,f,2022,post_2020,PRESIDENTIELLE,1,444,21.62,78.38,6.47,5.00,36.47,18.82,33.24,22330.00,,,,,17.79,CTR,2
4009,35260,Saint-Christophe-des-Bois,,,f,2022,post_2020,PRESIDENTIELLE,2,444,18.69,81.31,0.00,0.00,57.14,0.00,42.86,22330.00,,,,,17.79,CTR,2
4010,35261,Saint-Christophe-de-Valains,,,f,2002,avant_2010,PRESIDENTIELLE,2,106,12.26,87.74,77.65,0.00,0.00,0.00,22.35,,,,,,,DRT,0
4011,35261,Saint-Christophe-de-Valains,,,f,2007,avant_2010,PRESIDENTIELLE,1,139,12.95,87.05,16.95,30.51,21.19,10.17,16.95,,,,,,,GCH,1
4012,35261,Saint-Christophe-de-Valains,,,f,2012,2010_2020,PRESIDENTIELLE,1,159,7.55,92.45,13.10,20.69,13.79,19.31,29.66,,,,,,,EXD,4
4013,35261,Saint-Christophe-de-Valains,,,f,2017,2010_2020,PRESIDENTIELLE,1,154,7.79,92.21,10.79,4.32,20.86,16.55,47.48,,,,,,,EXD,4
4014,35261,Saint-Christophe-de-Valains,,,f,2017,2010_2020,PRESIDENTIELLE,2,154,11.69,88.31,0.00,0.00,54.03,0.00,45.97,,,,,,,CTR,2
4015,35261,Saint-Christophe-de-Valains,,,f,2022,post_2020,PRESIDENTIELLE,1,174,14.37,85.63,0.68,5.41,26.35,25.00,42.57,21390.00,,,,,30.43,EXD,4
4016,35261,Saint-Christophe-de-Valains,,,f,2022,post_2020,PRESIDENTIELLE,2,174,12.07,87.93,0.00,0.00,47.86,0.00,52.14,21390.00,,,,,30.43,EXD,4
4017,35262,Sainte-Colombe,,,f,2002,avant_2010,PRESIDENTIELLE,2,212,17.45,82.55,90.48,0.00,0.00,0.00,9.52,,,,,,,DRT,0
4018,35262,Sainte-Colombe,,,f,2007,avant_2010,PRESIDENTIELLE,1,219,13.24,86.76,36.56,20.43,19.35,5.38,11.83,,,,,,,DRT,0
4019,35262,Sainte-Colombe,,,f,2012,2010_2020,PRESIDENTIELLE,1,208,12.98,87.02,35.26,17.92,14.45,9.25,21.97,,,,,,,DRT,0
4020,35262,Sainte-Colombe,,,f,2017,2010_2020,PRESIDENTIELLE,1,234,11.54,88.46,26.50,4.50,27.00,18.50,23.50,,,,,,,CTR,2
4021,35262,Sainte-Colombe,,,f,2017,2010_2020,PRESIDENTIELLE,2,234,16.67,83.33,0.00,0.00,68.71,0.00,31.29,,,,,,,CTR,2
4022,35262,Sainte-Colombe,,,f,2022,post_2020,PRESIDENTIELLE,1,240,15.83,84.17,4.55,5.56,40.40,20.71,28.79,22730.00,,,,,13.74,CTR,2
4023,35262,Sainte-Colombe,,,f,2022,post_2020,PRESIDENTIELLE,2,240,15.00,85.00,0.00,0.00,60.85,0.00,39.15,22730.00,,,,,13.74,CTR,2
4024,35263,Saint-Coulomb,,,f,2002,avant_2010,PRESIDENTIELLE,2,1731,15.66,84.34,86.13,0.00,0.00,0.00,13.87,,,,,,,DRT,0
4025,35263,Saint-Coulomb,,,f,2007,avant_2010,PRESIDENTIELLE,1,1934,10.60,89.40,36.22,21.06,23.82,6.32,10.53,,,,,,,DRT,0
4026,35263,Saint-Coulomb,,,f,2012,2010_2020,PRESIDENTIELLE,1,2172,14.18,85.82,33.55,25.70,11.18,10.26,16.75,,,,,,,DRT,0
4027,35263,Saint-Coulomb,,,f,2017,2010_2020,PRESIDENTIELLE,1,2391,15.81,84.19,29.25,6.07,30.16,15.84,18.62,,,,,,,CTR,2
4028,35263,Saint-Coulomb,,,f,2017,2010_2020,PRESIDENTIELLE,2,2391,19.41,80.59,0.00,0.00,77.20,0.00,22.80,,,,,,,CTR,2
4029,35263,Saint-Coulomb,,,f,2022,post_2020,PRESIDENTIELLE,1,2602,18.49,81.51,6.26,8.42,41.34,16.55,27.43,26740.00,,0.254,2.700,,20.88,CTR,2
4030,35263,Saint-Coulomb,,,f,2022,post_2020,PRESIDENTIELLE,2,2602,18.33,81.67,0.00,0.00,67.16,0.00,32.84,26740.00,,0.254,2.700,,20.88,CTR,2
4031,35264,Saint-Didier,,,f,2002,avant_2010,PRESIDENTIELLE,2,992,12.30,87.70,89.13,0.00,0.00,0.00,10.87,,,,,,,DRT,0
4032,35264,Saint-Didier,,,f,2007,avant_2010,PRESIDENTIELLE,1,1167,7.46,92.54,34.11,18.17,27.49,6.24,11.37,,,,,,,DRT,0
4033,35264,Saint-Didier,,,f,2012,2010_2020,PRESIDENTIELLE,1,1313,12.57,87.43,32.17,24.46,13.26,12.63,15.23,,,,,,,DRT,0
4034,35264,Saint-Didier,,,f,2017,2010_2020,PRESIDENTIELLE,1,1390,12.37,87.63,18.78,5.70,32.86,18.78,23.72,,,,,,,CTR,2
4035,35264,Saint-Didier,,,f,2017,2010_2020,PRESIDENTIELLE,2,1390,16.98,83.02,0.00,0.00,76.92,0.00,23.08,,,,,,,CTR,2
4036,35264,Saint-Didier,,,f,2022,post_2020,PRESIDENTIELLE,1,1491,19.25,80.75,4.17,9.95,39.37,19.64,26.87,25300.00,,0.186,2.200,,15.27,CTR,2
4037,35264,Saint-Didier,,,f,2022,post_2020,PRESIDENTIELLE,2,1491,17.24,82.76,0.00,0.00,66.78,0.00,33.22,25300.00,,0.186,2.200,,15.27,CTR,2
4038,35265,Saint-Domineuc,,,f,2002,avant_2010,PRESIDENTIELLE,2,1218,15.44,84.56,87.24,0.00,0.00,0.00,12.76,,,,,,,DRT,0
4039,35265,Saint-Domineuc,,,f,2007,avant_2010,PRESIDENTIELLE,1,1414,9.26,90.74,22.95,34.54,20.82,8.83,10.02,,,,,,,GCH,1
4040,35265,Saint-Domineuc,,,f,2012,2010_2020,PRESIDENTIELLE,1,1574,10.55,89.45,24.04,35.84,9.12,11.01,17.38,,,,,,,GCH,1
4041,35265,Saint-Domineuc,,,f,2017,2010_2020,PRESIDENTIELLE,1,1722,11.90,88.10,15.38,8.06,30.08,21.75,24.53,,,,,,,CTR,2
4042,35265,Saint-Domineuc,,,f,2017,2010_2020,PRESIDENTIELLE,2,1722,14.05,85.95,0.00,0.00,68.64,0.00,31.36,,,,,,,CTR,2
4043,35265,Saint-Domineuc,,,f,2022,post_2020,PRESIDENTIELLE,1,1812,17.27,82.73,2.47,8.22,35.00,25.27,29.04,23700.00,,0.211,2.400,,23.58,CTR,2
4044,35265,Saint-Domineuc,,,f,2022,post_2020,PRESIDENTIELLE,2,1813,16.05,83.95,0.00,0.00,62.15,0.00,37.85,23700.00,,0.211,2.400,,23.58,CTR,2
4045,35266,Saint-Erblon,3466,317.00,f,2002,avant_2010,PRESIDENTIELLE,2,1694,11.51,88.49,91.29,0.00,0.00,0.00,8.71,,,,,,,DRT,0
4046,35266,Saint-Erblon,3466,317.00,f,2007,avant_2010,PRESIDENTIELLE,1,1777,7.32,92.68,24.80,31.23,25.35,7.29,8.02,,,,,,,GCH,1
4047,35266,Saint-Erblon,3466,317.00,f,2012,2010_2020,PRESIDENTIELLE,1,1863,10.09,89.91,25.47,33.70,12.10,10.77,13.61,,,,,,,GCH,1
4048,35266,Saint-Erblon,3466,317.00,f,2017,2010_2020,PRESIDENTIELLE,1,2210,12.26,87.74,17.50,9.48,34.05,21.48,17.34,,,,,,,CTR,2
4049,35266,Saint-Erblon,3466,317.00,f,2017,2010_2020,PRESIDENTIELLE,2,2210,16.97,83.03,0.00,0.00,81.63,0.00,18.37,,,,,,,CTR,2
4050,35266,Saint-Erblon,3466,317.00,f,2022,post_2020,PRESIDENTIELLE,1,2496,18.55,81.45,3.84,11.17,38.30,24.56,22.13,24550.00,,0.239,2.600,,23.79,CTR,2
4051,35266,Saint-Erblon,3466,317.00,f,2022,post_2020,PRESIDENTIELLE,2,2499,19.57,80.43,0.00,0.00,74.66,0.00,25.34,24550.00,,0.239,2.600,,23.79,CTR,2
4052,35268,Saint-Ganton,,,t,2002,avant_2010,PRESIDENTIELLE,2,346,20.23,79.77,83.90,0.00,0.00,0.00,16.10,,,,,,,DRT,0
4053,35268,Saint-Ganton,,,t,2007,avant_2010,PRESIDENTIELLE,1,329,10.64,89.36,25.86,20.00,23.10,12.76,13.79,,,,,,,DRT,0
4054,35268,Saint-Ganton,,,t,2012,2010_2020,PRESIDENTIELLE,1,338,18.64,81.36,21.35,22.10,7.49,14.98,30.34,,,,,,,EXD,4
4055,35268,Saint-Ganton,,,t,2017,2010_2020,PRESIDENTIELLE,1,341,20.23,79.77,12.36,6.18,19.69,24.32,37.45,,,,,,,EXD,4
4056,35268,Saint-Ganton,,,t,2017,2010_2020,PRESIDENTIELLE,2,341,19.35,80.65,0.00,0.00,59.76,0.00,40.24,,,,,,,CTR,2
4057,35268,Saint-Ganton,,,t,2022,post_2020,PRESIDENTIELLE,1,356,25.56,74.44,1.19,7.14,26.98,26.59,38.10,21220.00,,,,,45.89,EXD,4
4058,35268,Saint-Ganton,,,t,2022,post_2020,PRESIDENTIELLE,2,355,26.76,73.24,0.00,0.00,49.17,0.00,50.83,21220.00,,,,,45.89,EXD,4
4059,35270,Saint-Georges-de-Gréhaigne,,,f,2002,avant_2010,PRESIDENTIELLE,2,313,12.14,87.86,77.87,0.00,0.00,0.00,22.13,,,,,,,DRT,0
4060,35270,Saint-Georges-de-Gréhaigne,,,f,2007,avant_2010,PRESIDENTIELLE,1,319,13.17,86.83,36.33,20.22,12.73,10.86,17.60,,,,,,,DRT,0
4061,35270,Saint-Georges-de-Gréhaigne,,,f,2012,2010_2020,PRESIDENTIELLE,1,307,12.05,87.95,35.09,20.75,5.66,7.55,29.81,,,,,,,DRT,0
4062,35270,Saint-Georges-de-Gréhaigne,,,f,2017,2010_2020,PRESIDENTIELLE,1,302,13.58,86.42,22.49,4.42,18.47,16.06,38.55,,,,,,,EXD,4
4063,35270,Saint-Georges-de-Gréhaigne,,,f,2017,2010_2020,PRESIDENTIELLE,2,302,13.25,86.75,0.00,0.00,51.33,0.00,48.67,,,,,,,CTR,2
4064,35270,Saint-Georges-de-Gréhaigne,,,f,2022,post_2020,PRESIDENTIELLE,1,305,20.66,79.34,6.44,3.00,27.47,15.88,47.21,23210.00,,,,,21.22,EXD,4
4065,35270,Saint-Georges-de-Gréhaigne,,,f,2022,post_2020,PRESIDENTIELLE,2,305,16.72,83.28,0.00,0.00,44.64,0.00,55.36,23210.00,,,,,21.22,EXD,4
4066,35271,Saint-Georges-de-Reintembault,,,f,2002,avant_2010,PRESIDENTIELLE,2,1193,18.61,81.39,86.14,0.00,0.00,0.00,13.86,,,,,,,DRT,0
4067,35271,Saint-Georges-de-Reintembault,,,f,2007,avant_2010,PRESIDENTIELLE,1,1111,13.86,86.14,39.25,13.12,23.12,5.05,16.45,,,,,,,DRT,0
4068,35271,Saint-Georges-de-Reintembault,,,f,2012,2010_2020,PRESIDENTIELLE,1,1054,16.70,83.30,39.86,17.23,13.25,7.15,20.87,,,,,,,DRT,0
4069,35271,Saint-Georges-de-Reintembault,,,f,2017,2010_2020,PRESIDENTIELLE,1,1015,20.30,79.70,31.35,4.66,22.67,12.05,29.02,,,,,,,DRT,0
4070,35271,Saint-Georges-de-Reintembault,,,f,2017,2010_2020,PRESIDENTIELLE,2,1015,22.66,77.34,0.00,0.00,62.61,0.00,37.39,,,,,,,CTR,2
4071,35271,Saint-Georges-de-Reintembault,,,f,2022,post_2020,PRESIDENTIELLE,1,1045,27.18,72.82,6.24,4.34,38.81,15.47,35.14,20830.00,,,,,29.53,CTR,2
4072,35271,Saint-Georges-de-Reintembault,,,f,2022,post_2020,PRESIDENTIELLE,2,1045,24.50,75.50,0.00,0.00,56.75,0.00,43.25,20830.00,,,,,29.53,CTR,2
4073,35272,Saint-Germain-du-Pinel,,,f,2002,avant_2010,PRESIDENTIELLE,2,540,16.11,83.89,90.79,0.00,0.00,0.00,9.21,,,,,,,DRT,0
4074,35272,Saint-Germain-du-Pinel,,,f,2007,avant_2010,PRESIDENTIELLE,1,619,12.76,87.24,43.67,12.48,23.82,5.67,11.91,,,,,,,DRT,0
4075,35272,Saint-Germain-du-Pinel,,,f,2012,2010_2020,PRESIDENTIELLE,1,662,14.65,85.35,34.70,15.38,16.82,10.73,20.57,,,,,,,DRT,0
4076,35272,Saint-Germain-du-Pinel,,,f,2017,2010_2020,PRESIDENTIELLE,1,666,18.17,81.83,24.95,5.03,25.53,18.38,26.11,,,,,,,EXD,4
4077,35272,Saint-Germain-du-Pinel,,,f,2017,2010_2020,PRESIDENTIELLE,2,666,24.17,75.83,0.00,0.00,69.42,0.00,30.58,,,,,,,CTR,2
4078,35272,Saint-Germain-du-Pinel,,,f,2022,post_2020,PRESIDENTIELLE,1,663,20.21,79.79,4.84,6.98,41.67,17.05,29.46,22150.00,,,,,19.86,CTR,2
4079,35272,Saint-Germain-du-Pinel,,,f,2022,post_2020,PRESIDENTIELLE,2,663,18.70,81.30,0.00,0.00,65.54,0.00,34.46,22150.00,,,,,19.86,CTR,2
4080,35273,Saint-Germain-en-Coglès,,,f,2002,avant_2010,PRESIDENTIELLE,2,1417,12.21,87.79,90.89,0.00,0.00,0.00,9.11,,,,,,,DRT,0
4081,35273,Saint-Germain-en-Coglès,,,f,2007,avant_2010,PRESIDENTIELLE,1,1513,7.80,92.20,34.29,18.97,25.71,8.79,9.67,,,,,,,DRT,0
4082,35273,Saint-Germain-en-Coglès,,,f,2012,2010_2020,PRESIDENTIELLE,1,1551,10.32,89.68,33.19,21.49,14.25,9.58,18.42,,,,,,,DRT,0
4083,35273,Saint-Germain-en-Coglès,,,f,2017,2010_2020,PRESIDENTIELLE,1,1540,11.95,88.05,23.62,5.66,28.82,16.67,25.15,,,,,,,CTR,2
4084,35273,Saint-Germain-en-Coglès,,,f,2017,2010_2020,PRESIDENTIELLE,2,1536,13.87,86.13,0.00,0.00,71.07,0.00,28.93,,,,,,,CTR,2
4085,35273,Saint-Germain-en-Coglès,,,f,2022,post_2020,PRESIDENTIELLE,1,1560,20.00,80.00,4.52,6.61,44.40,16.05,28.43,22440.00,,0.212,2.400,,21.52,CTR,2
4086,35273,Saint-Germain-en-Coglès,,,f,2022,post_2020,PRESIDENTIELLE,2,1561,19.54,80.46,0.00,0.00,64.33,0.00,35.67,22440.00,,0.212,2.400,,21.52,CTR,2
4087,35274,Saint-Germain-sur-Ille,,,f,2002,avant_2010,PRESIDENTIELLE,2,531,15.25,84.75,92.69,0.00,0.00,0.00,7.31,,,,,,,DRT,0
4088,35274,Saint-Germain-sur-Ille,,,f,2007,avant_2010,PRESIDENTIELLE,1,609,6.90,93.10,22.90,35.60,24.33,9.66,4.47,,,,,,,GCH,1
4089,35274,Saint-Germain-sur-Ille,,,f,2012,2010_2020,PRESIDENTIELLE,1,626,11.82,88.18,16.64,35.49,10.91,17.01,12.38,,,,,,,GCH,1
4090,35274,Saint-Germain-sur-Ille,,,f,2017,2010_2020,PRESIDENTIELLE,1,634,10.25,89.75,10.47,11.19,25.27,38.63,13.90,,,,,,,EXG,3
4091,35274,Saint-Germain-sur-Ille,,,f,2017,2010_2020,PRESIDENTIELLE,2,634,19.09,80.91,0.00,0.00,86.39,0.00,13.61,,,,,,,CTR,2
4092,35274,Saint-Germain-sur-Ille,,,f,2022,post_2020,PRESIDENTIELLE,1,753,15.14,84.86,3.69,8.49,25.96,46.31,15.54,25110.00,,,,,39.10,EXG,3
4093,35274,Saint-Germain-sur-Ille,,,f,2022,post_2020,PRESIDENTIELLE,2,753,21.25,78.75,0.00,0.00,79.96,0.00,20.04,25110.00,,,,,39.10,CTR,2
4094,35275,Saint-Gilles,5402,261.00,f,2002,avant_2010,PRESIDENTIELLE,2,2693,14.82,85.18,92.26,0.00,0.00,0.00,7.74,,,,,,,DRT,0
4095,35275,Saint-Gilles,5402,261.00,f,2007,avant_2010,PRESIDENTIELLE,1,2728,8.47,91.53,28.41,29.34,25.30,7.06,6.90,,,,,,,GCH,1
4096,35275,Saint-Gilles,5402,261.00,f,2012,2010_2020,PRESIDENTIELLE,1,2805,9.70,90.30,26.30,34.62,13.55,11.34,11.86,,,,,,,GCH,1
4097,35275,Saint-Gilles,5402,261.00,f,2017,2010_2020,PRESIDENTIELLE,1,3197,9.51,90.49,18.37,8.71,37.83,18.41,16.61,,,,,,,CTR,2
4098,35275,Saint-Gilles,5402,261.00,f,2017,2010_2020,PRESIDENTIELLE,2,3197,14.14,85.86,0.00,0.00,82.54,0.00,17.46,,,,,,,CTR,2
4099,35275,Saint-Gilles,5402,261.00,f,2022,post_2020,PRESIDENTIELLE,1,3521,14.91,85.09,3.99,9.00,41.07,23.96,21.98,24910.00,,0.228,2.600,,17.31,CTR,2
4100,35275,Saint-Gilles,5402,261.00,f,2022,post_2020,PRESIDENTIELLE,2,3524,14.98,85.02,0.00,0.00,75.03,0.00,24.97,24910.00,,0.228,2.600,,17.31,CTR,2
4101,35276,Saint-Gondran,,,f,2002,avant_2010,PRESIDENTIELLE,2,371,16.98,83.02,85.37,0.00,0.00,0.00,14.63,,,,,,,DRT,0
4102,35276,Saint-Gondran,,,f,2007,avant_2010,PRESIDENTIELLE,1,406,11.33,88.67,25.71,35.03,18.36,9.89,8.19,,,,,,,GCH,1
4103,35276,Saint-Gondran,,,f,2012,2010_2020,PRESIDENTIELLE,1,392,11.73,88.27,19.41,32.65,10.29,13.82,18.53,,,,,,,GCH,1
4104,35276,Saint-Gondran,,,f,2017,2010_2020,PRESIDENTIELLE,1,438,11.19,88.81,14.25,8.71,26.39,23.48,26.91,,,,,,,EXD,4
4105,35276,Saint-Gondran,,,f,2017,2010_2020,PRESIDENTIELLE,2,438,15.98,84.02,0.00,0.00,70.25,0.00,29.75,,,,,,,CTR,2
4106,35276,Saint-Gondran,,,f,2022,post_2020,PRESIDENTIELLE,1,480,15.42,84.58,5.01,11.28,30.33,26.32,27.07,24780.00,,,,,23.85,CTR,2
4107,35276,Saint-Gondran,,,f,2022,post_2020,PRESIDENTIELLE,2,480,17.29,82.71,0.00,0.00,62.61,0.00,37.39,24780.00,,,,,23.85,CTR,2
4108,35277,Saint-Gonlay,,,t,2002,avant_2010,PRESIDENTIELLE,2,225,14.67,85.33,87.29,0.00,0.00,0.00,12.71,,,,,,,DRT,0
4109,35277,Saint-Gonlay,,,t,2007,avant_2010,PRESIDENTIELLE,1,270,15.56,84.44,30.22,26.67,22.22,6.22,10.67,,,,,,,DRT,0
4110,35277,Saint-Gonlay,,,t,2012,2010_2020,PRESIDENTIELLE,1,267,11.24,88.76,26.50,33.76,4.27,10.68,17.52,,,,,,,GCH,1
4111,35277,Saint-Gonlay,,,t,2017,2010_2020,PRESIDENTIELLE,1,285,9.12,90.88,16.60,9.49,24.11,21.34,28.46,,,,,,,EXD,4
4112,35277,Saint-Gonlay,,,t,2017,2010_2020,PRESIDENTIELLE,2,285,15.44,84.56,0.00,0.00,71.03,0.00,28.97,,,,,,,CTR,2
4113,35277,Saint-Gonlay,,,t,2022,post_2020,PRESIDENTIELLE,1,306,18.63,81.37,8.10,6.48,29.96,31.58,23.89,22210.00,,,,,34.12,EXG,3
4114,35277,Saint-Gonlay,,,t,2022,post_2020,PRESIDENTIELLE,2,306,20.92,79.08,0.00,0.00,62.56,0.00,37.44,22210.00,,,,,34.12,CTR,2
4115,35278,Saint-Grégoire,9837,569.00,f,2002,avant_2010,PRESIDENTIELLE,2,5845,13.43,86.57,94.32,0.00,0.00,0.00,5.68,,,,,,,DRT,0
4116,35278,Saint-Grégoire,9837,569.00,f,2007,avant_2010,PRESIDENTIELLE,1,6319,9.16,90.84,34.11,26.88,28.04,3.77,4.58,,,,,,,DRT,0
4117,35278,Saint-Grégoire,9837,569.00,f,2012,2010_2020,PRESIDENTIELLE,1,7093,13.20,86.80,34.71,32.17,15.20,7.97,6.65,,,,,,,DRT,0
4118,35278,Saint-Grégoire,9837,569.00,f,2017,2010_2020,PRESIDENTIELLE,1,7832,14.95,85.05,28.56,7.18,41.69,13.73,8.75,,,,,,,CTR,2
4119,35278,Saint-Grégoire,9837,569.00,f,2017,2010_2020,PRESIDENTIELLE,2,7832,19.00,81.00,0.00,0.00,88.96,0.00,11.04,,,,,,,CTR,2
4120,35278,Saint-Grégoire,9837,569.00,f,2022,post_2020,PRESIDENTIELLE,1,7873,17.99,82.01,7.28,10.44,47.12,19.19,15.98,31110.00,,0.315,3.500,,29.52,CTR,2
4121,35278,Saint-Grégoire,9837,569.00,f,2022,post_2020,PRESIDENTIELLE,2,7878,17.25,82.75,0.00,0.00,83.43,0.00,16.57,31110.00,,0.315,3.500,,29.52,CTR,2
4122,35279,Saint-Guinoux,,,f,2002,avant_2010,PRESIDENTIELLE,2,577,11.79,88.21,87.79,0.00,0.00,0.00,12.21,,,,,,,DRT,0
4123,35279,Saint-Guinoux,,,f,2007,avant_2010,PRESIDENTIELLE,1,598,9.36,90.64,25.93,22.01,24.63,11.19,12.13,,,,,,,DRT,0
4124,35279,Saint-Guinoux,,,f,2012,2010_2020,PRESIDENTIELLE,1,709,10.16,89.84,25.53,25.85,11.15,16.96,18.42,,,,,,,GCH,1
4125,35279,Saint-Guinoux,,,f,2017,2010_2020,PRESIDENTIELLE,1,835,13.41,86.59,18.88,4.58,22.17,25.46,28.61,,,,,,,EXD,4
4126,35279,Saint-Guinoux,,,f,2017,2010_2020,PRESIDENTIELLE,2,835,15.69,84.31,0.00,0.00,61.80,0.00,38.20,,,,,,,CTR,2
4127,35279,Saint-Guinoux,,,f,2022,post_2020,PRESIDENTIELLE,1,898,24.50,75.50,4.06,5.86,33.23,22.41,34.44,22780.00,,,,,24.06,EXD,4
4128,35279,Saint-Guinoux,,,f,2022,post_2020,PRESIDENTIELLE,2,900,23.56,76.44,0.00,0.00,55.43,0.00,44.57,22780.00,,,,,24.06,CTR,2
4129,35280,Saint-Hilaire-des-Landes,,,f,2002,avant_2010,PRESIDENTIELLE,2,703,17.64,82.36,87.89,0.00,0.00,0.00,12.11,,,,,,,DRT,0
4130,35280,Saint-Hilaire-des-Landes,,,f,2007,avant_2010,PRESIDENTIELLE,1,701,12.41,87.59,31.19,25.58,20.96,8.42,10.23,,,,,,,DRT,0
4131,35280,Saint-Hilaire-des-Landes,,,f,2012,2010_2020,PRESIDENTIELLE,1,702,10.83,89.17,24.76,28.50,14.82,10.26,20.03,,,,,,,GCH,1
4132,35280,Saint-Hilaire-des-Landes,,,f,2017,2010_2020,PRESIDENTIELLE,1,689,13.21,86.79,18.26,4.52,22.43,20.87,33.74,,,,,,,EXD,4
4133,35280,Saint-Hilaire-des-Landes,,,f,2017,2010_2020,PRESIDENTIELLE,2,689,17.56,82.44,0.00,0.00,61.89,0.00,38.11,,,,,,,CTR,2
4134,35280,Saint-Hilaire-des-Landes,,,f,2022,post_2020,PRESIDENTIELLE,1,706,19.69,80.31,3.85,4.03,34.43,20.51,37.18,22230.00,,,,,19.38,EXD,4
4135,35280,Saint-Hilaire-des-Landes,,,f,2022,post_2020,PRESIDENTIELLE,2,706,15.16,84.84,0.00,0.00,54.56,0.00,45.44,22230.00,,,,,19.38,CTR,2
4136,35281,Saint-Jacques-de-la-Lande,13656,1154.00,t,2002,avant_2010,PRESIDENTIELLE,2,5209,16.36,83.64,91.59,0.00,0.00,0.00,8.41,,,,,,,DRT,0
4137,35281,Saint-Jacques-de-la-Lande,13656,1154.00,t,2007,avant_2010,PRESIDENTIELLE,1,6132,11.24,88.76,23.80,36.04,21.86,7.87,6.85,,,,,,,GCH,1
4138,35281,Saint-Jacques-de-la-Lande,13656,1154.00,t,2012,2010_2020,PRESIDENTIELLE,1,6550,17.88,82.12,17.42,39.97,10.54,15.75,12.53,,,,,,,GCH,1
4139,35281,Saint-Jacques-de-la-Lande,13656,1154.00,t,2017,2010_2020,PRESIDENTIELLE,1,7486,19.56,80.44,11.35,12.50,30.87,29.93,15.08,,,,,,,CTR,2
4140,35281,Saint-Jacques-de-la-Lande,13656,1154.00,t,2017,2010_2020,PRESIDENTIELLE,2,7486,25.09,74.91,0.00,0.00,82.89,0.00,17.11,,,,,,,CTR,2
4141,35281,Saint-Jacques-de-la-Lande,13656,1154.00,t,2022,post_2020,PRESIDENTIELLE,1,7972,26.20,73.80,2.66,11.00,29.80,38.96,17.58,21730.00,,0.235,2.900,,25.45,EXG,3
4142,35281,Saint-Jacques-de-la-Lande,13656,1154.00,t,2022,post_2020,PRESIDENTIELLE,2,7973,29.31,70.69,0.00,0.00,76.46,0.00,23.54,21730.00,,0.235,2.900,,25.45,CTR,2
4143,35282,Rives-du-Couesnon,,,f,2002,avant_2010,PRESIDENTIELLE,2,686,18.51,81.49,87.97,0.00,0.00,0.00,12.03,,,,,,,DRT,0
4144,35282,Rives-du-Couesnon,,,f,2007,avant_2010,PRESIDENTIELLE,1,732,11.61,88.39,32.97,22.92,24.96,6.75,9.73,,,,,,,DRT,0
4145,35282,Rives-du-Couesnon,,,f,2012,2010_2020,PRESIDENTIELLE,1,765,13.33,86.67,26.74,24.11,16.54,10.36,20.56,,,,,,,DRT,0
4146,35282,Rives-du-Couesnon,,,f,2017,2010_2020,PRESIDENTIELLE,1,815,11.66,88.34,20.60,8.24,26.14,20.88,24.01,,,,,,,CTR,2
4147,35282,Rives-du-Couesnon,,,f,2017,2010_2020,PRESIDENTIELLE,2,815,15.46,84.54,0.00,0.00,72.67,0.00,27.33,,,,,,,CTR,2
4148,35282,Rives-du-Couesnon,,,f,2022,post_2020,PRESIDENTIELLE,1,1997,20.83,79.17,3.71,8.72,39.84,19.34,28.39,23170.00,,0.177,2.200,,13.02,CTR,2
4149,35282,Rives-du-Couesnon,,,f,2022,post_2020,PRESIDENTIELLE,2,1998,20.32,79.68,0.00,0.00,65.34,0.00,34.66,23170.00,,0.177,2.200,,13.02,CTR,2
4150,35283,Saint-Jean-sur-Vilaine,,,f,2002,avant_2010,PRESIDENTIELLE,2,639,10.17,89.83,91.19,0.00,0.00,0.00,8.81,,,,,,,DRT,0
4151,35283,Saint-Jean-sur-Vilaine,,,f,2007,avant_2010,PRESIDENTIELLE,1,730,8.63,91.37,28.79,18.18,34.09,7.27,9.39,,,,,,,CTR,2
4152,35283,Saint-Jean-sur-Vilaine,,,f,2012,2010_2020,PRESIDENTIELLE,1,800,12.25,87.75,30.62,23.51,21.34,8.27,14.37,,,,,,,DRT,0
4153,35283,Saint-Jean-sur-Vilaine,,,f,2017,2010_2020,PRESIDENTIELLE,1,930,12.15,87.85,21.03,5.63,31.66,19.65,21.90,,,,,,,CTR,2
4154,35283,Saint-Jean-sur-Vilaine,,,f,2017,2010_2020,PRESIDENTIELLE,2,930,18.49,81.51,0.00,0.00,78.08,0.00,21.92,,,,,,,CTR,2
4155,35283,Saint-Jean-sur-Vilaine,,,f,2022,post_2020,PRESIDENTIELLE,1,965,12.64,87.36,5.48,6.70,39.71,20.71,27.41,24660.00,,,,,14.53,CTR,2
4156,35283,Saint-Jean-sur-Vilaine,,,f,2022,post_2020,PRESIDENTIELLE,2,966,13.04,86.96,0.00,0.00,66.80,0.00,33.20,24660.00,,,,,14.53,CTR,2
4157,35284,Saint-Jouan-des-Guérets,,,f,2002,avant_2010,PRESIDENTIELLE,2,1917,16.33,83.67,86.79,0.00,0.00,0.00,13.21,,,,,,,DRT,0
4158,35284,Saint-Jouan-des-Guérets,,,f,2007,avant_2010,PRESIDENTIELLE,1,2210,13.48,86.52,30.83,27.19,20.12,8.76,10.30,,,,,,,DRT,0
4159,35284,Saint-Jouan-des-Guérets,,,f,2012,2010_2020,PRESIDENTIELLE,1,2271,13.69,86.31,28.51,31.93,9.95,11.66,15.45,,,,,,,GCH,1
4160,35284,Saint-Jouan-des-Guérets,,,f,2017,2010_2020,PRESIDENTIELLE,1,2371,16.91,83.09,23.85,8.11,30.67,18.53,18.79,,,,,,,CTR,2
4161,35284,Saint-Jouan-des-Guérets,,,f,2017,2010_2020,PRESIDENTIELLE,2,2371,20.03,79.97,0.00,0.00,75.82,0.00,24.18,,,,,,,CTR,2
4162,35284,Saint-Jouan-des-Guérets,,,f,2022,post_2020,PRESIDENTIELLE,1,2456,19.87,80.13,4.69,7.72,41.35,20.70,25.54,24840.00,,0.230,2.600,,24.50,CTR,2
4163,35284,Saint-Jouan-des-Guérets,,,f,2022,post_2020,PRESIDENTIELLE,2,2456,20.44,79.56,0.00,0.00,70.03,0.00,29.97,24840.00,,0.230,2.600,,24.50,CTR,2
4164,35285,Saint-Just,,,f,2002,avant_2010,PRESIDENTIELLE,2,845,19.88,80.12,86.74,0.00,0.00,0.00,13.26,,,,,,,DRT,0
4165,35285,Saint-Just,,,f,2007,avant_2010,PRESIDENTIELLE,1,834,13.43,86.57,26.64,30.40,20.92,8.93,11.30,,,,,,,GCH,1
4166,35285,Saint-Just,,,f,2012,2010_2020,PRESIDENTIELLE,1,872,14.56,85.44,23.20,30.53,10.18,12.35,20.22,,,,,,,GCH,1
4167,35285,Saint-Just,,,f,2017,2010_2020,PRESIDENTIELLE,1,886,14.79,85.21,16.06,10.04,26.51,21.42,25.84,,,,,,,CTR,2
4168,35285,Saint-Just,,,f,2017,2010_2020,PRESIDENTIELLE,2,886,20.43,79.57,0.00,0.00,66.62,0.00,33.38,,,,,,,CTR,2
4169,35285,Saint-Just,,,f,2022,post_2020,PRESIDENTIELLE,1,863,19.93,80.07,2.81,9.47,31.07,25.15,31.51,21840.00,,,,,33.54,EXD,4
4170,35285,Saint-Just,,,f,2022,post_2020,PRESIDENTIELLE,2,862,21.23,78.77,0.00,0.00,60.79,0.00,39.21,21840.00,,,,,33.54,CTR,2
4171,35286,Saint-Léger-des-Prés,,,f,2002,avant_2010,PRESIDENTIELLE,2,199,14.57,85.43,91.30,0.00,0.00,0.00,8.70,,,,,,,DRT,0
4172,35286,Saint-Léger-des-Prés,,,f,2007,avant_2010,PRESIDENTIELLE,1,173,11.56,88.44,26.32,34.87,15.13,13.82,7.89,,,,,,,GCH,1
4173,35286,Saint-Léger-des-Prés,,,f,2012,2010_2020,PRESIDENTIELLE,1,188,10.11,89.89,16.77,33.53,16.77,13.77,16.17,,,,,,,GCH,1
4174,35286,Saint-Léger-des-Prés,,,f,2017,2010_2020,PRESIDENTIELLE,1,180,8.33,91.67,7.98,10.43,28.22,23.31,30.06,,,,,,,EXD,4
4175,35286,Saint-Léger-des-Prés,,,f,2017,2010_2020,PRESIDENTIELLE,2,180,14.44,85.56,0.00,0.00,66.91,0.00,33.09,,,,,,,CTR,2
4176,35286,Saint-Léger-des-Prés,,,f,2022,post_2020,PRESIDENTIELLE,1,206,17.96,82.04,4.85,10.91,24.24,26.06,33.94,21880.00,,,,,30.51,EXD,4
4177,35286,Saint-Léger-des-Prés,,,f,2022,post_2020,PRESIDENTIELLE,2,206,18.93,81.07,0.00,0.00,57.43,0.00,42.57,21880.00,,,,,30.51,CTR,2
4178,35287,Saint-Lunaire,,,f,2002,avant_2010,PRESIDENTIELLE,2,1883,17.68,82.32,86.88,0.00,0.00,0.00,13.12,,,,,,,DRT,0
4179,35287,Saint-Lunaire,,,f,2007,avant_2010,PRESIDENTIELLE,1,1956,11.04,88.96,35.05,22.56,23.13,6.30,10.35,,,,,,,DRT,0
4180,35287,Saint-Lunaire,,,f,2012,2010_2020,PRESIDENTIELLE,1,2022,13.85,86.15,34.06,25.34,11.06,11.41,14.63,,,,,,,DRT,0
4181,35287,Saint-Lunaire,,,f,2017,2010_2020,PRESIDENTIELLE,1,2165,11.09,88.91,30.23,6.66,29.33,15.96,17.65,,,,,,,DRT,0
4182,35287,Saint-Lunaire,,,f,2017,2010_2020,PRESIDENTIELLE,2,2165,14.64,85.36,0.00,0.00,76.48,0.00,23.52,,,,,,,CTR,2
4183,35287,Saint-Lunaire,,,f,2022,post_2020,PRESIDENTIELLE,1,2493,13.08,86.92,7.83,8.11,42.15,18.80,23.11,27300.00,,0.303,3.200,,30.98,CTR,2
4184,35287,Saint-Lunaire,,,f,2022,post_2020,PRESIDENTIELLE,2,2493,14.40,85.60,0.00,0.00,73.33,0.00,26.67,27300.00,,0.303,3.200,,30.98,CTR,2
4185,35288,Saint-Malo,,,f,2002,avant_2010,PRESIDENTIELLE,2,36396,20.03,79.97,88.27,0.00,0.00,0.00,11.73,,,,,,,DRT,0
4186,35288,Saint-Malo,,,f,2007,avant_2010,PRESIDENTIELLE,1,37098,20.94,79.06,33.63,26.51,22.31,7.02,7.72,,,,,,,DRT,0
4187,35288,Saint-Malo,,,f,2012,2010_2020,PRESIDENTIELLE,1,37186,22.71,77.29,31.25,30.21,11.04,11.41,13.07,,,,,,,DRT,0
4188,35288,Saint-Malo,,,f,2017,2010_2020,PRESIDENTIELLE,1,37064,20.82,79.18,25.21,7.78,29.99,19.76,17.10,,,,,,,CTR,2
4189,35288,Saint-Malo,,,f,2017,2010_2020,PRESIDENTIELLE,2,37063,24.00,76.00,0.00,0.00,78.08,0.00,21.92,,,,,,,CTR,2
4190,35288,Saint-Malo,,,f,2022,post_2020,PRESIDENTIELLE,1,39009,25.59,74.41,5.98,8.68,39.34,22.05,23.95,23490.00,,0.325,3.400,,27.45,CTR,2
4191,35288,Saint-Malo,,,f,2022,post_2020,PRESIDENTIELLE,2,39013,25.81,74.19,0.00,0.00,71.33,0.00,28.67,23490.00,,0.325,3.400,,27.45,CTR,2
4192,35289,Saint-Malo-de-Phily,,,f,2002,avant_2010,PRESIDENTIELLE,2,521,13.82,86.18,88.10,0.00,0.00,0.00,11.90,,,,,,,DRT,0
4193,35289,Saint-Malo-de-Phily,,,f,2007,avant_2010,PRESIDENTIELLE,1,555,9.73,90.27,29.86,25.15,21.47,8.79,12.27,,,,,,,DRT,0
4194,35289,Saint-Malo-de-Phily,,,f,2012,2010_2020,PRESIDENTIELLE,1,645,10.54,89.46,23.37,29.00,11.25,13.53,20.74,,,,,,,GCH,1
4195,35289,Saint-Malo-de-Phily,,,f,2017,2010_2020,PRESIDENTIELLE,1,671,13.86,86.14,15.87,6.00,26.81,23.63,27.69,,,,,,,EXD,4
4196,35289,Saint-Malo-de-Phily,,,f,2017,2010_2020,PRESIDENTIELLE,2,671,19.52,80.48,0.00,0.00,69.94,0.00,30.06,,,,,,,CTR,2
4197,35289,Saint-Malo-de-Phily,,,f,2022,post_2020,PRESIDENTIELLE,1,730,16.58,83.42,3.70,8.57,32.94,30.59,24.20,22150.00,,,,,27.93,CTR,2
4198,35289,Saint-Malo-de-Phily,,,f,2022,post_2020,PRESIDENTIELLE,2,729,18.38,81.62,0.00,0.00,63.84,0.00,36.16,22150.00,,,,,27.93,CTR,2
4199,35290,Saint-Malon-sur-Mel,,,f,2002,avant_2010,PRESIDENTIELLE,2,373,16.35,83.65,80.34,0.00,0.00,0.00,19.66,,,,,,,DRT,0
4200,35290,Saint-Malon-sur-Mel,,,f,2007,avant_2010,PRESIDENTIELLE,1,381,12.60,87.40,30.77,20.00,20.92,7.38,18.77,,,,,,,DRT,0
4201,35290,Saint-Malon-sur-Mel,,,f,2012,2010_2020,PRESIDENTIELLE,1,422,18.25,81.75,24.18,24.18,9.85,11.94,23.58,,,,,,,DRT,0
4202,35290,Saint-Malon-sur-Mel,,,f,2017,2010_2020,PRESIDENTIELLE,1,450,21.33,78.67,11.83,10.06,20.12,26.04,31.07,,,,,,,EXD,4
4203,35290,Saint-Malon-sur-Mel,,,f,2017,2010_2020,PRESIDENTIELLE,2,450,24.22,75.78,0.00,0.00,60.47,0.00,39.53,,,,,,,CTR,2
4204,35290,Saint-Malon-sur-Mel,,,f,2022,post_2020,PRESIDENTIELLE,1,439,22.55,77.45,3.89,8.98,25.75,26.05,35.33,21070.00,,,,,40.78,EXD,4
4205,35290,Saint-Malon-sur-Mel,,,f,2022,post_2020,PRESIDENTIELLE,2,439,27.33,72.67,0.00,0.00,50.89,0.00,49.11,21070.00,,,,,40.78,CTR,2
4206,35291,Saint-Marcan,,,f,2002,avant_2010,PRESIDENTIELLE,2,334,15.27,84.73,84.21,0.00,0.00,0.00,15.79,,,,,,,DRT,0
4207,35291,Saint-Marcan,,,f,2007,avant_2010,PRESIDENTIELLE,1,344,13.95,86.05,42.32,23.21,11.95,8.53,12.63,,,,,,,DRT,0
4208,35291,Saint-Marcan,,,f,2012,2010_2020,PRESIDENTIELLE,1,330,12.42,87.58,27.21,24.73,7.42,9.54,29.33,,,,,,,EXD,4
4209,35291,Saint-Marcan,,,f,2017,2010_2020,PRESIDENTIELLE,1,320,15.62,84.38,20.00,5.38,22.69,17.69,34.23,,,,,,,EXD,4
4210,35291,Saint-Marcan,,,f,2017,2010_2020,PRESIDENTIELLE,2,320,22.50,77.50,0.00,0.00,56.68,0.00,43.32,,,,,,,CTR,2
4268,35302,Saint-Onen-la-Chapelle,,,f,2022,post_2020,PRESIDENTIELLE,2,868,15.32,84.68,0.00,0.00,51.52,0.00,48.48,23430.00,,,,,16.95,CTR,2
4211,35291,Saint-Marcan,,,f,2022,post_2020,PRESIDENTIELLE,1,329,24.01,75.99,5.28,4.07,32.11,17.89,40.65,21980.00,,,,,18.52,EXD,4
4212,35291,Saint-Marcan,,,f,2022,post_2020,PRESIDENTIELLE,2,329,20.97,79.03,0.00,0.00,44.86,0.00,55.14,21980.00,,,,,18.52,EXD,4
4213,35292,Saint-Marc-le-Blanc,,,f,2002,avant_2010,PRESIDENTIELLE,2,894,14.88,85.12,86.38,0.00,0.00,0.00,13.62,,,,,,,DRT,0
4214,35292,Saint-Marc-le-Blanc,,,f,2007,avant_2010,PRESIDENTIELLE,1,946,9.73,90.27,31.30,26.88,18.40,8.84,10.75,,,,,,,DRT,0
4215,35292,Saint-Marc-le-Blanc,,,f,2012,2010_2020,PRESIDENTIELLE,1,987,11.04,88.96,27.04,30.89,9.91,12.24,18.18,,,,,,,GCH,1
4216,35292,Saint-Marc-le-Blanc,,,f,2017,2010_2020,PRESIDENTIELLE,1,991,14.63,85.37,17.73,5.79,26.72,19.21,30.17,,,,,,,EXD,4
4217,35292,Saint-Marc-le-Blanc,,,f,2017,2010_2020,PRESIDENTIELLE,2,991,18.67,81.33,0.00,0.00,67.59,0.00,32.41,,,,,,,CTR,2
4218,35292,Saint-Marc-le-Blanc,,,f,2022,post_2020,PRESIDENTIELLE,1,1246,20.06,79.94,4.08,5.54,38.24,20.06,32.08,22310.00,,,,,16.59,CTR,2
4219,35292,Saint-Marc-le-Blanc,,,f,2022,post_2020,PRESIDENTIELLE,2,1247,20.61,79.39,0.00,0.00,59.20,0.00,40.80,22310.00,,,,,16.59,CTR,2
4220,35294,Sainte-Marie,,,f,2002,avant_2010,PRESIDENTIELLE,2,1451,20.47,79.53,87.85,0.00,0.00,0.00,12.15,,,,,,,DRT,0
4221,35294,Sainte-Marie,,,f,2007,avant_2010,PRESIDENTIELLE,1,1575,14.03,85.97,26.81,27.18,20.91,9.71,12.70,,,,,,,GCH,1
4222,35294,Sainte-Marie,,,f,2012,2010_2020,PRESIDENTIELLE,1,1631,15.08,84.92,23.53,30.43,12.02,11.51,19.28,,,,,,,GCH,1
4223,35294,Sainte-Marie,,,f,2017,2010_2020,PRESIDENTIELLE,1,1651,14.84,85.16,17.18,8.95,28.60,19.36,25.91,,,,,,,CTR,2
4224,35294,Sainte-Marie,,,f,2017,2010_2020,PRESIDENTIELLE,2,1651,18.59,81.41,0.00,0.00,68.46,0.00,31.54,,,,,,,CTR,2
4225,35294,Sainte-Marie,,,f,2022,post_2020,PRESIDENTIELLE,1,1790,18.27,81.73,2.93,7.81,33.61,23.99,31.66,22470.00,,0.200,2.400,,27.57,CTR,2
4226,35294,Sainte-Marie,,,f,2022,post_2020,PRESIDENTIELLE,2,1791,19.49,80.51,0.00,0.00,59.48,0.00,40.52,22470.00,,0.200,2.400,,27.57,CTR,2
4227,35295,Saint-Maugan,,,f,2002,avant_2010,PRESIDENTIELLE,2,284,17.25,82.75,85.05,0.00,0.00,0.00,14.95,,,,,,,DRT,0
4228,35295,Saint-Maugan,,,f,2007,avant_2010,PRESIDENTIELLE,1,347,8.65,91.35,28.85,19.02,24.92,10.49,14.10,,,,,,,DRT,0
4229,35295,Saint-Maugan,,,f,2012,2010_2020,PRESIDENTIELLE,1,369,11.65,88.35,21.97,26.43,11.46,17.20,20.38,,,,,,,GCH,1
4230,35295,Saint-Maugan,,,f,2017,2010_2020,PRESIDENTIELLE,1,392,13.52,86.48,11.91,11.60,23.20,23.82,29.47,,,,,,,EXD,4
4231,35295,Saint-Maugan,,,f,2017,2010_2020,PRESIDENTIELLE,2,392,21.94,78.06,0.00,0.00,63.74,0.00,36.26,,,,,,,CTR,2
4232,35295,Saint-Maugan,,,f,2022,post_2020,PRESIDENTIELLE,1,390,18.72,81.28,2.58,6.13,26.45,28.39,36.45,21920.00,,,,,40.54,EXD,4
4233,35295,Saint-Maugan,,,f,2022,post_2020,PRESIDENTIELLE,2,390,22.05,77.95,0.00,0.00,49.43,0.00,50.57,21920.00,,,,,40.54,EXD,4
4234,35296,Saint-Médard-sur-Ille,,,f,2002,avant_2010,PRESIDENTIELLE,2,865,16.76,83.24,87.44,0.00,0.00,0.00,12.56,,,,,,,DRT,0
4235,35296,Saint-Médard-sur-Ille,,,f,2007,avant_2010,PRESIDENTIELLE,1,982,12.02,87.98,20.70,32.87,23.27,8.30,10.64,,,,,,,GCH,1
4236,35296,Saint-Médard-sur-Ille,,,f,2012,2010_2020,PRESIDENTIELLE,1,979,13.18,86.82,15.57,36.41,10.90,12.57,19.28,,,,,,,GCH,1
4237,35296,Saint-Médard-sur-Ille,,,f,2017,2010_2020,PRESIDENTIELLE,1,1020,15.69,84.31,11.23,10.63,29.63,23.30,24.73,,,,,,,CTR,2
4238,35296,Saint-Médard-sur-Ille,,,f,2017,2010_2020,PRESIDENTIELLE,2,1020,20.00,80.00,0.00,0.00,73.83,0.00,26.17,,,,,,,CTR,2
4239,35296,Saint-Médard-sur-Ille,,,f,2022,post_2020,PRESIDENTIELLE,1,1062,21.09,78.91,2.79,10.94,27.10,36.09,23.09,24250.00,,,,,34.81,EXG,3
4240,35296,Saint-Médard-sur-Ille,,,f,2022,post_2020,PRESIDENTIELLE,2,1063,23.05,76.95,0.00,0.00,67.90,0.00,32.10,24250.00,,,,,34.81,CTR,2
4241,35297,Saint-Méen-le-Grand,,,f,2002,avant_2010,PRESIDENTIELLE,2,2568,16.00,84.00,90.05,0.00,0.00,0.00,9.95,,,,,,,DRT,0
4242,35297,Saint-Méen-le-Grand,,,f,2007,avant_2010,PRESIDENTIELLE,1,2763,13.72,86.28,36.73,20.40,23.96,6.83,9.92,,,,,,,DRT,0
4243,35297,Saint-Méen-le-Grand,,,f,2012,2010_2020,PRESIDENTIELLE,1,2957,16.98,83.02,29.68,28.68,12.32,9.91,18.07,,,,,,,DRT,0
4244,35297,Saint-Méen-le-Grand,,,f,2017,2010_2020,PRESIDENTIELLE,1,2956,16.10,83.90,20.26,5.57,30.38,16.71,26.91,,,,,,,CTR,2
4245,35297,Saint-Méen-le-Grand,,,f,2017,2010_2020,PRESIDENTIELLE,2,2957,20.02,79.98,0.00,0.00,68.50,0.00,31.50,,,,,,,CTR,2
4246,35297,Saint-Méen-le-Grand,,,f,2022,post_2020,PRESIDENTIELLE,1,3054,22.27,77.73,4.86,5.90,40.29,17.48,31.47,21340.00,,0.209,2.500,,26.07,CTR,2
4247,35297,Saint-Méen-le-Grand,,,f,2022,post_2020,PRESIDENTIELLE,2,3051,20.29,79.71,0.00,0.00,62.13,0.00,37.87,21340.00,,0.209,2.500,,26.07,CTR,2
4248,35299,Saint-Méloir-des-Ondes,,,f,2002,avant_2010,PRESIDENTIELLE,2,2350,16.94,83.06,86.23,0.00,0.00,0.00,13.77,,,,,,,DRT,0
4249,35299,Saint-Méloir-des-Ondes,,,f,2007,avant_2010,PRESIDENTIELLE,1,2683,12.45,87.55,35.29,22.58,21.59,7.37,10.90,,,,,,,DRT,0
4250,35299,Saint-Méloir-des-Ondes,,,f,2012,2010_2020,PRESIDENTIELLE,1,2901,16.13,83.87,30.55,27.22,11.93,9.48,18.46,,,,,,,DRT,0
4251,35299,Saint-Méloir-des-Ondes,,,f,2017,2010_2020,PRESIDENTIELLE,1,3260,16.23,83.77,22.82,6.09,26.34,18.86,25.74,,,,,,,CTR,2
4252,35299,Saint-Méloir-des-Ondes,,,f,2017,2010_2020,PRESIDENTIELLE,2,3257,20.39,79.61,0.00,0.00,69.21,0.00,30.79,,,,,,,CTR,2
4253,35299,Saint-Méloir-des-Ondes,,,f,2022,post_2020,PRESIDENTIELLE,1,3653,21.52,78.48,4.23,6.40,37.72,19.98,31.67,23940.00,,0.524,2.600,,19.29,CTR,2
4254,35299,Saint-Méloir-des-Ondes,,,f,2022,post_2020,PRESIDENTIELLE,2,3651,20.65,79.35,0.00,0.00,61.48,0.00,38.52,23940.00,,0.524,2.600,,19.29,CTR,2
4255,35300,Saint-M'Hervé,,,f,2002,avant_2010,PRESIDENTIELLE,2,924,17.42,82.58,88.01,0.00,0.00,0.00,11.99,,,,,,,DRT,0
4256,35300,Saint-M'Hervé,,,f,2007,avant_2010,PRESIDENTIELLE,1,1019,11.48,88.52,39.72,12.74,25.37,5.28,15.27,,,,,,,DRT,0
4257,35300,Saint-M'Hervé,,,f,2012,2010_2020,PRESIDENTIELLE,1,1019,13.15,86.85,36.21,17.99,14.72,7.83,21.03,,,,,,,DRT,0
4258,35300,Saint-M'Hervé,,,f,2017,2010_2020,PRESIDENTIELLE,1,1022,14.68,85.32,22.84,4.26,24.14,14.67,34.08,,,,,,,EXD,4
4259,35300,Saint-M'Hervé,,,f,2017,2010_2020,PRESIDENTIELLE,2,1022,20.06,79.94,0.00,0.00,65.17,0.00,34.83,,,,,,,CTR,2
4260,35300,Saint-M'Hervé,,,f,2022,post_2020,PRESIDENTIELLE,1,1038,21.19,78.81,5.78,5.40,38.19,17.09,33.54,22080.00,,,,,19.90,CTR,2
4261,35300,Saint-M'Hervé,,,f,2022,post_2020,PRESIDENTIELLE,2,1039,22.43,77.57,0.00,0.00,60.77,0.00,39.23,22080.00,,,,,19.90,CTR,2
4262,35302,Saint-Onen-la-Chapelle,,,f,2002,avant_2010,PRESIDENTIELLE,2,690,14.49,85.51,82.53,0.00,0.00,0.00,17.47,,,,,,,DRT,0
4263,35302,Saint-Onen-la-Chapelle,,,f,2007,avant_2010,PRESIDENTIELLE,1,757,12.81,87.19,34.21,19.35,25.39,6.35,12.54,,,,,,,DRT,0
4264,35302,Saint-Onen-la-Chapelle,,,f,2012,2010_2020,PRESIDENTIELLE,1,826,11.26,88.74,25.03,23.65,13.69,12.17,23.51,,,,,,,DRT,0
4265,35302,Saint-Onen-la-Chapelle,,,f,2017,2010_2020,PRESIDENTIELLE,1,858,14.80,85.20,18.62,6.21,23.27,17.77,33.99,,,,,,,EXD,4
4266,35302,Saint-Onen-la-Chapelle,,,f,2017,2010_2020,PRESIDENTIELLE,2,858,15.62,84.38,0.00,0.00,60.84,0.00,39.16,,,,,,,CTR,2
4267,35302,Saint-Onen-la-Chapelle,,,f,2022,post_2020,PRESIDENTIELLE,1,868,17.86,82.14,2.73,3.74,33.53,19.28,40.72,23430.00,,,,,16.95,EXD,4
4269,35304,Saint-Ouen-des-Alleux,,,f,2002,avant_2010,PRESIDENTIELLE,2,779,19.13,80.87,83.25,0.00,0.00,0.00,16.75,,,,,,,DRT,0
4270,35304,Saint-Ouen-des-Alleux,,,f,2007,avant_2010,PRESIDENTIELLE,1,880,10.91,89.09,33.72,25.29,18.03,9.73,10.51,,,,,,,DRT,0
4271,35304,Saint-Ouen-des-Alleux,,,f,2012,2010_2020,PRESIDENTIELLE,1,929,14.10,85.90,22.72,30.81,9.11,12.07,21.31,,,,,,,GCH,1
4272,35304,Saint-Ouen-des-Alleux,,,f,2017,2010_2020,PRESIDENTIELLE,1,977,17.30,82.70,15.39,7.89,26.84,16.03,33.72,,,,,,,EXD,4
4273,35304,Saint-Ouen-des-Alleux,,,f,2017,2010_2020,PRESIDENTIELLE,2,977,20.37,79.63,0.00,0.00,58.63,0.00,41.37,,,,,,,CTR,2
4274,35304,Saint-Ouen-des-Alleux,,,f,2022,post_2020,PRESIDENTIELLE,1,1049,21.93,78.07,3.17,6.08,33.71,21.29,35.74,22550.00,,,,,30.58,EXD,4
4275,35304,Saint-Ouen-des-Alleux,,,f,2022,post_2020,PRESIDENTIELLE,2,1049,20.31,79.69,0.00,0.00,54.97,0.00,45.03,22550.00,,,,,30.58,CTR,2
4276,35305,Saint-Péran,,,f,2002,avant_2010,PRESIDENTIELLE,2,186,11.83,88.17,82.39,0.00,0.00,0.00,17.61,,,,,,,DRT,0
4277,35305,Saint-Péran,,,f,2007,avant_2010,PRESIDENTIELLE,1,248,9.27,90.73,29.46,21.43,20.09,12.95,12.50,,,,,,,DRT,0
4278,35305,Saint-Péran,,,f,2012,2010_2020,PRESIDENTIELLE,1,285,17.19,82.81,26.75,30.70,9.65,9.65,18.42,,,,,,,GCH,1
4279,35305,Saint-Péran,,,f,2017,2010_2020,PRESIDENTIELLE,1,278,9.71,90.29,15.64,9.05,25.10,21.81,27.98,,,,,,,EXD,4
4280,35305,Saint-Péran,,,f,2017,2010_2020,PRESIDENTIELLE,2,278,14.39,85.61,0.00,0.00,66.36,0.00,33.64,,,,,,,CTR,2
4281,35305,Saint-Péran,,,f,2022,post_2020,PRESIDENTIELLE,1,297,16.50,83.50,2.94,16.81,27.73,26.47,26.05,24520.00,,,,,36.14,CTR,2
4282,35305,Saint-Péran,,,f,2022,post_2020,PRESIDENTIELLE,2,297,14.48,85.52,0.00,0.00,59.03,0.00,40.97,24520.00,,,,,36.14,CTR,2
4283,35306,Saint-Père-Marc-en-Poulet,,,f,2002,avant_2010,PRESIDENTIELLE,2,1358,14.36,85.64,83.89,0.00,0.00,0.00,16.11,,,,,,,DRT,0
4284,35306,Saint-Père-Marc-en-Poulet,,,f,2007,avant_2010,PRESIDENTIELLE,1,1601,9.56,90.44,30.27,23.10,23.10,8.57,12.43,,,,,,,DRT,0
4285,35306,Saint-Père-Marc-en-Poulet,,,f,2012,2010_2020,PRESIDENTIELLE,1,1731,13.86,86.14,25.99,26.13,13.00,11.90,20.25,,,,,,,GCH,1
4286,35306,Saint-Père-Marc-en-Poulet,,,f,2017,2010_2020,PRESIDENTIELLE,1,1851,16.15,83.85,18.37,6.78,27.32,22.25,25.21,,,,,,,CTR,2
4287,35306,Saint-Père-Marc-en-Poulet,,,f,2017,2010_2020,PRESIDENTIELLE,2,1851,19.61,80.39,0.00,0.00,69.27,0.00,30.73,,,,,,,CTR,2
4288,35306,Saint-Père-Marc-en-Poulet,,,f,2022,post_2020,PRESIDENTIELLE,1,1989,18.65,81.35,4.39,7.44,32.61,22.38,33.18,23920.00,,0.227,2.600,,24.59,EXD,4
4289,35306,Saint-Père-Marc-en-Poulet,,,f,2022,post_2020,PRESIDENTIELLE,2,1992,21.23,78.77,0.00,0.00,59.09,0.00,40.91,23920.00,,0.227,2.600,,24.59,CTR,2
4290,35307,Saint-Pern,,,f,2002,avant_2010,PRESIDENTIELLE,2,581,11.88,88.12,88.32,0.00,0.00,0.00,11.68,,,,,,,DRT,0
4291,35307,Saint-Pern,,,f,2007,avant_2010,PRESIDENTIELLE,1,602,9.63,90.37,28.57,33.40,16.51,6.86,10.39,,,,,,,GCH,1
4292,35307,Saint-Pern,,,f,2012,2010_2020,PRESIDENTIELLE,1,649,10.63,89.37,26.06,34.68,7.57,13.56,14.44,,,,,,,GCH,1
4293,35307,Saint-Pern,,,f,2017,2010_2020,PRESIDENTIELLE,1,648,8.80,91.20,20.80,7.28,23.74,27.90,20.28,,,,,,,EXG,3
4294,35307,Saint-Pern,,,f,2017,2010_2020,PRESIDENTIELLE,2,648,16.05,83.95,0.00,0.00,73.29,0.00,26.71,,,,,,,CTR,2
4295,35307,Saint-Pern,,,f,2022,post_2020,PRESIDENTIELLE,1,698,14.18,85.82,6.44,8.98,34.41,29.15,21.02,22470.00,,,,,27.92,CTR,2
4296,35307,Saint-Pern,,,f,2022,post_2020,PRESIDENTIELLE,2,700,18.00,82.00,0.00,0.00,72.95,0.00,27.05,22470.00,,,,,27.92,CTR,2
4297,35308,Mesnil-Roc'h,,,f,2002,avant_2010,PRESIDENTIELLE,2,1562,14.98,85.02,86.87,0.00,0.00,0.00,13.13,,,,,,,DRT,0
4298,35308,Mesnil-Roc'h,,,f,2007,avant_2010,PRESIDENTIELLE,1,1776,11.88,88.12,29.49,27.54,21.94,7.36,10.94,,,,,,,DRT,0
4299,35308,Mesnil-Roc'h,,,f,2012,2010_2020,PRESIDENTIELLE,1,1932,13.66,86.34,25.44,26.85,11.68,14.07,18.84,,,,,,,GCH,1
4300,35308,Mesnil-Roc'h,,,f,2017,2010_2020,PRESIDENTIELLE,1,2030,16.11,83.89,16.77,7.90,24.85,21.39,28.92,,,,,,,EXD,4
4301,35308,Mesnil-Roc'h,,,f,2017,2010_2020,PRESIDENTIELLE,2,2030,18.82,81.18,0.00,0.00,66.28,0.00,33.72,,,,,,,CTR,2
4302,35308,Mesnil-Roc'h,,,f,2022,post_2020,PRESIDENTIELLE,1,3221,20.49,79.51,3.86,6.88,32.21,21.99,35.06,22370.00,,0.209,2.400,,15.03,EXD,4
4303,35308,Mesnil-Roc'h,,,f,2022,post_2020,PRESIDENTIELLE,2,3222,22.53,77.47,0.00,0.00,57.26,0.00,42.74,22370.00,,0.209,2.400,,15.03,CTR,2
4304,35309,Saint-Rémy-du-Plain,,,f,2002,avant_2010,PRESIDENTIELLE,2,442,18.33,81.67,80.49,0.00,0.00,0.00,19.51,,,,,,,DRT,0
4305,35309,Saint-Rémy-du-Plain,,,f,2007,avant_2010,PRESIDENTIELLE,1,497,14.08,85.92,31.97,25.24,17.79,7.45,15.38,,,,,,,DRT,0
4306,35309,Saint-Rémy-du-Plain,,,f,2012,2010_2020,PRESIDENTIELLE,1,569,13.88,86.12,22.08,29.17,9.38,12.08,25.83,,,,,,,GCH,1
4307,35309,Saint-Rémy-du-Plain,,,f,2017,2010_2020,PRESIDENTIELLE,1,558,15.05,84.95,14.88,9.63,21.66,19.47,34.14,,,,,,,EXD,4
4308,35309,Saint-Rémy-du-Plain,,,f,2017,2010_2020,PRESIDENTIELLE,2,558,20.25,79.75,0.00,0.00,57.89,0.00,42.11,,,,,,,CTR,2
4309,35309,Saint-Rémy-du-Plain,,,f,2022,post_2020,PRESIDENTIELLE,1,569,21.62,78.38,2.34,3.75,38.17,16.39,39.34,22080.00,,,,,17.33,EXD,4
4310,35309,Saint-Rémy-du-Plain,,,f,2022,post_2020,PRESIDENTIELLE,2,568,21.30,78.70,0.00,0.00,55.66,0.00,44.34,22080.00,,,,,17.33,CTR,2
4311,35310,Saint-Sauveur-des-Landes,,,f,2002,avant_2010,PRESIDENTIELLE,2,750,14.93,85.07,90.24,0.00,0.00,0.00,9.76,,,,,,,DRT,0
4312,35310,Saint-Sauveur-des-Landes,,,f,2007,avant_2010,PRESIDENTIELLE,1,892,13.57,86.43,32.76,23.61,24.93,6.37,9.28,,,,,,,DRT,0
4313,35310,Saint-Sauveur-des-Landes,,,f,2012,2010_2020,PRESIDENTIELLE,1,941,12.75,87.25,29.84,28.34,12.73,9.36,17.73,,,,,,,DRT,0
4314,35310,Saint-Sauveur-des-Landes,,,f,2017,2010_2020,PRESIDENTIELLE,1,919,10.77,89.23,20.45,6.15,30.11,16.56,26.73,,,,,,,CTR,2
4315,35310,Saint-Sauveur-des-Landes,,,f,2017,2010_2020,PRESIDENTIELLE,2,916,14.19,85.81,0.00,0.00,71.59,0.00,28.41,,,,,,,CTR,2
4316,35310,Saint-Sauveur-des-Landes,,,f,2022,post_2020,PRESIDENTIELLE,1,981,19.27,80.73,5.38,5.64,42.26,18.77,27.95,23150.00,,,,,17.25,CTR,2
4317,35310,Saint-Sauveur-des-Landes,,,f,2022,post_2020,PRESIDENTIELLE,2,982,18.23,81.77,0.00,0.00,66.58,0.00,33.42,23150.00,,,,,17.25,CTR,2
4318,35311,Saint-Séglin,,,f,2002,avant_2010,PRESIDENTIELLE,2,365,12.88,87.12,80.46,0.00,0.00,0.00,19.54,,,,,,,DRT,0
4319,35311,Saint-Séglin,,,f,2007,avant_2010,PRESIDENTIELLE,1,368,11.41,88.59,38.51,18.32,15.22,10.25,15.22,,,,,,,DRT,0
4320,35311,Saint-Séglin,,,f,2012,2010_2020,PRESIDENTIELLE,1,368,14.40,85.60,30.74,23.30,7.77,13.59,22.01,,,,,,,DRT,0
4321,35311,Saint-Séglin,,,f,2017,2010_2020,PRESIDENTIELLE,1,385,17.66,82.34,18.71,4.52,19.03,15.48,42.26,,,,,,,EXD,4
4322,35311,Saint-Séglin,,,f,2017,2010_2020,PRESIDENTIELLE,2,385,18.96,81.04,0.00,0.00,50.36,0.00,49.64,,,,,,,CTR,2
4323,35311,Saint-Séglin,,,f,2022,post_2020,PRESIDENTIELLE,1,402,23.13,76.87,6.93,2.97,30.69,17.82,41.58,20830.00,,,,,21.67,EXD,4
4324,35311,Saint-Séglin,,,f,2022,post_2020,PRESIDENTIELLE,2,402,23.63,76.37,0.00,0.00,44.29,0.00,55.71,20830.00,,,,,21.67,EXD,4
4325,35312,Saint-Senoux,,,f,2002,avant_2010,PRESIDENTIELLE,2,939,15.87,84.13,86.57,0.00,0.00,0.00,13.43,,,,,,,DRT,0
4383,35321,Saulnières,,,f,2017,2010_2020,PRESIDENTIELLE,2,511,20.35,79.65,0.00,0.00,67.14,0.00,32.86,,,,,,,CTR,2
4326,35312,Saint-Senoux,,,f,2007,avant_2010,PRESIDENTIELLE,1,1102,7.71,92.29,20.02,31.87,23.41,9.06,11.35,,,,,,,GCH,1
4327,35312,Saint-Senoux,,,f,2012,2010_2020,PRESIDENTIELLE,1,1234,11.51,88.49,18.37,33.77,10.48,16.33,16.79,,,,,,,GCH,1
4328,35312,Saint-Senoux,,,f,2017,2010_2020,PRESIDENTIELLE,1,1297,13.65,86.35,11.20,9.56,28.14,31.33,19.58,,,,,,,EXG,3
4329,35312,Saint-Senoux,,,f,2017,2010_2020,PRESIDENTIELLE,2,1297,19.20,80.80,0.00,0.00,74.97,0.00,25.03,,,,,,,CTR,2
4330,35312,Saint-Senoux,,,f,2022,post_2020,PRESIDENTIELLE,1,1437,18.65,81.35,2.19,9.46,26.18,37.57,24.61,23260.00,,,,,28.87,EXG,3
4331,35312,Saint-Senoux,,,f,2022,post_2020,PRESIDENTIELLE,2,1439,22.17,77.83,0.00,0.00,64.53,0.00,35.47,23260.00,,,,,28.87,CTR,2
4332,35314,Saint-Suliac,,,f,2002,avant_2010,PRESIDENTIELLE,2,756,14.95,85.05,93.40,0.00,0.00,0.00,6.60,,,,,,,DRT,0
4333,35314,Saint-Suliac,,,f,2007,avant_2010,PRESIDENTIELLE,1,810,10.49,89.51,32.04,25.94,26.35,6.93,5.55,,,,,,,DRT,0
4334,35314,Saint-Suliac,,,f,2012,2010_2020,PRESIDENTIELLE,1,814,11.92,88.08,30.52,30.94,11.39,12.94,11.25,,,,,,,GCH,1
4335,35314,Saint-Suliac,,,f,2017,2010_2020,PRESIDENTIELLE,1,847,10.86,89.14,22.01,8.59,33.29,19.19,16.91,,,,,,,CTR,2
4336,35314,Saint-Suliac,,,f,2017,2010_2020,PRESIDENTIELLE,2,847,13.93,86.07,0.00,0.00,81.24,0.00,18.76,,,,,,,CTR,2
4337,35314,Saint-Suliac,,,f,2022,post_2020,PRESIDENTIELLE,1,901,16.65,83.35,3.38,10.01,45.87,23.14,17.59,27120.00,,,,,45.04,CTR,2
4338,35314,Saint-Suliac,,,f,2022,post_2020,PRESIDENTIELLE,2,902,15.08,84.92,0.00,0.00,80.12,0.00,19.88,27120.00,,,,,45.04,CTR,2
4339,35315,Saint-Sulpice-la-Forêt,1499,223.00,f,2002,avant_2010,PRESIDENTIELLE,2,882,12.24,87.76,91.36,0.00,0.00,0.00,8.64,,,,,,,DRT,0
4340,35315,Saint-Sulpice-la-Forêt,1499,223.00,f,2007,avant_2010,PRESIDENTIELLE,1,1030,6.50,93.50,18.74,38.64,26.70,8.27,4.40,,,,,,,GCH,1
4341,35315,Saint-Sulpice-la-Forêt,1499,223.00,f,2012,2010_2020,PRESIDENTIELLE,1,1047,10.32,89.68,18.19,41.01,14.32,13.35,9.26,,,,,,,GCH,1
4342,35315,Saint-Sulpice-la-Forêt,1499,223.00,f,2017,2010_2020,PRESIDENTIELLE,1,1048,10.78,89.22,13.73,11.55,36.71,24.84,13.18,,,,,,,CTR,2
4343,35315,Saint-Sulpice-la-Forêt,1499,223.00,f,2017,2010_2020,PRESIDENTIELLE,2,1048,15.65,84.35,0.00,0.00,85.77,0.00,14.23,,,,,,,CTR,2
4344,35315,Saint-Sulpice-la-Forêt,1499,223.00,f,2022,post_2020,PRESIDENTIELLE,1,1187,15.33,84.67,2.62,12.79,36.25,31.82,16.52,27370.00,,,,,28.90,CTR,2
4345,35315,Saint-Sulpice-la-Forêt,1499,223.00,f,2022,post_2020,PRESIDENTIELLE,2,1187,15.42,84.58,0.00,0.00,78.31,0.00,21.69,27370.00,,,,,28.90,CTR,2
4346,35316,Saint-Sulpice-des-Landes,,,f,2002,avant_2010,PRESIDENTIELLE,2,452,14.60,85.40,82.09,0.00,0.00,0.00,17.91,,,,,,,DRT,0
4347,35316,Saint-Sulpice-des-Landes,,,f,2007,avant_2010,PRESIDENTIELLE,1,488,13.52,86.48,30.51,23.00,19.37,6.05,16.71,,,,,,,DRT,0
4348,35316,Saint-Sulpice-des-Landes,,,f,2012,2010_2020,PRESIDENTIELLE,1,493,10.55,89.45,25.75,22.97,13.92,11.83,24.13,,,,,,,DRT,0
4349,35316,Saint-Sulpice-des-Landes,,,f,2017,2010_2020,PRESIDENTIELLE,1,497,13.68,86.32,14.29,5.48,20.24,21.67,38.33,,,,,,,EXD,4
4350,35316,Saint-Sulpice-des-Landes,,,f,2017,2010_2020,PRESIDENTIELLE,2,497,19.11,80.89,0.00,0.00,60.11,0.00,39.89,,,,,,,CTR,2
4351,35316,Saint-Sulpice-des-Landes,,,f,2022,post_2020,PRESIDENTIELLE,1,530,19.25,80.75,4.96,6.38,28.13,23.88,36.64,20220.00,,,,,22.97,EXD,4
4352,35316,Saint-Sulpice-des-Landes,,,f,2022,post_2020,PRESIDENTIELLE,2,530,16.79,83.21,0.00,0.00,48.01,0.00,51.99,20220.00,,,,,22.97,EXD,4
4353,35317,Saint-Symphorien,,,f,2012,2010_2020,PRESIDENTIELLE,1,384,7.81,92.19,26.72,28.45,14.94,16.67,10.92,,,,,,,GCH,1
4354,35317,Saint-Symphorien,,,f,2017,2010_2020,PRESIDENTIELLE,1,409,9.54,90.46,18.53,7.36,29.16,23.16,21.80,,,,,,,CTR,2
4355,35317,Saint-Symphorien,,,f,2017,2010_2020,PRESIDENTIELLE,2,409,12.96,87.04,0.00,0.00,80.13,0.00,19.87,,,,,,,CTR,2
4356,35317,Saint-Symphorien,,,f,2022,post_2020,PRESIDENTIELLE,1,466,15.02,84.98,3.39,9.14,36.81,25.07,25.59,24330.00,,,,,19.58,CTR,2
4357,35317,Saint-Symphorien,,,f,2022,post_2020,PRESIDENTIELLE,2,472,19.70,80.30,0.00,0.00,68.44,0.00,31.56,24330.00,,,,,19.58,CTR,2
4358,35318,Saint-Thual,,,f,2002,avant_2010,PRESIDENTIELLE,2,378,12.70,87.30,76.60,0.00,0.00,0.00,23.40,,,,,,,DRT,0
4359,35318,Saint-Thual,,,f,2007,avant_2010,PRESIDENTIELLE,1,466,10.73,89.27,27.54,25.85,19.81,9.42,15.46,,,,,,,DRT,0
4360,35318,Saint-Thual,,,f,2012,2010_2020,PRESIDENTIELLE,1,544,10.66,89.34,23.43,29.71,8.58,15.27,19.46,,,,,,,GCH,1
4361,35318,Saint-Thual,,,f,2017,2010_2020,PRESIDENTIELLE,1,584,14.21,85.79,14.37,8.91,24.70,24.09,27.53,,,,,,,EXD,4
4362,35318,Saint-Thual,,,f,2017,2010_2020,PRESIDENTIELLE,2,584,17.47,82.53,0.00,0.00,64.79,0.00,35.21,,,,,,,CTR,2
4363,35318,Saint-Thual,,,f,2022,post_2020,PRESIDENTIELLE,1,666,15.77,84.23,1.82,6.93,30.84,27.92,32.48,23420.00,,,,,33.03,EXD,4
4364,35318,Saint-Thual,,,f,2022,post_2020,PRESIDENTIELLE,2,665,15.94,84.06,0.00,0.00,57.26,0.00,42.74,23420.00,,,,,33.03,CTR,2
4365,35319,Saint-Thurial,,,f,2002,avant_2010,PRESIDENTIELLE,2,1084,11.16,88.84,88.86,0.00,0.00,0.00,11.14,,,,,,,DRT,0
4366,35319,Saint-Thurial,,,f,2007,avant_2010,PRESIDENTIELLE,1,1256,7.32,92.68,27.83,27.30,23.83,8.70,9.39,,,,,,,DRT,0
4367,35319,Saint-Thurial,,,f,2012,2010_2020,PRESIDENTIELLE,1,1341,9.69,90.31,22.11,29.65,10.97,11.81,21.27,,,,,,,GCH,1
4368,35319,Saint-Thurial,,,f,2017,2010_2020,PRESIDENTIELLE,1,1507,12.81,87.19,13.19,8.98,28.73,21.47,27.32,,,,,,,CTR,2
4369,35319,Saint-Thurial,,,f,2017,2010_2020,PRESIDENTIELLE,2,1507,18.51,81.49,0.00,0.00,69.90,0.00,30.10,,,,,,,CTR,2
4370,35319,Saint-Thurial,,,f,2022,post_2020,PRESIDENTIELLE,1,1610,20.87,79.13,4.86,8.21,36.60,22.89,27.43,24030.00,,0.187,2.300,,25.40,CTR,2
4371,35319,Saint-Thurial,,,f,2022,post_2020,PRESIDENTIELLE,2,1613,20.95,79.05,0.00,0.00,62.81,0.00,37.19,24030.00,,0.187,2.300,,25.40,CTR,2
4372,35320,Saint-Uniac,,,f,2002,avant_2010,PRESIDENTIELLE,2,266,13.91,86.09,84.79,0.00,0.00,0.00,15.21,,,,,,,DRT,0
4373,35320,Saint-Uniac,,,f,2007,avant_2010,PRESIDENTIELLE,1,338,3.55,96.45,31.17,25.31,20.68,12.96,8.33,,,,,,,DRT,0
4374,35320,Saint-Uniac,,,f,2012,2010_2020,PRESIDENTIELLE,1,375,9.87,90.13,25.89,29.76,9.52,12.20,20.54,,,,,,,GCH,1
4375,35320,Saint-Uniac,,,f,2017,2010_2020,PRESIDENTIELLE,1,369,10.84,89.16,17.54,9.23,21.85,22.15,28.92,,,,,,,EXD,4
4376,35320,Saint-Uniac,,,f,2017,2010_2020,PRESIDENTIELLE,2,370,13.24,86.76,0.00,0.00,66.31,0.00,33.69,,,,,,,CTR,2
4377,35320,Saint-Uniac,,,f,2022,post_2020,PRESIDENTIELLE,1,402,14.93,85.07,6.25,12.50,33.93,18.45,28.87,23090.00,,,,,23.44,CTR,2
4378,35320,Saint-Uniac,,,f,2022,post_2020,PRESIDENTIELLE,2,402,16.92,83.08,0.00,0.00,62.50,0.00,37.50,23090.00,,,,,23.44,CTR,2
4379,35321,Saulnières,,,f,2002,avant_2010,PRESIDENTIELLE,2,461,15.40,84.60,81.37,0.00,0.00,0.00,18.63,,,,,,,DRT,0
4380,35321,Saulnières,,,f,2007,avant_2010,PRESIDENTIELLE,1,457,8.10,91.90,24.88,24.64,22.73,10.77,13.88,,,,,,,DRT,0
4381,35321,Saulnières,,,f,2012,2010_2020,PRESIDENTIELLE,1,472,8.90,91.10,21.72,29.83,7.40,16.47,22.20,,,,,,,GCH,1
4382,35321,Saulnières,,,f,2017,2010_2020,PRESIDENTIELLE,1,511,10.57,89.43,17.39,7.78,22.65,23.80,27.92,,,,,,,EXD,4
4384,35321,Saulnières,,,f,2022,post_2020,PRESIDENTIELLE,1,536,17.72,82.28,3.27,7.94,30.61,29.21,28.97,22090.00,,,,,18.80,CTR,2
4385,35321,Saulnières,,,f,2022,post_2020,PRESIDENTIELLE,2,536,16.60,83.40,0.00,0.00,62.53,0.00,37.47,22090.00,,,,,18.80,CTR,2
4386,35322,Sel-de-Bretagne,,,f,2002,avant_2010,PRESIDENTIELLE,2,404,18.07,81.93,83.65,0.00,0.00,0.00,16.35,,,,,,,DRT,0
4387,35322,Sel-de-Bretagne,,,f,2007,avant_2010,PRESIDENTIELLE,1,507,8.09,91.91,22.15,30.04,17.54,10.96,12.28,,,,,,,GCH,1
4388,35322,Sel-de-Bretagne,,,f,2012,2010_2020,PRESIDENTIELLE,1,602,8.97,91.03,18.40,26.77,10.59,17.10,22.30,,,,,,,GCH,1
4389,35322,Sel-de-Bretagne,,,f,2017,2010_2020,PRESIDENTIELLE,1,642,11.06,88.94,10.75,7.53,26.34,26.16,29.21,,,,,,,EXD,4
4390,35322,Sel-de-Bretagne,,,f,2017,2010_2020,PRESIDENTIELLE,2,642,14.80,85.20,0.00,0.00,62.29,0.00,37.71,,,,,,,CTR,2
4391,35322,Sel-de-Bretagne,,,f,2022,post_2020,PRESIDENTIELLE,1,691,20.12,79.88,2.45,9.25,29.62,26.04,32.64,22360.00,,,,,22.69,EXD,4
4392,35322,Sel-de-Bretagne,,,f,2022,post_2020,PRESIDENTIELLE,2,690,21.59,78.41,0.00,0.00,54.71,0.00,45.29,22360.00,,,,,22.69,CTR,2
4393,35324,Selle-en-Luitré,,,f,2002,avant_2010,PRESIDENTIELLE,2,353,6.23,93.77,87.06,0.00,0.00,0.00,12.94,,,,,,,DRT,0
4394,35324,Selle-en-Luitré,,,f,2007,avant_2010,PRESIDENTIELLE,1,375,3.73,96.27,38.70,12.43,28.53,9.32,10.17,,,,,,,DRT,0
4395,35324,Selle-en-Luitré,,,f,2012,2010_2020,PRESIDENTIELLE,1,387,6.72,93.28,37.29,15.82,15.82,11.02,18.36,,,,,,,DRT,0
4396,35324,Selle-en-Luitré,,,f,2017,2010_2020,PRESIDENTIELLE,1,422,9.00,91.00,26.83,5.96,24.39,16.53,26.29,,,,,,,DRT,0
4397,35324,Selle-en-Luitré,,,f,2017,2010_2020,PRESIDENTIELLE,2,422,13.51,86.49,0.00,0.00,72.64,0.00,27.36,,,,,,,CTR,2
4398,35324,Selle-en-Luitré,,,f,2022,post_2020,PRESIDENTIELLE,1,427,15.93,84.07,6.69,7.85,43.60,18.02,23.84,22620.00,,,,,27.51,CTR,2
4399,35324,Selle-en-Luitré,,,f,2022,post_2020,PRESIDENTIELLE,2,427,15.69,84.31,0.00,0.00,66.77,0.00,33.23,22620.00,,,,,27.51,CTR,2
4400,35325,Selle-Guerchaise,,,f,2002,avant_2010,PRESIDENTIELLE,2,90,10.00,90.00,82.67,0.00,0.00,0.00,17.33,,,,,,,DRT,0
4401,35325,Selle-Guerchaise,,,f,2007,avant_2010,PRESIDENTIELLE,1,99,5.05,94.95,45.16,12.90,20.43,3.23,16.13,,,,,,,DRT,0
4402,35325,Selle-Guerchaise,,,f,2012,2010_2020,PRESIDENTIELLE,1,121,11.57,88.43,28.71,11.88,15.84,13.86,27.72,,,,,,,DRT,0
4403,35325,Selle-Guerchaise,,,f,2017,2010_2020,PRESIDENTIELLE,1,124,16.13,83.87,20.79,4.95,24.75,14.85,33.66,,,,,,,EXD,4
4404,35325,Selle-Guerchaise,,,f,2017,2010_2020,PRESIDENTIELLE,2,124,19.35,80.65,0.00,0.00,71.23,0.00,28.77,,,,,,,CTR,2
4405,35325,Selle-Guerchaise,,,f,2022,post_2020,PRESIDENTIELLE,1,123,13.82,86.18,9.43,1.89,42.45,12.26,33.96,22070.00,,,,,26.14,CTR,2
4406,35325,Selle-Guerchaise,,,f,2022,post_2020,PRESIDENTIELLE,2,122,13.11,86.89,0.00,0.00,59.00,0.00,41.00,22070.00,,,,,26.14,CTR,2
4407,35326,Sens-de-Bretagne,,,f,2002,avant_2010,PRESIDENTIELLE,2,1142,19.44,80.56,84.07,0.00,0.00,0.00,15.93,,,,,,,DRT,0
4408,35326,Sens-de-Bretagne,,,f,2007,avant_2010,PRESIDENTIELLE,1,1409,12.07,87.93,31.70,22.77,23.59,7.45,11.79,,,,,,,DRT,0
4409,35326,Sens-de-Bretagne,,,f,2012,2010_2020,PRESIDENTIELLE,1,1539,14.81,85.19,26.97,27.05,12.29,11.36,20.71,,,,,,,GCH,1
4410,35326,Sens-de-Bretagne,,,f,2017,2010_2020,PRESIDENTIELLE,1,1690,17.87,82.13,17.66,6.18,26.78,19.65,29.36,,,,,,,EXD,4
4411,35326,Sens-de-Bretagne,,,f,2017,2010_2020,PRESIDENTIELLE,2,1690,20.77,79.23,0.00,0.00,65.21,0.00,34.79,,,,,,,CTR,2
4412,35326,Sens-de-Bretagne,,,f,2022,post_2020,PRESIDENTIELLE,1,1807,21.36,78.64,5.45,5.30,34.28,21.50,33.48,22670.00,,0.187,2.200,,15.65,CTR,2
4413,35326,Sens-de-Bretagne,,,f,2022,post_2020,PRESIDENTIELLE,2,1810,21.33,78.67,0.00,0.00,58.85,0.00,41.15,22670.00,,0.187,2.200,,15.65,CTR,2
4414,35327,Servon-sur-Vilaine,,,f,2002,avant_2010,PRESIDENTIELLE,2,2313,15.87,84.13,90.66,0.00,0.00,0.00,9.34,,,,,,,DRT,0
4415,35327,Servon-sur-Vilaine,,,f,2007,avant_2010,PRESIDENTIELLE,1,2526,9.74,90.26,27.77,27.42,26.26,7.63,7.54,,,,,,,DRT,0
4416,35327,Servon-sur-Vilaine,,,f,2012,2010_2020,PRESIDENTIELLE,1,2661,13.00,87.00,25.56,31.47,14.97,11.77,12.91,,,,,,,GCH,1
4417,35327,Servon-sur-Vilaine,,,f,2017,2010_2020,PRESIDENTIELLE,1,2852,12.59,87.41,17.43,8.49,34.16,22.83,16.98,,,,,,,CTR,2
4418,35327,Servon-sur-Vilaine,,,f,2017,2010_2020,PRESIDENTIELLE,2,2852,18.51,81.49,0.00,0.00,82.17,0.00,17.83,,,,,,,CTR,2
4419,35327,Servon-sur-Vilaine,,,f,2022,post_2020,PRESIDENTIELLE,1,3182,18.76,81.24,3.08,8.69,39.61,26.18,22.43,26130.00,,0.203,2.300,,16.37,CTR,2
4420,35327,Servon-sur-Vilaine,,,f,2022,post_2020,PRESIDENTIELLE,2,3182,19.99,80.01,0.00,0.00,73.78,0.00,26.22,26130.00,,0.203,2.300,,16.37,CTR,2
4421,35328,Sixt-sur-Aff,,,f,2002,avant_2010,PRESIDENTIELLE,2,1471,19.58,80.42,85.12,0.00,0.00,0.00,14.88,,,,,,,DRT,0
4422,35328,Sixt-sur-Aff,,,f,2007,avant_2010,PRESIDENTIELLE,1,1576,13.52,86.48,34.64,20.55,21.29,6.68,14.39,,,,,,,DRT,0
4423,35328,Sixt-sur-Aff,,,f,2012,2010_2020,PRESIDENTIELLE,1,1582,13.53,86.47,27.92,28.00,8.86,9.83,23.53,,,,,,,GCH,1
4424,35328,Sixt-sur-Aff,,,f,2017,2010_2020,PRESIDENTIELLE,1,1578,17.17,82.83,18.78,5.71,24.88,16.67,33.88,,,,,,,EXD,4
4425,35328,Sixt-sur-Aff,,,f,2017,2010_2020,PRESIDENTIELLE,2,1578,19.96,80.04,0.00,0.00,60.71,0.00,39.29,,,,,,,CTR,2
4426,35328,Sixt-sur-Aff,,,f,2022,post_2020,PRESIDENTIELLE,1,1716,21.85,78.15,5.87,5.80,33.71,18.99,35.62,21180.00,,0.203,2.500,,21.60,EXD,4
4427,35328,Sixt-sur-Aff,,,f,2022,post_2020,PRESIDENTIELLE,2,1715,22.39,77.61,0.00,0.00,54.25,0.00,45.75,21180.00,,0.203,2.500,,21.60,CTR,2
4428,35329,Sougeal,,,f,2002,avant_2010,PRESIDENTIELLE,2,478,16.53,83.47,81.87,0.00,0.00,0.00,18.13,,,,,,,DRT,0
4429,35329,Sougeal,,,f,2007,avant_2010,PRESIDENTIELLE,1,434,14.29,85.71,35.25,16.12,22.95,9.02,15.03,,,,,,,DRT,0
4430,35329,Sougeal,,,f,2012,2010_2020,PRESIDENTIELLE,1,444,11.71,88.29,29.47,20.00,11.58,10.26,27.37,,,,,,,DRT,0
4431,35329,Sougeal,,,f,2017,2010_2020,PRESIDENTIELLE,1,413,15.74,84.26,22.09,4.18,21.49,18.21,33.43,,,,,,,EXD,4
4432,35329,Sougeal,,,f,2017,2010_2020,PRESIDENTIELLE,2,413,19.37,80.63,0.00,0.00,58.42,0.00,41.58,,,,,,,CTR,2
4433,35329,Sougeal,,,f,2022,post_2020,PRESIDENTIELLE,1,413,25.42,74.58,4.01,4.35,33.44,19.06,39.13,21030.00,,,,,33.09,EXD,4
4434,35329,Sougeal,,,f,2022,post_2020,PRESIDENTIELLE,2,414,21.50,78.50,0.00,0.00,50.33,0.00,49.67,21030.00,,,,,33.09,CTR,2
4435,35330,Taillis,,,f,2002,avant_2010,PRESIDENTIELLE,2,608,10.03,89.97,93.18,0.00,0.00,0.00,6.82,,,,,,,DRT,0
4436,35330,Taillis,,,f,2007,avant_2010,PRESIDENTIELLE,1,654,7.19,92.81,38.37,16.28,25.75,5.65,11.46,,,,,,,DRT,0
4437,35330,Taillis,,,f,2012,2010_2020,PRESIDENTIELLE,1,647,9.74,90.26,28.45,21.29,17.45,12.04,18.50,,,,,,,DRT,0
4438,35330,Taillis,,,f,2017,2010_2020,PRESIDENTIELLE,1,670,12.39,87.61,19.16,6.33,29.00,21.97,23.55,,,,,,,CTR,2
4439,35330,Taillis,,,f,2017,2010_2020,PRESIDENTIELLE,2,670,16.42,83.58,0.00,0.00,76.68,0.00,23.32,,,,,,,CTR,2
4440,35330,Taillis,,,f,2022,post_2020,PRESIDENTIELLE,1,715,18.88,81.12,4.55,10.16,39.05,19.79,26.44,21890.00,,,,,21.24,CTR,2
4441,35330,Taillis,,,f,2022,post_2020,PRESIDENTIELLE,2,714,16.81,83.19,0.00,0.00,65.13,0.00,34.87,21890.00,,,,,21.24,CTR,2
4442,35331,Talensac,,,f,2002,avant_2010,PRESIDENTIELLE,2,1694,16.71,83.29,86.89,0.00,0.00,0.00,13.11,,,,,,,DRT,0
4443,35331,Talensac,,,f,2007,avant_2010,PRESIDENTIELLE,1,1776,8.16,91.84,25.34,30.62,22.67,9.01,9.57,,,,,,,GCH,1
4444,35331,Talensac,,,f,2012,2010_2020,PRESIDENTIELLE,1,1817,11.50,88.50,21.89,34.20,11.23,13.58,15.67,,,,,,,GCH,1
4445,35331,Talensac,,,f,2017,2010_2020,PRESIDENTIELLE,1,1924,12.89,87.11,13.86,8.85,30.22,24.60,22.28,,,,,,,CTR,2
4446,35331,Talensac,,,f,2017,2010_2020,PRESIDENTIELLE,2,1924,18.81,81.19,0.00,0.00,73.33,0.00,26.67,,,,,,,CTR,2
4447,35331,Talensac,,,f,2022,post_2020,PRESIDENTIELLE,1,2061,19.80,80.20,3.66,9.07,39.75,22.36,25.16,24770.00,,0.182,2.100,,22.92,CTR,2
4448,35331,Talensac,,,f,2022,post_2020,PRESIDENTIELLE,2,2063,20.75,79.25,0.00,0.00,67.55,0.00,32.45,24770.00,,0.182,2.100,,22.92,CTR,2
4449,35332,Teillay,,,f,2002,avant_2010,PRESIDENTIELLE,2,643,20.37,79.63,79.23,0.00,0.00,0.00,20.77,,,,,,,DRT,0
4450,35332,Teillay,,,f,2007,avant_2010,PRESIDENTIELLE,1,689,11.03,88.97,26.78,20.17,25.45,7.60,17.02,,,,,,,DRT,0
4451,35332,Teillay,,,f,2012,2010_2020,PRESIDENTIELLE,1,739,13.53,86.47,20.51,24.20,13.94,15.87,22.76,,,,,,,GCH,1
4452,35332,Teillay,,,f,2017,2010_2020,PRESIDENTIELLE,1,738,17.21,82.79,14.29,6.05,26.22,21.51,31.43,,,,,,,EXD,4
4453,35332,Teillay,,,f,2017,2010_2020,PRESIDENTIELLE,2,738,23.58,76.42,0.00,0.00,60.65,0.00,39.35,,,,,,,CTR,2
4454,35332,Teillay,,,f,2022,post_2020,PRESIDENTIELLE,1,779,21.44,78.56,3.01,6.01,30.72,21.54,38.73,21330.00,,,,,28.11,EXD,4
4455,35332,Teillay,,,f,2022,post_2020,PRESIDENTIELLE,2,779,21.05,78.95,0.00,0.00,53.06,0.00,46.94,21330.00,,,,,28.11,CTR,2
4456,35333,Theil-de-Bretagne,,,f,2002,avant_2010,PRESIDENTIELLE,2,827,14.15,85.85,85.80,0.00,0.00,0.00,14.20,,,,,,,DRT,0
4457,35333,Theil-de-Bretagne,,,f,2007,avant_2010,PRESIDENTIELLE,1,1025,8.98,91.02,31.62,19.19,26.17,7.31,12.98,,,,,,,DRT,0
4458,35333,Theil-de-Bretagne,,,f,2012,2010_2020,PRESIDENTIELLE,1,1088,11.12,88.88,27.71,23.99,16.14,11.04,19.53,,,,,,,DRT,0
4459,35333,Theil-de-Bretagne,,,f,2017,2010_2020,PRESIDENTIELLE,1,1173,14.49,85.51,18.38,3.95,25.13,21.39,31.05,,,,,,,EXD,4
4460,35333,Theil-de-Bretagne,,,f,2017,2010_2020,PRESIDENTIELLE,2,1173,19.44,80.56,0.00,0.00,65.20,0.00,34.80,,,,,,,CTR,2
4461,35333,Theil-de-Bretagne,,,f,2022,post_2020,PRESIDENTIELLE,1,1198,23.29,76.71,3.77,5.43,37.43,20.16,33.22,23000.00,,,,,15.12,CTR,2
4462,35333,Theil-de-Bretagne,,,f,2022,post_2020,PRESIDENTIELLE,2,1198,22.70,77.30,0.00,0.00,58.14,0.00,41.86,23000.00,,,,,15.12,CTR,2
4463,35334,Thorigné-Fouillard,8582,632.00,f,2002,avant_2010,PRESIDENTIELLE,2,4714,15.02,84.98,94.06,0.00,0.00,0.00,5.94,,,,,,,DRT,0
4464,35334,Thorigné-Fouillard,8582,632.00,f,2007,avant_2010,PRESIDENTIELLE,1,5127,9.40,90.60,25.23,33.40,26.91,5.65,4.73,,,,,,,GCH,1
4465,35334,Thorigné-Fouillard,8582,632.00,f,2012,2010_2020,PRESIDENTIELLE,1,5626,10.86,89.14,22.35,40.25,14.18,10.48,8.64,,,,,,,GCH,1
4466,35334,Thorigné-Fouillard,8582,632.00,f,2017,2010_2020,PRESIDENTIELLE,1,6187,11.54,88.46,17.75,11.12,40.45,19.15,11.40,,,,,,,CTR,2
4467,35334,Thorigné-Fouillard,8582,632.00,f,2017,2010_2020,PRESIDENTIELLE,2,6168,15.45,84.55,0.00,0.00,87.52,0.00,12.48,,,,,,,CTR,2
4468,35334,Thorigné-Fouillard,8582,632.00,f,2022,post_2020,PRESIDENTIELLE,1,6284,17.81,82.19,4.86,12.11,41.24,25.92,15.87,28380.00,,0.240,2.800,,22.48,CTR,2
4469,35334,Thorigné-Fouillard,8582,632.00,f,2022,post_2020,PRESIDENTIELLE,2,6283,18.64,81.36,0.00,0.00,81.65,0.00,18.35,28380.00,,0.240,2.800,,22.48,CTR,2
4470,35335,Thourie,,,f,2002,avant_2010,PRESIDENTIELLE,2,453,20.09,79.91,83.48,0.00,0.00,0.00,16.52,,,,,,,DRT,0
4471,35335,Thourie,,,f,2007,avant_2010,PRESIDENTIELLE,1,470,11.91,88.09,30.12,19.26,23.46,6.67,15.31,,,,,,,DRT,0
4472,35335,Thourie,,,f,2012,2010_2020,PRESIDENTIELLE,1,529,12.29,87.71,25.06,21.06,13.75,12.42,23.28,,,,,,,DRT,0
4473,35335,Thourie,,,f,2017,2010_2020,PRESIDENTIELLE,1,543,13.08,86.92,17.00,7.06,20.31,25.17,29.36,,,,,,,EXD,4
4474,35335,Thourie,,,f,2017,2010_2020,PRESIDENTIELLE,2,543,17.13,82.87,0.00,0.00,60.21,0.00,39.79,,,,,,,CTR,2
4475,35335,Thourie,,,f,2022,post_2020,PRESIDENTIELLE,1,605,22.64,77.36,4.63,5.73,30.40,23.79,35.46,21860.00,,,,,36.17,EXD,4
4476,35335,Thourie,,,f,2022,post_2020,PRESIDENTIELLE,2,607,22.90,77.10,0.00,0.00,47.22,0.00,52.78,21860.00,,,,,36.17,EXD,4
4477,35336,Tiercent,,,f,2002,avant_2010,PRESIDENTIELLE,2,142,22.54,77.46,84.54,0.00,0.00,0.00,15.46,,,,,,,DRT,0
4478,35336,Tiercent,,,f,2007,avant_2010,PRESIDENTIELLE,1,134,12.69,87.31,26.09,34.78,9.57,8.70,12.17,,,,,,,GCH,1
4479,35336,Tiercent,,,f,2012,2010_2020,PRESIDENTIELLE,1,144,10.42,89.58,26.56,31.25,9.38,12.50,17.19,,,,,,,GCH,1
4480,35336,Tiercent,,,f,2017,2010_2020,PRESIDENTIELLE,1,158,14.56,85.44,17.97,3.12,21.09,25.78,32.03,,,,,,,EXD,4
4481,35336,Tiercent,,,f,2017,2010_2020,PRESIDENTIELLE,2,158,22.78,77.22,0.00,0.00,64.60,0.00,35.40,,,,,,,CTR,2
4482,35336,Tiercent,,,f,2022,post_2020,PRESIDENTIELLE,1,158,15.19,84.81,4.55,5.30,30.30,26.52,33.33,23110.00,,,,,46.39,EXD,4
4483,35336,Tiercent,,,f,2022,post_2020,PRESIDENTIELLE,2,158,24.05,75.95,0.00,0.00,58.04,0.00,41.96,23110.00,,,,,46.39,CTR,2
4484,35337,Tinténiac,,,f,2002,avant_2010,PRESIDENTIELLE,2,1894,13.73,86.27,87.86,0.00,0.00,0.00,12.14,,,,,,,DRT,0
4485,35337,Tinténiac,,,f,2007,avant_2010,PRESIDENTIELLE,1,2162,10.08,89.92,28.79,28.27,22.93,8.92,8.45,,,,,,,DRT,0
4486,35337,Tinténiac,,,f,2012,2010_2020,PRESIDENTIELLE,1,2308,13.08,86.92,26.63,33.15,11.35,11.71,13.95,,,,,,,GCH,1
4487,35337,Tinténiac,,,f,2017,2010_2020,PRESIDENTIELLE,1,2564,15.29,84.71,18.89,9.02,31.25,21.80,18.70,,,,,,,CTR,2
4488,35337,Tinténiac,,,f,2017,2010_2020,PRESIDENTIELLE,2,2563,18.65,81.35,0.00,0.00,77.55,0.00,22.45,,,,,,,CTR,2
4489,35337,Tinténiac,,,f,2022,post_2020,PRESIDENTIELLE,1,2799,20.83,79.17,3.56,10.25,35.57,25.36,25.27,23640.00,,0.215,2.500,,26.57,CTR,2
4490,35337,Tinténiac,,,f,2022,post_2020,PRESIDENTIELLE,2,2799,19.94,80.06,0.00,0.00,68.51,0.00,31.49,23640.00,,0.215,2.500,,26.57,CTR,2
4491,35338,Torcé,,,f,2002,avant_2010,PRESIDENTIELLE,2,694,9.37,90.63,87.77,0.00,0.00,0.00,12.23,,,,,,,DRT,0
4492,35338,Torcé,,,f,2007,avant_2010,PRESIDENTIELLE,1,788,7.23,92.77,30.96,13.67,32.22,6.28,14.37,,,,,,,CTR,2
4493,35338,Torcé,,,f,2012,2010_2020,PRESIDENTIELLE,1,786,10.69,89.31,36.57,18.58,14.37,8.56,20.03,,,,,,,DRT,0
4494,35338,Torcé,,,f,2017,2010_2020,PRESIDENTIELLE,1,845,9.59,90.41,26.77,4.35,26.09,17.39,25.27,,,,,,,DRT,0
4495,35338,Torcé,,,f,2017,2010_2020,PRESIDENTIELLE,2,845,14.20,85.80,0.00,0.00,69.44,0.00,30.56,,,,,,,CTR,2
4496,35338,Torcé,,,f,2022,post_2020,PRESIDENTIELLE,1,920,15.98,84.02,5.56,6.49,41.59,14.97,31.39,23210.00,,,,,23.62,CTR,2
4497,35338,Torcé,,,f,2022,post_2020,PRESIDENTIELLE,2,921,15.20,84.80,0.00,0.00,65.61,0.00,34.39,23210.00,,,,,23.62,CTR,2
4498,35339,Trans-la-Forêt,,,f,2002,avant_2010,PRESIDENTIELLE,2,476,16.81,83.19,83.60,0.00,0.00,0.00,16.40,,,,,,,DRT,0
4499,35339,Trans-la-Forêt,,,f,2007,avant_2010,PRESIDENTIELLE,1,460,11.96,88.04,37.19,25.38,16.08,7.79,12.06,,,,,,,DRT,0
4500,35339,Trans-la-Forêt,,,f,2012,2010_2020,PRESIDENTIELLE,1,434,15.67,84.33,26.74,26.74,10.86,12.53,20.33,,,,,,,DRT,0
4501,35339,Trans-la-Forêt,,,f,2017,2010_2020,PRESIDENTIELLE,1,431,15.78,84.22,23.21,7.16,19.77,19.48,30.37,,,,,,,EXD,4
4502,35339,Trans-la-Forêt,,,f,2017,2010_2020,PRESIDENTIELLE,2,431,18.33,81.67,0.00,0.00,60.84,0.00,39.16,,,,,,,CTR,2
4503,35339,Trans-la-Forêt,,,f,2022,post_2020,PRESIDENTIELLE,1,471,19.96,80.04,2.98,7.59,29.00,26.02,34.42,20760.00,,,,,20.38,EXD,4
4504,35339,Trans-la-Forêt,,,f,2022,post_2020,PRESIDENTIELLE,2,471,22.29,77.71,0.00,0.00,56.43,0.00,43.57,20760.00,,,,,20.38,CTR,2
4505,35340,Treffendel,,,f,2002,avant_2010,PRESIDENTIELLE,2,712,11.94,88.06,88.39,0.00,0.00,0.00,11.61,,,,,,,DRT,0
4506,35340,Treffendel,,,f,2007,avant_2010,PRESIDENTIELLE,1,826,8.84,91.16,31.90,21.98,23.06,8.58,11.26,,,,,,,DRT,0
4507,35340,Treffendel,,,f,2012,2010_2020,PRESIDENTIELLE,1,834,10.07,89.93,26.59,24.29,13.43,12.48,20.62,,,,,,,DRT,0
4508,35340,Treffendel,,,f,2017,2010_2020,PRESIDENTIELLE,1,882,12.47,87.53,16.51,8.26,26.36,21.44,27.30,,,,,,,EXD,4
4509,35340,Treffendel,,,f,2017,2010_2020,PRESIDENTIELLE,2,882,17.80,82.20,0.00,0.00,71.16,0.00,28.84,,,,,,,CTR,2
4510,35340,Treffendel,,,f,2022,post_2020,PRESIDENTIELLE,1,954,16.77,83.23,2.58,9.54,28.74,27.58,31.57,23520.00,,,,,22.61,EXD,4
4511,35340,Treffendel,,,f,2022,post_2020,PRESIDENTIELLE,2,954,18.24,81.76,0.00,0.00,57.06,0.00,42.94,23520.00,,,,,22.61,CTR,2
4512,35342,Trémeheuc,,,f,2002,avant_2010,PRESIDENTIELLE,2,257,11.67,88.33,86.45,0.00,0.00,0.00,13.55,,,,,,,DRT,0
4513,35342,Trémeheuc,,,f,2007,avant_2010,PRESIDENTIELLE,1,255,11.37,88.63,21.92,39.27,16.44,8.68,12.33,,,,,,,GCH,1
4514,35342,Trémeheuc,,,f,2012,2010_2020,PRESIDENTIELLE,1,239,7.95,92.05,18.06,40.74,7.87,13.43,18.98,,,,,,,GCH,1
4515,35342,Trémeheuc,,,f,2017,2010_2020,PRESIDENTIELLE,1,261,12.26,87.74,11.42,7.31,29.22,22.83,29.22,,,,,,,CTR,2
4516,35342,Trémeheuc,,,f,2017,2010_2020,PRESIDENTIELLE,2,261,17.62,82.38,0.00,0.00,71.04,0.00,28.96,,,,,,,CTR,2
4517,35342,Trémeheuc,,,f,2022,post_2020,PRESIDENTIELLE,1,289,16.26,83.74,5.06,8.86,32.49,28.27,25.32,21530.00,,,,,17.19,CTR,2
4518,35342,Trémeheuc,,,f,2022,post_2020,PRESIDENTIELLE,2,289,15.57,84.43,0.00,0.00,63.90,0.00,36.10,21530.00,,,,,17.19,CTR,2
4519,35343,Tresbœuf,,,f,2002,avant_2010,PRESIDENTIELLE,2,679,14.14,85.86,80.33,0.00,0.00,0.00,19.67,,,,,,,DRT,0
4520,35343,Tresbœuf,,,f,2007,avant_2010,PRESIDENTIELLE,1,833,11.04,88.96,27.19,28.01,20.63,8.33,14.07,,,,,,,GCH,1
4521,35343,Tresbœuf,,,f,2012,2010_2020,PRESIDENTIELLE,1,863,11.70,88.30,21.90,30.57,8.68,11.21,25.90,,,,,,,GCH,1
4522,35343,Tresbœuf,,,f,2017,2010_2020,PRESIDENTIELLE,1,864,14.81,85.19,12.97,6.42,25.66,22.59,32.08,,,,,,,EXD,4
4523,35343,Tresbœuf,,,f,2017,2010_2020,PRESIDENTIELLE,2,864,19.56,80.44,0.00,0.00,64.16,0.00,35.84,,,,,,,CTR,2
4524,35343,Tresbœuf,,,f,2022,post_2020,PRESIDENTIELLE,1,866,18.24,81.76,3.67,5.58,30.54,26.28,33.92,22170.00,,,,,21.86,EXD,4
4525,35343,Tresbœuf,,,f,2022,post_2020,PRESIDENTIELLE,2,865,17.92,82.08,0.00,0.00,54.57,0.00,45.43,22170.00,,,,,21.86,CTR,2
4526,35345,Trévérien,,,f,2002,avant_2010,PRESIDENTIELLE,2,432,12.73,87.27,85.19,0.00,0.00,0.00,14.81,,,,,,,DRT,0
4527,35345,Trévérien,,,f,2007,avant_2010,PRESIDENTIELLE,1,544,9.93,90.07,25.73,28.22,21.99,10.37,10.37,,,,,,,GCH,1
4528,35345,Trévérien,,,f,2012,2010_2020,PRESIDENTIELLE,1,621,12.08,87.92,20.68,35.67,13.09,13.47,13.47,,,,,,,GCH,1
4529,35345,Trévérien,,,f,2017,2010_2020,PRESIDENTIELLE,1,623,13.32,86.68,12.36,9.70,25.67,30.23,21.86,,,,,,,EXG,3
4530,35345,Trévérien,,,f,2017,2010_2020,PRESIDENTIELLE,2,623,18.30,81.70,0.00,0.00,70.72,0.00,29.28,,,,,,,CTR,2
4531,35345,Trévérien,,,f,2022,post_2020,PRESIDENTIELLE,1,679,20.03,79.97,5.27,7.16,29.00,31.45,27.12,22050.00,,,,,21.79,EXG,3
4532,35345,Trévérien,,,f,2022,post_2020,PRESIDENTIELLE,2,679,21.06,78.94,0.00,0.00,59.58,0.00,40.42,22050.00,,,,,21.79,CTR,2
4533,35346,Trimer,,,f,2002,avant_2010,PRESIDENTIELLE,2,98,15.31,84.69,77.03,0.00,0.00,0.00,22.97,,,,,,,DRT,0
4534,35346,Trimer,,,f,2007,avant_2010,PRESIDENTIELLE,1,123,12.20,87.80,28.30,16.98,30.19,7.55,10.38,,,,,,,CTR,2
4535,35346,Trimer,,,f,2012,2010_2020,PRESIDENTIELLE,1,134,9.70,90.30,21.05,29.82,16.67,13.16,19.30,,,,,,,GCH,1
4536,35346,Trimer,,,f,2017,2010_2020,PRESIDENTIELLE,1,151,16.56,83.44,16.39,9.02,25.41,21.31,27.05,,,,,,,EXD,4
4537,35346,Trimer,,,f,2017,2010_2020,PRESIDENTIELLE,2,151,16.56,83.44,0.00,0.00,66.37,0.00,33.63,,,,,,,CTR,2
4538,35346,Trimer,,,f,2022,post_2020,PRESIDENTIELLE,1,152,21.71,78.29,6.90,8.62,29.31,23.28,31.90,22970.00,,,,,14.63,EXD,4
4539,35346,Trimer,,,f,2022,post_2020,PRESIDENTIELLE,2,153,22.88,77.12,0.00,0.00,59.62,0.00,40.38,22970.00,,,,,14.63,CTR,2
4540,35347,Val-d'Izé,,,f,2002,avant_2010,PRESIDENTIELLE,2,1493,12.26,87.74,88.64,0.00,0.00,0.00,11.36,,,,,,,DRT,0
4541,35347,Val-d'Izé,,,f,2007,avant_2010,PRESIDENTIELLE,1,1663,9.50,90.50,39.88,13.34,27.56,6.03,10.90,,,,,,,DRT,0
4542,35347,Val-d'Izé,,,f,2012,2010_2020,PRESIDENTIELLE,1,1739,9.60,90.40,30.39,20.20,19.80,8.50,18.43,,,,,,,DRT,0
4543,35347,Val-d'Izé,,,f,2017,2010_2020,PRESIDENTIELLE,1,1867,12.00,88.00,20.65,5.34,29.73,16.71,27.45,,,,,,,CTR,2
4544,35347,Val-d'Izé,,,f,2017,2010_2020,PRESIDENTIELLE,2,1867,18.05,81.95,0.00,0.00,74.03,0.00,25.97,,,,,,,CTR,2
4545,35347,Val-d'Izé,,,f,2022,post_2020,PRESIDENTIELLE,1,1937,17.91,82.09,4.92,6.21,44.08,15.28,29.51,23150.00,,0.194,2.200,,19.99,CTR,2
4546,35347,Val-d'Izé,,,f,2022,post_2020,PRESIDENTIELLE,2,1938,18.32,81.68,0.00,0.00,65.86,0.00,34.14,23150.00,,0.194,2.200,,19.99,CTR,2
4547,35350,Vergéal,,,f,2002,avant_2010,PRESIDENTIELLE,2,445,13.71,86.29,88.95,0.00,0.00,0.00,11.05,,,,,,,DRT,0
4548,35350,Vergéal,,,f,2007,avant_2010,PRESIDENTIELLE,1,511,7.63,92.37,30.28,14.81,33.77,7.84,10.46,,,,,,,CTR,2
4549,35350,Vergéal,,,f,2012,2010_2020,PRESIDENTIELLE,1,541,10.54,89.46,28.54,16.52,15.45,10.30,26.82,,,,,,,DRT,0
4550,35350,Vergéal,,,f,2017,2010_2020,PRESIDENTIELLE,1,573,9.77,90.23,23.34,4.23,22.54,19.11,30.78,,,,,,,EXD,4
4551,35350,Vergéal,,,f,2017,2010_2020,PRESIDENTIELLE,2,573,13.96,86.04,0.00,0.00,66.13,0.00,33.87,,,,,,,CTR,2
4552,35350,Vergéal,,,f,2022,post_2020,PRESIDENTIELLE,1,602,17.61,82.39,2.53,5.06,39.66,18.14,34.60,21870.00,,,,,16.17,CTR,2
4553,35350,Vergéal,,,f,2022,post_2020,PRESIDENTIELLE,2,602,17.94,82.06,0.00,0.00,59.91,0.00,40.09,21870.00,,,,,16.17,CTR,2
4554,35351,le Verger,1419,204.00,f,2002,avant_2010,PRESIDENTIELLE,2,772,12.44,87.56,87.16,0.00,0.00,0.00,12.84,,,,,,,DRT,0
4555,35351,le Verger,1419,204.00,f,2007,avant_2010,PRESIDENTIELLE,1,929,8.07,91.93,25.53,29.06,24.82,8.47,8.59,,,,,,,GCH,1
4556,35351,le Verger,1419,204.00,f,2012,2010_2020,PRESIDENTIELLE,1,1035,11.59,88.41,21.37,33.44,13.40,12.96,16.39,,,,,,,GCH,1
4557,35351,le Verger,1419,204.00,f,2017,2010_2020,PRESIDENTIELLE,1,1067,13.68,86.32,14.38,10.26,27.20,26.53,21.63,,,,,,,CTR,2
4558,35351,le Verger,1419,204.00,f,2017,2010_2020,PRESIDENTIELLE,2,1067,20.52,79.48,0.00,0.00,74.73,0.00,25.27,,,,,,,CTR,2
4559,35351,le Verger,1419,204.00,f,2022,post_2020,PRESIDENTIELLE,1,1041,19.98,80.02,4.78,8.70,33.09,28.19,25.25,23780.00,,,,,22.79,CTR,2
4560,35351,le Verger,1419,204.00,f,2022,post_2020,PRESIDENTIELLE,2,1042,19.96,80.04,0.00,0.00,65.58,0.00,34.42,23780.00,,,,,22.79,CTR,2
4561,35352,Vern-sur-Seiche,8233,418.00,f,2002,avant_2010,PRESIDENTIELLE,2,5513,15.16,84.84,92.39,0.00,0.00,0.00,7.61,,,,,,,DRT,0
4562,35352,Vern-sur-Seiche,8233,418.00,f,2007,avant_2010,PRESIDENTIELLE,1,5837,9.27,90.73,24.37,35.37,25.30,5.95,5.96,,,,,,,GCH,1
4563,35352,Vern-sur-Seiche,8233,418.00,f,2012,2010_2020,PRESIDENTIELLE,1,6353,13.87,86.13,21.36,38.51,12.68,12.06,11.90,,,,,,,GCH,1
4564,35352,Vern-sur-Seiche,8233,418.00,f,2017,2010_2020,PRESIDENTIELLE,1,6418,14.38,85.62,16.18,10.02,35.67,22.21,15.70,,,,,,,CTR,2
4565,35352,Vern-sur-Seiche,8233,418.00,f,2017,2010_2020,PRESIDENTIELLE,2,6418,19.06,80.94,0.00,0.00,83.88,0.00,16.12,,,,,,,CTR,2
4566,35352,Vern-sur-Seiche,8233,418.00,f,2022,post_2020,PRESIDENTIELLE,1,6552,19.32,80.68,3.63,11.28,41.38,25.93,17.79,26480.00,,0.255,2.900,,24.06,CTR,2
4567,35352,Vern-sur-Seiche,8233,418.00,f,2022,post_2020,PRESIDENTIELLE,2,6556,20.52,79.48,0.00,0.00,78.75,0.00,21.25,26480.00,,0.255,2.900,,24.06,CTR,2
4568,35353,Vezin-le-Coquet,6337,806.00,f,2002,avant_2010,PRESIDENTIELLE,2,3078,14.26,85.74,93.72,0.00,0.00,0.00,6.28,,,,,,,DRT,0
4569,35353,Vezin-le-Coquet,6337,806.00,f,2007,avant_2010,PRESIDENTIELLE,1,3039,8.19,91.81,27.68,31.01,27.17,5.72,5.25,,,,,,,GCH,1
4570,35353,Vezin-le-Coquet,6337,806.00,f,2012,2010_2020,PRESIDENTIELLE,1,3120,12.02,87.98,24.47,36.54,12.88,11.63,10.23,,,,,,,GCH,1
4571,35353,Vezin-le-Coquet,6337,806.00,f,2017,2010_2020,PRESIDENTIELLE,1,3427,12.43,87.57,18.03,12.43,35.76,21.52,12.16,,,,,,,CTR,2
4572,35353,Vezin-le-Coquet,6337,806.00,f,2017,2010_2020,PRESIDENTIELLE,2,3427,16.55,83.45,0.00,0.00,87.16,0.00,12.84,,,,,,,CTR,2
4573,35353,Vezin-le-Coquet,6337,806.00,f,2022,post_2020,PRESIDENTIELLE,1,3627,17.40,82.60,3.44,11.61,37.64,29.85,17.46,24540.00,,0.265,3.200,,18.16,CTR,2
4574,35353,Vezin-le-Coquet,6337,806.00,f,2022,post_2020,PRESIDENTIELLE,2,3628,18.96,81.04,0.00,0.00,80.85,0.00,19.15,24540.00,,0.265,3.200,,18.16,CTR,2
4575,35354,Vieux-Viel,,,f,2002,avant_2010,PRESIDENTIELLE,2,236,15.25,84.75,81.58,0.00,0.00,0.00,18.42,,,,,,,DRT,0
4576,35354,Vieux-Viel,,,f,2007,avant_2010,PRESIDENTIELLE,1,242,12.81,87.19,35.10,20.67,12.98,11.06,18.27,,,,,,,DRT,0
4577,35354,Vieux-Viel,,,f,2012,2010_2020,PRESIDENTIELLE,1,243,13.17,86.83,26.60,24.14,7.88,17.24,21.67,,,,,,,DRT,0
4578,35354,Vieux-Viel,,,f,2017,2010_2020,PRESIDENTIELLE,1,231,12.12,87.88,23.74,5.05,22.73,18.18,30.30,,,,,,,EXD,4
4579,35354,Vieux-Viel,,,f,2017,2010_2020,PRESIDENTIELLE,2,231,12.55,87.45,0.00,0.00,60.00,0.00,40.00,,,,,,,CTR,2
4580,35354,Vieux-Viel,,,f,2022,post_2020,PRESIDENTIELLE,1,237,21.94,78.06,2.79,3.91,31.84,21.23,40.22,20970.00,,,,,24.39,EXD,4
4581,35354,Vieux-Viel,,,f,2022,post_2020,PRESIDENTIELLE,2,237,21.52,78.48,0.00,0.00,47.16,0.00,52.84,20970.00,,,,,24.39,EXD,4
4582,35355,Vieux-Vy-sur-Couesnon,,,f,2002,avant_2010,PRESIDENTIELLE,2,732,19.67,80.33,83.33,0.00,0.00,0.00,16.67,,,,,,,DRT,0
4583,35355,Vieux-Vy-sur-Couesnon,,,f,2007,avant_2010,PRESIDENTIELLE,1,813,15.50,84.50,23.96,27.07,23.52,9.62,11.83,,,,,,,GCH,1
4584,35355,Vieux-Vy-sur-Couesnon,,,f,2012,2010_2020,PRESIDENTIELLE,1,832,15.99,84.01,18.25,32.55,11.97,13.43,20.88,,,,,,,GCH,1
4585,35355,Vieux-Vy-sur-Couesnon,,,f,2017,2010_2020,PRESIDENTIELLE,1,877,17.22,82.78,10.27,6.89,27.29,24.89,30.66,,,,,,,EXD,4
4586,35355,Vieux-Vy-sur-Couesnon,,,f,2017,2010_2020,PRESIDENTIELLE,2,877,20.98,79.02,0.00,0.00,62.54,0.00,37.46,,,,,,,CTR,2
4587,35355,Vieux-Vy-sur-Couesnon,,,f,2022,post_2020,PRESIDENTIELLE,1,935,23.64,76.36,1.72,8.05,26.29,29.02,34.91,22880.00,,,,,18.75,EXD,4
4588,35355,Vieux-Vy-sur-Couesnon,,,f,2022,post_2020,PRESIDENTIELLE,2,935,23.10,76.90,0.00,0.00,56.03,0.00,43.97,22880.00,,,,,18.75,CTR,2
4589,35356,Vignoc,,,f,2002,avant_2010,PRESIDENTIELLE,2,843,10.32,89.68,90.61,0.00,0.00,0.00,9.39,,,,,,,DRT,0
4590,35356,Vignoc,,,f,2007,avant_2010,PRESIDENTIELLE,1,1071,8.50,91.50,24.21,28.10,31.49,5.64,6.87,,,,,,,CTR,2
4591,35356,Vignoc,,,f,2012,2010_2020,PRESIDENTIELLE,1,1121,11.42,88.58,23.32,34.20,15.85,9.74,14.40,,,,,,,GCH,1
4592,35356,Vignoc,,,f,2017,2010_2020,PRESIDENTIELLE,1,1223,9.48,90.52,15.88,8.68,36.29,20.68,18.28,,,,,,,CTR,2
4593,35356,Vignoc,,,f,2017,2010_2020,PRESIDENTIELLE,2,1223,14.47,85.53,0.00,0.00,82.33,0.00,17.67,,,,,,,CTR,2
4594,35356,Vignoc,,,f,2022,post_2020,PRESIDENTIELLE,1,1512,14.55,85.45,3.68,10.47,40.21,20.14,25.50,25640.00,,0.194,2.300,,20.09,CTR,2
4595,35356,Vignoc,,,f,2022,post_2020,PRESIDENTIELLE,2,1512,14.29,85.71,0.00,0.00,70.61,0.00,29.39,25640.00,,0.194,2.300,,20.09,CTR,2
4596,35357,Villamée,,,f,2002,avant_2010,PRESIDENTIELLE,2,276,10.51,89.49,85.53,0.00,0.00,0.00,14.47,,,,,,,DRT,0
4597,35357,Villamée,,,f,2007,avant_2010,PRESIDENTIELLE,1,263,15.21,84.79,35.91,12.73,26.82,6.82,12.27,,,,,,,DRT,0
4598,35357,Villamée,,,f,2012,2010_2020,PRESIDENTIELLE,1,258,10.47,89.53,31.14,16.23,17.11,13.16,19.74,,,,,,,DRT,0
4599,35357,Villamée,,,f,2017,2010_2020,PRESIDENTIELLE,1,264,12.50,87.50,23.68,3.07,19.30,18.86,33.77,,,,,,,EXD,4
4600,35357,Villamée,,,f,2017,2010_2020,PRESIDENTIELLE,2,264,17.42,82.58,0.00,0.00,57.37,0.00,42.63,,,,,,,CTR,2
4601,35357,Villamée,,,f,2022,post_2020,PRESIDENTIELLE,1,252,15.87,84.13,3.86,5.31,31.88,22.71,36.23,21500.00,,,,,20.62,EXD,4
4602,35357,Villamée,,,f,2022,post_2020,PRESIDENTIELLE,2,252,15.48,84.52,0.00,0.00,45.08,0.00,54.92,21500.00,,,,,20.62,EXD,4
4603,35358,Ville-ès-Nonais,,,f,2002,avant_2010,PRESIDENTIELLE,2,579,11.74,88.26,85.21,0.00,0.00,0.00,14.79,,,,,,,DRT,0
4604,35358,Ville-ès-Nonais,,,f,2007,avant_2010,PRESIDENTIELLE,1,704,9.09,90.91,32.39,25.59,22.27,6.79,9.16,,,,,,,DRT,0
4605,35358,Ville-ès-Nonais,,,f,2012,2010_2020,PRESIDENTIELLE,1,731,12.86,87.14,25.24,29.90,11.58,10.61,18.81,,,,,,,GCH,1
4606,35358,Ville-ès-Nonais,,,f,2017,2010_2020,PRESIDENTIELLE,1,824,13.23,86.77,16.93,7.25,29.87,21.19,24.18,,,,,,,CTR,2
4607,35358,Ville-ès-Nonais,,,f,2017,2010_2020,PRESIDENTIELLE,2,824,18.57,81.43,0.00,0.00,72.27,0.00,27.73,,,,,,,CTR,2
4608,35358,Ville-ès-Nonais,,,f,2022,post_2020,PRESIDENTIELLE,1,912,17.87,82.13,7.07,11.14,30.30,23.23,28.26,24220.00,,,,,23.65,CTR,2
4609,35358,Ville-ès-Nonais,,,f,2022,post_2020,PRESIDENTIELLE,2,912,20.39,79.61,0.00,0.00,63.07,0.00,36.93,24220.00,,,,,23.65,CTR,2
4610,35359,Visseiche,,,f,2002,avant_2010,PRESIDENTIELLE,2,538,18.96,81.04,88.31,0.00,0.00,0.00,11.69,,,,,,,DRT,0
4611,35359,Visseiche,,,f,2007,avant_2010,PRESIDENTIELLE,1,577,14.21,85.79,37.42,17.38,23.31,6.54,12.68,,,,,,,DRT,0
4612,35359,Visseiche,,,f,2012,2010_2020,PRESIDENTIELLE,1,614,15.64,84.36,34.90,16.86,10.00,8.82,27.06,,,,,,,DRT,0
4613,35359,Visseiche,,,f,2017,2010_2020,PRESIDENTIELLE,1,586,16.55,83.45,26.32,3.79,21.26,13.26,35.16,,,,,,,EXD,4
4614,35359,Visseiche,,,f,2017,2010_2020,PRESIDENTIELLE,2,586,18.26,81.74,0.00,0.00,56.47,0.00,43.53,,,,,,,CTR,2
4615,35359,Visseiche,,,f,2022,post_2020,PRESIDENTIELLE,1,626,18.53,81.47,3.85,5.67,35.02,17.81,37.65,21300.00,,,,,13.82,EXD,4
4616,35359,Visseiche,,,f,2022,post_2020,PRESIDENTIELLE,2,628,18.15,81.85,0.00,0.00,52.83,0.00,47.17,21300.00,,,,,13.82,CTR,2
4617,35360,Vitré,,,f,2002,avant_2010,PRESIDENTIELLE,2,11078,18.66,81.34,92.89,0.00,0.00,0.00,7.11,,,,,,,DRT,0
4618,35360,Vitré,,,f,2007,avant_2010,PRESIDENTIELLE,1,11858,13.78,86.22,35.18,22.41,26.16,5.96,7.23,,,,,,,DRT,0
4619,35360,Vitré,,,f,2012,2010_2020,PRESIDENTIELLE,1,12505,19.47,80.53,32.62,27.00,15.99,9.73,11.88,,,,,,,DRT,0
4620,35360,Vitré,,,f,2017,2010_2020,PRESIDENTIELLE,1,13274,19.13,80.87,24.84,6.89,34.88,17.51,15.75,,,,,,,CTR,2
4621,35360,Vitré,,,f,2017,2010_2020,PRESIDENTIELLE,2,13269,23.23,76.77,0.00,0.00,83.25,0.00,16.75,,,,,,,CTR,2
4622,35360,Vitré,,,f,2022,post_2020,PRESIDENTIELLE,1,13903,24.71,75.29,6.05,9.27,43.72,20.07,20.90,23060.00,,0.255,2.900,,24.19,CTR,2
4623,35360,Vitré,,,f,2022,post_2020,PRESIDENTIELLE,2,13905,24.72,75.28,0.00,0.00,75.69,0.00,24.31,23060.00,,0.255,2.900,,24.19,CTR,2
4624,35361,Vivier-sur-Mer,,,f,2002,avant_2010,PRESIDENTIELLE,2,768,18.49,81.51,87.77,0.00,0.00,0.00,12.23,,,,,,,DRT,0
4625,35361,Vivier-sur-Mer,,,f,2007,avant_2010,PRESIDENTIELLE,1,800,13.25,86.75,41.96,17.54,17.11,7.60,13.30,,,,,,,DRT,0
4626,35361,Vivier-sur-Mer,,,f,2012,2010_2020,PRESIDENTIELLE,1,860,17.21,82.79,35.81,22.82,10.41,7.85,20.83,,,,,,,DRT,0
4627,35361,Vivier-sur-Mer,,,f,2017,2010_2020,PRESIDENTIELLE,1,837,14.81,85.19,27.03,4.65,26.31,10.76,31.25,,,,,,,EXD,4
4628,35361,Vivier-sur-Mer,,,f,2017,2010_2020,PRESIDENTIELLE,2,837,19.95,80.05,0.00,0.00,66.72,0.00,33.28,,,,,,,CTR,2
4629,35361,Vivier-sur-Mer,,,f,2022,post_2020,PRESIDENTIELLE,1,860,24.30,75.70,5.51,4.88,37.32,13.86,38.43,23500.00,,,,,20.72,EXD,4
4630,35361,Vivier-sur-Mer,,,f,2022,post_2020,PRESIDENTIELLE,2,860,21.51,78.49,0.00,0.00,55.19,0.00,44.81,23500.00,,,,,20.72,CTR,2
4631,35362,Tronchet,,,f,2002,avant_2010,PRESIDENTIELLE,2,609,15.27,84.73,82.79,0.00,0.00,0.00,17.21,,,,,,,DRT,0
4632,35362,Tronchet,,,f,2007,avant_2010,PRESIDENTIELLE,1,659,9.56,90.44,28.31,29.15,20.68,7.97,11.69,,,,,,,GCH,1
4633,35362,Tronchet,,,f,2012,2010_2020,PRESIDENTIELLE,1,670,13.43,86.57,20.98,29.72,10.49,13.81,22.03,,,,,,,GCH,1
4634,35362,Tronchet,,,f,2017,2010_2020,PRESIDENTIELLE,1,714,12.18,87.82,16.45,8.31,22.31,21.82,31.11,,,,,,,EXD,4
4635,35362,Tronchet,,,f,2017,2010_2020,PRESIDENTIELLE,2,714,13.87,86.13,0.00,0.00,61.33,0.00,38.67,,,,,,,CTR,2
4636,35362,Tronchet,,,f,2022,post_2020,PRESIDENTIELLE,1,782,17.77,82.23,4.16,5.60,31.20,23.36,35.68,22450.00,,,,,20.76,EXD,4
4637,35362,Tronchet,,,f,2022,post_2020,PRESIDENTIELLE,2,783,17.50,82.50,0.00,0.00,50.43,0.00,49.57,22450.00,,,,,20.76,CTR,2
4638,35363,Pont-Péan,4335,495.00,f,2002,avant_2010,PRESIDENTIELLE,2,2329,16.14,83.86,90.61,0.00,0.00,0.00,9.39,,,,,,,DRT,0
4639,35363,Pont-Péan,4335,495.00,f,2007,avant_2010,PRESIDENTIELLE,1,2603,10.49,89.51,22.27,33.28,25.92,7.13,8.57,,,,,,,GCH,1
4640,35363,Pont-Péan,4335,495.00,f,2012,2010_2020,PRESIDENTIELLE,1,2822,14.07,85.93,19.56,37.73,13.39,12.55,13.68,,,,,,,GCH,1
4641,35363,Pont-Péan,4335,495.00,f,2017,2010_2020,PRESIDENTIELLE,1,3247,14.35,85.65,13.84,9.14,35.31,24.20,17.36,,,,,,,CTR,2
4642,35363,Pont-Péan,4335,495.00,f,2017,2010_2020,PRESIDENTIELLE,2,3247,18.63,81.37,0.00,0.00,80.91,0.00,19.09,,,,,,,CTR,2
4643,35363,Pont-Péan,4335,495.00,f,2022,post_2020,PRESIDENTIELLE,1,3385,19.47,80.53,3.61,10.37,37.09,27.13,21.80,25170.00,,0.226,2.700,,17.02,CTR,2
4644,35363,Pont-Péan,4335,495.00,f,2022,post_2020,PRESIDENTIELLE,2,3387,22.88,77.12,0.00,0.00,73.85,0.00,26.15,25170.00,,0.226,2.700,,17.02,CTR,2
